step,seg,x,y,z,roll,pitch,yaw,action,reward,terminated,truncated,speed_xy
1,follow_figure8,100.0,100.0,0.0,0.0,-0.0,-0.0,101.116 100.999 0 0,0.0,False,False,0.0
2,follow_figure8,100.0001,100.0,-0.0012,-0.0,0.0,0.0071,101.116 100.999 0 0,-0.0007,False,False,0.0012
3,follow_figure8,100.0002,100.0,-0.0047,-0.0,0.0,0.0276,101.116 100.999 0 0,-0.0013,False,False,0.0034
4,follow_figure8,100.0005,100.0,-0.0104,-0.0,0.0,0.061,101.116 100.999 0 0,-0.0017,False,False,0.0058
5,follow_figure8,100.0009,100.0,-0.0181,-0.0,0.0,0.1069,101.116 100.999 0 0,-0.0023,False,False,0.0079
6,follow_figure8,100.0014,100.0,-0.0275,-0.0,0.0,0.1649,101.116 100.999 0 0,-0.0028,False,False,0.0101
7,follow_figure8,100.002,100.0,-0.0382,-0.0,0.0,0.2345,101.116 100.999 0 0,-0.0033,False,False,0.0122
8,follow_figure8,100.0027,100.0,-0.0499,-0.0,0.0,0.3153,101.116 100.999 0 0,-0.0038,False,False,0.0143
9,follow_figure8,100.0036,100.0,-0.0622,-0.0,0.0,0.4067,101.116 100.999 0 0,-0.0043,False,False,0.0163
10,follow_figure8,100.0045,100.0,-0.0746,-0.0,0.0,0.5081,101.116 100.999 0 0,-0.0048,False,False,0.0183
11,follow_figure8,100.0055,100.0,-0.0869,-0.0,0.0,0.6191,101.116 100.999 0 0,-0.0052,False,False,0.0204
12,follow_figure8,100.0066,100.0,-0.0985,-0.0,0.0,0.7389,101.116 100.999 0 0,-0.0056,False,False,0.0223
13,follow_figure8,100.0078,100.0,-0.1092,-0.0,0.0,0.8669,101.116 100.999 0 0,-0.0059,False,False,0.0243
14,follow_figure8,100.0091,100.0,-0.1187,-0.0,0.0,1.0027,101.116 100.999 0 0,-0.0062,False,False,0.0262
15,follow_figure8,100.0105,100.0001,-0.1268,-0.0,0.0,1.1456,101.116 100.999 0 0,-0.0064,False,False,0.0279
16,follow_figure8,100.012,100.0001,-0.1332,-0.0,0.0,1.295,101.116 100.999 0 0,-0.0065,False,False,0.0299
17,follow_figure8,100.0136,100.0001,-0.1379,-0.0,0.0,1.4505,101.116 100.999 0 0,-0.0066,False,False,0.0316
18,follow_figure8,100.0153,100.0001,-0.1406,-0.0,0.0,1.6116,101.116 100.999 0 0,-0.0067,False,False,0.0333
19,follow_figure8,100.017,100.0001,-0.1414,-0.0,0.0,1.7779,101.116 100.999 0 0,-0.0067,False,False,0.0351
20,follow_figure8,100.0189,100.0002,-0.1402,-0.0,0.0,1.9489,101.116 100.999 0 0,-0.0067,False,False,0.0368
21,follow_figure8,100.0208,100.0002,-0.137,-0.0,0.0,2.1245,101.137 101.013 0 0,-0.0067,False,False,0.0383
22,follow_figure8,100.0228,100.0002,-0.1318,-0.0,0.0,2.3044,101.137 101.013 0 0,-0.0066,False,False,0.04
23,follow_figure8,100.0249,100.0003,-0.125,-0.0,0.0,2.4883,101.137 101.013 0 0,-0.0066,False,False,0.0417
24,follow_figure8,100.027,100.0003,-0.1167,-0.0,0.0,2.6761,101.137 101.013 0 0,-0.0066,False,False,0.0432
25,follow_figure8,100.0293,100.0004,-0.1072,-0.0,0.0,2.8679,101.137 101.013 0 0,-0.0067,False,False,0.0449
26,follow_figure8,100.0316,100.0005,-0.0969,-0.0,0.0,3.0635,101.137 101.013 0 0,-0.0068,False,False,0.0463
27,follow_figure8,100.034,100.0005,-0.086,-0.0,0.0,3.263,101.137 101.013 0 0,-0.0069,False,False,0.0478
28,follow_figure8,100.0364,100.0006,-0.075,-0.0,0.0,3.4664,101.137 101.013 0 0,-0.007,False,False,0.0493
29,follow_figure8,100.039,100.0007,-0.0643,-0.0,0.0,3.6738,101.137 101.013 0 0,-0.0072,False,False,0.0507
30,follow_figure8,100.0416,100.0008,-0.054,-0.0,0.0,3.8852,101.137 101.013 0 0,-0.0073,False,False,0.0521
31,follow_figure8,100.0442,100.0009,-0.0445,-0.0,0.0,4.1008,101.137 101.013 0 0,-0.0075,False,False,0.0534
32,follow_figure8,100.047,100.001,-0.0362,-0.0,0.0,4.3206,101.137 101.013 0 0,-0.0076,False,False,0.0548
33,follow_figure8,100.0498,100.0011,-0.0291,-0.0,0.0,4.5445,101.137 101.013 0 0,-0.0077,False,False,0.0561
34,follow_figure8,100.0526,100.0012,-0.0234,-0.0,0.0,4.7727,101.137 101.013 0 0,-0.0078,False,False,0.0574
35,follow_figure8,100.0556,100.0014,-0.0194,-0.0,0.0,5.0051,101.159 101.026 0 0,-0.008,False,False,0.0585
36,follow_figure8,100.0586,100.0015,-0.0171,-0.0,0.0,5.2416,101.159 101.026 0 0,-0.008,False,False,0.0599
37,follow_figure8,100.0616,100.0017,-0.0165,-0.0,0.0,5.4821,101.159 101.026 0 0,-0.0081,False,False,0.0611
38,follow_figure8,100.0647,100.0018,-0.0178,-0.0,0.0,5.7263,101.159 101.026 0 0,-0.0082,False,False,0.0622
39,follow_figure8,100.0679,100.002,-0.0208,-0.0,0.0,5.9742,101.159 101.026 0 0,-0.0082,False,False,0.0634
40,follow_figure8,100.0711,100.0022,-0.0256,-0.0,0.0,6.2253,101.159 101.026 0 0,-0.0082,False,False,0.0646
41,follow_figure8,100.0744,100.0024,-0.0319,-0.0,0.0,6.4794,101.159 101.026 0 0,-0.0083,False,False,0.0657
42,follow_figure8,100.0777,100.0026,-0.0395,-0.0,0.0,6.7361,101.159 101.026 0 0,-0.0083,False,False,0.0668
43,follow_figure8,100.0811,100.0028,-0.0481,-0.0,0.0,6.995,101.159 101.026 0 0,-0.0083,False,False,0.0677
44,follow_figure8,100.0845,100.0031,-0.0575,-0.0,0.0,7.2556,101.159 101.026 0 0,-0.0083,False,False,0.069
45,follow_figure8,100.088,100.0033,-0.0673,-0.0,0.0,7.5175,101.159 101.026 0 0,-0.0083,False,False,0.0699
46,follow_figure8,100.0916,100.0036,-0.0773,-0.0,0.0,7.7803,101.18 101.04 0 0,-0.0083,False,False,0.0708
47,follow_figure8,100.0951,100.0039,-0.0871,-0.0,0.0,8.0433,101.18 101.04 0 0,-0.0082,False,False,0.0718
48,follow_figure8,100.0988,100.0041,-0.0964,-0.0,0.0,8.3062,101.18 101.04 0 0,-0.0081,False,False,0.0729
49,follow_figure8,100.1024,100.0044,-0.1049,-0.0,0.0,8.5685,101.18 101.04 0 0,-0.0079,False,False,0.0738
50,follow_figure8,100.1062,100.0048,-0.1125,-0.0,0.0,8.83,101.18 101.04 0 0,-0.0077,False,False,0.0747
51,follow_figure8,100.1099,100.0051,-0.1189,-0.0,0.0,9.0902,101.18 101.04 0 0,-0.0075,False,False,0.0755
52,follow_figure8,100.1137,100.0054,-0.1239,-0.0,0.0,9.349,101.18 101.04 0 0,-0.0073,False,False,0.0765
53,follow_figure8,100.1176,100.0058,-0.1275,-0.0,0.0,9.6062,101.18 101.04 0 0,-0.007,False,False,0.0774
54,follow_figure8,100.1215,100.0061,-0.1295,-0.0,0.0,9.8617,101.18 101.04 0 0,-0.0067,False,False,0.0782
55,follow_figure8,100.1254,100.0065,-0.1298,-0.0,0.0,10.1153,101.201 101.053 0 0,-0.0064,False,False,0.0788
56,follow_figure8,100.1294,100.0069,-0.1285,-0.0,0.0,10.3672,101.201 101.053 0 0,-0.0061,False,False,0.0797
57,follow_figure8,100.1334,100.0073,-0.1256,-0.0,0.0,10.6173,101.201 101.053 0 0,-0.0058,False,False,0.0805
58,follow_figure8,100.1374,100.0078,-0.1211,-0.0,0.0,10.8657,101.201 101.053 0 0,-0.0056,False,False,0.0813
59,follow_figure8,100.1415,100.0082,-0.1152,-0.0,0.0,11.1127,101.201 101.053 0 0,-0.0053,False,False,0.0821
60,follow_figure8,100.1456,100.0087,-0.1082,-0.0,0.0,11.3584,101.201 101.053 0 0,-0.0052,False,False,0.0827
61,follow_figure8,100.1498,100.0091,-0.1001,-0.0,0.0,11.6032,101.201 101.053 0 0,-0.005,False,False,0.0835
62,follow_figure8,100.1539,100.0096,-0.0914,-0.0,0.0,11.8471,101.201 101.053 0 0,-0.0049,False,False,0.0842
63,follow_figure8,100.1582,100.0101,-0.0823,-0.0,0.0,12.0906,101.223 101.067 0 0,-0.0048,False,False,0.085
64,follow_figure8,100.1624,100.0106,-0.0731,-0.0,0.0,12.3339,101.223 101.067 0 0,-0.0048,False,False,0.0855
65,follow_figure8,100.1667,100.0111,-0.064,-0.0,0.0,12.5772,101.223 101.067 0 0,-0.0048,False,False,0.0862
66,follow_figure8,100.171,100.0117,-0.0555,-0.0,0.0,12.8207,101.223 101.067 0 0,-0.0048,False,False,0.0867
67,follow_figure8,100.1753,100.0122,-0.0476,-0.0,0.0,13.0648,101.223 101.067 0 0,-0.0048,False,False,0.0875
68,follow_figure8,100.1797,100.0128,-0.0406,-0.0,0.0,13.3096,101.223 101.067 0 0,-0.0048,False,False,0.088
69,follow_figure8,100.1841,100.0134,-0.0348,-0.0,0.0,13.5552,101.223 101.067 0 0,-0.0048,False,False,0.0887
70,follow_figure8,100.1885,100.014,-0.0302,-0.0,0.0,13.8019,101.245 101.079 0 0,-0.0048,False,False,0.0893
71,follow_figure8,100.193,100.0146,-0.027,-0.0,0.0,14.0496,101.245 101.079 0 0,-0.0048,False,False,0.0898
72,follow_figure8,100.1974,100.0152,-0.0253,-0.0,0.0,14.2985,101.245 101.079 0 0,-0.0048,False,False,0.0903
73,follow_figure8,100.2019,100.0159,-0.0251,-0.0,0.0,14.5483,101.245 101.079 0 0,-0.0048,False,False,0.0909
74,follow_figure8,100.2065,100.0165,-0.0264,-0.0,0.0,14.7992,101.245 101.079 0 0,-0.0047,False,False,0.0915
75,follow_figure8,100.211,100.0172,-0.0293,-0.0,0.0,15.051,101.245 101.079 0 0,-0.0047,False,False,0.0921
76,follow_figure8,100.2156,100.0179,-0.0336,-0.0,0.0,15.3035,101.245 101.079 0 0,-0.0047,False,False,0.0924
77,follow_figure8,100.2202,100.0186,-0.0392,-0.0,0.0,15.5565,101.267 101.092 0 0,-0.0047,False,False,0.0929
78,follow_figure8,100.2248,100.0193,-0.0459,-0.0,0.0,15.8098,101.267 101.092 0 0,-0.0046,False,False,0.0934
79,follow_figure8,100.2294,100.0201,-0.0535,-0.0,0.0,16.063,101.267 101.092 0 0,-0.0046,False,False,0.0941
80,follow_figure8,100.2341,100.0208,-0.0617,-0.0,0.0,16.3158,101.267 101.092 0 0,-0.0046,False,False,0.0943
81,follow_figure8,100.2388,100.0216,-0.0702,-0.0,0.0,16.568,101.267 101.092 0 0,-0.0045,False,False,0.0949
82,follow_figure8,100.2435,100.0224,-0.0789,-0.0,0.0,16.8192,101.267 101.092 0 0,-0.0044,False,False,0.0953
83,follow_figure8,100.2482,100.0232,-0.0873,-0.0,0.0,17.069,101.267 101.092 0 0,-0.0043,False,False,0.0958
84,follow_figure8,100.2529,100.024,-0.0954,-0.0,0.0,17.3173,101.289 101.104 0 0,-0.0042,False,False,0.0961
85,follow_figure8,100.2577,100.0248,-0.1027,-0.0,0.0,17.5638,101.289 101.104 0 0,-0.004,False,False,0.0965
86,follow_figure8,100.2625,100.0257,-0.1092,-0.0,0.0,17.8081,101.289 101.104 0 0,-0.0038,False,False,0.097
87,follow_figure8,100.2673,100.0265,-0.1146,-0.0,0.0,18.0501,101.289 101.104 0 0,-0.0036,False,False,0.0973
88,follow_figure8,100.2721,100.0274,-0.1188,-0.0,0.0,18.2898,101.289 101.104 0 0,-0.0034,False,False,0.0977
89,follow_figure8,100.2769,100.0283,-0.1218,-0.0,0.0,18.5269,101.289 101.104 0 0,-0.0031,False,False,0.0982
90,follow_figure8,100.2817,100.0292,-0.1233,-0.0,0.0,18.7616,101.311 101.116 0 0,-0.0029,False,False,0.0984
91,follow_figure8,100.2866,100.0301,-0.1233,-0.0,0.0,18.9937,101.311 101.116 0 0,-0.0026,False,False,0.0989
92,follow_figure8,100.2915,100.031,-0.122,-0.0,0.0,19.2234,101.311 101.116 0 0,-0.0023,False,False,0.0991
93,follow_figure8,100.2963,100.0319,-0.1191,-0.0,0.0,19.4507,101.311 101.116 0 0,-0.0021,False,False,0.0996
94,follow_figure8,100.3012,100.0329,-0.115,-0.0,0.0,19.6757,101.311 101.116 0 0,-0.0019,False,False,0.0998
95,follow_figure8,100.3062,100.0339,-0.1096,-0.0,0.0,19.8988,101.311 101.116 0 0,-0.0017,False,False,0.1002
96,follow_figure8,100.3111,100.0349,-0.1032,-0.0,0.0,20.1201,101.334 101.128 0 0,-0.0015,False,False,0.1005
97,follow_figure8,100.316,100.0359,-0.0959,-0.0,0.0,20.3398,101.334 101.128 0 0,-0.0014,False,False,0.1009
98,follow_figure8,100.321,100.0369,-0.0881,-0.0,0.0,20.558,101.334 101.128 0 0,-0.0013,False,False,0.1011
99,follow_figure8,100.326,100.0379,-0.08,-0.0,0.0,20.7752,101.334 101.128 0 0,-0.0012,False,False,0.1014
100,follow_figure8,100.3309,100.0389,-0.0717,-0.0,0.0,20.9914,101.334 101.128 0 0,-0.0012,False,False,0.1017
101,follow_figure8,100.3359,100.04,-0.0637,-0.0,0.0,21.207,101.334 101.128 0 0,-0.0012,False,False,0.102
102,follow_figure8,100.3409,100.041,-0.0561,-0.0,0.0,21.4222,101.356 101.139 0 0,-0.0011,False,False,0.1023
103,follow_figure8,100.3459,100.0421,-0.0492,-0.0,0.0,21.6372,101.356 101.139 0 0,-0.0012,False,False,0.1025
104,follow_figure8,100.351,100.0432,-0.0431,-0.0,0.0,21.8521,101.356 101.139 0 0,-0.0012,False,False,0.1027
105,follow_figure8,100.356,100.0443,-0.038,-0.0,0.0,22.067,101.356 101.139 0 0,-0.0012,False,False,0.1031
106,follow_figure8,100.361,100.0454,-0.0341,-0.0,0.0,22.2821,101.356 101.139 0 0,-0.0012,False,False,0.1033
107,follow_figure8,100.3661,100.0465,-0.0314,-0.0,0.0,22.4976,101.356 101.139 0 0,-0.0011,False,False,0.1036
108,follow_figure8,100.3712,100.0476,-0.0301,-0.0,0.0,22.7133,101.379 101.15 0 0,-0.0012,False,False,0.1037
109,follow_figure8,100.3762,100.0488,-0.0301,-0.0,0.0,22.9293,101.379 101.15 0 0,-0.0011,False,False,0.104
110,follow_figure8,100.3813,100.0499,-0.0316,-0.0,0.0,23.1455,101.379 101.15 0 0,-0.0011,False,False,0.1042
111,follow_figure8,100.3864,100.0511,-0.0344,-0.0,0.0,23.3619,101.379 101.15 0 0,-0.0011,False,False,0.1045
112,follow_figure8,100.3915,100.0523,-0.0385,-0.0,0.0,23.5783,101.379 101.15 0 0,-0.001,False,False,0.1048
113,follow_figure8,100.3966,100.0535,-0.0437,-0.0,0.0,23.7945,101.379 101.15 0 0,-0.001,False,False,0.1049
114,follow_figure8,100.4017,100.0547,-0.0499,-0.0,0.0,24.0105,101.402 101.161 0 0,-0.001,False,False,0.105
115,follow_figure8,100.4068,100.0559,-0.0569,-0.0,0.0,24.226,101.402 101.161 0 0,-0.001,False,False,0.1052
116,follow_figure8,100.412,100.0572,-0.0644,-0.0,0.0,24.4407,101.402 101.161 0 0,-0.0009,False,False,0.1054
117,follow_figure8,100.4171,100.0584,-0.0722,-0.0,0.0,24.6544,101.402 101.161 0 0,-0.0009,False,False,0.1057
118,follow_figure8,100.4222,100.0596,-0.08,-0.0,0.0,24.8669,101.402 101.161 0 0,-0.0008,False,False,0.1058
119,follow_figure8,100.4274,100.0609,-0.0877,-0.0,0.0,25.0779,101.426 101.171 0 0,-0.0007,False,False,0.106
120,follow_figure8,100.4325,100.0622,-0.0949,-0.0,0.0,25.2873,101.426 101.171 0 0,-0.0006,False,False,0.1063
121,follow_figure8,100.4377,100.0635,-0.1015,-0.0,0.0,25.4948,101.426 101.171 0 0,-0.0005,False,False,0.1063
122,follow_figure8,100.4429,100.0648,-0.1073,-0.0,0.0,25.7003,101.426 101.171 0 0,-0.0004,False,False,0.1065
123,follow_figure8,100.448,100.0661,-0.1121,-0.0,0.0,25.9037,101.426 101.171 0 0,-0.0002,False,False,0.1067
124,follow_figure8,100.4532,100.0674,-0.1158,-0.0,0.0,26.1049,101.426 101.171 0 0,0.0,False,False,0.1069
125,follow_figure8,100.4584,100.0687,-0.1182,-0.0,0.0,26.3039,101.449 101.18 0 0,0.0002,False,False,0.107
126,follow_figure8,100.4636,100.07,-0.1194,-0.0,0.0,26.5005,101.449 101.18 0 0,0.0004,False,False,0.1071
127,follow_figure8,100.4688,100.0714,-0.1193,-0.0,0.0,26.6949,101.449 101.18 0 0,0.0006,False,False,0.1073
128,follow_figure8,100.474,100.0727,-0.1178,-0.0,0.0,26.8871,101.449 101.18 0 0,0.0008,False,False,0.1074
129,follow_figure8,100.4792,100.0741,-0.115,-0.0,0.0,27.0772,101.449 101.18 0 0,0.001,False,False,0.1076
130,follow_figure8,100.4844,100.0755,-0.111,-0.0,0.0,27.2653,101.473 101.189 0 0,0.0012,False,False,0.1078
131,follow_figure8,100.4896,100.0769,-0.1059,-0.0,0.0,27.4516,101.473 101.189 0 0,0.0013,False,False,0.1077
132,follow_figure8,100.4948,100.0783,-0.0998,-0.0,0.0,27.6361,101.473 101.189 0 0,0.0015,False,False,0.108
133,follow_figure8,100.5,100.0797,-0.0931,-0.0,0.0,27.819,101.473 101.189 0 0,0.0016,False,False,0.1081
134,follow_figure8,100.5053,100.0811,-0.0858,-0.0,0.0,28.0006,101.473 101.189 0 0,0.0016,False,False,0.1082
135,follow_figure8,100.5105,100.0825,-0.0783,-0.0,0.0,28.1811,101.496 101.198 0 0,0.0017,False,False,0.1083
136,follow_figure8,100.5157,100.0839,-0.0707,-0.0,0.0,28.3607,101.496 101.198 0 0,0.0017,False,False,0.1083
137,follow_figure8,100.521,100.0853,-0.0634,-0.0,0.0,28.5393,101.496 101.198 0 0,0.0017,False,False,0.1085
138,follow_figure8,100.5262,100.0868,-0.0564,-0.0,0.0,28.7173,101.496 101.198 0 0,0.0017,False,False,0.1088
139,follow_figure8,100.5314,100.0882,-0.0501,-0.0,0.0,28.8949,101.496 101.198 0 0,0.0017,False,False,0.1086
140,follow_figure8,100.5367,100.0897,-0.0446,-0.0,0.0,29.0721,101.496 101.198 0 0,0.0017,False,False,0.109
141,follow_figure8,100.5419,100.0912,-0.04,-0.0,0.0,29.2491,101.52 101.206 0 0,0.0017,False,False,0.1088
142,follow_figure8,100.5472,100.0926,-0.0366,-0.0,0.0,29.426,101.52 101.206 0 0,0.0017,False,False,0.1091
143,follow_figure8,100.5524,100.0941,-0.0343,-0.0,0.0,29.6027,101.52 101.206 0 0,0.0017,False,False,0.1091
144,follow_figure8,100.5577,100.0956,-0.0332,-0.0,0.0,29.7793,101.52 101.206 0 0,0.0018,False,False,0.1091
145,follow_figure8,100.5629,100.0971,-0.0335,-0.0,0.0,29.9559,101.52 101.206 0 0,0.0018,False,False,0.1093
146,follow_figure8,100.5682,100.0986,-0.035,-0.0,0.0,30.1323,101.544 101.214 0 0,0.0018,False,False,0.1093
147,follow_figure8,100.5734,100.1001,-0.0378,-0.0,0.0,30.3086,101.544 101.214 0 0,0.0018,False,False,0.1094
148,follow_figure8,100.5787,100.1016,-0.0418,-0.0,0.0,30.4844,101.544 101.214 0 0,0.0019,False,False,0.1096
149,follow_figure8,100.584,100.1032,-0.0468,-0.0,0.0,30.6599,101.544 101.214 0 0,0.0019,False,False,0.1095
150,follow_figure8,100.5892,100.1047,-0.0527,-0.0,0.0,30.8348,101.544 101.214 0 0,0.0019,False,False,0.1097
151,follow_figure8,100.5945,100.1063,-0.0593,-0.0,0.0,31.009,101.569 101.221 0 0,0.0019,False,False,0.1097
152,follow_figure8,100.5998,100.1078,-0.0663,-0.0,0.0,31.1823,101.569 101.221 0 0,0.002,False,False,0.1099
153,follow_figure8,100.605,100.1094,-0.0736,-0.0,0.0,31.3545,101.569 101.221 0 0,0.002,False,False,0.1098
154,follow_figure8,100.6103,100.1109,-0.081,-0.0,0.0,31.5254,101.569 101.221 0 0,0.0021,False,False,0.11
155,follow_figure8,100.6156,100.1125,-0.0881,-0.0,0.0,31.695,101.569 101.221 0 0,0.0021,False,False,0.1098
156,follow_figure8,100.6208,100.1141,-0.0948,-0.0,0.0,31.8631,101.593 101.228 0 0,0.0022,False,False,0.1101
157,follow_figure8,100.6261,100.1156,-0.1009,-0.0,0.0,32.0294,101.593 101.228 0 0,0.0023,False,False,0.1101
158,follow_figure8,100.6314,100.1172,-0.1061,-0.0,0.0,32.1939,101.593 101.228 0 0,0.0024,False,False,0.1101
159,follow_figure8,100.6366,100.1188,-0.1105,-0.0,0.0,32.3565,101.593 101.228 0 0,0.0026,False,False,0.1102
160,follow_figure8,100.6419,100.1204,-0.1138,-0.0,0.0,32.5172,101.593 101.228 0 0,0.0027,False,False,0.1102
161,follow_figure8,100.6472,100.122,-0.1159,-0.0,0.0,32.6759,101.618 101.233 0 0,0.0029,False,False,0.1102
162,follow_figure8,100.6525,100.1236,-0.1168,-0.0,0.0,32.8326,101.618 101.233 0 0,0.0031,False,False,0.1104
163,follow_figure8,100.6577,100.1253,-0.1165,-0.0,0.0,32.9873,101.618 101.233 0 0,0.0033,False,False,0.1103
164,follow_figure8,100.663,100.1269,-0.1149,-0.0,0.0,33.14,101.618 101.233 0 0,0.0034,False,False,0.1103
165,follow_figure8,100.6683,100.1285,-0.1121,-0.0,0.0,33.2909,101.618 101.233 0 0,0.0036,False,False,0.1105
166,follow_figure8,100.6736,100.1301,-0.1082,-0.0,0.0,33.44,101.643 101.238 0 0,0.0037,False,False,0.1104
167,follow_figure8,100.6788,100.1318,-0.1032,-0.0,0.0,33.5874,101.643 101.238 0 0,0.0039,False,False,0.1105
168,follow_figure8,100.6841,100.1334,-0.0974,-0.0,0.0,33.7332,101.643 101.238 0 0,0.004,False,False,0.1105
169,follow_figure8,100.6894,100.1351,-0.091,-0.0,0.0,33.8776,101.643 101.238 0 0,0.004,False,False,0.1105
170,follow_figure8,100.6947,100.1367,-0.0841,-0.0,0.0,34.0207,101.643 101.238 0 0,0.0041,False,False,0.1106
171,follow_figure8,100.6999,100.1384,-0.077,-0.0,0.0,34.1627,101.668 101.242 0 0,0.0041,False,False,0.1105
172,follow_figure8,100.7052,100.14,-0.0698,-0.0,0.0,34.3037,101.668 101.242 0 0,0.0042,False,False,0.1106
173,follow_figure8,100.7105,100.1417,-0.0629,-0.0,0.0,34.4436,101.668 101.242 0 0,0.0042,False,False,0.1106
174,follow_figure8,100.7158,100.1434,-0.0564,-0.0,0.0,34.5828,101.668 101.242 0 0,0.0042,False,False,0.1108
175,follow_figure8,100.721,100.145,-0.0506,-0.0,0.0,34.7213,101.668 101.242 0 0,0.0042,False,False,0.1107
176,follow_figure8,100.7263,100.1467,-0.0455,-0.0,0.0,34.8593,101.693 101.245 0 0,0.0042,False,False,0.1105
177,follow_figure8,100.7316,100.1484,-0.0413,-0.0,0.0,34.9968,101.693 101.245 0 0,0.0042,False,False,0.1107
178,follow_figure8,100.7368,100.1501,-0.0382,-0.0,0.0,35.1337,101.693 101.245 0 0,0.0043,False,False,0.1107
179,follow_figure8,100.7421,100.1518,-0.0362,-0.0,0.0,35.2702,101.693 101.245 0 0,0.0043,False,False,0.1107
180,follow_figure8,100.7474,100.1535,-0.0354,-0.0,0.0,35.4063,101.693 101.245 0 0,0.0043,False,False,0.1106
181,follow_figure8,100.7526,100.1552,-0.0358,-0.0,0.0,35.542,101.718 101.247 0 0,0.0043,False,False,0.1106
182,follow_figure8,100.7579,100.1569,-0.0374,-0.0,0.0,35.6773,101.718 101.247 0 0,0.0044,False,False,0.1108
183,follow_figure8,100.7632,100.1586,-0.0402,-0.0,0.0,35.8119,101.718 101.247 0 0,0.0044,False,False,0.1106
184,follow_figure8,100.7684,100.1603,-0.0442,-0.0,0.0,35.946,101.718 101.247 0 0,0.0044,False,False,0.1105
185,follow_figure8,100.7737,100.162,-0.0491,-0.0,0.0,36.0793,101.718 101.247 0 0,0.0045,False,False,0.1107
186,follow_figure8,100.779,100.1637,-0.0548,-0.0,0.0,36.212,101.743 101.249 0 0,0.0045,False,False,0.1106
187,follow_figure8,100.7842,100.1654,-0.0611,-0.0,0.0,36.3438,101.743 101.249 0 0,0.0046,False,False,0.1107
188,follow_figure8,100.7895,100.1672,-0.0679,-0.0,0.0,36.4744,101.743 101.249 0 0,0.0046,False,False,0.1106
189,follow_figure8,100.7947,100.1689,-0.0748,-0.0,0.0,36.6039,101.743 101.249 0 0,0.0046,False,False,0.1105
190,follow_figure8,100.8,100.1706,-0.0818,-0.0,0.0,36.7322,101.743 101.249 0 0,0.0047,False,False,0.1107
191,follow_figure8,100.8052,100.1723,-0.0885,-0.0,0.0,36.8592,101.769 101.249 0 0,0.0047,False,False,0.1105
192,follow_figure8,100.8105,100.1741,-0.0948,-0.0,0.0,36.9846,101.769 101.249 0 0,0.0048,False,False,0.1105
193,follow_figure8,100.8157,100.1758,-0.1005,-0.0,0.0,37.1085,101.769 101.249 0 0,0.0049,False,False,0.1106
194,follow_figure8,100.821,100.1776,-0.1055,-0.0,0.0,37.2306,101.769 101.249 0 0,0.005,False,False,0.1105
195,follow_figure8,100.8262,100.1793,-0.1095,-0.0,0.0,37.3511,101.794 101.249 0 0,0.0051,False,False,0.1106
196,follow_figure8,100.8315,100.1811,-0.1125,-0.0,0.0,37.4697,101.794 101.249 0 0,0.0053,False,False,0.1104
197,follow_figure8,100.8367,100.1828,-0.1143,-0.0,0.0,37.5865,101.794 101.249 0 0,0.0054,False,False,0.1105
198,follow_figure8,100.8419,100.1845,-0.1151,-0.0,0.0,37.7014,101.794 101.249 0 0,0.0056,False,False,0.1105
199,follow_figure8,100.8472,100.1863,-0.1146,-0.0,0.0,37.8145,101.794 101.249 0 0,0.0057,False,False,0.1104
200,follow_figure8,100.8524,100.1881,-0.1129,-0.0,0.0,37.9259,101.819 101.247 0 0,0.0059,False,False,0.1103
201,follow_figure8,100.8576,100.1898,-0.11,-0.0,0.0,38.0356,101.819 101.247 0 0,0.006,False,False,0.1104
202,follow_figure8,100.8629,100.1916,-0.1061,-0.0,0.0,38.1435,101.819 101.247 0 0,0.0062,False,False,0.1103
203,follow_figure8,100.8681,100.1933,-0.1012,-0.0,0.0,38.2499,101.819 101.247 0 0,0.0063,False,False,0.1103
204,follow_figure8,100.8733,100.1951,-0.0956,-0.0,0.0,38.3547,101.819 101.247 0 0,0.0064,False,False,0.1103
205,follow_figure8,100.8785,100.1969,-0.0893,-0.0,0.0,38.4582,101.844 101.245 0 0,0.0064,False,False,0.1102
206,follow_figure8,100.8837,100.1986,-0.0827,-0.0,0.0,38.5604,101.844 101.245 0 0,0.0065,False,False,0.1101
207,follow_figure8,100.889,100.2004,-0.0758,-0.0,0.0,38.6612,101.844 101.245 0 0,0.0066,False,False,0.1102
208,follow_figure8,100.8942,100.2022,-0.069,-0.0,0.0,38.7609,101.844 101.245 0 0,0.0066,False,False,0.1101
209,follow_figure8,100.8994,100.2039,-0.0624,-0.0,0.0,38.8595,101.844 101.245 0 0,0.0066,False,False,0.1101
210,follow_figure8,100.9046,100.2057,-0.0563,-0.0,0.0,38.9573,101.869 101.241 0 0,0.0066,False,False,0.1099
211,follow_figure8,100.9098,100.2075,-0.0508,-0.0,0.0,39.0541,101.869 101.241 0 0,0.0067,False,False,0.1099
212,follow_figure8,100.915,100.2093,-0.046,-0.0,0.0,39.1499,101.869 101.241 0 0,0.0067,False,False,0.1098
213,follow_figure8,100.9202,100.211,-0.0421,-0.0,0.0,39.2449,101.869 101.241 0 0,0.0067,False,False,0.1098
214,follow_figure8,100.9254,100.2128,-0.0392,-0.0,0.0,39.3392,101.869 101.241 0 0,0.0068,False,False,0.1098
215,follow_figure8,100.9306,100.2146,-0.0375,-0.0,0.0,39.4328,101.894 101.236 0 0,0.0068,False,False,0.1097
216,follow_figure8,100.9357,100.2164,-0.0369,-0.0,0.0,39.5256,101.894 101.236 0 0,0.0068,False,False,0.1095
217,follow_figure8,100.9409,100.2181,-0.0374,-0.0,0.0,39.6175,101.894 101.236 0 0,0.0069,False,False,0.1096
218,follow_figure8,100.9461,100.2199,-0.0392,-0.0,0.0,39.7086,101.894 101.236 0 0,0.0069,False,False,0.1094
219,follow_figure8,100.9513,100.2217,-0.0421,-0.0,0.0,39.7989,101.894 101.236 0 0,0.007,False,False,0.1095
220,follow_figure8,100.9564,100.2235,-0.046,-0.0,0.0,39.8884,101.919 101.229 0 0,0.007,False,False,0.1092
221,follow_figure8,100.9616,100.2252,-0.0508,-0.0,0.0,39.9769,101.919 101.229 0 0,0.0071,False,False,0.1094
222,follow_figure8,100.9668,100.227,-0.0564,-0.0,0.0,40.0643,101.919 101.229 0 0,0.0071,False,False,0.1091
223,follow_figure8,100.9719,100.2288,-0.0626,-0.0,0.0,40.1506,101.919 101.229 0 0,0.0072,False,False,0.1092
224,follow_figure8,100.9771,100.2306,-0.0692,-0.0,0.0,40.2358,101.943 101.222 0 0,0.0072,False,False,0.109
225,follow_figure8,100.9822,100.2324,-0.0759,-0.0,0.0,40.3196,101.943 101.222 0 0,0.0073,False,False,0.109
226,follow_figure8,100.9874,100.2341,-0.0826,-0.0,0.0,40.402,101.943 101.222 0 0,0.0073,False,False,0.109
227,follow_figure8,100.9925,100.2359,-0.089,-0.0,0.0,40.4829,101.943 101.222 0 0,0.0074,False,False,0.1088
228,follow_figure8,100.9977,100.2377,-0.0951,-0.0,0.0,40.5623,101.943 101.222 0 0,0.0074,False,False,0.1087
229,follow_figure8,101.0028,100.2395,-0.1005,-0.0,0.0,40.6403,101.967 101.213 0 0,0.0075,False,False,0.1087
230,follow_figure8,101.0079,100.2412,-0.1051,-0.0,0.0,40.7166,101.967 101.213 0 0,0.0077,False,False,0.1087
231,follow_figure8,101.0131,100.243,-0.1088,-0.0,0.0,40.7912,101.967 101.213 0 0,0.0077,False,False,0.1084
232,follow_figure8,101.0182,100.2448,-0.1116,-0.0,0.0,40.8641,101.967 101.213 0 0,0.0079,False,False,0.1085
233,follow_figure8,101.0233,100.2466,-0.1132,-0.0,0.0,40.9354,101.99 101.204 0 0,0.008,False,False,0.1082
234,follow_figure8,101.0284,100.2483,-0.1138,-0.0,0.0,41.0049,101.99 101.204 0 0,0.0082,False,False,0.1082
235,follow_figure8,101.0335,100.2501,-0.1131,-0.0,0.0,41.0727,101.99 101.204 0 0,0.0083,False,False,0.1081
236,follow_figure8,101.0386,100.2519,-0.1113,-0.0,0.0,41.1387,101.99 101.204 0 0,0.0085,False,False,0.108
237,follow_figure8,101.0437,100.2537,-0.1084,-0.0,0.0,41.2031,101.99 101.204 0 0,0.0086,False,False,0.1079
238,follow_figure8,101.0488,100.2554,-0.1045,-0.0,0.0,41.266,102.013 101.193 0 0,0.0087,False,False,0.1079
239,follow_figure8,101.0539,100.2572,-0.0997,-0.0,0.0,41.3273,102.013 101.193 0 0,0.0088,False,False,0.1076
240,follow_figure8,101.059,100.259,-0.0941,-0.0,0.0,41.387,102.013 101.193 0 0,0.0089,False,False,0.1078
241,follow_figure8,101.064,100.2607,-0.088,-0.0,0.0,41.4452,102.013 101.193 0 0,0.009,False,False,0.1074
242,follow_figure8,101.0691,100.2625,-0.0815,-0.0,0.0,41.502,102.013 101.193 0 0,0.009,False,False,0.1075
243,follow_figure8,101.0742,100.2643,-0.0748,-0.0,0.0,41.5575,102.035 101.181 0 0,0.0091,False,False,0.1073
244,follow_figure8,101.0792,100.266,-0.0683,-0.0,0.0,41.6117,102.035 101.181 0 0,0.0091,False,False,0.1071
245,follow_figure8,101.0843,100.2678,-0.0619,-0.0,0.0,41.6646,102.035 101.181 0 0,0.0092,False,False,0.1071
246,follow_figure8,101.0894,100.2695,-0.056,-0.0,0.0,41.7162,102.035 101.181 0 0,0.0092,False,False,0.1069
247,follow_figure8,101.0944,100.2713,-0.0507,-0.0,0.0,41.7666,102.035 101.181 0 0,0.0092,False,False,0.1068
248,follow_figure8,101.0994,100.273,-0.0462,-0.0,0.0,41.8159,102.057 101.168 0 0,0.0093,False,False,0.1066
249,follow_figure8,101.1045,100.2748,-0.0426,-0.0,0.0,41.8641,102.057 101.168 0 0,0.0093,False,False,0.1066
250,follow_figure8,101.1095,100.2765,-0.04,-0.0,0.0,41.911,102.057 101.168 0 0,0.0094,False,False,0.1065
251,follow_figure8,101.1145,100.2783,-0.0384,-0.0,0.0,41.9568,102.057 101.168 0 0,0.0095,False,False,0.1063
252,follow_figure8,101.1195,100.28,-0.038,-0.0,0.0,42.0014,102.078 101.155 0 0,0.0095,False,False,0.1061
253,follow_figure8,101.1245,100.2818,-0.0387,-0.0,0.0,42.0449,102.078 101.155 0 0,0.0096,False,False,0.106
254,follow_figure8,101.1295,100.2835,-0.0406,-0.0,0.0,42.087,102.078 101.155 0 0,0.0097,False,False,0.106
255,follow_figure8,101.1345,100.2852,-0.0435,-0.0,0.0,42.1278,102.078 101.155 0 0,0.0098,False,False,0.1058
256,follow_figure8,101.1395,100.287,-0.0474,-0.0,0.0,42.1674,102.078 101.155 0 0,0.0098,False,False,0.1056
257,follow_figure8,101.1445,100.2887,-0.0523,-0.0,0.0,42.2058,102.099 101.14 0 0,0.0099,False,False,0.1054
258,follow_figure8,101.1495,100.2904,-0.0578,-0.0,0.0,42.2428,102.099 101.14 0 0,0.01,False,False,0.1053
259,follow_figure8,101.1545,100.2921,-0.0639,-0.0,0.0,42.2784,102.099 101.14 0 0,0.01,False,False,0.1053
260,follow_figure8,101.1594,100.2939,-0.0703,-0.0,0.0,42.3126,102.099 101.14 0 0,0.0101,False,False,0.1051
261,follow_figure8,101.1644,100.2956,-0.0769,-0.0,0.0,42.3454,102.119 101.124 0 0,0.0101,False,False,0.1048
262,follow_figure8,101.1693,100.2973,-0.0834,-0.0,0.0,42.3767,102.119 101.124 0 0,0.0102,False,False,0.1048
263,follow_figure8,101.1743,100.299,-0.0896,-0.0,0.0,42.4063,102.119 101.124 0 0,0.0102,False,False,0.1046
264,follow_figure8,101.1792,100.3007,-0.0954,-0.0,0.0,42.4343,102.119 101.124 0 0,0.0103,False,False,0.1045
265,follow_figure8,101.1841,100.3024,-0.1005,-0.0,0.0,42.4609,102.119 101.124 0 0,0.0104,False,False,0.1043
266,follow_figure8,101.1891,100.3041,-0.105,-0.0,0.0,42.4859,102.138 101.107 0 0,0.0105,False,False,0.1041
267,follow_figure8,101.194,100.3058,-0.1085,-0.0,0.0,42.5094,102.138 101.107 0 0,0.0106,False,False,0.1041
268,follow_figure8,101.1989,100.3075,-0.111,-0.0,0.0,42.5312,102.138 101.107 0 0,0.0107,False,False,0.1038
269,follow_figure8,101.2038,100.3092,-0.1125,-0.0,0.0,42.5514,102.138 101.107 0 0,0.0108,False,False,0.1036
270,follow_figure8,101.2087,100.3109,-0.1128,-0.0,0.0,42.5701,102.157 101.09 0 0,0.011,False,False,0.1036
271,follow_figure8,101.2136,100.3125,-0.112,-0.0,0.0,42.5871,102.157 101.09 0 0,0.0111,False,False,0.1033
272,follow_figure8,101.2184,100.3142,-0.1101,-0.0,0.0,42.6024,102.157 101.09 0 0,0.0113,False,False,0.1032
273,follow_figure8,101.2233,100.3159,-0.1071,-0.0,0.0,42.6161,102.157 101.09 0 0,0.0114,False,False,0.1029
274,follow_figure8,101.2282,100.3175,-0.1032,-0.0,0.0,42.6283,102.157 101.09 0 0,0.0115,False,False,0.1029
275,follow_figure8,101.233,100.3192,-0.0983,-0.0,0.0,42.639,102.174 101.072 0 0,0.0116,False,False,0.1025
276,follow_figure8,101.2379,100.3208,-0.0928,-0.0,0.0,42.6482,102.174 101.072 0 0,0.0116,False,False,0.1024
277,follow_figure8,101.2427,100.3225,-0.0868,-0.0,0.0,42.6558,102.174 101.072 0 0,0.0117,False,False,0.1023
278,follow_figure8,101.2476,100.3241,-0.0804,-0.0,0.0,42.6618,102.174 101.072 0 0,0.0118,False,False,0.1021
279,follow_figure8,101.2524,100.3258,-0.0739,-0.0,0.0,42.6663,102.174 101.072 0 0,0.0118,False,False,0.1018
280,follow_figure8,101.2572,100.3274,-0.0675,-0.0,0.0,42.6695,102.192 101.054 0 0,0.0119,False,False,0.1019
281,follow_figure8,101.262,100.329,-0.0614,-0.0,0.0,42.6712,102.192 101.054 0 0,0.012,False,False,0.1015
282,follow_figure8,101.2668,100.3307,-0.0557,-0.0,0.0,42.6712,102.192 101.054 0 0,0.0119,False,False,0.1013
283,follow_figure8,101.2716,100.3323,-0.0506,-0.0,0.0,42.6698,102.192 101.054 0 0,0.0118,False,False,0.1011
284,follow_figure8,101.2764,100.3339,-0.0463,-0.0,0.0,42.667,102.192 101.054 0 0,0.0116,False,False,0.101
285,follow_figure8,101.2811,100.3355,-0.0429,-0.0,0.0,42.6627,102.208 101.035 0 0,0.0115,False,False,0.1007
286,follow_figure8,101.2859,100.3371,-0.0405,-0.0,0.0,42.657,102.208 101.035 0 0,0.0114,False,False,0.1006
287,follow_figure8,101.2907,100.3387,-0.0391,-0.0,0.0,42.6496,102.208 101.035 0 0,0.0113,False,False,0.1004
288,follow_figure8,101.2954,100.3403,-0.0388,-0.0,0.0,42.6407,102.208 101.035 0 0,0.0111,False,False,0.1001
289,follow_figure8,101.3002,100.3419,-0.0397,-0.0,0.0,42.6304,102.224 101.015 0 0,0.011,False,False,0.0999
290,follow_figure8,101.3049,100.3435,-0.0416,-0.0,0.0,42.6184,102.224 101.015 0 0,0.0109,False,False,0.0997
291,follow_figure8,101.3096,100.345,-0.0447,-0.0,0.0,42.6048,102.224 101.015 0 0,0.0108,False,False,0.0995
292,follow_figure8,101.3143,100.3466,-0.0487,-0.0,0.0,42.5895,102.224 101.015 0 0,0.0106,False,False,0.0994
293,follow_figure8,101.319,100.3482,-0.0535,-0.0,0.0,42.5727,102.224 101.015 0 0,0.0105,False,False,0.0992
294,follow_figure8,101.3237,100.3497,-0.059,-0.0,0.0,42.5544,102.239 100.995 0 0,0.0103,False,False,0.0989
295,follow_figure8,101.3284,100.3513,-0.065,-0.0,0.0,42.5346,102.239 100.995 0 0,0.0102,False,False,0.0987
296,follow_figure8,101.3331,100.3528,-0.0713,-0.0,0.0,42.5132,102.239 100.995 0 0,0.01,False,False,0.0985
297,follow_figure8,101.3378,100.3544,-0.0777,-0.0,0.0,42.4902,102.239 100.995 0 0,0.0099,False,False,0.0983
298,follow_figure8,101.3424,100.3559,-0.0841,-0.0,0.0,42.4657,102.254 100.974 0 0,0.0097,False,False,0.0981
299,follow_figure8,101.3471,100.3574,-0.0902,-0.0,0.0,42.4397,102.254 100.974 0 0,0.0095,False,False,0.0978
300,follow_figure8,101.3517,100.3589,-0.0958,-0.0,0.0,42.4121,102.254 100.974 0 0,0.0094,False,False,0.0976
301,follow_figure8,101.3563,100.3604,-0.1007,-0.0,0.0,42.3829,102.254 100.974 0 0,0.0093,False,False,0.0974
302,follow_figure8,101.361,100.3619,-0.1049,-0.0,0.0,42.3523,102.254 100.974 0 0,0.0092,False,False,0.0972
303,follow_figure8,101.3656,100.3634,-0.1083,-0.0,0.0,42.3203,102.268 100.953 0 0,0.009,False,False,0.0969
304,follow_figure8,101.3702,100.3649,-0.1106,-0.0,0.0,42.287,102.268 100.953 0 0,0.0089,False,False,0.0967
305,follow_figure8,101.3748,100.3664,-0.1119,-0.0,0.0,42.2521,102.268 100.953 0 0,0.0089,False,False,0.0966
306,follow_figure8,101.3793,100.3679,-0.1121,-0.0,0.0,42.2157,102.268 100.953 0 0,0.0088,False,False,0.0964
307,follow_figure8,101.3839,100.3694,-0.1112,-0.0,0.0,42.1781,102.282 100.932 0 0,0.0087,False,False,0.096
308,follow_figure8,101.3885,100.3708,-0.1091,-0.0,0.0,42.1389,102.282 100.932 0 0,0.0086,False,False,0.0958
309,follow_figure8,101.393,100.3723,-0.1061,-0.0,0.0,42.0982,102.282 100.932 0 0,0.0085,False,False,0.0955
310,follow_figure8,101.3976,100.3737,-0.102,-0.0,0.0,42.056,102.282 100.932 0 0,0.0084,False,False,0.0955
311,follow_figure8,101.4021,100.3752,-0.0972,-0.0,0.0,42.0124,102.282 100.932 0 0,0.0083,False,False,0.0952
312,follow_figure8,101.4066,100.3766,-0.0917,-0.0,0.0,41.9674,102.295 100.91 0 0,0.0082,False,False,0.0948
313,follow_figure8,101.4111,100.3781,-0.0857,-0.0,0.0,41.9208,102.295 100.91 0 0,0.008,False,False,0.0947
314,follow_figure8,101.4156,100.3795,-0.0794,-0.0,0.0,41.8726,102.295 100.91 0 0,0.0079,False,False,0.0944
315,follow_figure8,101.4201,100.3809,-0.0731,-0.0,0.0,41.8228,102.295 100.91 0 0,0.0077,False,False,0.0941
316,follow_figure8,101.4246,100.3823,-0.0668,-0.0,0.0,41.7715,102.307 100.888 0 0,0.0076,False,False,0.094
317,follow_figure8,101.4291,100.3837,-0.0608,-0.0,0.0,41.7184,102.307 100.888 0 0,0.0073,False,False,0.0937
318,follow_figure8,101.4335,100.3851,-0.0553,-0.0,0.0,41.6635,102.307 100.888 0 0,0.0072,False,False,0.0933
319,follow_figure8,101.438,100.3865,-0.0504,-0.0,0.0,41.6067,102.307 100.888 0 0,0.007,False,False,0.0932
320,follow_figure8,101.4424,100.3878,-0.0463,-0.0,0.0,41.5482,102.307 100.888 0 0,0.0069,False,False,0.093
321,follow_figure8,101.4469,100.3892,-0.043,-0.0,0.0,41.488,102.319 100.866 0 0,0.0067,False,False,0.0928
322,follow_figure8,101.4513,100.3906,-0.0408,-0.0,0.0,41.426,102.319 100.866 0 0,0.0065,False,False,0.0924
323,follow_figure8,101.4557,100.3919,-0.0396,-0.0,0.0,41.3619,102.319 100.866 0 0,0.0064,False,False,0.0921
324,follow_figure8,101.4601,100.3933,-0.0395,-0.0,0.0,41.296,102.319 100.866 0 0,0.0062,False,False,0.0919
325,follow_figure8,101.4645,100.3946,-0.0405,-0.0,0.0,41.2283,102.33 100.843 0 0,0.0061,False,False,0.0917
326,follow_figure8,101.4688,100.396,-0.0425,-0.0,0.0,41.1586,102.33 100.843 0 0,0.0059,False,False,0.0916
327,follow_figure8,101.4732,100.3973,-0.0456,-0.0,0.0,41.0869,102.33 100.843 0 0,0.0058,False,False,0.0912
328,follow_figure8,101.4775,100.3986,-0.0497,-0.0,0.0,41.0133,102.33 100.843 0 0,0.0056,False,False,0.0909
329,follow_figure8,101.4819,100.3999,-0.0545,-0.0,0.0,40.9379,102.33 100.843 0 0,0.0055,False,False,0.0907
330,follow_figure8,101.4862,100.4012,-0.06,-0.0,0.0,40.8609,102.341 100.82 0 0,0.0053,False,False,0.0905
331,follow_figure8,101.4905,100.4025,-0.066,-0.0,0.0,40.7821,102.341 100.82 0 0,0.0051,False,False,0.0901
332,follow_figure8,101.4949,100.4038,-0.0723,-0.0,0.0,40.7016,102.341 100.82 0 0,0.005,False,False,0.0899
333,follow_figure8,101.4991,100.405,-0.0786,-0.0,0.0,40.6195,102.341 100.82 0 0,0.0048,False,False,0.0897
334,follow_figure8,101.5034,100.4063,-0.0848,-0.0,0.0,40.5359,102.352 100.797 0 0,0.0047,False,False,0.0894
335,follow_figure8,101.5077,100.4076,-0.0907,-0.0,0.0,40.4507,102.352 100.797 0 0,0.0045,False,False,0.0892
336,follow_figure8,101.512,100.4088,-0.0962,-0.0,0.0,40.364,102.352 100.797 0 0,0.0044,False,False,0.0888
337,follow_figure8,101.5162,100.4101,-0.101,-0.0,0.0,40.2758,102.352 100.797 0 0,0.0042,False,False,0.0886
338,follow_figure8,101.5205,100.4113,-0.105,-0.0,0.0,40.1863,102.352 100.797 0 0,0.0041,False,False,0.0884
339,follow_figure8,101.5247,100.4125,-0.1082,-0.0,0.0,40.0957,102.362 100.774 0 0,0.0041,False,False,0.0882
340,follow_figure8,101.5289,100.4137,-0.1103,-0.0,0.0,40.0039,102.362 100.774 0 0,0.004,False,False,0.0878
341,follow_figure8,101.5331,100.4149,-0.1115,-0.0,0.0,39.9107,102.362 100.774 0 0,0.0039,False,False,0.0877
342,follow_figure8,101.5373,100.4161,-0.1115,-0.0,0.0,39.8162,102.371 100.751 0 0,0.0038,False,False,0.0873
343,follow_figure8,101.5415,100.4173,-0.1104,-0.0,0.0,39.7203,102.371 100.751 0 0,0.0037,False,False,0.0869
344,follow_figure8,101.5457,100.4185,-0.1083,-0.0,0.0,39.6228,102.371 100.751 0 0,0.0036,False,False,0.0868
345,follow_figure8,101.5499,100.4197,-0.1051,-0.0,0.0,39.5239,102.371 100.751 0 0,0.0035,False,False,0.0866
346,follow_figure8,101.554,100.4209,-0.1011,-0.0,0.0,39.4235,102.371 100.751 0 0,0.0034,False,False,0.0862
347,follow_figure8,101.5581,100.422,-0.0962,-0.0,0.0,39.3219,102.371 100.751 0 0,0.0033,False,False,0.086
348,follow_figure8,101.5623,100.4232,-0.0907,-0.0,0.0,39.2189,102.38 100.727 0 0,0.0032,False,False,0.0857
349,follow_figure8,101.5664,100.4243,-0.0847,-0.0,0.0,39.1144,102.38 100.727 0 0,0.003,False,False,0.0853
350,follow_figure8,101.5705,100.4255,-0.0785,-0.0,0.0,39.0081,102.38 100.727 0 0,0.0029,False,False,0.0852
351,follow_figure8,101.5746,100.4266,-0.0722,-0.0,0.0,38.9001,102.389 100.703 0 0,0.0027,False,False,0.085
352,follow_figure8,101.5787,100.4277,-0.066,-0.0,0.0,38.7901,102.389 100.703 0 0,0.0025,False,False,0.0847
353,follow_figure8,101.5827,100.4288,-0.0602,-0.0,0.0,38.6779,102.389 100.703 0 0,0.0023,False,False,0.0843
354,follow_figure8,101.5868,100.4299,-0.0548,-0.0,0.0,38.5636,102.389 100.703 0 0,0.0021,False,False,0.0841
355,follow_figure8,101.5908,100.431,-0.0501,-0.0,0.0,38.4471,102.389 100.703 0 0,0.0019,False,False,0.0839
356,follow_figure8,101.5949,100.4321,-0.0461,-0.0,0.0,38.3286,102.389 100.703 0 0,0.0017,False,False,0.0836
357,follow_figure8,101.5989,100.4332,-0.0431,-0.0,0.0,38.2081,102.397 100.679 0 0,0.0015,False,False,0.0832
358,follow_figure8,101.6029,100.4342,-0.041,-0.0,0.0,38.0854,102.397 100.679 0 0,0.0014,False,False,0.0831
359,follow_figure8,101.6069,100.4353,-0.0399,-0.0,0.0,37.9603,102.405 100.655 0 0,0.0012,False,False,0.0827
360,follow_figure8,101.6109,100.4363,-0.04,-0.0,0.0,37.8325,102.405 100.655 0 0,0.001,False,False,0.0825
361,follow_figure8,101.6149,100.4374,-0.0411,-0.0,0.0,37.7021,102.405 100.655 0 0,0.0008,False,False,0.0822
362,follow_figure8,101.6188,100.4384,-0.0433,-0.0,0.0,37.5691,102.405 100.655 0 0,0.0006,False,False,0.082
363,follow_figure8,101.6228,100.4394,-0.0465,-0.0,0.0,37.4337,102.405 100.655 0 0,0.0004,False,False,0.0816
364,follow_figure8,101.6267,100.4404,-0.0506,-0.0,0.0,37.2961,102.405 100.655 0 0,0.0002,False,False,0.0815
365,follow_figure8,101.6307,100.4415,-0.0555,-0.0,0.0,37.1565,102.413 100.631 0 0,0.0,False,False,0.0811
366,follow_figure8,101.6346,100.4425,-0.061,-0.0,0.0,37.0147,102.413 100.631 0 0,-0.0002,False,False,0.0808
367,follow_figure8,101.6385,100.4434,-0.067,-0.0,0.0,36.8709,102.42 100.607 0 0,-0.0003,False,False,0.0806
368,follow_figure8,101.6424,100.4444,-0.0732,-0.0,0.0,36.7248,102.42 100.607 0 0,-0.0006,False,False,0.0804
369,follow_figure8,101.6463,100.4454,-0.0794,-0.0,0.0,36.5765,102.42 100.607 0 0,-0.0008,False,False,0.08
370,follow_figure8,101.6501,100.4464,-0.0855,-0.0,0.0,36.4262,102.42 100.607 0 0,-0.001,False,False,0.0798
371,follow_figure8,101.654,100.4473,-0.0913,-0.0,0.0,36.2742,102.42 100.607 0 0,-0.0011,False,False,0.0795
372,follow_figure8,101.6579,100.4483,-0.0967,-0.0,0.0,36.1207,102.42 100.607 0 0,-0.0012,False,False,0.0793
373,follow_figure8,101.6617,100.4492,-0.1013,-0.0,0.0,35.9659,102.427 100.582 0 0,-0.0013,False,False,0.079
374,follow_figure8,101.6655,100.4501,-0.1052,-0.0,0.0,35.8098,102.427 100.582 0 0,-0.0015,False,False,0.0787
375,follow_figure8,101.6693,100.4511,-0.1082,-0.0,0.0,35.6523,102.433 100.558 0 0,-0.0015,False,False,0.0785
376,follow_figure8,101.6731,100.452,-0.1102,-0.0,0.0,35.4931,102.433 100.558 0 0,-0.0017,False,False,0.0782
377,follow_figure8,101.6769,100.4529,-0.1112,-0.0,0.0,35.3323,102.433 100.558 0 0,-0.0018,False,False,0.078
378,follow_figure8,101.6807,100.4538,-0.111,-0.0,0.0,35.1699,102.366 99.2378 0 0,-0.0018,False,False,0.0776
379,follow_figure8,101.6845,100.4547,-0.1098,-0.0,0.0,34.9945,102.366 99.2378 0 0,-0.0034,False,False,0.078
380,follow_figure8,101.6883,100.4556,-0.1076,-0.0,0.0,34.7961,102.366 99.2378 0 0,-0.0049,False,False,0.0785
381,follow_figure8,101.6921,100.4565,-0.1043,-0.0,0.0,34.576,102.366 99.2378 0 0,-0.0063,False,False,0.0792
382,follow_figure8,101.696,100.4575,-0.1002,-0.0,0.0,34.3353,102.366 99.2378 0 0,-0.0076,False,False,0.0798
383,follow_figure8,101.6999,100.4585,-0.0953,-0.0,0.0,34.0748,102.366 99.2378 0 0,-0.0089,False,False,0.0804
384,follow_figure8,101.7038,100.4595,-0.0898,-0.0,0.0,33.7955,102.366 99.2378 0 0,-0.0102,False,False,0.0809
385,follow_figure8,101.7078,100.4605,-0.0838,-0.0,0.0,33.4983,102.366 99.2378 0 0,-0.0113,False,False,0.0816
386,follow_figure8,101.7118,100.4615,-0.0776,-0.0,0.0,33.184,102.366 99.2378 0 0,-0.0125,False,False,0.082
387,follow_figure8,101.7158,100.4625,-0.0714,-0.0,0.0,32.8531,102.366 99.2378 0 0,-0.0136,False,False,0.0827
388,follow_figure8,101.7198,100.4635,-0.0653,-0.0,0.0,32.5064,102.357 99.2144 0 0,-0.0146,False,False,0.0832
389,follow_figure8,101.7239,100.4646,-0.0596,-0.0,0.0,32.1443,102.357 99.2144 0 0,-0.0157,False,False,0.0837
390,follow_figure8,101.7279,100.4656,-0.0543,-0.0,0.0,31.7673,102.357 99.2144 0 0,-0.0167,False,False,0.0843
391,follow_figure8,101.732,100.4667,-0.0497,-0.0,0.0,31.3759,102.357 99.2144 0 0,-0.0176,False,False,0.0848
392,follow_figure8,101.7362,100.4678,-0.0459,-0.0,0.0,30.9705,102.357 99.2144 0 0,-0.0185,False,False,0.0854
393,follow_figure8,101.7403,100.4688,-0.043,-0.0,0.0,30.5519,102.357 99.2144 0 0,-0.0194,False,False,0.0857
394,follow_figure8,101.7445,100.4699,-0.0411,-0.0,0.0,30.1205,102.357 99.2144 0 0,-0.0202,False,False,0.0864
395,follow_figure8,101.7487,100.471,-0.0402,-0.0,0.0,29.6769,102.357 99.2144 0 0,-0.021,False,False,0.0868
396,follow_figure8,101.7529,100.4721,-0.0404,-0.0,0.0,29.2218,102.357 99.2144 0 0,-0.0217,False,False,0.0873
397,follow_figure8,101.7572,100.4732,-0.0417,-0.0,0.0,28.7558,102.357 99.2144 0 0,-0.0223,False,False,0.0879
398,follow_figure8,101.7615,100.4743,-0.044,-0.0,0.0,28.2797,102.357 99.2144 0 0,-0.023,False,False,0.0882
399,follow_figure8,101.7658,100.4754,-0.0473,-0.0,0.0,27.7941,102.357 99.2144 0 0,-0.0235,False,False,0.0886
400,follow_figure8,101.7701,100.4764,-0.0515,-0.0,0.0,27.3,102.357 99.2144 0 0,-0.024,False,True,0.0891
401,follow_figure8,101.7744,100.4775,-0.0564,-0.0,0.0,26.7982,102.357 99.2144 0 0,-0.0245,False,True,0.0896
402,follow_figure8,101.7788,100.4786,-0.0619,-0.0,0.0,26.2895,102.357 99.2144 0 0,-0.0249,False,True,0.09
403,follow_figure8,101.7832,100.4797,-0.0679,-0.0,0.0,25.775,102.357 99.2144 0 0,-0.0253,False,True,0.0904
404,follow_figure8,101.7876,100.4808,-0.074,-0.0,0.0,25.2555,102.357 99.2144 0 0,-0.0256,False,True,0.0907
405,follow_figure8,101.792,100.4819,-0.0802,-0.0,0.0,24.732,102.357 99.2144 0 0,-0.0258,False,True,0.0912
406,follow_figure8,101.7965,100.4829,-0.0863,-0.0,0.0,24.2052,102.357 99.2144 0 0,-0.0259,False,True,0.0915
407,follow_figure8,101.8009,100.484,-0.092,-0.0,0.0,23.676,102.357 99.2144 0 0,-0.026,False,True,0.0919
408,follow_figure8,101.8054,100.4851,-0.0971,-0.0,0.0,23.1453,102.357 99.2144 0 0,-0.0261,False,True,0.0922
409,follow_figure8,101.8099,100.4861,-0.1017,-0.0,0.0,22.6135,102.357 99.2144 0 0,-0.0261,False,True,0.0926
410,follow_figure8,101.8145,100.4872,-0.1054,-0.0,0.0,22.0814,102.357 99.2144 0 0,-0.026,False,True,0.0931
411,follow_figure8,101.819,100.4882,-0.1082,-0.0,0.0,21.5495,102.357 99.2144 0 0,-0.0259,False,True,0.0933
412,follow_figure8,101.8236,100.4893,-0.1101,-0.0,0.0,21.018,102.357 99.2144 0 0,-0.0258,False,True,0.0936
413,follow_figure8,101.8282,100.4903,-0.1109,-0.0,0.0,20.4873,102.357 99.2144 0 0,-0.0256,False,True,0.094
414,follow_figure8,101.8328,100.4913,-0.1107,-0.0,0.0,19.9575,102.357 99.2144 0 0,-0.0254,False,True,0.0943
415,follow_figure8,101.8374,100.4923,-0.1093,-0.0,0.0,19.4287,102.357 99.2144 0 0,-0.0252,False,True,0.0946
416,follow_figure8,101.842,100.4933,-0.1069,-0.0,0.0,18.9009,102.357 99.2144 0 0,-0.0251,False,True,0.0948
417,follow_figure8,101.8467,100.4943,-0.1036,-0.0,0.0,18.3739,102.357 99.2144 0 0,-0.025,False,True,0.0952
418,follow_figure8,101.8513,100.4953,-0.0994,-0.0,0.0,17.8476,102.357 99.2144 0 0,-0.0249,False,True,0.0954
419,follow_figure8,101.856,100.4963,-0.0944,-0.0,0.0,17.3217,102.357 99.2144 0 0,-0.0248,False,True,0.0957
420,follow_figure8,101.8607,100.4973,-0.0889,-0.0,0.0,16.7959,102.357 99.2144 0 0,-0.0247,False,True,0.0959
421,follow_figure8,101.8654,100.4982,-0.0829,-0.0,0.0,16.2699,102.357 99.2144 0 0,-0.0247,False,True,0.0962
422,follow_figure8,101.8702,100.4992,-0.0768,-0.0,0.0,15.7432,102.357 99.2144 0 0,-0.0248,False,True,0.0965
423,follow_figure8,101.8749,100.5001,-0.0706,-0.0,0.0,15.2156,102.357 99.2144 0 0,-0.0248,False,True,0.0967
424,follow_figure8,101.8797,100.501,-0.0646,-0.0,0.0,14.6867,102.357 99.2144 0 0,-0.0249,False,True,0.0968
425,follow_figure8,101.8844,100.5019,-0.059,-0.0,0.0,14.1562,102.357 99.2144 0 0,-0.025,False,True,0.0973
426,follow_figure8,101.8892,100.5028,-0.0538,-0.0,0.0,13.6238,102.357 99.2144 0 0,-0.0251,False,True,0.0974
427,follow_figure8,101.894,100.5037,-0.0494,-0.0,0.0,13.0892,102.357 99.2144 0 0,-0.0252,False,True,0.0976
428,follow_figure8,101.8988,100.5046,-0.0457,-0.0,0.0,12.5522,102.357 99.2144 0 0,-0.0254,False,True,0.0979
429,follow_figure8,101.9037,100.5055,-0.043,-0.0,0.0,12.0129,102.357 99.2144 0 0,-0.0255,False,True,0.098
430,follow_figure8,101.9085,100.5063,-0.0412,-0.0,0.0,11.4711,102.357 99.2144 0 0,-0.0256,False,True,0.0982
431,follow_figure8,101.9133,100.5071,-0.0404,-0.0,0.0,10.9269,102.346 99.1913 0 0,-0.0257,False,True,0.0983
432,follow_figure8,101.9182,100.508,-0.0408,-0.0,0.0,10.3804,102.346 99.1913 0 0,-0.0258,False,True,0.0986
433,follow_figure8,101.9231,100.5088,-0.0422,-0.0,0.0,9.8315,102.346 99.1913 0 0,-0.0259,False,True,0.0988
434,follow_figure8,101.928,100.5096,-0.0446,-0.0,0.0,9.2808,102.346 99.1913 0 0,-0.026,False,True,0.0989
435,follow_figure8,101.9329,100.5104,-0.048,-0.0,0.0,8.7285,102.346 99.1913 0 0,-0.026,False,True,0.0992
436,follow_figure8,101.9378,100.5111,-0.0523,-0.0,0.0,8.1751,102.346 99.1913 0 0,-0.026,False,True,0.0994
437,follow_figure8,101.9427,100.5119,-0.0573,-0.0,0.0,7.6211,102.346 99.1913 0 0,-0.026,False,True,0.0996
438,follow_figure8,101.9476,100.5126,-0.0628,-0.0,0.0,7.0671,102.346 99.1913 0 0,-0.026,False,True,0.0997
439,follow_figure8,101.9526,100.5133,-0.0687,-0.0,0.0,6.5138,102.346 99.1913 0 0,-0.0259,False,True,0.0999
440,follow_figure8,101.9575,100.514,-0.0749,-0.0,0.0,5.9615,102.346 99.1913 0 0,-0.0258,False,True,0.1
441,follow_figure8,101.9625,100.5147,-0.081,-0.0,0.0,5.4111,102.346 99.1913 0 0,-0.0257,False,True,0.1001
442,follow_figure8,101.9674,100.5154,-0.087,-0.0,0.0,4.8629,102.346 99.1913 0 0,-0.0254,False,True,0.1004
443,follow_figure8,101.9724,100.5161,-0.0926,-0.0,0.0,4.3175,102.346 99.1913 0 0,-0.0252,False,True,0.1005
444,follow_figure8,101.9774,100.5167,-0.0977,-0.0,0.0,3.7753,102.346 99.1913 0 0,-0.0249,False,True,0.1006
445,follow_figure8,101.9824,100.5173,-0.1021,-0.0,0.0,3.2366,102.346 99.1913 0 0,-0.0246,False,True,0.1007
446,follow_figure8,101.9874,100.5179,-0.1056,-0.0,0.0,2.7019,102.346 99.1913 0 0,-0.0243,False,True,0.1008
447,follow_figure8,101.9924,100.5185,-0.1083,-0.0,0.0,2.1711,102.336 99.1682 0 0,-0.0239,False,True,0.1011
448,follow_figure8,101.9975,100.5191,-0.11,-0.0,0.0,1.6444,102.336 99.1682 0 0,-0.0236,False,True,0.1011
449,follow_figure8,102.0025,100.5197,-0.1107,-0.0,0.0,1.1216,102.336 99.1682 0 0,-0.0232,False,True,0.1013
450,follow_figure8,102.0075,100.5202,-0.1103,-0.0,0.0,0.6026,102.336 99.1682 0 0,-0.0229,False,True,0.1014
451,follow_figure8,102.0126,100.5207,-0.1089,-0.0,0.0,0.0873,102.336 99.1682 0 0,-0.0226,False,True,0.1014
452,follow_figure8,102.0176,100.5213,-0.1064,-0.0,-0.0,-0.4245,102.336 99.1682 0 0,-0.0222,False,True,0.1017
453,follow_figure8,102.0227,100.5218,-0.1029,-0.0,-0.0,-0.9331,102.336 99.1682 0 0,-0.0219,False,True,0.1018
454,follow_figure8,102.0278,100.5222,-0.0986,-0.0,-0.0,-1.439,102.336 99.1682 0 0,-0.0217,False,True,0.1019
455,follow_figure8,102.0329,100.5227,-0.0936,-0.0,-0.0,-1.9424,102.336 99.1682 0 0,-0.0215,False,True,0.102
456,follow_figure8,102.0379,100.5231,-0.088,-0.0,-0.0,-2.4439,102.336 99.1682 0 0,-0.0213,False,True,0.1022
457,follow_figure8,102.043,100.5236,-0.0821,-0.0,-0.0,-2.9439,102.336 99.1682 0 0,-0.0212,False,True,0.1023
458,follow_figure8,102.0481,100.524,-0.0759,-0.0,-0.0,-3.4427,102.336 99.1682 0 0,-0.0212,False,True,0.1023
459,follow_figure8,102.0532,100.5244,-0.0698,-0.0,-0.0,-3.941,102.336 99.1682 0 0,-0.0211,False,True,0.1024
460,follow_figure8,102.0584,100.5247,-0.0639,-0.0,-0.0,-4.4391,102.336 99.1682 0 0,-0.0211,False,True,0.1025
461,follow_figure8,102.0635,100.5251,-0.0583,-0.0,-0.0,-4.9374,102.336 99.1682 0 0,-0.0211,False,True,0.1026
462,follow_figure8,102.0686,100.5255,-0.0533,-0.0,-0.0,-5.4362,102.336 99.1682 0 0,-0.0212,False,True,0.1028
463,follow_figure8,102.0737,100.5258,-0.049,-0.0,-0.0,-5.9358,102.336 99.1682 0 0,-0.0212,False,True,0.1027
464,follow_figure8,102.0789,100.5261,-0.0455,-0.0,-0.0,-6.4365,102.336 99.1682 0 0,-0.0213,False,True,0.1027
465,follow_figure8,102.084,100.5264,-0.0428,-0.0,-0.0,-6.9384,102.336 99.1682 0 0,-0.0213,False,True,0.103
466,follow_figure8,102.0891,100.5266,-0.0412,-0.0,-0.0,-7.4415,102.336 99.1682 0 0,-0.0214,False,True,0.1028
467,follow_figure8,102.0943,100.5269,-0.0406,-0.0,-0.0,-7.946,102.336 99.1682 0 0,-0.0214,False,True,0.1031
468,follow_figure8,102.0994,100.5271,-0.0411,-0.0,-0.0,-8.4516,102.325 99.1456 0 0,-0.0214,False,True,0.1031
469,follow_figure8,102.1046,100.5273,-0.0426,-0.0,-0.0,-8.9584,102.325 99.1456 0 0,-0.0215,False,True,0.1031
470,follow_figure8,102.1097,100.5275,-0.0452,-0.0,-0.0,-9.4662,102.325 99.1456 0 0,-0.0215,False,True,0.1032
471,follow_figure8,102.1149,100.5277,-0.0487,-0.0,-0.0,-9.9747,102.325 99.1456 0 0,-0.0215,False,True,0.1034
472,follow_figure8,102.1201,100.5278,-0.053,-0.0,-0.0,-10.4835,102.325 99.1456 0 0,-0.0215,False,True,0.1033
473,follow_figure8,102.1252,100.528,-0.0581,-0.0,-0.0,-10.9922,102.325 99.1456 0 0,-0.0214,False,True,0.1035
474,follow_figure8,102.1304,100.5281,-0.0636,-0.0,-0.0,-11.5002,102.325 99.1456 0 0,-0.0213,False,True,0.1035
475,follow_figure8,102.1356,100.5282,-0.0696,-0.0,-0.0,-12.0072,102.325 99.1456 0 0,-0.0212,False,True,0.1036
476,follow_figure8,102.1408,100.5283,-0.0757,-0.0,-0.0,-12.5127,102.325 99.1456 0 0,-0.0211,False,True,0.1038
477,follow_figure8,102.146,100.5283,-0.0818,-0.0,-0.0,-13.0161,102.325 99.1456 0 0,-0.021,False,True,0.1036
478,follow_figure8,102.1512,100.5283,-0.0877,-0.0,-0.0,-13.517,102.325 99.1456 0 0,-0.0207,False,True,0.1038
479,follow_figure8,102.1563,100.5283,-0.0932,-0.0,-0.0,-14.0149,102.325 99.1456 0 0,-0.0205,False,True,0.1039
480,follow_figure8,102.1615,100.5283,-0.0982,-0.0,-0.0,-14.5096,102.325 99.1456 0 0,-0.0202,False,True,0.1038
481,follow_figure8,102.1667,100.5283,-0.1024,-0.0,-0.0,-15.0008,102.325 99.1456 0 0,-0.0199,False,True,0.1039
482,follow_figure8,102.1719,100.5282,-0.1059,-0.0,-0.0,-15.4882,102.313 99.123 0 0,-0.0196,False,True,0.1041
483,follow_figure8,102.1771,100.5282,-0.1085,-0.0,-0.0,-15.9718,102.313 99.123 0 0,-0.0193,False,True,0.1039
484,follow_figure8,102.1823,100.5281,-0.11,-0.0,-0.0,-16.4516,102.313 99.123 0 0,-0.0189,False,True,0.1041
485,follow_figure8,102.1875,100.5279,-0.1106,-0.0,-0.0,-16.9276,102.313 99.123 0 0,-0.0186,False,True,0.1042
486,follow_figure8,102.1927,100.5278,-0.11,-0.0,-0.0,-17.3999,102.313 99.123 0 0,-0.0183,False,True,0.1041
487,follow_figure8,102.198,100.5276,-0.1084,-0.0,-0.0,-17.8687,102.313 99.123 0 0,-0.0179,False,True,0.1043
488,follow_figure8,102.2032,100.5274,-0.1058,-0.0,-0.0,-18.3343,102.313 99.123 0 0,-0.0176,False,True,0.1044
489,follow_figure8,102.2084,100.5272,-0.1022,-0.0,-0.0,-18.7968,102.313 99.123 0 0,-0.0174,False,True,0.1043
490,follow_figure8,102.2136,100.527,-0.0979,-0.0,-0.0,-19.2566,102.313 99.123 0 0,-0.0171,False,True,0.1045
491,follow_figure8,102.2188,100.5267,-0.0928,-0.0,-0.0,-19.7142,102.313 99.123 0 0,-0.0169,False,True,0.1045
492,follow_figure8,102.224,100.5264,-0.0872,-0.0,-0.0,-20.1698,102.313 99.123 0 0,-0.0168,False,True,0.1045
493,follow_figure8,102.2293,100.5261,-0.0812,-0.0,-0.0,-20.624,102.313 99.123 0 0,-0.0167,False,True,0.1047
494,follow_figure8,102.2345,100.5258,-0.0751,-0.0,-0.0,-21.0771,102.313 99.123 0 0,-0.0166,False,True,0.1046
495,follow_figure8,102.2397,100.5255,-0.069,-0.0,-0.0,-21.5296,102.313 99.123 0 0,-0.0166,False,True,0.1048
496,follow_figure8,102.2449,100.5251,-0.0632,-0.0,-0.0,-21.9818,102.313 99.123 0 0,-0.0166,False,True,0.1046
497,follow_figure8,102.2502,100.5247,-0.0577,-0.0,-0.0,-22.434,102.301 99.1009 0 0,-0.0166,False,True,0.1048
498,follow_figure8,102.2554,100.5243,-0.0528,-0.0,-0.0,-22.8868,102.301 99.1009 0 0,-0.0166,False,True,0.1049
499,follow_figure8,102.2606,100.5238,-0.0486,-0.0,-0.0,-23.3403,102.301 99.1009 0 0,-0.0166,False,True,0.1049
500,follow_figure8,102.2658,100.5234,-0.0452,-0.0,-0.0,-23.7949,102.301 99.1009 0 0,-0.0167,False,True,0.1049
501,follow_figure8,102.2711,100.5229,-0.0427,-0.0,-0.0,-24.2506,102.301 99.1009 0 0,-0.0167,False,True,0.105
502,follow_figure8,102.2763,100.5224,-0.0412,-0.0,-0.0,-24.7075,102.301 99.1009 0 0,-0.0168,False,True,0.105
503,follow_figure8,102.2815,100.5218,-0.0408,-0.0,-0.0,-25.1656,102.301 99.1009 0 0,-0.0168,False,True,0.1052
504,follow_figure8,102.2868,100.5213,-0.0414,-0.0,-0.0,-25.6248,102.301 99.1009 0 0,-0.0168,False,True,0.1051
505,follow_figure8,102.292,100.5207,-0.043,-0.0,-0.0,-26.085,102.301 99.1009 0 0,-0.0168,False,True,0.1053
506,follow_figure8,102.2972,100.5201,-0.0457,-0.0,-0.0,-26.5459,102.301 99.1009 0 0,-0.0168,False,True,0.1052
507,follow_figure8,102.3024,100.5195,-0.0493,-0.0,-0.0,-27.0074,102.301 99.1009 0 0,-0.0168,False,True,0.1054
508,follow_figure8,102.3077,100.5188,-0.0537,-0.0,-0.0,-27.4689,102.301 99.1009 0 0,-0.0168,False,True,0.1053
509,follow_figure8,102.3129,100.5181,-0.0588,-0.0,-0.0,-27.9303,102.288 99.0789 0 0,-0.0167,False,True,0.1054
510,follow_figure8,102.3181,100.5174,-0.0645,-0.0,-0.0,-28.3911,102.288 99.0789 0 0,-0.0167,False,True,0.1056
511,follow_figure8,102.3234,100.5167,-0.0704,-0.0,-0.0,-28.851,102.288 99.0789 0 0,-0.0166,False,True,0.1055
512,follow_figure8,102.3286,100.5159,-0.0765,-0.0,-0.0,-29.3095,102.288 99.0789 0 0,-0.0165,False,True,0.1056
513,follow_figure8,102.3338,100.5151,-0.0826,-0.0,-0.0,-29.7663,102.288 99.0789 0 0,-0.0163,False,True,0.1058
514,follow_figure8,102.339,100.5143,-0.0884,-0.0,-0.0,-30.2209,102.288 99.0789 0 0,-0.0161,False,True,0.1058
515,follow_figure8,102.3443,100.5135,-0.0938,-0.0,-0.0,-30.6729,102.288 99.0789 0 0,-0.0159,False,True,0.1058
516,follow_figure8,102.3495,100.5127,-0.0987,-0.0,-0.0,-31.1221,102.288 99.0789 0 0,-0.0157,False,True,0.1059
517,follow_figure8,102.3547,100.5118,-0.1029,-0.0,-0.0,-31.5681,102.288 99.0789 0 0,-0.0154,False,True,0.106
518,follow_figure8,102.3599,100.5109,-0.1062,-0.0,-0.0,-32.0109,102.288 99.0789 0 0,-0.0151,False,True,0.1061
519,follow_figure8,102.3652,100.5099,-0.1086,-0.0,-0.0,-32.4502,102.288 99.0789 0 0,-0.0148,False,True,0.1061
520,follow_figure8,102.3704,100.509,-0.11,-0.0,-0.0,-32.8861,102.288 99.0789 0 0,-0.0145,False,True,0.1061
521,follow_figure8,102.3756,100.508,-0.1104,-0.0,-0.0,-33.3186,102.275 99.0574 0 0,-0.0142,False,True,0.1062
522,follow_figure8,102.3808,100.507,-0.1097,-0.0,-0.0,-33.7477,102.275 99.0574 0 0,-0.0138,False,True,0.1064
523,follow_figure8,102.3861,100.506,-0.108,-0.0,-0.0,-34.1738,102.275 99.0574 0 0,-0.0136,False,True,0.1064
524,follow_figure8,102.3913,100.505,-0.1053,-0.0,-0.0,-34.5971,102.275 99.0574 0 0,-0.0133,False,True,0.1064
525,follow_figure8,102.3965,100.5039,-0.1016,-0.0,-0.0,-35.0178,102.275 99.0574 0 0,-0.0131,False,True,0.1064
526,follow_figure8,102.4017,100.5028,-0.0971,-0.0,-0.0,-35.4362,102.275 99.0574 0 0,-0.0129,False,True,0.1066
527,follow_figure8,102.4069,100.5017,-0.092,-0.0,-0.0,-35.8526,102.275 99.0574 0 0,-0.0127,False,True,0.1067
528,follow_figure8,102.4121,100.5005,-0.0864,-0.0,-0.0,-36.2674,102.275 99.0574 0 0,-0.0126,False,True,0.1067
529,follow_figure8,102.4173,100.4994,-0.0804,-0.0,-0.0,-36.681,102.275 99.0574 0 0,-0.0125,False,True,0.1068
530,follow_figure8,102.4226,100.4982,-0.0743,-0.0,-0.0,-37.0938,102.275 99.0574 0 0,-0.0124,False,True,0.1069
531,follow_figure8,102.4278,100.497,-0.0683,-0.0,-0.0,-37.506,102.275 99.0574 0 0,-0.0124,False,True,0.107
532,follow_figure8,102.433,100.4958,-0.0625,-0.0,-0.0,-37.918,102.261 99.036 0 0,-0.0124,False,True,0.1069
533,follow_figure8,102.4382,100.4945,-0.0571,-0.0,-0.0,-38.3303,102.261 99.036 0 0,-0.0124,False,True,0.107
534,follow_figure8,102.4434,100.4932,-0.0523,-0.0,-0.0,-38.7431,102.261 99.036 0 0,-0.0124,False,True,0.1071
535,follow_figure8,102.4486,100.492,-0.0482,-0.0,-0.0,-39.1567,102.261 99.036 0 0,-0.0125,False,True,0.1072
536,follow_figure8,102.4538,100.4906,-0.0449,-0.0,-0.0,-39.5713,102.261 99.036 0 0,-0.0125,False,True,0.1072
537,follow_figure8,102.459,100.4893,-0.0425,-0.0,-0.0,-39.9869,102.261 99.036 0 0,-0.0126,False,True,0.1073
538,follow_figure8,102.4642,100.4879,-0.0412,-0.0,-0.0,-40.4036,102.261 99.036 0 0,-0.0126,False,True,0.1074
539,follow_figure8,102.4694,100.4865,-0.0409,-0.0,-0.0,-40.8214,102.261 99.036 0 0,-0.0126,False,True,0.1075
540,follow_figure8,102.4745,100.4851,-0.0416,-0.0,-0.0,-41.2402,102.261 99.036 0 0,-0.0126,False,True,0.1075
541,follow_figure8,102.4797,100.4837,-0.0434,-0.0,-0.0,-41.6599,102.261 99.036 0 0,-0.0127,False,True,0.1076
542,follow_figure8,102.4849,100.4823,-0.0462,-0.0,-0.0,-42.0803,102.247 99.0154 0 0,-0.0126,False,True,0.1077
543,follow_figure8,102.4901,100.4808,-0.0499,-0.0,-0.0,-42.5013,102.247 99.0154 0 0,-0.0127,False,True,0.1077
544,follow_figure8,102.4953,100.4793,-0.0545,-0.0,-0.0,-42.9225,102.247 99.0154 0 0,-0.0126,False,True,0.1078
545,follow_figure8,102.5005,100.4778,-0.0596,-0.0,-0.0,-43.3436,102.247 99.0154 0 0,-0.0126,False,True,0.108
546,follow_figure8,102.5056,100.4762,-0.0653,-0.0,-0.0,-43.7643,102.247 99.0154 0 0,-0.0126,False,True,0.1079
547,follow_figure8,102.5108,100.4747,-0.0713,-0.0,-0.0,-44.1841,102.247 99.0154 0 0,-0.0125,False,True,0.108
548,follow_figure8,102.516,100.4731,-0.0773,-0.0,-0.0,-44.6028,102.247 99.0154 0 0,-0.0124,False,True,0.1082
549,follow_figure8,102.5211,100.4715,-0.0834,-0.0,-0.0,-45.0198,102.247 99.0154 0 0,-0.0123,False,True,0.1082
550,follow_figure8,102.5263,100.4699,-0.0891,-0.0,-0.0,-45.4349,102.247 99.0154 0 0,-0.0121,False,True,0.1082
551,follow_figure8,102.5315,100.4683,-0.0945,-0.0,-0.0,-45.8476,102.247 99.0154 0 0,-0.0119,False,True,0.1084
552,follow_figure8,102.5366,100.4666,-0.0992,-0.0,-0.0,-46.2579,102.247 99.0154 0 0,-0.0117,False,True,0.1084
553,follow_figure8,102.5418,100.4649,-0.1033,-0.0,-0.0,-46.6653,102.232 98.9949 0 0,-0.0115,False,True,0.1083
554,follow_figure8,102.5469,100.4632,-0.1065,-0.0,-0.0,-47.0698,102.232 98.9949 0 0,-0.0112,False,True,0.1085
555,follow_figure8,102.5521,100.4615,-0.1088,-0.0,-0.0,-47.4715,102.232 98.9949 0 0,-0.0109,False,True,0.1086
556,follow_figure8,102.5572,100.4597,-0.11,-0.0,-0.0,-47.8701,102.232 98.9949 0 0,-0.0106,False,True,0.1086
557,follow_figure8,102.5624,100.458,-0.1103,-0.0,-0.0,-48.2658,102.232 98.9949 0 0,-0.0104,False,True,0.1087
558,follow_figure8,102.5675,100.4562,-0.1095,-0.0,-0.0,-48.6586,102.232 98.9949 0 0,-0.0101,False,True,0.1087
559,follow_figure8,102.5726,100.4544,-0.1076,-0.0,-0.0,-49.0487,102.232 98.9949 0 0,-0.0098,False,True,0.1088
560,follow_figure8,102.5778,100.4526,-0.1048,-0.0,-0.0,-49.4362,102.232 98.9949 0 0,-0.0096,False,True,0.1089
561,follow_figure8,102.5829,100.4508,-0.101,-0.0,-0.0,-49.8215,102.232 98.9949 0 0,-0.0093,False,True,0.1089
562,follow_figure8,102.588,100.4489,-0.0964,-0.0,-0.0,-50.2046,102.216 98.9752 0 0,-0.0092,False,True,0.1089
563,follow_figure8,102.5931,100.447,-0.0912,-0.0,-0.0,-50.5861,102.216 98.9752 0 0,-0.009,False,True,0.109
564,follow_figure8,102.5983,100.4452,-0.0855,-0.0,-0.0,-50.9664,102.216 98.9752 0 0,-0.0089,False,True,0.1091
565,follow_figure8,102.6034,100.4432,-0.0796,-0.0,-0.0,-51.3456,102.216 98.9752 0 0,-0.0089,False,True,0.1091
566,follow_figure8,102.6085,100.4413,-0.0735,-0.0,-0.0,-51.7242,102.216 98.9752 0 0,-0.0088,False,True,0.1091
567,follow_figure8,102.6136,100.4394,-0.0675,-0.0,-0.0,-52.1026,102.216 98.9752 0 0,-0.0088,False,True,0.1092
568,follow_figure8,102.6187,100.4374,-0.0618,-0.0,-0.0,-52.4808,102.216 98.9752 0 0,-0.0088,False,True,0.1094
569,follow_figure8,102.6238,100.4354,-0.0565,-0.0,-0.0,-52.8594,102.216 98.9752 0 0,-0.0089,False,True,0.1093
570,follow_figure8,102.6289,100.4334,-0.0517,-0.0,-0.0,-53.2384,102.216 98.9752 0 0,-0.0089,False,True,0.1094
571,follow_figure8,102.634,100.4314,-0.0478,-0.0,-0.0,-53.6182,102.216 98.9752 0 0,-0.009,False,True,0.1093
572,follow_figure8,102.639,100.4294,-0.0446,-0.0,-0.0,-53.9987,102.2 98.9555 0 0,-0.009,False,True,0.1096
573,follow_figure8,102.6441,100.4274,-0.0424,-0.0,-0.0,-54.3803,102.2 98.9555 0 0,-0.009,False,True,0.1094
574,follow_figure8,102.6492,100.4253,-0.0412,-0.0,-0.0,-54.763,102.2 98.9555 0 0,-0.0091,False,True,0.1097
575,follow_figure8,102.6543,100.4232,-0.041,-0.0,-0.0,-55.1468,102.2 98.9555 0 0,-0.0091,False,True,0.1095
576,follow_figure8,102.6593,100.4211,-0.0419,-0.0,-0.0,-55.5316,102.2 98.9555 0 0,-0.0091,False,True,0.1097
577,follow_figure8,102.6644,100.419,-0.0438,-0.0,-0.0,-55.9173,102.2 98.9555 0 0,-0.0091,False,True,0.1098
578,follow_figure8,102.6694,100.4169,-0.0467,-0.0,-0.0,-56.3037,102.2 98.9555 0 0,-0.0092,False,True,0.1096
579,follow_figure8,102.6745,100.4147,-0.0506,-0.0,-0.0,-56.6905,102.2 98.9555 0 0,-0.0092,False,True,0.1097
580,follow_figure8,102.6796,100.4126,-0.0552,-0.0,-0.0,-57.0775,102.2 98.9555 0 0,-0.0091,False,True,0.1099
581,follow_figure8,102.6846,100.4104,-0.0604,-0.0,-0.0,-57.4645,102.2 98.9555 0 0,-0.0091,False,True,0.1098
582,follow_figure8,102.6896,100.4082,-0.0661,-0.0,-0.0,-57.8509,102.183 98.9369 0 0,-0.0091,False,True,0.1097
583,follow_figure8,102.6947,100.406,-0.0721,-0.0,-0.0,-58.2366,102.183 98.9369 0 0,-0.009,False,True,0.11
584,follow_figure8,102.6997,100.4038,-0.0781,-0.0,-0.0,-58.6213,102.183 98.9369 0 0,-0.009,False,True,0.1098
585,follow_figure8,102.7047,100.4015,-0.0841,-0.0,-0.0,-59.0045,102.183 98.9369 0 0,-0.0088,False,True,0.11
586,follow_figure8,102.7097,100.3993,-0.0898,-0.0,-0.0,-59.3861,102.183 98.9369 0 0,-0.0087,False,True,0.11
587,follow_figure8,102.7147,100.397,-0.0951,-0.0,-0.0,-59.7656,102.183 98.9369 0 0,-0.0085,False,True,0.1101
588,follow_figure8,102.7197,100.3947,-0.0998,-0.0,-0.0,-60.1429,102.183 98.9369 0 0,-0.0084,False,True,0.1099
589,follow_figure8,102.7247,100.3924,-0.1037,-0.0,-0.0,-60.5178,102.183 98.9369 0 0,-0.0081,False,True,0.1101
590,follow_figure8,102.7297,100.3901,-0.1068,-0.0,-0.0,-60.89,102.183 98.9369 0 0,-0.0079,False,True,0.11
591,follow_figure8,102.7347,100.3878,-0.1089,-0.0,-0.0,-61.2596,102.166 98.9183 0 0,-0.0077,False,True,0.11
592,follow_figure8,102.7397,100.3854,-0.1101,-0.0,-0.0,-61.6264,102.166 98.9183 0 0,-0.0074,False,True,0.1101
593,follow_figure8,102.7446,100.3831,-0.1102,-0.0,-0.0,-61.9907,102.166 98.9183 0 0,-0.0072,False,True,0.11
594,follow_figure8,102.7496,100.3807,-0.1092,-0.0,-0.0,-62.3524,102.166 98.9183 0 0,-0.0069,False,True,0.1101
595,follow_figure8,102.7546,100.3783,-0.1072,-0.0,-0.0,-62.7118,102.166 98.9183 0 0,-0.0067,False,True,0.1101
596,follow_figure8,102.7595,100.3759,-0.1042,-0.0,-0.0,-63.0689,102.166 98.9183 0 0,-0.0064,False,True,0.1101
597,follow_figure8,102.7645,100.3735,-0.1004,-0.0,-0.0,-63.424,102.166 98.9183 0 0,-0.0062,False,True,0.1102
598,follow_figure8,102.7694,100.371,-0.0957,-0.0,-0.0,-63.7773,102.166 98.9183 0 0,-0.0061,False,True,0.1101
599,follow_figure8,102.7743,100.3686,-0.0905,-0.0,-0.0,-64.1291,102.166 98.9183 0 0,-0.006,False,True,0.1101
600,follow_figure8,102.7793,100.3661,-0.0848,-0.0,-0.0,-64.4798,102.147 98.9011 0 0,-0.0059,False,True,0.1101
601,follow_figure8,102.7842,100.3637,-0.0788,-0.0,-0.0,-64.8296,102.147 98.9011 0 0,-0.0058,False,True,0.1101
602,follow_figure8,102.7891,100.3612,-0.0727,-0.0,-0.0,-65.1789,102.147 98.9011 0 0,-0.0058,False,True,0.1101
603,follow_figure8,102.794,100.3587,-0.0667,-0.0,-0.0,-65.528,102.147 98.9011 0 0,-0.0058,False,True,0.1101
604,follow_figure8,102.7989,100.3562,-0.0611,-0.0,-0.0,-65.8772,102.147 98.9011 0 0,-0.0059,False,True,0.1101
605,follow_figure8,102.8038,100.3537,-0.0558,-0.0,-0.0,-66.2267,102.147 98.9011 0 0,-0.0059,False,True,0.1102
606,follow_figure8,102.8087,100.3511,-0.0512,-0.0,-0.0,-66.5767,102.147 98.9011 0 0,-0.0059,False,True,0.1101
607,follow_figure8,102.8136,100.3486,-0.0473,-0.0,-0.0,-66.9275,102.147 98.9011 0 0,-0.006,False,True,0.11
608,follow_figure8,102.8184,100.346,-0.0443,-0.0,-0.0,-67.279,102.147 98.9011 0 0,-0.006,False,True,0.1102
609,follow_figure8,102.8233,100.3434,-0.0422,-0.0,-0.0,-67.6315,102.147 98.9011 0 0,-0.0061,False,True,0.11
610,follow_figure8,102.8281,100.3408,-0.0412,-0.0,-0.0,-67.985,102.128 98.884 0 0,-0.0061,False,True,0.11
611,follow_figure8,102.833,100.3382,-0.0411,-0.0,-0.0,-68.3394,102.128 98.884 0 0,-0.0061,False,True,0.1101
612,follow_figure8,102.8378,100.3356,-0.0421,-0.0,-0.0,-68.6948,102.128 98.884 0 0,-0.0062,False,True,0.11
613,follow_figure8,102.8427,100.333,-0.0442,-0.0,-0.0,-69.0511,102.128 98.884 0 0,-0.0062,False,True,0.1099
614,follow_figure8,102.8475,100.3304,-0.0472,-0.0,-0.0,-69.408,102.128 98.884 0 0,-0.0062,False,True,0.1099
615,follow_figure8,102.8523,100.3277,-0.0512,-0.0,-0.0,-69.7654,102.128 98.884 0 0,-0.0062,False,True,0.11
616,follow_figure8,102.8571,100.325,-0.0559,-0.0,-0.0,-70.123,102.128 98.884 0 0,-0.0062,False,True,0.1099
617,follow_figure8,102.8619,100.3223,-0.0611,-0.0,-0.0,-70.4805,102.128 98.884 0 0,-0.0062,False,True,0.11
618,follow_figure8,102.8667,100.3197,-0.0669,-0.0,-0.0,-70.8375,102.109 98.8682 0 0,-0.0062,False,True,0.1099
619,follow_figure8,102.8715,100.317,-0.0729,-0.0,-0.0,-71.194,102.109 98.8682 0 0,-0.0061,False,True,0.1098
620,follow_figure8,102.8762,100.3142,-0.0789,-0.0,-0.0,-71.5495,102.109 98.8682 0 0,-0.0061,False,True,0.1098
621,follow_figure8,102.881,100.3115,-0.0849,-0.0,-0.0,-71.9037,102.109 98.8682 0 0,-0.006,False,True,0.1098
622,follow_figure8,102.8858,100.3088,-0.0905,-0.0,-0.0,-72.2564,102.109 98.8682 0 0,-0.0059,False,True,0.1097
623,follow_figure8,102.8905,100.306,-0.0957,-0.0,-0.0,-72.6073,102.109 98.8682 0 0,-0.0057,False,True,0.1098
624,follow_figure8,102.8952,100.3032,-0.1003,-0.0,-0.0,-72.9562,102.109 98.8682 0 0,-0.0056,False,True,0.1095
625,follow_figure8,102.9,100.3005,-0.1041,-0.0,-0.0,-73.3028,102.109 98.8682 0 0,-0.0054,False,True,0.1096
626,follow_figure8,102.9047,100.2977,-0.1071,-0.0,-0.0,-73.6471,102.109 98.8682 0 0,-0.0051,False,True,0.1096
627,follow_figure8,102.9094,100.2949,-0.1091,-0.0,-0.0,-73.9889,102.109 98.8682 0 0,-0.0049,False,True,0.1094
628,follow_figure8,102.9141,100.2921,-0.1101,-0.0,-0.0,-74.3283,102.089 98.8526 0 0,-0.0047,False,True,0.1094
629,follow_figure8,102.9187,100.2892,-0.11,-0.0,-0.0,-74.6653,102.089 98.8526 0 0,-0.0044,False,True,0.1094
630,follow_figure8,102.9234,100.2864,-0.109,-0.0,-0.0,-75.0001,102.089 98.8526 0 0,-0.0042,False,True,0.1094
631,follow_figure8,102.9281,100.2835,-0.1068,-0.0,-0.0,-75.3327,102.089 98.8526 0 0,-0.004,False,True,0.1092
632,follow_figure8,102.9327,100.2807,-0.1037,-0.0,-0.0,-75.6633,102.089 98.8526 0 0,-0.0038,False,True,0.1093
633,follow_figure8,102.9374,100.2778,-0.0998,-0.0,-0.0,-75.9921,102.089 98.8526 0 0,-0.0036,False,True,0.1092
634,follow_figure8,102.942,100.2749,-0.095,-0.0,-0.0,-76.3194,102.089 98.8526 0 0,-0.0035,False,True,0.1092
635,follow_figure8,102.9466,100.272,-0.0897,-0.0,-0.0,-76.6453,102.089 98.8526 0 0,-0.0034,False,True,0.1089
636,follow_figure8,102.9512,100.2691,-0.084,-0.0,-0.0,-76.9702,102.089 98.8526 0 0,-0.0033,False,True,0.109
637,follow_figure8,102.9558,100.2662,-0.078,-0.0,-0.0,-77.2944,102.068 98.8386 0 0,-0.0033,False,True,0.1089
638,follow_figure8,102.9604,100.2633,-0.0719,-0.0,-0.0,-77.6181,102.068 98.8386 0 0,-0.0033,False,True,0.1088
639,follow_figure8,102.965,100.2603,-0.066,-0.0,-0.0,-77.9417,102.068 98.8386 0 0,-0.0033,False,True,0.1087
640,follow_figure8,102.9695,100.2574,-0.0604,-0.0,-0.0,-78.2654,102.068 98.8386 0 0,-0.0033,False,True,0.1088
641,follow_figure8,102.9741,100.2544,-0.0552,-0.0,-0.0,-78.5894,102.068 98.8386 0 0,-0.0034,False,True,0.1085
642,follow_figure8,102.9786,100.2514,-0.0507,-0.0,-0.0,-78.9139,102.068 98.8386 0 0,-0.0034,False,True,0.1086
643,follow_figure8,102.9831,100.2484,-0.0469,-0.0,-0.0,-79.2392,102.068 98.8386 0 0,-0.0035,False,True,0.1085
644,follow_figure8,102.9877,100.2454,-0.044,-0.0,-0.0,-79.5652,102.068 98.8386 0 0,-0.0035,False,True,0.1083
645,follow_figure8,102.9922,100.2424,-0.0421,-0.0,-0.0,-79.8921,102.068 98.8386 0 0,-0.0036,False,True,0.1083
646,follow_figure8,102.9966,100.2394,-0.0411,-0.0,-0.0,-80.2199,102.068 98.8386 0 0,-0.0036,False,True,0.1082
647,follow_figure8,103.0011,100.2364,-0.0413,-0.0,-0.0,-80.5486,102.046 98.8249 0 0,-0.0036,False,True,0.108
648,follow_figure8,103.0056,100.2333,-0.0424,-0.0,-0.0,-80.8781,102.046 98.8249 0 0,-0.0036,False,True,0.108
649,follow_figure8,103.01,100.2303,-0.0446,-0.0,-0.0,-81.2085,102.046 98.8249 0 0,-0.0037,False,True,0.1079
650,follow_figure8,103.0145,100.2272,-0.0478,-0.0,-0.0,-81.5394,102.046 98.8249 0 0,-0.0037,False,True,0.1078
651,follow_figure8,103.0189,100.2241,-0.0518,-0.0,-0.0,-81.8708,102.046 98.8249 0 0,-0.0037,False,True,0.1076
652,follow_figure8,103.0233,100.2211,-0.0565,-0.0,-0.0,-82.2023,102.046 98.8249 0 0,-0.0037,False,True,0.1076
653,follow_figure8,103.0277,100.218,-0.0619,-0.0,-0.0,-82.5338,102.046 98.8249 0 0,-0.0037,False,True,0.1075
654,follow_figure8,103.032,100.2148,-0.0677,-0.0,-0.0,-82.8648,102.046 98.8249 0 0,-0.0037,False,True,0.1073
655,follow_figure8,103.0364,100.2117,-0.0737,-0.0,-0.0,-83.1952,102.024 98.8129 0 0,-0.0036,False,True,0.1073
656,follow_figure8,103.0407,100.2086,-0.0797,-0.0,-0.0,-83.5247,102.024 98.8129 0 0,-0.0036,False,True,0.1071
657,follow_figure8,103.0451,100.2054,-0.0856,-0.0,-0.0,-83.853,102.024 98.8129 0 0,-0.0035,False,True,0.1071
658,follow_figure8,103.0494,100.2023,-0.0912,-0.0,-0.0,-84.18,102.024 98.8129 0 0,-0.0034,False,True,0.107
659,follow_figure8,103.0537,100.1991,-0.0963,-0.0,-0.0,-84.5052,102.024 98.8129 0 0,-0.0033,False,True,0.1067
660,follow_figure8,103.058,100.1959,-0.1008,-0.0,-0.0,-84.8286,102.024 98.8129 0 0,-0.0031,False,True,0.1068
661,follow_figure8,103.0622,100.1927,-0.1045,-0.0,-0.0,-85.15,102.024 98.8129 0 0,-0.003,False,True,0.1065
662,follow_figure8,103.0665,100.1896,-0.1073,-0.0,-0.0,-85.4692,102.024 98.8129 0 0,-0.0028,False,True,0.1064
663,follow_figure8,103.0707,100.1863,-0.1092,-0.0,-0.0,-85.7862,102.024 98.8129 0 0,-0.0026,False,True,0.1063
664,follow_figure8,103.075,100.1831,-0.1101,-0.0,-0.0,-86.101,102.024 98.8129 0 0,-0.0023,False,True,0.1062
665,follow_figure8,103.0792,100.1799,-0.1099,-0.0,-0.0,-86.4136,102.002 98.8012 0 0,-0.0021,False,True,0.106
666,follow_figure8,103.0833,100.1766,-0.1087,-0.0,-0.0,-86.724,102.002 98.8012 0 0,-0.0019,False,True,0.1058
667,follow_figure8,103.0875,100.1734,-0.1064,-0.0,-0.0,-87.0325,102.002 98.8012 0 0,-0.0017,False,True,0.1058
668,follow_figure8,103.0917,100.1701,-0.1032,-0.0,-0.0,-87.3392,102.002 98.8012 0 0,-0.0015,False,True,0.1056
669,follow_figure8,103.0958,100.1668,-0.0991,-0.0,-0.0,-87.6444,102.002 98.8012 0 0,-0.0014,False,True,0.1055
670,follow_figure8,103.0999,100.1636,-0.0943,-0.0,-0.0,-87.9481,102.002 98.8012 0 0,-0.0013,False,True,0.1053
671,follow_figure8,103.104,100.1603,-0.089,-0.0,-0.0,-88.2506,102.002 98.8012 0 0,-0.0012,False,True,0.1053
672,follow_figure8,103.1081,100.157,-0.0832,-0.0,-0.0,-88.5523,102.002 98.8012 0 0,-0.0011,False,True,0.105
673,follow_figure8,103.1121,100.1536,-0.0772,-0.0,-0.0,-88.8532,101.978 98.7914 0 0,-0.0011,False,True,0.1049
674,follow_figure8,103.1162,100.1503,-0.0711,-0.0,-0.0,-89.1538,101.978 98.7914 0 0,-0.0011,False,True,0.1047
675,follow_figure8,103.1202,100.147,-0.0652,-0.0,-0.0,-89.4543,101.978 98.7914 0 0,-0.0012,False,True,0.1045
676,follow_figure8,103.1242,100.1436,-0.0597,-0.0,-0.0,-89.755,101.978 98.7914 0 0,-0.0012,False,True,0.1045
677,follow_figure8,103.1282,100.1402,-0.0546,-0.0,-0.0,-90.0559,101.978 98.7914 0 0,-0.0013,False,True,0.1043
678,follow_figure8,103.1321,100.1369,-0.0502,-0.0,-0.0,-90.3574,101.978 98.7914 0 0,-0.0013,False,True,0.1041
679,follow_figure8,103.1361,100.1335,-0.0465,-0.0,-0.0,-90.6596,101.978 98.7914 0 0,-0.0014,False,True,0.1038
680,follow_figure8,103.14,100.1301,-0.0438,-0.0,-0.0,-90.9625,101.978 98.7914 0 0,-0.0014,False,True,0.1039
681,follow_figure8,103.1439,100.1267,-0.0419,-0.0,-0.0,-91.2662,101.978 98.7914 0 0,-0.0015,False,True,0.1036
682,follow_figure8,103.1478,100.1233,-0.0411,-0.0,-0.0,-91.5707,101.978 98.7914 0 0,-0.0015,False,True,0.1034
683,follow_figure8,103.1517,100.1199,-0.0414,-0.0,-0.0,-91.8759,101.955 98.7818 0 0,-0.0015,False,True,0.1032
684,follow_figure8,103.1555,100.1164,-0.0427,-0.0,-0.0,-92.182,101.955 98.7818 0 0,-0.0016,False,True,0.1031
685,follow_figure8,103.1593,100.113,-0.045,-0.0,-0.0,-92.4888,101.955 98.7818 0 0,-0.0016,False,True,0.1028
686,follow_figure8,103.1631,100.1095,-0.0483,-0.0,-0.0,-92.7962,101.955 98.7818 0 0,-0.0016,False,True,0.1026
687,follow_figure8,103.1669,100.106,-0.0524,-0.0,-0.0,-93.1039,101.955 98.7818 0 0,-0.0016,False,True,0.1025
688,follow_figure8,103.1706,100.1026,-0.0572,-0.0,-0.0,-93.4118,101.955 98.7818 0 0,-0.0017,False,True,0.1024
689,follow_figure8,103.1743,100.0991,-0.0627,-0.0,-0.0,-93.7195,101.955 98.7818 0 0,-0.0017,False,True,0.1021
690,follow_figure8,103.178,100.0956,-0.0685,-0.0,-0.0,-94.0268,101.955 98.7818 0 0,-0.0017,False,True,0.1019
691,follow_figure8,103.1817,100.092,-0.0745,-0.0,-0.0,-94.3335,101.931 98.7743 0 0,-0.0017,False,True,0.1018
692,follow_figure8,103.1854,100.0885,-0.0805,-0.0,-0.0,-94.6394,101.931 98.7743 0 0,-0.0016,False,True,0.1015
693,follow_figure8,103.189,100.085,-0.0864,-0.0,-0.0,-94.9442,101.931 98.7743 0 0,-0.0016,False,True,0.1013
694,follow_figure8,103.1926,100.0814,-0.0919,-0.0,-0.0,-95.2476,101.931 98.7743 0 0,-0.0015,False,True,0.1011
695,follow_figure8,103.1962,100.0779,-0.0969,-0.0,-0.0,-95.5495,101.931 98.7743 0 0,-0.0014,False,True,0.101
696,follow_figure8,103.1997,100.0743,-0.1013,-0.0,-0.0,-95.8497,101.931 98.7743 0 0,-0.0013,False,True,0.1007
697,follow_figure8,103.2033,100.0707,-0.1049,-0.0,-0.0,-96.148,101.931 98.7743 0 0,-0.0011,False,True,0.1006
698,follow_figure8,103.2068,100.0671,-0.1076,-0.0,-0.0,-96.4443,101.931 98.7743 0 0,-0.0009,False,True,0.1004
699,follow_figure8,103.2103,100.0635,-0.1094,-0.0,-0.0,-96.7385,101.931 98.7743 0 0,-0.0008,False,True,0.1
700,follow_figure8,103.2137,100.0599,-0.1101,-0.0,-0.0,-97.0307,101.931 98.7743 0 0,-0.0006,False,True,0.0998
701,follow_figure8,103.2171,100.0563,-0.1098,-0.0,-0.0,-97.3208,101.906 98.7671 0 0,-0.0003,False,True,0.0997
702,follow_figure8,103.2205,100.0527,-0.1084,-0.0,-0.0,-97.609,101.906 98.7671 0 0,-0.0002,False,True,0.0994
703,follow_figure8,103.2239,100.049,-0.106,-0.0,-0.0,-97.8955,101.906 98.7671 0 0,-0.0,False,True,0.0991
704,follow_figure8,103.2272,100.0454,-0.1027,-0.0,-0.0,-98.1803,101.906 98.7671 0 0,0.0001,False,True,0.0989
705,follow_figure8,103.2305,100.0417,-0.0985,-0.0,-0.0,-98.4636,101.906 98.7671 0 0,0.0003,False,True,0.0987
706,follow_figure8,103.2338,100.038,-0.0936,-0.0,-0.0,-98.7456,101.906 98.7671 0 0,0.0004,False,True,0.0986
707,follow_figure8,103.2371,100.0344,-0.0882,-0.0,-0.0,-99.0266,101.906 98.7671 0 0,0.0004,False,True,0.0984
708,follow_figure8,103.2403,100.0307,-0.0824,-0.0,-0.0,-99.3067,101.906 98.7671 0 0,0.0004,False,True,0.098
709,follow_figure8,103.2435,100.027,-0.0764,-0.0,-0.0,-99.5863,101.882 98.7619 0 0,0.0004,False,True,0.0979
710,follow_figure8,103.2466,100.0232,-0.0703,-0.0,-0.0,-99.8655,101.882 98.7619 0 0,0.0004,False,True,0.0975
711,follow_figure8,103.2498,100.0195,-0.0645,-0.0,-0.0,-100.1446,101.882 98.7619 0 0,0.0003,False,True,0.0974
712,follow_figure8,103.2529,100.0158,-0.059,-0.0,-0.0,-100.4239,101.882 98.7619 0 0,0.0002,False,True,0.0971
713,follow_figure8,103.256,100.012,-0.054,-0.0,-0.0,-100.7035,101.882 98.7619 0 0,0.0002,False,True,0.0969
714,follow_figure8,103.259,100.0083,-0.0497,-0.0,-0.0,-100.9836,101.882 98.7619 0 0,0.0001,False,True,0.0967
715,follow_figure8,103.262,100.0045,-0.0461,-0.0,-0.0,-101.2642,101.882 98.7619 0 0,0.0,False,True,0.0964
716,follow_figure8,103.265,100.0007,-0.0435,-0.0,-0.0,-101.5455,101.882 98.7619 0 0,-0.0001,False,True,0.0962
717,follow_figure8,103.2679,99.9969,-0.0418,-0.0,-0.0,-101.8276,101.882 98.7619 0 0,-0.0001,False,True,0.0959
718,follow_figure8,103.2708,99.9931,-0.0411,-0.0,-0.0,-102.1103,101.857 98.757 0 0,-0.0002,False,True,0.0957
719,follow_figure8,103.2737,99.9893,-0.0415,-0.0,-0.0,-102.3939,101.857 98.757 0 0,-0.0002,False,True,0.0955
720,follow_figure8,103.2765,99.9855,-0.043,-0.0,-0.0,-102.6781,101.857 98.757 0 0,-0.0003,False,True,0.0952
721,follow_figure8,103.2793,99.9817,-0.0454,-0.0,-0.0,-102.9631,101.857 98.757 0 0,-0.0004,False,True,0.0949
722,follow_figure8,103.2821,99.9778,-0.0488,-0.0,-0.0,-103.2484,101.857 98.757 0 0,-0.0004,False,True,0.0948
723,follow_figure8,103.2848,99.974,-0.053,-0.0,-0.0,-103.5341,101.857 98.757 0 0,-0.0004,False,True,0.0946
724,follow_figure8,103.2875,99.9701,-0.0579,-0.0,-0.0,-103.8199,101.857 98.757 0 0,-0.0005,False,True,0.0941
725,follow_figure8,103.2902,99.9662,-0.0634,-0.0,-0.0,-104.1055,101.857 98.757 0 0,-0.0006,False,True,0.094
726,follow_figure8,103.2928,99.9623,-0.0693,-0.0,-0.0,-104.3906,101.832 98.7541 0 0,-0.0006,False,True,0.0939
727,follow_figure8,103.2954,99.9584,-0.0753,-0.0,-0.0,-104.6752,101.832 98.7541 0 0,-0.0006,False,True,0.0935
728,follow_figure8,103.2979,99.9545,-0.0813,-0.0,-0.0,-104.959,101.832 98.7541 0 0,-0.0006,False,True,0.0932
729,follow_figure8,103.3004,99.9506,-0.0871,-0.0,-0.0,-105.2418,101.832 98.7541 0 0,-0.0006,False,True,0.0931
730,follow_figure8,103.3029,99.9467,-0.0926,-0.0,-0.0,-105.5234,101.832 98.7541 0 0,-0.0006,False,True,0.0928
731,follow_figure8,103.3053,99.9427,-0.0975,-0.0,-0.0,-105.8034,101.832 98.7541 0 0,-0.0005,False,True,0.0925
732,follow_figure8,103.3077,99.9388,-0.1018,-0.0,-0.0,-106.0818,101.832 98.7541 0 0,-0.0004,False,True,0.0923
733,follow_figure8,103.31,99.9348,-0.1053,-0.0,-0.0,-106.3585,101.832 98.7541 0 0,-0.0004,False,True,0.092
734,follow_figure8,103.3123,99.9308,-0.1079,-0.0,-0.0,-106.6333,101.832 98.7541 0 0,-0.0002,False,True,0.0918
735,follow_figure8,103.3146,99.9269,-0.1095,-0.0,-0.0,-106.9061,101.807 98.7516 0 0,-0.0001,False,True,0.0916
736,follow_figure8,103.3168,99.9229,-0.1101,-0.0,-0.0,-107.1771,101.807 98.7516 0 0,0.0001,False,True,0.0913
737,follow_figure8,103.319,99.9189,-0.1096,-0.0,-0.0,-107.4463,101.807 98.7516 0 0,0.0002,False,True,0.0912
738,follow_figure8,103.3211,99.9148,-0.1081,-0.0,-0.0,-107.7137,101.807 98.7516 0 0,0.0004,False,True,0.091
739,follow_figure8,103.3232,99.9108,-0.1056,-0.0,-0.0,-107.9795,101.807 98.7516 0 0,0.0005,False,True,0.0906
740,follow_figure8,103.3252,99.9068,-0.1022,-0.0,-0.0,-108.2437,101.807 98.7516 0 0,0.0006,False,True,0.0904
741,follow_figure8,103.3272,99.9027,-0.0979,-0.0,-0.0,-108.5066,101.807 98.7516 0 0,0.0006,False,True,0.0903
742,follow_figure8,103.3292,99.8987,-0.0929,-0.0,-0.0,-108.7683,101.807 98.7516 0 0,0.0007,False,True,0.0901
743,follow_figure8,103.3311,99.8946,-0.0874,-0.0,-0.0,-109.029,101.781 98.7509 0 0,0.0006,False,True,0.0898
744,follow_figure8,103.3329,99.8905,-0.0816,-0.0,-0.0,-109.2889,101.781 98.7509 0 0,0.0006,False,True,0.0895
745,follow_figure8,103.3347,99.8865,-0.0756,-0.0,-0.0,-109.5484,101.781 98.7509 0 0,0.0005,False,True,0.0894
746,follow_figure8,103.3365,99.8823,-0.0695,-0.0,-0.0,-109.8076,101.781 98.7509 0 0,0.0004,False,True,0.0893
747,follow_figure8,103.3382,99.8782,-0.0637,-0.0,-0.0,-110.0667,101.781 98.7509 0 0,0.0003,False,True,0.0891
748,follow_figure8,103.3398,99.8741,-0.0583,-0.0,-0.0,-110.326,101.781 98.7509 0 0,0.0002,False,True,0.0888
749,follow_figure8,103.3415,99.87,-0.0534,-0.0,-0.0,-110.5855,101.781 98.7509 0 0,0.0,False,True,0.0887
750,follow_figure8,103.343,99.8658,-0.0492,-0.0,-0.0,-110.8453,101.781 98.7509 0 0,-0.0001,False,True,0.0885
751,follow_figure8,103.3445,99.8617,-0.0458,-0.0,-0.0,-111.1057,101.781 98.7509 0 0,-0.0002,False,True,0.0883
752,follow_figure8,103.346,99.8575,-0.0432,-0.0,-0.0,-111.3666,101.756 98.7503 0 0,-0.0003,False,True,0.0883
753,follow_figure8,103.3474,99.8533,-0.0417,-0.0,-0.0,-111.6282,101.756 98.7503 0 0,-0.0005,False,True,0.088
754,follow_figure8,103.3487,99.8492,-0.0412,-0.0,-0.0,-111.8906,101.756 98.7503 0 0,-0.0006,False,True,0.0878
755,follow_figure8,103.35,99.845,-0.0417,-0.0,-0.0,-112.1536,101.756 98.7503 0 0,-0.0008,False,True,0.0878
756,follow_figure8,103.3512,99.8408,-0.0432,-0.0,-0.0,-112.4173,101.756 98.7503 0 0,-0.0009,False,True,0.0876
757,follow_figure8,103.3524,99.8365,-0.0458,-0.0,-0.0,-112.6815,101.756 98.7503 0 0,-0.001,False,True,0.0876
758,follow_figure8,103.3535,99.8323,-0.0493,-0.0,-0.0,-112.946,101.756 98.7503 0 0,-0.0011,False,True,0.0874
759,follow_figure8,103.3546,99.8281,-0.0536,-0.0,-0.0,-113.2107,101.756 98.7503 0 0,-0.0012,False,True,0.0874
760,follow_figure8,103.3556,99.8238,-0.0586,-0.0,-0.0,-113.4754,101.731 98.7517 0 0,-0.0014,False,True,0.0873
761,follow_figure8,103.3565,99.8196,-0.0642,-0.0,-0.0,-113.74,101.731 98.7517 0 0,-0.0015,False,True,0.0872
762,follow_figure8,103.3574,99.8153,-0.07,-0.0,-0.0,-114.0042,101.731 98.7517 0 0,-0.0016,False,True,0.0871
763,follow_figure8,103.3582,99.811,-0.0761,-0.0,-0.0,-114.2679,101.731 98.7517 0 0,-0.0017,False,True,0.0873
764,follow_figure8,103.359,99.8067,-0.0821,-0.0,-0.0,-114.5307,101.731 98.7517 0 0,-0.0019,False,True,0.087
765,follow_figure8,103.3596,99.8024,-0.0879,-0.0,-0.0,-114.7926,101.731 98.7517 0 0,-0.0019,False,True,0.0872
766,follow_figure8,103.3603,99.7981,-0.0933,-0.0,-0.0,-115.0532,101.731 98.7517 0 0,-0.002,False,True,0.0873
767,follow_figure8,103.3608,99.7938,-0.0981,-0.0,-0.0,-115.3123,101.731 98.7517 0 0,-0.0021,False,True,0.0871
768,follow_figure8,103.3613,99.7895,-0.1023,-0.0,-0.0,-115.5699,101.731 98.7517 0 0,-0.0021,False,True,0.0872
769,follow_figure8,103.3618,99.7851,-0.1057,-0.0,-0.0,-115.8258,101.705 98.7533 0 0,-0.0021,False,True,0.0874
770,follow_figure8,103.3621,99.7808,-0.1081,-0.0,-0.0,-116.0799,101.705 98.7533 0 0,-0.0021,False,True,0.0874
771,follow_figure8,103.3624,99.7764,-0.1096,-0.0,-0.0,-116.3324,101.705 98.7533 0 0,-0.002,False,True,0.0875
772,follow_figure8,103.3626,99.772,-0.1101,-0.0,-0.0,-116.5831,101.705 98.7533 0 0,-0.002,False,True,0.0877
773,follow_figure8,103.3628,99.7676,-0.1095,-0.0,-0.0,-116.8321,101.705 98.7533 0 0,-0.002,False,True,0.0878
774,follow_figure8,103.3629,99.7632,-0.1078,-0.0,-0.0,-117.0794,101.705 98.7533 0 0,-0.0019,False,True,0.0879
775,follow_figure8,103.3629,99.7588,-0.1052,-0.0,-0.0,-117.3252,101.705 98.7533 0 0,-0.002,False,True,0.0882
776,follow_figure8,103.3628,99.7544,-0.1016,-0.0,-0.0,-117.5695,101.68 98.7565 0 0,-0.002,False,True,0.0885
777,follow_figure8,103.3626,99.75,-0.0973,-0.0,-0.0,-117.8125,101.68 98.7565 0 0,-0.0021,False,True,0.0885
778,follow_figure8,103.3624,99.7455,-0.0922,-0.0,-0.0,-118.0546,101.68 98.7565 0 0,-0.0022,False,True,0.0889
779,follow_figure8,103.3621,99.7411,-0.0867,-0.0,-0.0,-118.2958,101.68 98.7565 0 0,-0.0023,False,True,0.0893
780,follow_figure8,103.3617,99.7366,-0.0808,-0.0,-0.0,-118.5363,101.68 98.7565 0 0,-0.0025,False,True,0.0896
781,follow_figure8,103.3613,99.7321,-0.0748,-0.0,-0.0,-118.7764,101.68 98.7565 0 0,-0.0027,False,True,0.09
782,follow_figure8,103.3607,99.7276,-0.0688,-0.0,-0.0,-119.0161,101.68 98.7565 0 0,-0.0029,False,True,0.0904
783,follow_figure8,103.3601,99.7231,-0.063,-0.0,-0.0,-119.2557,101.68 98.7565 0 0,-0.0032,False,True,0.0909
784,follow_figure8,103.3594,99.7186,-0.0576,-0.0,-0.0,-119.4954,101.655 98.7599 0 0,-0.0035,False,True,0.0911
785,follow_figure8,103.3586,99.7141,-0.0528,-0.0,-0.0,-119.7352,101.655 98.7599 0 0,-0.0037,False,True,0.0918
786,follow_figure8,103.3578,99.7096,-0.0487,-0.0,-0.0,-119.9755,101.655 98.7599 0 0,-0.004,False,True,0.0923
787,follow_figure8,103.3568,99.705,-0.0454,-0.0,-0.0,-120.2163,101.655 98.7599 0 0,-0.0043,False,True,0.0928
788,follow_figure8,103.3558,99.7005,-0.043,-0.0,-0.0,-120.4577,101.655 98.7599 0 0,-0.0046,False,True,0.0935
789,follow_figure8,103.3546,99.6959,-0.0416,-0.0,-0.0,-120.6996,101.655 98.7599 0 0,-0.0048,False,True,0.094
790,follow_figure8,103.3534,99.6914,-0.0412,-0.0,-0.0,-120.9421,101.655 98.7599 0 0,-0.0051,False,True,0.0948
791,follow_figure8,103.3521,99.6868,-0.0418,-0.0,-0.0,-121.1852,101.63 98.7646 0 0,-0.0054,False,True,0.0954
792,follow_figure8,103.3507,99.6822,-0.0435,-0.0,-0.0,-121.4288,101.63 98.7646 0 0,-0.0057,False,True,0.0962
793,follow_figure8,103.3492,99.6776,-0.0462,-0.0,-0.0,-121.6729,101.63 98.7646 0 0,-0.006,False,True,0.0969
794,follow_figure8,103.3476,99.6729,-0.0499,-0.0,-0.0,-121.9174,101.63 98.7646 0 0,-0.0063,False,True,0.0978
795,follow_figure8,103.3459,99.6683,-0.0543,-0.0,-0.0,-122.162,101.63 98.7646 0 0,-0.0065,False,True,0.0986
796,follow_figure8,103.3441,99.6637,-0.0594,-0.0,-0.0,-122.4067,101.63 98.7646 0 0,-0.0069,False,True,0.0996
797,follow_figure8,103.3422,99.659,-0.0649,-0.0,-0.0,-122.6511,101.63 98.7646 0 0,-0.0072,False,True,0.1004
798,follow_figure8,103.3402,99.6543,-0.0708,-0.0,-0.0,-122.8951,101.63 98.7646 0 0,-0.0075,False,True,0.1013
799,follow_figure8,103.3382,99.6497,-0.0769,-0.0,-0.0,-123.1385,101.606 98.7696 0 0,-0.0078,False,True,0.1024
800,follow_figure8,103.336,99.645,-0.0829,-0.0,-0.0,-123.381,101.606 98.7696 0 0,-0.0081,False,True,0.1035
801,follow_figure8,103.3337,99.6403,-0.0886,-0.0,-0.0,-123.6227,101.606 98.7696 0 0,-0.0083,False,True,0.1045
802,follow_figure8,103.3313,99.6356,-0.0939,-0.0,-0.0,-123.8632,101.606 98.7696 0 0,-0.0086,False,True,0.1057
803,follow_figure8,103.3288,99.6308,-0.0987,-0.0,-0.0,-124.1024,101.606 98.7696 0 0,-0.0088,False,True,0.1068
804,follow_figure8,103.3262,99.6261,-0.1028,-0.0,-0.0,-124.3401,101.606 98.7696 0 0,-0.009,False,True,0.1079
805,follow_figure8,103.3235,99.6214,-0.106,-0.0,-0.0,-124.5763,101.581 98.7757 0 0,-0.0093,False,True,0.1093
806,follow_figure8,103.3207,99.6166,-0.1084,-0.0,-0.0,-124.8109,101.581 98.7757 0 0,-0.0094,False,True,0.1104
807,follow_figure8,103.3178,99.6118,-0.1097,-0.0,-0.0,-125.044,101.581 98.7757 0 0,-0.0096,False,True,0.1118
808,follow_figure8,103.3148,99.6071,-0.11,-0.0,-0.0,-125.2755,101.581 98.7757 0 0,-0.0098,False,True,0.1132
809,follow_figure8,103.3116,99.6023,-0.1093,-0.0,-0.0,-125.5054,101.581 98.7757 0 0,-0.0099,False,True,0.1145
810,follow_figure8,103.3084,99.5975,-0.1075,-0.0,-0.0,-125.7338,101.581 98.7757 0 0,-0.0101,False,True,0.1158
811,follow_figure8,103.305,99.5927,-0.1048,-0.0,-0.0,-125.9608,101.581 98.7757 0 0,-0.0103,False,True,0.1174
812,follow_figure8,103.3015,99.5878,-0.1011,-0.0,-0.0,-126.1865,101.581 98.7757 0 0,-0.0106,False,True,0.1188
813,follow_figure8,103.298,99.583,-0.0966,-0.0,-0.0,-126.4109,101.556 98.7821 0 0,-0.0109,False,True,0.1204
814,follow_figure8,103.2943,99.5781,-0.0915,-0.0,-0.0,-126.6344,101.556 98.7821 0 0,-0.0112,False,True,0.1218
815,follow_figure8,103.2905,99.5733,-0.0859,-0.0,-0.0,-126.8571,101.556 98.7821 0 0,-0.0116,False,True,0.1236
816,follow_figure8,103.2865,99.5684,-0.08,-0.0,-0.0,-127.0792,101.556 98.7821 0 0,-0.0119,False,True,0.125
817,follow_figure8,103.2825,99.5635,-0.074,-0.0,-0.0,-127.3009,101.556 98.7821 0 0,-0.0124,False,True,0.1268
818,follow_figure8,103.2783,99.5586,-0.068,-0.0,-0.0,-127.5223,101.556 98.7821 0 0,-0.0128,False,True,0.1284
819,follow_figure8,103.274,99.5537,-0.0623,-0.0,-0.0,-127.7436,101.532 98.7896 0 0,-0.0133,False,True,0.1302
820,follow_figure8,103.2697,99.5488,-0.057,-0.0,-0.0,-127.9649,101.532 98.7896 0 0,-0.0137,False,True,0.1318
821,follow_figure8,103.2651,99.5439,-0.0522,-0.0,-0.0,-128.1866,101.532 98.7896 0 0,-0.0142,False,True,0.1335
822,follow_figure8,103.2605,99.539,-0.0482,-0.0,-0.0,-128.4086,101.532 98.7896 0 0,-0.0147,False,True,0.1355
823,follow_figure8,103.2558,99.534,-0.045,-0.0,-0.0,-128.6311,101.532 98.7896 0 0,-0.0152,False,True,0.1372
824,follow_figure8,103.2509,99.5291,-0.0428,-0.0,-0.0,-128.8541,101.532 98.7896 0 0,-0.0156,False,True,0.1391
825,follow_figure8,103.2459,99.5241,-0.0415,-0.0,-0.0,-129.0776,101.508 98.7974 0 0,-0.0161,False,True,0.1409
826,follow_figure8,103.2408,99.5191,-0.0412,-0.0,-0.0,-129.3017,101.508 98.7974 0 0,-0.0166,False,True,0.1428
827,follow_figure8,103.2355,99.5141,-0.042,-0.0,-0.0,-129.5264,101.508 98.7974 0 0,-0.0171,False,True,0.1448
828,follow_figure8,103.2301,99.5091,-0.0439,-0.0,-0.0,-129.7516,101.508 98.7974 0 0,-0.0175,False,True,0.1466
829,follow_figure8,103.2247,99.5041,-0.0467,-0.0,-0.0,-129.9772,101.508 98.7974 0 0,-0.018,False,True,0.1487
830,follow_figure8,103.219,99.4991,-0.0504,-0.0,-0.0,-130.2032,101.508 98.7974 0 0,-0.0185,False,True,0.1505
831,follow_figure8,103.2133,99.4941,-0.0549,-0.0,-0.0,-130.4292,101.484 98.806 0 0,-0.019,False,True,0.1527
832,follow_figure8,103.2074,99.489,-0.0601,-0.0,-0.0,-130.6553,101.484 98.806 0 0,-0.0195,False,True,0.1547
833,follow_figure8,103.2014,99.484,-0.0657,-0.0,-0.0,-130.8812,101.484 98.806 0 0,-0.02,False,True,0.1567
834,follow_figure8,103.1953,99.4789,-0.0716,-0.0,-0.0,-131.1069,101.484 98.806 0 0,-0.0205,False,True,0.1588
835,follow_figure8,103.1891,99.4739,-0.0777,-0.0,-0.0,-131.332,101.484 98.806 0 0,-0.021,False,True,0.1609
836,follow_figure8,103.1827,99.4688,-0.0836,-0.0,-0.0,-131.5564,101.484 98.806 0 0,-0.0215,False,True,0.163
837,follow_figure8,103.1762,99.4637,-0.0893,-0.0,-0.0,-131.7799,101.461 98.8148 0 0,-0.0219,False,True,0.1651
838,follow_figure8,103.1696,99.4586,-0.0946,-0.0,-0.0,-132.0024,101.461 98.8148 0 0,-0.0224,False,True,0.1672
839,follow_figure8,103.1628,99.4535,-0.0993,-0.0,-0.0,-132.2238,101.461 98.8148 0 0,-0.0228,False,True,0.1694
840,follow_figure8,103.1559,99.4484,-0.1032,-0.0,-0.0,-132.4439,101.461 98.8148 0 0,-0.0232,False,True,0.1716
841,follow_figure8,103.1489,99.4433,-0.1064,-0.0,-0.0,-132.6627,101.461 98.8148 0 0,-0.0236,False,True,0.1738
842,follow_figure8,103.1417,99.4382,-0.1086,-0.0,-0.0,-132.88,101.437 98.8245 0 0,-0.0239,False,True,0.1758
843,follow_figure8,103.1345,99.433,-0.1098,-0.0,-0.0,-133.096,101.437 98.8245 0 0,-0.0243,False,True,0.1781
844,follow_figure8,103.1271,99.4279,-0.11,-0.0,-0.0,-133.3106,101.437 98.8245 0 0,-0.0246,False,True,0.1802
845,follow_figure8,103.1195,99.4227,-0.1091,-0.0,-0.0,-133.5239,101.437 98.8245 0 0,-0.025,False,True,0.1827
846,follow_figure8,103.1119,99.4176,-0.1072,-0.0,-0.0,-133.7359,101.437 98.8245 0 0,-0.0253,False,True,0.1847
847,follow_figure8,103.1041,99.4124,-0.1043,-0.0,-0.0,-133.9466,101.437 98.8245 0 0,-0.0257,False,True,0.187
848,follow_figure8,103.0962,99.4072,-0.1006,-0.0,-0.0,-134.1562,101.414 98.8342 0 0,-0.0261,False,True,0.1892
849,follow_figure8,103.0881,99.402,-0.096,-0.0,-0.0,-134.3649,101.414 98.8342 0 0,-0.0266,False,True,0.1915
850,follow_figure8,103.0799,99.3969,-0.0908,-0.0,-0.0,-134.5728,101.414 98.8342 0 0,-0.0271,False,True,0.1937
851,follow_figure8,103.0716,99.3917,-0.0851,-0.0,-0.0,-134.7802,101.414 98.8342 0 0,-0.0276,False,True,0.196
852,follow_figure8,103.0632,99.3864,-0.0792,-0.0,-0.0,-134.9871,101.391 98.8447 0 0,-0.0281,False,True,0.1983
853,follow_figure8,103.0546,99.3812,-0.0732,-0.0,-0.0,-135.1938,101.391 98.8447 0 0,-0.0286,False,True,0.2004
854,follow_figure8,103.0459,99.376,-0.0672,-0.0,-0.0,-135.4004,101.391 98.8447 0 0,-0.0292,False,True,0.2029
855,follow_figure8,103.0371,99.3708,-0.0616,-0.0,-0.0,-135.6072,101.391 98.8447 0 0,-0.0298,False,True,0.205
856,follow_figure8,103.0282,99.3656,-0.0563,-0.0,-0.0,-135.8143,101.391 98.8447 0 0,-0.0304,False,True,0.2073
857,follow_figure8,103.0191,99.3603,-0.0517,-0.0,-0.0,-136.0217,101.391 98.8447 0 0,-0.031,False,True,0.2097
858,follow_figure8,103.0099,99.3551,-0.0478,-0.0,-0.0,-136.2295,101.368 98.8553 0 0,-0.0315,False,True,0.2118
859,follow_figure8,103.0005,99.3498,-0.0447,-0.0,-0.0,-136.4379,101.368 98.8553 0 0,-0.0321,False,True,0.2141
860,follow_figure8,102.9911,99.3446,-0.0425,-0.0,-0.0,-136.6469,101.368 98.8553 0 0,-0.0327,False,True,0.2165
861,follow_figure8,102.9815,99.3393,-0.0414,-0.0,-0.0,-136.8567,101.368 98.8553 0 0,-0.0333,False,True,0.2186
862,follow_figure8,102.9718,99.334,-0.0413,-0.0,-0.0,-137.0672,101.345 98.8666 0 0,-0.0338,False,True,0.2208
863,follow_figure8,102.962,99.3288,-0.0422,-0.0,-0.0,-137.2783,101.345 98.8666 0 0,-0.0344,False,True,0.2232
864,follow_figure8,102.952,99.3235,-0.0442,-0.0,-0.0,-137.4902,101.345 98.8666 0 0,-0.035,False,True,0.2255
865,follow_figure8,102.9419,99.3182,-0.0471,-0.0,-0.0,-137.7027,101.345 98.8666 0 0,-0.0355,False,True,0.2277
866,follow_figure8,102.9317,99.3129,-0.051,-0.0,-0.0,-137.9156,101.323 98.8779 0 0,-0.036,False,True,0.2299
867,follow_figure8,102.9214,99.3077,-0.0556,-0.0,-0.0,-138.129,101.323 98.8779 0 0,-0.0366,False,True,0.2321
868,follow_figure8,102.9109,99.3024,-0.0608,-0.0,-0.0,-138.3427,101.323 98.8779 0 0,-0.0372,False,True,0.2343
869,follow_figure8,102.9003,99.2971,-0.0665,-0.0,-0.0,-138.5564,101.323 98.8779 0 0,-0.0377,False,True,0.2366
870,follow_figure8,102.8896,99.2918,-0.0724,-0.0,-0.0,-138.7701,101.3 98.8899 0 0,-0.0383,False,True,0.2387
871,follow_figure8,102.8788,99.2865,-0.0785,-0.0,-0.0,-138.9836,101.3 98.8899 0 0,-0.0388,False,True,0.241
872,follow_figure8,102.8679,99.2812,-0.0844,-0.0,-0.0,-139.1967,101.3 98.8899 0 0,-0.0393,False,True,0.2432
873,follow_figure8,102.8568,99.2759,-0.09,-0.0,-0.0,-139.4094,101.3 98.8899 0 0,-0.0398,False,True,0.2454
874,follow_figure8,102.8456,99.2706,-0.0952,-0.0,-0.0,-139.6213,101.3 98.8899 0 0,-0.0403,False,True,0.2476
875,follow_figure8,102.8343,99.2653,-0.0998,-0.0,-0.0,-139.8324,101.278 98.9019 0 0,-0.0407,False,True,0.2496
876,follow_figure8,102.8229,99.26,-0.1037,-0.0,-0.0,-140.0426,101.278 98.9019 0 0,-0.0412,False,True,0.2518
877,follow_figure8,102.8114,99.2547,-0.1067,-0.0,-0.0,-140.2519,101.278 98.9019 0 0,-0.0416,False,True,0.254
878,follow_figure8,102.7997,99.2494,-0.1088,-0.0,-0.0,-140.4602,101.256 98.9144 0 0,-0.0419,False,True,0.2561
879,follow_figure8,102.788,99.2441,-0.1099,-0.0,-0.0,-140.6675,101.256 98.9144 0 0,-0.0423,False,True,0.2581
880,follow_figure8,102.7761,99.2388,-0.1099,-0.0,-0.0,-140.874,101.256 98.9144 0 0,-0.0427,False,True,0.2603
881,follow_figure8,102.7641,99.2334,-0.1089,-0.0,-0.0,-141.0795,101.256 98.9144 0 0,-0.043,False,True,0.2623
882,follow_figure8,102.752,99.2281,-0.1069,-0.0,-0.0,-141.2842,101.234 98.927 0 0,-0.0434,False,True,0.2646
883,follow_figure8,102.7397,99.2228,-0.1039,-0.0,-0.0,-141.4882,101.234 98.927 0 0,-0.0438,False,True,0.2665
884,follow_figure8,102.7274,99.2175,-0.1,-0.0,-0.0,-141.6916,101.234 98.927 0 0,-0.0442,False,True,0.2684
885,follow_figure8,102.715,99.2122,-0.0953,-0.0,-0.0,-141.8946,101.212 98.9401 0 0,-0.0446,False,True,0.2707
886,follow_figure8,102.7024,99.2069,-0.0901,-0.0,-0.0,-142.0974,101.212 98.9401 0 0,-0.0451,False,True,0.2725
887,follow_figure8,102.6897,99.2016,-0.0844,-0.0,-0.0,-142.3002,101.212 98.9401 0 0,-0.0456,False,True,0.2747
888,follow_figure8,102.677,99.1963,-0.0784,-0.0,-0.0,-142.503,101.212 98.9401 0 0,-0.0461,False,True,0.2766
889,follow_figure8,102.6641,99.191,-0.0724,-0.0,-0.0,-142.7062,101.191 98.9533 0 0,-0.0466,False,True,0.2785
890,follow_figure8,102.6511,99.1857,-0.0665,-0.0,-0.0,-142.9097,101.191 98.9533 0 0,-0.0471,False,True,0.2805
891,follow_figure8,102.638,99.1804,-0.0608,-0.0,-0.0,-143.114,101.191 98.9533 0 0,-0.0476,False,True,0.2823
892,follow_figure8,102.6248,99.1751,-0.0557,-0.0,-0.0,-143.3191,101.169 98.9668 0 0,-0.0482,False,True,0.2843
893,follow_figure8,102.6115,99.1698,-0.0511,-0.0,-0.0,-143.5251,101.169 98.9668 0 0,-0.0487,False,True,0.2863
894,follow_figure8,102.5981,99.1645,-0.0473,-0.0,-0.0,-143.7324,101.169 98.9668 0 0,-0.0492,False,True,0.2881
895,follow_figure8,102.5846,99.1592,-0.0444,-0.0,-0.0,-143.9408,101.148 98.9804 0 0,-0.0498,False,True,0.29
896,follow_figure8,102.571,99.1539,-0.0423,-0.0,-0.0,-144.1505,101.148 98.9804 0 0,-0.0503,False,True,0.2917
897,follow_figure8,102.5573,99.1487,-0.0413,-0.0,-0.0,-144.3616,101.148 98.9804 0 0,-0.0508,False,True,0.2937
898,follow_figure8,102.5435,99.1434,-0.0413,-0.0,-0.0,-144.5742,101.127 98.9944 0 0,-0.0513,False,True,0.2953
899,follow_figure8,102.5296,99.1381,-0.0424,-0.0,-0.0,-144.7881,101.127 98.9944 0 0,-0.0518,False,True,0.2972
900,follow_figure8,102.5157,99.1329,-0.0445,-0.0,-0.0,-145.0035,101.127 98.9944 0 0,-0.0523,False,True,0.299
901,follow_figure8,102.5016,99.1276,-0.0476,-0.0,-0.0,-145.2202,101.106 99.0084 0 0,-0.0527,False,True,0.3007
902,follow_figure8,102.4874,99.1223,-0.0515,-0.0,-0.0,-145.4381,101.106 99.0084 0 0,-0.0533,False,True,0.3025
903,follow_figure8,102.4731,99.1171,-0.0562,-0.0,-0.0,-145.6572,101.106 99.0084 0 0,-0.0537,False,True,0.3041
904,follow_figure8,102.4587,99.1119,-0.0615,-0.0,-0.0,-145.8773,101.085 99.0228 0 0,-0.0542,False,True,0.3058
905,follow_figure8,102.4443,99.1066,-0.0673,-0.0,-0.0,-146.0983,101.085 99.0228 0 0,-0.0547,False,True,0.3077
906,follow_figure8,102.4297,99.1014,-0.0732,-0.0,-0.0,-146.3201,101.064 99.0372 0 0,-0.0551,False,True,0.3092
907,follow_figure8,102.4151,99.0962,-0.0793,-0.0,-0.0,-146.5425,101.064 99.0372 0 0,-0.0556,False,True,0.3109
908,follow_figure8,102.4004,99.091,-0.0852,-0.0,-0.0,-146.7654,101.064 99.0372 0 0,-0.056,False,True,0.3125
909,follow_figure8,102.3855,99.0858,-0.0908,-0.0,-0.0,-146.9887,101.044 99.0519 0 0,-0.0564,False,True,0.3141
910,follow_figure8,102.3706,99.0806,-0.0959,-0.0,-0.0,-147.2121,101.044 99.0519 0 0,-0.0568,False,True,0.3156
911,follow_figure8,102.3557,99.0754,-0.1004,-0.0,-0.0,-147.4358,101.023 99.0667 0 0,-0.0572,False,True,0.3172
912,follow_figure8,102.3406,99.0702,-0.1041,-0.0,-0.0,-147.6595,101.023 99.0667 0 0,-0.0575,False,True,0.319
913,follow_figure8,102.3254,99.065,-0.107,-0.0,-0.0,-147.8833,101.003 99.0817 0 0,-0.0578,False,True,0.3203
914,follow_figure8,102.3102,99.0599,-0.109,-0.0,-0.0,-148.1071,101.003 99.0817 0 0,-0.0582,False,True,0.3219
915,follow_figure8,102.2948,99.0547,-0.1099,-0.0,-0.0,-148.3311,101.003 99.0817 0 0,-0.0585,False,True,0.3234
916,follow_figure8,102.2794,99.0496,-0.1098,-0.0,-0.0,-148.5551,100.982 99.0968 0 0,-0.0587,False,True,0.3249
917,follow_figure8,102.2639,99.0445,-0.1087,-0.0,-0.0,-148.7792,100.982 99.0968 0 0,-0.0591,False,True,0.3265
918,follow_figure8,102.2484,99.0393,-0.1065,-0.0,-0.0,-149.0036,100.962 99.1122 0 0,-0.0593,False,True,0.3278
919,follow_figure8,102.2327,99.0342,-0.1034,-0.0,-0.0,-149.2285,100.962 99.1122 0 0,-0.0597,False,True,0.3292
920,follow_figure8,102.217,99.0291,-0.0994,-0.0,-0.0,-149.4539,100.942 99.1276 0 0,-0.06,False,True,0.3306
921,follow_figure8,102.2012,99.024,-0.0947,-0.0,-0.0,-149.6802,100.942 99.1276 0 0,-0.0604,False,True,0.3321
922,follow_figure8,102.1853,99.019,-0.0893,-0.0,-0.0,-149.9074,100.922 99.1432 0 0,-0.0608,False,True,0.3335
923,follow_figure8,102.1693,99.0139,-0.0836,-0.0,-0.0,-150.1359,100.902 99.1588 0 0,-0.0612,False,True,0.3349
924,follow_figure8,102.1533,99.0088,-0.0776,-0.0,-0.0,-150.366,100.902 99.1588 0 0,-0.0616,False,True,0.3363
925,follow_figure8,102.1372,99.0038,-0.0716,-0.0,-0.0,-150.5979,100.882 99.1746 0 0,-0.0621,False,True,0.3375
926,follow_figure8,102.121,98.9988,-0.0657,-0.0,-0.0,-150.8318,100.882 99.1746 0 0,-0.0626,False,True,0.3391
927,follow_figure8,102.1047,98.9937,-0.0601,-0.0,-0.0,-151.0679,100.863 99.1905 0 0,-0.0631,False,True,0.3404
928,follow_figure8,102.0884,98.9887,-0.055,-0.0,-0.0,-151.3065,100.843 99.2065 0 0,-0.0636,False,True,0.3417
929,follow_figure8,102.072,98.9837,-0.0506,-0.0,-0.0,-151.5479,100.824 99.2225 0 0,-0.0641,False,True,0.343
930,follow_figure8,102.0555,98.9787,-0.0469,-0.0,-0.0,-151.7922,100.824 99.2225 0 0,-0.0646,False,True,0.3444
931,follow_figure8,102.039,98.9738,-0.044,-0.0,-0.0,-152.0396,100.804 99.2388 0 0,-0.0651,False,True,0.3456
932,follow_figure8,102.0224,98.9688,-0.0422,-0.0,-0.0,-152.2903,100.785 99.2551 0 0,-0.0656,False,True,0.347
933,follow_figure8,102.0057,98.9639,-0.0413,-0.0,-0.0,-152.5443,100.785 99.2551 0 0,-0.0661,False,True,0.3482
934,follow_figure8,101.9889,98.9589,-0.0414,-0.0,-0.0,-152.8017,100.765 99.2715 0 0,-0.0666,False,True,0.3496
935,follow_figure8,101.9721,98.954,-0.0426,-0.0,-0.0,-153.0626,100.746 99.2879 0 0,-0.0671,False,True,0.3508
936,follow_figure8,101.9551,98.9491,-0.0449,-0.0,-0.0,-153.3268,100.727 99.3045 0 0,-0.0676,False,True,0.3521
937,follow_figure8,101.9382,98.9442,-0.0481,-0.0,-0.0,-153.5945,100.708 99.3211 0 0,-0.0681,False,True,0.3534
938,follow_figure8,101.9211,98.9394,-0.0521,-0.0,-0.0,-153.8655,100.689 99.3379 0 0,-0.0686,False,True,0.3547
939,follow_figure8,101.904,98.9345,-0.0569,-0.0,-0.0,-154.1398,100.67 99.3546 0 0,-0.0691,False,True,0.3559
940,follow_figure8,101.8868,98.9297,-0.0623,-0.0,-0.0,-154.4172,100.651 99.3715 0 0,-0.0697,False,True,0.3573
941,follow_figure8,101.8695,98.9248,-0.068,-0.0,-0.0,-154.6977,100.632 99.3884 0 0,-0.0701,False,True,0.3585
942,follow_figure8,101.8522,98.92,-0.074,-0.0,-0.0,-154.9809,100.613 99.4054 0 0,-0.0706,False,True,0.3598
943,follow_figure8,101.8348,98.9152,-0.08,-0.0,-0.0,-155.2668,100.595 99.4224 0 0,-0.0711,False,True,0.3613
944,follow_figure8,101.8173,98.9105,-0.0859,-0.0,-0.0,-155.5552,100.576 99.4395 0 0,-0.0716,False,True,0.3624
945,follow_figure8,101.7997,98.9057,-0.0915,-0.0,-0.0,-155.8458,100.557 99.4567 0 0,-0.072,False,True,0.3637
946,follow_figure8,101.7821,98.901,-0.0965,-0.0,-0.0,-156.1385,100.539 99.4739 0 0,-0.0724,False,True,0.3651
947,follow_figure8,101.7644,98.8963,-0.1009,-0.0,-0.0,-156.4331,100.52 99.4911 0 0,-0.0728,False,True,0.3665
948,follow_figure8,101.7466,98.8916,-0.1046,-0.0,-0.0,-156.7295,100.502 99.5084 0 0,-0.0732,False,True,0.3677
949,follow_figure8,101.7288,98.8869,-0.1073,-0.0,-0.0,-157.0276,100.483 99.5257 0 0,-0.0735,False,True,0.369
950,follow_figure8,101.7109,98.8822,-0.1092,-0.0,-0.0,-157.3273,100.465 99.5432 0 0,-0.0739,False,True,0.3705
951,follow_figure8,101.6929,98.8776,-0.11,-0.0,-0.0,-157.6286,100.447 99.5606 0 0,-0.0742,False,True,0.3718
952,follow_figure8,101.6748,98.8729,-0.1098,-0.0,-0.0,-157.9315,100.447 99.5606 0 0,-0.0745,False,True,0.3732
953,follow_figure8,101.6566,98.8683,-0.1085,-0.0,-0.0,-158.236,100.428 99.5781 0 0,-0.0749,False,True,0.3745
954,follow_figure8,101.6384,98.8637,-0.1062,-0.0,-0.0,-158.5422,100.41 99.5956 0 0,-0.0752,False,True,0.3757
955,follow_figure8,101.6201,98.8592,-0.1029,-0.0,-0.0,-158.8502,100.392 99.6131 0 0,-0.0756,False,True,0.3771
956,follow_figure8,101.6018,98.8546,-0.0988,-0.0,-0.0,-159.1602,100.374 99.6307 0 0,-0.0759,False,True,0.3784
957,follow_figure8,101.5833,98.8501,-0.094,-0.0,-0.0,-159.4723,100.374 99.6307 0 0,-0.0763,False,True,0.3797
958,follow_figure8,101.5648,98.8456,-0.0886,-0.0,-0.0,-159.7868,100.355 99.6483 0 0,-0.0768,False,True,0.3811
959,follow_figure8,101.5462,98.8411,-0.0828,-0.0,-0.0,-160.1038,100.337 99.6659 0 0,-0.0772,False,True,0.3823
960,follow_figure8,101.5275,98.8367,-0.0768,-0.0,-0.0,-160.4236,100.337 99.6659 0 0,-0.0777,False,True,0.3837
961,follow_figure8,101.5088,98.8322,-0.0708,-0.0,-0.0,-160.7465,100.319 99.6836 0 0,-0.0782,False,True,0.385
962,follow_figure8,101.49,98.8278,-0.0649,-0.0,-0.0,-161.0726,100.301 99.7013 0 0,-0.0787,False,True,0.3863
963,follow_figure8,101.4711,98.8235,-0.0594,-0.0,-0.0,-161.4023,100.301 99.7013 0 0,-0.0792,False,True,0.3875
964,follow_figure8,101.4522,98.8191,-0.0544,-0.0,-0.0,-161.7355,100.283 99.719 0 0,-0.0798,False,True,0.3889
965,follow_figure8,101.4332,98.8148,-0.05,-0.0,-0.0,-162.0727,100.265 99.7367 0 0,-0.0803,False,True,0.3901
966,follow_figure8,101.4141,98.8105,-0.0465,-0.0,-0.0,-162.4138,100.265 99.7367 0 0,-0.0808,False,True,0.3914
967,follow_figure8,101.3949,98.8062,-0.0437,-0.0,-0.0,-162.7591,100.247 99.7545 0 0,-0.0814,False,True,0.3925
968,follow_figure8,101.3757,98.802,-0.042,-0.0,-0.0,-163.1085,100.247 99.7545 0 0,-0.0819,False,True,0.3937
969,follow_figure8,101.3564,98.7978,-0.0412,-0.0,-0.0,-163.462,100.229 99.7722 0 0,-0.0824,False,True,0.3951
970,follow_figure8,101.337,98.7936,-0.0415,-0.0,-0.0,-163.8197,100.211 99.79 0 0,-0.0829,False,True,0.3963
971,follow_figure8,101.3176,98.7895,-0.0429,-0.0,-0.0,-164.1814,100.211 99.79 0 0,-0.0834,False,True,0.3975
972,follow_figure8,101.2981,98.7853,-0.0452,-0.0,-0.0,-164.547,100.193 99.8078 0 0,-0.0839,False,True,0.3986
973,follow_figure8,101.2785,98.7813,-0.0486,-0.0,-0.0,-164.9162,100.193 99.8078 0 0,-0.0844,False,True,0.3999
974,follow_figure8,101.2589,98.7772,-0.0527,-0.0,-0.0,-165.2888,100.175 99.8257 0 0,-0.0848,False,True,0.4011
975,follow_figure8,101.2392,98.7732,-0.0576,-0.0,-0.0,-165.6646,100.157 99.8435 0 0,-0.0853,False,True,0.4022
976,follow_figure8,101.2194,98.7693,-0.063,-0.0,-0.0,-166.0432,100.157 99.8435 0 0,-0.0857,False,True,0.4034
977,follow_figure8,101.1995,98.7654,-0.0688,-0.0,-0.0,-166.4243,100.139 99.8614 0 0,-0.0861,False,True,0.4046
978,follow_figure8,101.1796,98.7615,-0.0748,-0.0,-0.0,-166.8074,100.139 99.8614 0 0,-0.0865,False,True,0.4058
979,follow_figure8,101.1596,98.7576,-0.0808,-0.0,-0.0,-167.1923,100.121 99.8792 0 0,-0.0868,False,True,0.4068
980,follow_figure8,101.1396,98.7538,-0.0867,-0.0,-0.0,-167.5786,100.121 99.8792 0 0,-0.0871,False,True,0.408
981,follow_figure8,101.1195,98.7501,-0.0921,-0.0,-0.0,-167.9658,100.103 99.8971 0 0,-0.0874,False,True,0.409
982,follow_figure8,101.0993,98.7464,-0.0971,-0.0,-0.0,-168.3538,100.085 99.915 0 0,-0.0876,False,True,0.4101
983,follow_figure8,101.0791,98.7427,-0.1014,-0.0,-0.0,-168.7422,100.085 99.915 0 0,-0.0879,False,True,0.4113
984,follow_figure8,101.0588,98.7391,-0.105,-0.0,-0.0,-169.1309,100.067 99.9329 0 0,-0.0881,False,True,0.4123
985,follow_figure8,101.0384,98.7355,-0.1076,-0.0,-0.0,-169.5196,100.067 99.9329 0 0,-0.0883,False,True,0.4135
986,follow_figure8,101.018,98.7319,-0.1093,-0.0,-0.0,-169.9083,100.049 99.9508 0 0,-0.0884,False,True,0.4144
987,follow_figure8,100.9975,98.7285,-0.11,-0.0,-0.0,-170.2969,100.049 99.9508 0 0,-0.0886,False,True,0.4156
988,follow_figure8,100.977,98.725,-0.1096,-0.0,-0.0,-170.6854,100.031 99.9687 0 0,-0.0887,False,True,0.4165
989,follow_figure8,100.9564,98.7216,-0.1082,-0.0,-0.0,-171.0739,100.031 99.9687 0 0,-0.0889,False,True,0.4175
990,follow_figure8,100.9357,98.7183,-0.1058,-0.0,-0.0,-171.4626,100.013 99.9866 0 0,-0.089,False,True,0.4186
991,follow_figure8,100.915,98.715,-0.1024,-0.0,-0.0,-171.8515,100.013 99.9866 0 0,-0.0892,False,True,0.4196
992,follow_figure8,100.8942,98.7118,-0.0982,-0.0,-0.0,-172.241,99.9955 100.004 0 0,-0.0894,False,True,0.4205
993,follow_figure8,100.8734,98.7086,-0.0933,-0.0,-0.0,-172.6312,99.9776 100.022 0 0,-0.0897,False,True,0.4216
994,follow_figure8,100.8525,98.7054,-0.0879,-0.0,-0.0,-173.0225,99.9776 100.022 0 0,-0.0899,False,True,0.4225
995,follow_figure8,100.8316,98.7023,-0.082,-0.0,-0.0,-173.4152,99.9597 100.04 0 0,-0.0902,False,True,0.4235
996,follow_figure8,100.8106,98.6993,-0.076,-0.0,-0.0,-173.8095,99.9597 100.04 0 0,-0.0906,False,True,0.4244
997,follow_figure8,100.7895,98.6963,-0.07,-0.0,-0.0,-174.2059,99.9418 100.058 0 0,-0.0909,False,True,0.4253
998,follow_figure8,100.7684,98.6934,-0.0642,-0.0,-0.0,-174.6045,99.9418 100.058 0 0,-0.0913,False,True,0.4262
999,follow_figure8,100.7472,98.6906,-0.0587,-0.0,-0.0,-175.0057,99.9239 100.076 0 0,-0.0917,False,True,0.4273
1000,follow_figure8,100.726,98.6878,-0.0538,-0.0,-0.0,-175.4098,99.9239 100.076 0 0,-0.092,False,True,0.428
1001,follow_figure8,100.7047,98.685,-0.0495,-0.0,-0.0,-175.8169,99.906 100.094 0 0,-0.0924,False,True,0.4289
1002,follow_figure8,100.6834,98.6824,-0.0461,-0.0,-0.0,-176.2273,99.906 100.094 0 0,-0.0928,False,True,0.4298
1003,follow_figure8,100.662,98.6797,-0.0435,-0.0,-0.0,-176.641,99.8881 100.112 0 0,-0.0932,False,True,0.4306
1004,follow_figure8,100.6406,98.6772,-0.0418,-0.0,-0.0,-177.0582,99.8881 100.112 0 0,-0.0936,False,True,0.4316
1005,follow_figure8,100.6191,98.6747,-0.0412,-0.0,-0.0,-177.4788,99.8701 100.13 0 0,-0.094,False,True,0.4322
1006,follow_figure8,100.5976,98.6723,-0.0417,-0.0,-0.0,-177.9028,99.8522 100.148 0 0,-0.0944,False,True,0.4331
1007,follow_figure8,100.5761,98.67,-0.0431,-0.0,-0.0,-178.3301,99.8522 100.148 0 0,-0.0947,False,True,0.4339
1008,follow_figure8,100.5544,98.6677,-0.0456,-0.0,-0.0,-178.7603,99.8342 100.165 0 0,-0.0951,False,True,0.4348
1009,follow_figure8,100.5328,98.6655,-0.0491,-0.0,-0.0,-179.1934,99.8342 100.165 0 0,-0.0954,False,True,0.4356
1010,follow_figure8,100.5111,98.6634,-0.0533,-0.0,-0.0,-179.629,99.8163 100.183 0 0,-0.0957,False,True,0.4363
1011,follow_figure8,100.4893,98.6613,-0.0583,-0.0,0.0,179.9333,99.8163 100.183 0 0,-0.096,False,True,0.4371
1012,follow_figure8,100.4675,98.6594,-0.0637,-0.0,0.0,179.4939,99.7983 100.201 0 0,-0.0962,False,True,0.4377
1013,follow_figure8,100.4456,98.6575,-0.0696,-0.0,0.0,179.0531,99.7983 100.201 0 0,-0.0965,False,True,0.4386
1014,follow_figure8,100.4238,98.6557,-0.0756,-0.0,0.0,178.6113,99.7803 100.219 0 0,-0.0967,False,True,0.4393
1015,follow_figure8,100.4018,98.654,-0.0816,-0.0,0.0,178.1691,99.7803 100.219 0 0,-0.0968,False,True,0.44
1016,follow_figure8,100.3799,98.6524,-0.0874,-0.0,0.0,177.7267,99.7623 100.237 0 0,-0.097,False,True,0.4407
1017,follow_figure8,100.3578,98.6508,-0.0928,-0.0,0.0,177.2846,99.7442 100.254 0 0,-0.097,False,True,0.4413
1018,follow_figure8,100.3358,98.6494,-0.0977,-0.0,0.0,176.8432,99.7442 100.254 0 0,-0.0971,False,True,0.4421
1019,follow_figure8,100.3137,98.648,-0.102,-0.0,0.0,176.4027,99.7262 100.272 0 0,-0.0971,False,True,0.4426
1020,follow_figure8,100.2916,98.6468,-0.1054,-0.0,0.0,175.9633,99.7262 100.272 0 0,-0.0972,False,True,0.4434
1021,follow_figure8,100.2694,98.6456,-0.1079,-0.0,0.0,175.5252,99.7081 100.29 0 0,-0.0971,False,True,0.4439
1022,follow_figure8,100.2472,98.6446,-0.1095,-0.0,0.0,175.0886,99.7081 100.29 0 0,-0.0971,False,True,0.4447
1023,follow_figure8,100.225,98.6436,-0.11,-0.0,0.0,174.6533,99.69 100.308 0 0,-0.0971,False,True,0.4452
1024,follow_figure8,100.2027,98.6428,-0.1095,-0.0,0.0,174.2194,99.69 100.308 0 0,-0.0971,False,True,0.4457
1025,follow_figure8,100.1804,98.642,-0.108,-0.0,0.0,173.7868,99.6719 100.325 0 0,-0.0971,False,True,0.4464
1026,follow_figure8,100.158,98.6414,-0.1054,-0.0,0.0,173.3552,99.6719 100.325 0 0,-0.097,False,True,0.447
1027,follow_figure8,100.1357,98.6408,-0.1019,-0.0,0.0,172.9245,99.6537 100.343 0 0,-0.0971,False,True,0.4475
1028,follow_figure8,100.1133,98.6404,-0.0976,-0.0,0.0,172.4944,99.6355 100.36 0 0,-0.0971,False,True,0.4481
1029,follow_figure8,100.0908,98.6401,-0.0926,-0.0,0.0,172.0645,99.6355 100.36 0 0,-0.0971,False,True,0.4485
1030,follow_figure8,100.0684,98.64,-0.0871,-0.0,0.0,171.6347,99.6173 100.378 0 0,-0.0973,False,True,0.4492
1031,follow_figure8,100.0459,98.6399,-0.0813,-0.0,0.0,171.2045,99.6173 100.378 0 0,-0.0974,False,True,0.4497
1032,follow_figure8,100.0234,98.64,-0.0752,-0.0,0.0,170.7735,99.5991 100.396 0 0,-0.0975,False,True,0.4503
1033,follow_figure8,100.0008,98.6402,-0.0692,-0.0,0.0,170.3414,99.5808 100.413 0 0,-0.0977,False,True,0.4508
1034,follow_figure8,99.9783,98.6405,-0.0635,-0.0,0.0,169.908,99.5808 100.413 0 0,-0.0979,False,True,0.4513
1035,follow_figure8,99.9557,98.641,-0.0581,-0.0,0.0,169.4728,99.5625 100.431 0 0,-0.0981,False,True,0.4518
1036,follow_figure8,99.9331,98.6416,-0.0532,-0.0,0.0,169.0357,99.5625 100.431 0 0,-0.0983,False,True,0.4524
1037,follow_figure8,99.9105,98.6424,-0.049,-0.0,0.0,168.5963,99.5442 100.448 0 0,-0.0986,False,True,0.4528
1038,follow_figure8,99.8878,98.6433,-0.0457,-0.0,0.0,168.1545,99.5258 100.466 0 0,-0.0988,False,True,0.4534
1039,follow_figure8,99.8651,98.6444,-0.0432,-0.0,0.0,167.7103,99.5258 100.466 0 0,-0.099,False,True,0.4538
1040,follow_figure8,99.8425,98.6456,-0.0417,-0.0,0.0,167.2634,99.5074 100.483 0 0,-0.0992,False,True,0.4544
1041,follow_figure8,99.8197,98.647,-0.0412,-0.0,0.0,166.8141,99.5074 100.483 0 0,-0.0994,False,True,0.4549
1042,follow_figure8,99.797,98.6485,-0.0418,-0.0,0.0,166.3623,99.4889 100.5 0 0,-0.0996,False,True,0.4554
1043,follow_figure8,99.7743,98.6502,-0.0434,-0.0,0.0,165.9081,99.4704 100.517 0 0,-0.0998,False,True,0.4558
1044,follow_figure8,99.7515,98.6521,-0.046,-0.0,0.0,165.4519,99.4704 100.517 0 0,-0.1,False,True,0.4565
1045,follow_figure8,99.7288,98.6541,-0.0496,-0.0,0.0,164.9939,99.4519 100.535 0 0,-0.1001,False,True,0.4569
1046,follow_figure8,99.706,98.6562,-0.0539,-0.0,0.0,164.5345,99.4333 100.552 0 0,-0.1003,False,True,0.4575
1047,follow_figure8,99.6832,98.6586,-0.059,-0.0,0.0,164.074,99.4333 100.552 0 0,-0.1004,False,True,0.458
1048,follow_figure8,99.6604,98.661,-0.0645,-0.0,0.0,163.6129,99.4146 100.569 0 0,-0.1004,False,True,0.4585
1049,follow_figure8,99.6376,98.6637,-0.0704,-0.0,0.0,163.1516,99.4146 100.569 0 0,-0.1005,False,True,0.4592
1050,follow_figure8,99.6148,98.6665,-0.0764,-0.0,0.0,162.6905,99.3959 100.586 0 0,-0.1005,False,True,0.4595
1051,follow_figure8,99.592,98.6695,-0.0824,-0.0,0.0,162.2301,99.3772 100.603 0 0,-0.1004,False,True,0.4599
1052,follow_figure8,99.5692,98.6726,-0.0881,-0.0,0.0,161.7708,99.3772 100.603 0 0,-0.1004,False,True,0.4605
1053,follow_figure8,99.5464,98.6759,-0.0935,-0.0,0.0,161.313,99.3584 100.62 0 0,-0.1003,False,True,0.4611
1054,follow_figure8,99.5236,98.6793,-0.0983,-0.0,0.0,160.857,99.3395 100.637 0 0,-0.1001,False,True,0.4614
1055,follow_figure8,99.5008,98.6829,-0.1025,-0.0,0.0,160.4032,99.3395 100.637 0 0,-0.1,False,True,0.4619
1056,follow_figure8,99.478,98.6866,-0.1058,-0.0,0.0,159.9517,99.3206 100.654 0 0,-0.0998,False,True,0.4623
1057,follow_figure8,99.4551,98.6904,-0.1082,-0.0,0.0,159.5027,99.3016 100.67 0 0,-0.0996,False,True,0.4627
1058,follow_figure8,99.4323,98.6944,-0.1096,-0.0,0.0,159.0563,99.2826 100.687 0 0,-0.0994,False,True,0.4632
1059,follow_figure8,99.4095,98.6986,-0.11,-0.0,0.0,158.6126,99.2826 100.687 0 0,-0.0991,False,True,0.4635
1060,follow_figure8,99.3867,98.7028,-0.1094,-0.0,0.0,158.1714,99.2634 100.704 0 0,-0.0989,False,True,0.4638
1061,follow_figure8,99.3639,98.7072,-0.1077,-0.0,0.0,157.7327,99.2442 100.72 0 0,-0.0987,False,True,0.4644
1062,follow_figure8,99.3412,98.7118,-0.105,-0.0,0.0,157.2962,99.2442 100.72 0 0,-0.0985,False,True,0.4645
1063,follow_figure8,99.3184,98.7164,-0.1014,-0.0,0.0,156.8618,99.225 100.737 0 0,-0.0984,False,True,0.465
1064,follow_figure8,99.2956,98.7212,-0.097,-0.0,0.0,156.429,99.2056 100.753 0 0,-0.0982,False,True,0.4652
1065,follow_figure8,99.2729,98.726,-0.0919,-0.0,0.0,155.9977,99.1862 100.769 0 0,-0.0981,False,True,0.4655
1066,follow_figure8,99.2501,98.731,-0.0864,-0.0,0.0,155.5674,99.1862 100.769 0 0,-0.098,False,True,0.4658
1067,follow_figure8,99.2274,98.7361,-0.0805,-0.0,0.0,155.138,99.1667 100.785 0 0,-0.098,False,True,0.4658
1068,follow_figure8,99.2047,98.7413,-0.0744,-0.0,0.0,154.7088,99.1472 100.801 0 0,-0.098,False,True,0.4661
1069,follow_figure8,99.1819,98.7466,-0.0685,-0.0,0.0,154.2797,99.1472 100.801 0 0,-0.0979,False,True,0.4663
1070,follow_figure8,99.1593,98.752,-0.0627,-0.0,0.0,153.8502,99.1275 100.817 0 0,-0.098,False,True,0.4664
1071,follow_figure8,99.1366,98.7575,-0.0574,-0.0,0.0,153.4201,99.1078 100.833 0 0,-0.098,False,True,0.4666
1072,follow_figure8,99.1139,98.7631,-0.0526,-0.0,0.0,152.989,99.088 100.849 0 0,-0.098,False,True,0.4666
1073,follow_figure8,99.0913,98.7688,-0.0485,-0.0,0.0,152.5569,99.088 100.849 0 0,-0.0981,False,True,0.4667
1074,follow_figure8,99.0687,98.7745,-0.0453,-0.0,0.0,152.1236,99.068 100.865 0 0,-0.0982,False,True,0.4669
1075,follow_figure8,99.0461,98.7804,-0.0429,-0.0,0.0,151.6888,99.048 100.88 0 0,-0.0982,False,True,0.4667
1076,follow_figure8,99.0235,98.7863,-0.0416,-0.0,0.0,151.2526,99.0278 100.895 0 0,-0.0982,False,True,0.4668
1077,follow_figure8,99.001,98.7923,-0.0412,-0.0,0.0,150.8151,99.0278 100.895 0 0,-0.0983,False,True,0.4668
1078,follow_figure8,98.9784,98.7984,-0.042,-0.0,0.0,150.3763,99.0076 100.911 0 0,-0.0983,False,True,0.4666
1079,follow_figure8,98.9559,98.8046,-0.0437,-0.0,0.0,149.9363,98.9872 100.926 0 0,-0.0983,False,True,0.4665
1080,follow_figure8,98.9335,98.8108,-0.0465,-0.0,0.0,149.4955,98.9668 100.941 0 0,-0.0983,False,True,0.4664
1081,follow_figure8,98.911,98.8171,-0.0501,-0.0,0.0,149.054,98.9462 100.955 0 0,-0.0983,False,True,0.4662
1082,follow_figure8,98.8886,98.8234,-0.0546,-0.0,0.0,148.6124,98.9462 100.955 0 0,-0.0982,False,True,0.4661
1083,follow_figure8,98.8662,98.8299,-0.0597,-0.0,0.0,148.1708,98.9255 100.97 0 0,-0.0981,False,True,0.4658
1084,follow_figure8,98.8439,98.8364,-0.0653,-0.0,0.0,147.7298,98.9047 100.984 0 0,-0.098,False,True,0.4656
1085,follow_figure8,98.8215,98.8429,-0.0712,-0.0,0.0,147.2897,98.8837 100.999 0 0,-0.0979,False,True,0.4655
1086,follow_figure8,98.7992,98.8495,-0.0772,-0.0,0.0,146.851,98.8626 101.013 0 0,-0.0977,False,True,0.465
1087,follow_figure8,98.777,98.8562,-0.0832,-0.0,0.0,146.4142,98.8626 101.013 0 0,-0.0975,False,True,0.4648
1088,follow_figure8,98.7548,98.8629,-0.0889,-0.0,0.0,145.9795,98.8414 101.026 0 0,-0.0973,False,True,0.4645
1089,follow_figure8,98.7326,98.8697,-0.0942,-0.0,0.0,145.5473,98.8201 101.04 0 0,-0.097,False,True,0.464
1090,follow_figure8,98.7104,98.8766,-0.0989,-0.0,0.0,145.118,98.7986 101.053 0 0,-0.0967,False,True,0.4636
1091,follow_figure8,98.6883,98.8834,-0.1029,-0.0,0.0,144.6918,98.7769 101.066 0 0,-0.0964,False,True,0.4633
1092,follow_figure8,98.6662,98.8904,-0.1061,-0.0,0.0,144.269,98.7551 101.079 0 0,-0.096,False,True,0.4627
1093,follow_figure8,98.6442,98.8974,-0.1084,-0.0,0.0,143.8496,98.7551 101.079 0 0,-0.0957,False,True,0.4623
1094,follow_figure8,98.6222,98.9044,-0.1097,-0.0,0.0,143.4338,98.7332 101.092 0 0,-0.0953,False,True,0.4618
1095,follow_figure8,98.6002,98.9115,-0.11,-0.0,0.0,143.0214,98.711 101.104 0 0,-0.0949,False,True,0.4613
1096,follow_figure8,98.5783,98.9186,-0.1092,-0.0,0.0,142.6124,98.6887 101.116 0 0,-0.0946,False,True,0.4607
1097,follow_figure8,98.5565,98.9257,-0.1074,-0.0,0.0,142.2067,98.6663 101.128 0 0,-0.0942,False,True,0.4603
1098,follow_figure8,98.5346,98.9329,-0.1046,-0.0,0.0,141.8041,98.6436 101.139 0 0,-0.0939,False,True,0.4596
1099,follow_figure8,98.5128,98.9401,-0.1009,-0.0,0.0,141.4045,98.6436 101.139 0 0,-0.0935,False,True,0.459
1100,follow_figure8,98.4911,98.9474,-0.0964,-0.0,0.0,141.0076,98.6208 101.15 0 0,-0.0933,False,True,0.4584
1101,follow_figure8,98.4694,98.9547,-0.0912,-0.0,0.0,140.6128,98.5977 101.161 0 0,-0.093,False,True,0.4577
1102,follow_figure8,98.4478,98.962,-0.0856,-0.0,0.0,140.2201,98.5745 101.171 0 0,-0.0928,False,True,0.457
1103,follow_figure8,98.4262,98.9694,-0.0797,-0.0,0.0,139.829,98.5511 101.18 0 0,-0.0925,False,True,0.4564
1104,follow_figure8,98.4046,98.9768,-0.0736,-0.0,0.0,139.4393,98.5275 101.19 0 0,-0.0924,False,True,0.4557
1105,follow_figure8,98.3831,98.9842,-0.0677,-0.0,0.0,139.0508,98.5038 101.198 0 0,-0.0922,False,True,0.4549
1106,follow_figure8,98.3617,98.9916,-0.062,-0.0,0.0,138.6631,98.4798 101.206 0 0,-0.092,False,True,0.454
1107,follow_figure8,98.3403,98.9991,-0.0567,-0.0,0.0,138.2759,98.4556 101.214 0 0,-0.0919,False,True,0.4534
1108,follow_figure8,98.3189,99.0066,-0.052,-0.0,0.0,137.8892,98.4313 101.221 0 0,-0.0917,False,True,0.4526
1109,follow_figure8,98.2976,99.0142,-0.0481,-0.0,0.0,137.5028,98.4313 101.221 0 0,-0.0916,False,True,0.4517
1110,follow_figure8,98.2764,99.0217,-0.0449,-0.0,0.0,137.1163,98.4068 101.227 0 0,-0.0915,False,True,0.4511
1111,follow_figure8,98.2552,99.0293,-0.0427,-0.0,0.0,136.7298,98.3821 101.233 0 0,-0.0913,False,True,0.4499
1112,follow_figure8,98.2341,99.0369,-0.0415,-0.0,0.0,136.3431,98.3573 101.238 0 0,-0.0912,False,True,0.4493
1113,follow_figure8,98.213,99.0445,-0.0413,-0.0,0.0,135.9564,98.3323 101.242 0 0,-0.091,False,True,0.4482
1114,follow_figure8,98.192,99.0522,-0.0421,-0.0,0.0,135.5698,98.3072 101.245 0 0,-0.0909,False,True,0.4474
1115,follow_figure8,98.171,99.0599,-0.044,-0.0,0.0,135.1834,98.282 101.248 0 0,-0.0907,False,True,0.4464
1116,follow_figure8,98.1501,99.0676,-0.0469,-0.0,0.0,134.7974,98.2568 101.249 0 0,-0.0905,False,True,0.4454
1117,follow_figure8,98.1293,99.0753,-0.0507,-0.0,0.0,134.4122,98.2315 101.249 0 0,-0.0902,False,True,0.4444
1118,follow_figure8,98.1085,99.083,-0.0552,-0.0,0.0,134.0281,98.2062 101.249 0 0,-0.09,False,True,0.4434
1119,follow_figure8,98.0878,99.0908,-0.0604,-0.0,0.0,133.6453,97.5372 99.5782 0 0,-0.0897,False,True,0.4424
1120,follow_figure8,98.0672,99.0985,-0.066,-0.0,0.0,133.273,98.977 99.0667 0 0,-0.0882,False,True,0.4402
1121,follow_figure8,98.0467,99.1062,-0.072,-0.0,0.0,132.8949,99.2153 99.2551 0 0,-0.0897,False,True,0.4372
1122,follow_figure8,98.0264,99.1139,-0.078,-0.0,0.0,132.4918,99.2153 99.2551 0 0,-0.091,False,True,0.4349
1123,follow_figure8,98.0061,99.1215,-0.0839,-0.0,0.0,132.067,99.2153 99.2551 0 0,-0.0921,False,True,0.4326
1124,follow_figure8,97.986,99.1291,-0.0896,-0.0,0.0,131.6219,99.2153 99.2551 0 0,-0.0932,False,True,0.4303
1125,follow_figure8,97.966,99.1367,-0.0948,-0.0,0.0,131.1583,99.2153 99.2551 0 0,-0.0941,False,True,0.4281
1126,follow_figure8,97.9461,99.1443,-0.0995,-0.0,0.0,130.6775,99.2153 99.2551 0 0,-0.0949,False,True,0.426
1127,follow_figure8,97.9263,99.1518,-0.1034,-0.0,0.0,130.1812,99.2153 99.2551 0 0,-0.0957,False,True,0.424
1128,follow_figure8,97.9066,99.1594,-0.1065,-0.0,0.0,129.6706,99.2153 99.2551 0 0,-0.0963,False,True,0.4219
1129,follow_figure8,97.887,99.167,-0.1086,-0.0,0.0,129.147,99.2153 99.2551 0 0,-0.0968,False,True,0.4198
1130,follow_figure8,97.8676,99.1746,-0.1098,-0.0,0.0,128.6115,99.2153 99.2551 0 0,-0.0973,False,True,0.4181
1131,follow_figure8,97.8482,99.1822,-0.1099,-0.0,0.0,128.0652,99.2153 99.2551 0 0,-0.0977,False,True,0.416
1132,follow_figure8,97.829,99.1899,-0.109,-0.0,0.0,127.5089,99.2153 99.2551 0 0,-0.098,False,True,0.4141
1133,follow_figure8,97.8098,99.1975,-0.1071,-0.0,0.0,126.9433,99.2153 99.2551 0 0,-0.0983,False,True,0.412
1134,follow_figure8,97.7908,99.2052,-0.1041,-0.0,0.0,126.369,99.2153 99.2551 0 0,-0.0986,False,True,0.4104
1135,follow_figure8,97.7719,99.2128,-0.1003,-0.0,0.0,125.7866,99.2153 99.2551 0 0,-0.0988,False,True,0.4083
1136,follow_figure8,97.7531,99.2205,-0.0957,-0.0,0.0,125.1962,99.2153 99.2551 0 0,-0.0991,False,True,0.4066
1137,follow_figure8,97.7344,99.2282,-0.0905,-0.0,0.0,124.5982,99.2153 99.2551 0 0,-0.0993,False,True,0.4045
1138,follow_figure8,97.7158,99.236,-0.0848,-0.0,0.0,123.9928,99.2153 99.2551 0 0,-0.0995,False,True,0.4027
1139,follow_figure8,97.6973,99.2437,-0.0789,-0.0,0.0,123.3799,99.2153 99.2551 0 0,-0.0997,False,True,0.4009
1140,follow_figure8,97.6789,99.2515,-0.0729,-0.0,0.0,122.7596,99.2153 99.2551 0 0,-0.0999,False,True,0.399
1141,follow_figure8,97.6606,99.2593,-0.0669,-0.0,0.0,122.1318,99.2153 99.2551 0 0,-0.1002,False,True,0.3971
1142,follow_figure8,97.6425,99.2671,-0.0613,-0.0,0.0,121.4967,99.2153 99.2551 0 0,-0.1004,False,True,0.3953
1143,follow_figure8,97.6245,99.2749,-0.0561,-0.0,0.0,120.8541,99.2153 99.2551 0 0,-0.1006,False,True,0.3934
1144,follow_figure8,97.6065,99.2828,-0.0515,-0.0,0.0,120.2041,99.2153 99.2551 0 0,-0.1008,False,True,0.3915
1145,follow_figure8,97.5887,99.2907,-0.0476,-0.0,0.0,119.5468,99.2153 99.2551 0 0,-0.101,False,True,0.3896
1146,follow_figure8,97.571,99.2986,-0.0446,-0.0,0.0,118.8823,99.2153 99.2551 0 0,-0.1012,False,True,0.3876
1147,follow_figure8,97.5534,99.3065,-0.0425,-0.0,0.0,118.2107,99.2153 99.2551 0 0,-0.1013,False,True,0.3859
1148,follow_figure8,97.536,99.3145,-0.0414,-0.0,0.0,117.5324,99.2153 99.2551 0 0,-0.1014,False,True,0.3838
1149,follow_figure8,97.5186,99.3224,-0.0413,-0.0,0.0,116.8478,99.2153 99.2551 0 0,-0.1016,False,True,0.382
1150,follow_figure8,97.5014,99.3304,-0.0423,-0.0,0.0,116.1573,99.2153 99.2551 0 0,-0.1016,False,True,0.3798
1151,follow_figure8,97.4843,99.3384,-0.0443,-0.0,0.0,115.4614,99.2153 99.2551 0 0,-0.1016,False,True,0.3779
1152,follow_figure8,97.4673,99.3465,-0.0473,-0.0,0.0,114.7609,99.2153 99.2551 0 0,-0.1016,False,True,0.376
1153,follow_figure8,97.4504,99.3545,-0.0512,-0.0,0.0,114.0566,99.2153 99.2551 0 0,-0.1015,False,True,0.3737
1154,follow_figure8,97.4337,99.3626,-0.0559,-0.0,0.0,113.3491,99.2153 99.2551 0 0,-0.1013,False,True,0.3719
1155,follow_figure8,97.417,99.3707,-0.0611,-0.0,0.0,112.6395,99.2153 99.2551 0 0,-0.1011,False,True,0.3699
1156,follow_figure8,97.4006,99.3788,-0.0668,-0.0,0.0,111.9285,99.2153 99.2551 0 0,-0.1008,False,True,0.3675
1157,follow_figure8,97.3842,99.387,-0.0727,-0.0,0.0,111.2172,99.2153 99.2551 0 0,-0.1005,False,True,0.3657
1158,follow_figure8,97.368,99.3951,-0.0788,-0.0,0.0,110.5063,99.2153 99.2551 0 0,-0.1001,False,True,0.3633
1159,follow_figure8,97.3518,99.4033,-0.0847,-0.0,0.0,109.7969,99.2153 99.2551 0 0,-0.0996,False,True,0.3613
1160,follow_figure8,97.3359,99.4115,-0.0903,-0.0,0.0,109.0896,99.2153 99.2551 0 0,-0.099,False,True,0.359
1161,follow_figure8,97.32,99.4197,-0.0955,-0.0,0.0,108.3851,99.2153 99.2551 0 0,-0.0985,False,True,0.3569
1162,follow_figure8,97.3043,99.4279,-0.1,-0.0,0.0,107.6842,99.2153 99.2551 0 0,-0.0978,False,True,0.3546
1163,follow_figure8,97.2887,99.4361,-0.1039,-0.0,0.0,106.9872,99.2153 99.2551 0 0,-0.0971,False,True,0.3523
1164,follow_figure8,97.2733,99.4443,-0.1068,-0.0,0.0,106.2944,99.2153 99.2551 0 0,-0.0965,False,True,0.35
1165,follow_figure8,97.2579,99.4525,-0.1089,-0.0,0.0,105.6063,99.2153 99.2551 0 0,-0.0957,False,True,0.3477
1166,follow_figure8,97.2428,99.4608,-0.1099,-0.0,0.0,104.9227,99.2153 99.2551 0 0,-0.095,False,True,0.3455
1167,follow_figure8,97.2277,99.469,-0.1099,-0.0,0.0,104.2438,99.2153 99.2551 0 0,-0.0943,False,True,0.3431
1168,follow_figure8,97.2128,99.4773,-0.1088,-0.0,0.0,103.5694,99.2153 99.2551 0 0,-0.0935,False,True,0.3406
1169,follow_figure8,97.1981,99.4855,-0.1067,-0.0,0.0,102.8991,99.2153 99.2551 0 0,-0.0929,False,True,0.3384
1170,follow_figure8,97.1834,99.4938,-0.1037,-0.0,0.0,102.2328,99.2153 99.2551 0 0,-0.0922,False,True,0.3359
1171,follow_figure8,97.1689,99.502,-0.0997,-0.0,0.0,101.5699,99.2153 99.2551 0 0,-0.0915,False,True,0.3335
1172,follow_figure8,97.1546,99.5103,-0.0951,-0.0,0.0,100.9099,99.2153 99.2551 0 0,-0.091,False,True,0.3311
1173,follow_figure8,97.1404,99.5185,-0.0898,-0.0,0.0,100.2523,99.2153 99.2551 0 0,-0.0904,False,True,0.3286
1174,follow_figure8,97.1263,99.5268,-0.0841,-0.0,0.0,99.5966,99.2153 99.2551 0 0,-0.0899,False,True,0.3262
1175,follow_figure8,97.1124,99.535,-0.0781,-0.0,0.0,98.9421,99.2153 99.2551 0 0,-0.0894,False,True,0.3237
1176,follow_figure8,97.0986,99.5433,-0.0721,-0.0,0.0,98.2883,99.2153 99.2551 0 0,-0.089,False,True,0.3213
1177,follow_figure8,97.085,99.5515,-0.0662,-0.0,0.0,97.6346,99.2153 99.2551 0 0,-0.0886,False,True,0.3186
1178,follow_figure8,97.0715,99.5598,-0.0606,-0.0,0.0,96.9805,99.2153 99.2551 0 0,-0.0883,False,True,0.3163
1179,follow_figure8,97.0581,99.568,-0.0554,-0.0,0.0,96.3256,99.2153 99.2551 0 0,-0.0879,False,True,0.3136
1180,follow_figure8,97.0449,99.5762,-0.0509,-0.0,0.0,95.6695,99.2153 99.2551 0 0,-0.0876,False,True,0.3112
1181,follow_figure8,97.0319,99.5844,-0.0472,-0.0,0.0,95.0118,99.2153 99.2551 0 0,-0.0873,False,True,0.3085
1182,follow_figure8,97.019,99.5927,-0.0442,-0.0,0.0,94.3525,99.2153 99.2551 0 0,-0.087,False,True,0.3059
1183,follow_figure8,97.0062,99.6009,-0.0423,-0.0,0.0,93.6914,99.2153 99.2551 0 0,-0.0867,False,True,0.3034
1184,follow_figure8,96.9936,99.6091,-0.0413,-0.0,0.0,93.0285,99.2153 99.2551 0 0,-0.0864,False,True,0.3007
1185,follow_figure8,96.9811,99.6173,-0.0414,-0.0,0.0,92.3639,99.2153 99.2551 0 0,-0.0861,False,True,0.2982
1186,follow_figure8,96.9688,99.6254,-0.0425,-0.0,0.0,91.6979,99.2153 99.2551 0 0,-0.0857,False,True,0.2954
1187,follow_figure8,96.9567,99.6336,-0.0447,-0.0,0.0,91.0307,99.2153 99.2551 0 0,-0.0853,False,True,0.293
1188,follow_figure8,96.9447,99.6418,-0.0478,-0.0,0.0,90.3628,99.2153 99.2551 0 0,-0.0849,False,True,0.2902
1189,follow_figure8,96.9329,99.6499,-0.0518,-0.0,0.0,89.6948,99.2153 99.2551 0 0,-0.0844,False,True,0.2875
1190,follow_figure8,96.9212,99.6581,-0.0565,-0.0,0.0,89.0271,99.2153 99.2551 0 0,-0.0839,False,True,0.2847
1191,follow_figure8,96.9096,99.6662,-0.0618,-0.0,0.0,88.3604,99.2153 99.2551 0 0,-0.0834,False,True,0.2821
1192,follow_figure8,96.8983,99.6743,-0.0676,-0.0,0.0,87.6954,99.2153 99.2551 0 0,-0.0828,False,True,0.2795
1193,follow_figure8,96.8871,99.6824,-0.0735,-0.0,0.0,87.0329,99.2153 99.2551 0 0,-0.0822,False,True,0.2765
1194,follow_figure8,96.876,99.6905,-0.0796,-0.0,0.0,86.3733,99.2153 99.2551 0 0,-0.0815,False,True,0.2739
1195,follow_figure8,96.8651,99.6986,-0.0855,-0.0,0.0,85.7174,99.2153 99.2551 0 0,-0.0808,False,True,0.2711
1196,follow_figure8,96.8544,99.7066,-0.091,-0.0,0.0,85.0657,99.2153 99.2551 0 0,-0.08,False,True,0.2683
1197,follow_figure8,96.8438,99.7146,-0.0961,-0.0,0.0,84.4188,99.2153 99.2551 0 0,-0.0792,False,True,0.2656
1198,follow_figure8,96.8334,99.7226,-0.1006,-0.0,0.0,83.7769,99.2153 99.2551 0 0,-0.0784,False,True,0.2628
1199,follow_figure8,96.8231,99.7306,-0.1043,-0.0,0.0,83.1406,99.2153 99.2551 0 0,-0.0775,False,True,0.2599
1200,follow_figure8,96.8131,99.7386,-0.1071,-0.0,0.0,82.5098,99.2153 99.2551 0 0,-0.0766,False,True,0.2571
1201,follow_figure8,96.8031,99.7466,-0.109,-0.0,0.0,81.8848,99.2153 99.2551 0 0,-0.0757,False,True,0.2545
1202,follow_figure8,96.7934,99.7545,-0.1099,-0.0,0.0,81.2655,99.2153 99.2551 0 0,-0.0748,False,True,0.2514
1203,follow_figure8,96.7838,99.7624,-0.1098,-0.0,0.0,80.6517,99.2153 99.2551 0 0,-0.074,False,True,0.2488
1204,follow_figure8,96.7743,99.7703,-0.1086,-0.0,0.0,80.0433,99.2153 99.2551 0 0,-0.0731,False,True,0.2458
1205,follow_figure8,96.765,99.7781,-0.1064,-0.0,0.0,79.44,99.2153 99.2551 0 0,-0.0723,False,True,0.2432
1206,follow_figure8,96.7559,99.786,-0.1032,-0.0,0.0,78.8413,99.2153 99.2551 0 0,-0.0715,False,True,0.2403
1207,follow_figure8,96.747,99.7938,-0.0992,-0.0,0.0,78.2469,99.2153 99.2551 0 0,-0.0707,False,True,0.2375
1208,follow_figure8,96.7382,99.8015,-0.0944,-0.0,0.0,77.6561,99.2153 99.2551 0 0,-0.0699,False,True,0.2346
1209,follow_figure8,96.7296,99.8093,-0.089,-0.0,0.0,77.0685,99.2153 99.2551 0 0,-0.0693,False,True,0.2319
1210,follow_figure8,96.7211,99.817,-0.0833,-0.0,0.0,76.4835,99.2153 99.2551 0 0,-0.0686,False,True,0.2291
1211,follow_figure8,96.7128,99.8247,-0.0773,-0.0,0.0,75.9006,99.2153 99.2551 0 0,-0.068,False,True,0.2263
1212,follow_figure8,96.7047,99.8324,-0.0713,-0.0,0.0,75.3191,99.2153 99.2551 0 0,-0.0675,False,True,0.2234
1213,follow_figure8,96.6967,99.84,-0.0654,-0.0,0.0,74.7387,99.2153 99.2551 0 0,-0.067,False,True,0.2207
1214,follow_figure8,96.6889,99.8476,-0.0599,-0.0,0.0,74.1587,99.2153 99.2551 0 0,-0.0664,False,True,0.2179
1215,follow_figure8,96.6813,99.8552,-0.0548,-0.0,0.0,73.5788,99.2153 99.2551 0 0,-0.066,False,True,0.2153
1216,follow_figure8,96.6738,99.8627,-0.0504,-0.0,0.0,72.9986,99.2153 99.2551 0 0,-0.0655,False,True,0.2124
1217,follow_figure8,96.6665,99.8702,-0.0467,-0.0,0.0,72.4179,99.2153 99.2551 0 0,-0.0651,False,True,0.2097
1218,follow_figure8,96.6594,99.8777,-0.0439,-0.0,0.0,71.8364,99.2153 99.2551 0 0,-0.0647,False,True,0.2069
1219,follow_figure8,96.6524,99.8852,-0.0421,-0.0,0.0,71.2541,99.2153 99.2551 0 0,-0.0642,False,True,0.2041
1220,follow_figure8,96.6456,99.8926,-0.0413,-0.0,0.0,70.6709,99.2153 99.2551 0 0,-0.0638,False,True,0.2015
1221,follow_figure8,96.6389,99.9,-0.0415,-0.0,0.0,70.0868,99.2153 99.2551 0 0,-0.0634,False,True,0.1988
1222,follow_figure8,96.6324,99.9074,-0.0428,-0.0,0.0,69.5022,99.2153 99.2551 0 0,-0.0629,False,True,0.196
1223,follow_figure8,96.6261,99.9147,-0.045,-0.0,0.0,68.9171,99.2153 99.2551 0 0,-0.0624,False,True,0.1936
1224,follow_figure8,96.62,99.922,-0.0483,-0.0,0.0,68.3321,99.2153 99.2551 0 0,-0.0619,False,True,0.1907
1225,follow_figure8,96.614,99.9292,-0.0524,-0.0,0.0,67.7474,99.2153 99.2551 0 0,-0.0614,False,True,0.1881
1226,follow_figure8,96.6082,99.9365,-0.0572,-0.0,0.0,67.1636,99.2153 99.2551 0 0,-0.0608,False,True,0.1854
1227,follow_figure8,96.6026,99.9437,-0.0626,-0.0,0.0,66.5812,99.2153 99.2551 0 0,-0.0602,False,True,0.1829
1228,follow_figure8,96.5971,99.9508,-0.0683,-0.0,0.0,66.0007,99.2153 99.2551 0 0,-0.0596,False,True,0.1802
1229,follow_figure8,96.5918,99.9579,-0.0743,-0.0,0.0,65.4228,99.2153 99.2551 0 0,-0.0589,False,True,0.1776
1230,follow_figure8,96.5866,99.965,-0.0803,-0.0,0.0,64.8478,99.2153 99.2551 0 0,-0.0582,False,True,0.1751
1231,follow_figure8,96.5817,99.9721,-0.0862,-0.0,0.0,64.2765,99.2153 99.2551 0 0,-0.0574,False,True,0.1723
1232,follow_figure8,96.5769,99.9791,-0.0917,-0.0,0.0,63.7091,99.2153 99.2551 0 0,-0.0566,False,True,0.17
1233,follow_figure8,96.5722,99.986,-0.0967,-0.0,0.0,63.1462,99.2153 99.2551 0 0,-0.0558,False,True,0.1676
1234,follow_figure8,96.5677,99.993,-0.1011,-0.0,0.0,62.588,99.2153 99.2551 0 0,-0.055,False,True,0.165
1235,follow_figure8,96.5634,99.9999,-0.1047,-0.0,0.0,62.0348,99.2153 99.2551 0 0,-0.0541,False,True,0.1626
1236,follow_figure8,96.5593,100.0067,-0.1075,-0.0,0.0,61.4868,99.2153 99.2551 0 0,-0.0532,False,True,0.1602
1237,follow_figure8,96.5553,100.0136,-0.1092,-0.0,0.0,60.944,99.2153 99.2551 0 0,-0.0524,False,True,0.1579
1238,follow_figure8,96.5515,100.0203,-0.11,-0.0,0.0,60.4063,99.2153 99.2551 0 0,-0.0515,False,True,0.1554
1239,follow_figure8,96.5479,100.0271,-0.1097,-0.0,0.0,59.8738,99.2153 99.2551 0 0,-0.0506,False,True,0.1533
1240,follow_figure8,96.5444,100.0338,-0.1084,-0.0,0.0,59.346,99.2153 99.2551 0 0,-0.0498,False,True,0.1509
1241,follow_figure8,96.5411,100.0404,-0.106,-0.0,0.0,58.8229,99.2153 99.2551 0 0,-0.0489,False,True,0.1486
1242,follow_figure8,96.538,100.0471,-0.1027,-0.0,0.0,58.3041,99.2153 99.2551 0 0,-0.0482,False,True,0.1466
1243,follow_figure8,96.535,100.0536,-0.0986,-0.0,0.0,57.789,99.2153 99.2551 0 0,-0.0474,False,True,0.1443
1244,follow_figure8,96.5322,100.0602,-0.0937,-0.0,0.0,57.2775,99.2153 99.2551 0 0,-0.0467,False,True,0.1423
1245,follow_figure8,96.5295,100.0667,-0.0883,-0.0,0.0,56.7689,99.2153 99.2551 0 0,-0.046,False,True,0.1402
1246,follow_figure8,96.527,100.0731,-0.0825,-0.0,0.0,56.2627,99.2153 99.2551 0 0,-0.0454,False,True,0.1383
1247,follow_figure8,96.5247,100.0795,-0.0765,-0.0,0.0,55.7586,99.2153 99.2551 0 0,-0.0447,False,True,0.1363
1248,follow_figure8,96.5226,100.0859,-0.0705,-0.0,0.0,55.2561,99.2153 99.2551 0 0,-0.0442,False,True,0.1344
1249,follow_figure8,96.5206,100.0922,-0.0647,-0.0,0.0,54.7546,99.2153 99.2551 0 0,-0.0436,False,True,0.1326
1250,follow_figure8,96.5187,100.0985,-0.0592,-0.0,0.0,54.2538,99.2153 99.2551 0 0,-0.0431,False,True,0.1308
1251,follow_figure8,96.5171,100.1047,-0.0542,-0.0,0.0,53.7534,99.2153 99.2551 0 0,-0.0426,False,True,0.1292
1252,follow_figure8,96.5155,100.1109,-0.0499,-0.0,0.0,53.2529,99.2153 99.2551 0 0,-0.0422,False,True,0.1275
1253,follow_figure8,96.5142,100.1171,-0.0463,-0.0,0.0,52.7523,99.2153 99.2551 0 0,-0.0417,False,True,0.126
1254,follow_figure8,96.513,100.1232,-0.0436,-0.0,0.0,52.2513,99.2153 99.2551 0 0,-0.0412,False,True,0.1245
1255,follow_figure8,96.512,100.1292,-0.0419,-0.0,0.0,51.7498,99.2153 99.2551 0 0,-0.0408,False,True,0.123
1256,follow_figure8,96.5111,100.1353,-0.0412,-0.0,0.0,51.2479,99.2153 99.2551 0 0,-0.0403,False,True,0.1216
1257,follow_figure8,96.5105,100.1413,-0.0416,-0.0,0.0,50.7455,99.2153 99.2551 0 0,-0.0398,False,True,0.1204
1258,follow_figure8,96.5099,100.1472,-0.043,-0.0,0.0,50.2428,99.2153 99.2551 0 0,-0.0394,False,True,0.1192
1259,follow_figure8,96.5095,100.1531,-0.0454,-0.0,0.0,49.74,99.2153 99.2551 0 0,-0.0389,False,True,0.118
1260,follow_figure8,96.5093,100.1589,-0.0488,-0.0,0.0,49.2375,99.2153 99.2551 0 0,-0.0384,False,True,0.1171
1261,follow_figure8,96.5093,100.1647,-0.053,-0.0,0.0,48.7355,99.2153 99.2551 0 0,-0.0378,False,True,0.116
1262,follow_figure8,96.5094,100.1705,-0.0579,-0.0,0.0,48.2344,99.2153 99.2551 0 0,-0.0372,False,True,0.1152
1263,follow_figure8,96.5097,100.1762,-0.0633,-0.0,0.0,47.7347,99.2153 99.2551 0 0,-0.0367,False,True,0.1143
1264,follow_figure8,96.5101,100.1819,-0.0691,-0.0,0.0,47.2369,99.2153 99.2551 0 0,-0.0361,False,True,0.1137
1265,follow_figure8,96.5107,100.1875,-0.0751,-0.0,0.0,46.7414,99.2153 99.2551 0 0,-0.0354,False,True,0.1131
1266,follow_figure8,96.5114,100.1931,-0.0811,-0.0,0.0,46.2485,99.2153 99.2551 0 0,-0.0347,False,True,0.1124
1267,follow_figure8,96.5123,100.1986,-0.087,-0.0,0.0,45.7589,99.2153 99.2551 0 0,-0.0341,False,True,0.1121
1268,follow_figure8,96.5134,100.2041,-0.0924,-0.0,0.0,45.2728,99.2153 99.2551 0 0,-0.0333,False,True,0.1118
1269,follow_figure8,96.5146,100.2095,-0.0974,-0.0,0.0,44.7906,99.2153 99.2551 0 0,-0.0326,False,True,0.1115
1270,follow_figure8,96.516,100.2149,-0.1016,-0.0,0.0,44.3125,99.2153 99.2551 0 0,-0.0318,False,True,0.1112
1271,follow_figure8,96.5175,100.2202,-0.1051,-0.0,0.0,43.8387,99.2153 99.2551 0 0,-0.031,False,True,0.1112
1272,follow_figure8,96.5192,100.2255,-0.1077,-0.0,0.0,43.3694,99.2153 99.2551 0 0,-0.0302,False,True,0.1111
1273,follow_figure8,96.521,100.2308,-0.1094,-0.0,0.0,42.9045,99.2153 99.2551 0 0,-0.0294,False,True,0.1112
1274,follow_figure8,96.523,100.236,-0.11,-0.0,0.0,42.4442,99.2153 99.2551 0 0,-0.0286,False,True,0.1114
1275,follow_figure8,96.5251,100.2412,-0.1096,-0.0,0.0,41.9882,99.2153 99.2551 0 0,-0.0279,False,True,0.1117
1276,follow_figure8,96.5274,100.2463,-0.1081,-0.0,0.0,41.5365,99.2153 99.2551 0 0,-0.0271,False,True,0.112
1277,follow_figure8,96.5298,100.2513,-0.1056,-0.0,0.0,41.0886,99.2153 99.2551 0 0,-0.0264,False,True,0.1122
1278,follow_figure8,96.5324,100.2563,-0.1022,-0.0,0.0,40.6445,99.2153 99.2551 0 0,-0.0257,False,True,0.1128
1279,follow_figure8,96.5351,100.2613,-0.098,-0.0,0.0,40.2038,99.2153 99.2551 0 0,-0.025,False,True,0.1134
1280,follow_figure8,96.538,100.2663,-0.093,-0.0,0.0,39.766,99.2153 99.2551 0 0,-0.0244,False,True,0.1139
1281,follow_figure8,96.541,100.2711,-0.0876,-0.0,0.0,39.3308,99.2153 99.2551 0 0,-0.0238,False,True,0.1144
1282,follow_figure8,96.5441,100.276,-0.0817,-0.0,0.0,38.8979,99.2153 99.2551 0 0,-0.0232,False,True,0.1153
1283,follow_figure8,96.5474,100.2807,-0.0757,-0.0,0.0,38.4667,99.2153 99.2551 0 0,-0.0227,False,True,0.1158
1284,follow_figure8,96.5508,100.2855,-0.0697,-0.0,0.0,38.0369,99.2153 99.2551 0 0,-0.0222,False,True,0.1168
1285,follow_figure8,96.5543,100.2902,-0.0639,-0.0,0.0,37.6082,99.2153 99.2551 0 0,-0.0218,False,True,0.1175
1286,follow_figure8,96.558,100.2948,-0.0585,-0.0,0.0,37.1801,99.2153 99.2551 0 0,-0.0213,False,True,0.1185
1287,follow_figure8,96.5618,100.2994,-0.0536,-0.0,0.0,36.7524,99.2153 99.2551 0 0,-0.021,False,True,0.1194
1288,follow_figure8,96.5657,100.304,-0.0493,-0.0,0.0,36.3249,99.2153 99.2551 0 0,-0.0206,False,True,0.1202
1289,follow_figure8,96.5697,100.3085,-0.0459,-0.0,0.0,35.8973,99.2153 99.2551 0 0,-0.0202,False,True,0.1212
1290,follow_figure8,96.5739,100.313,-0.0434,-0.0,0.0,35.4696,99.2153 99.2551 0 0,-0.0198,False,True,0.1221
1291,follow_figure8,96.5782,100.3174,-0.0418,-0.0,0.0,35.0415,99.2153 99.2551 0 0,-0.0195,False,True,0.1232
1292,follow_figure8,96.5826,100.3218,-0.0412,-0.0,0.0,34.6131,99.2153 99.2551 0 0,-0.0191,False,True,0.1242
1293,follow_figure8,96.5871,100.3261,-0.0417,-0.0,0.0,34.1845,99.2153 99.2551 0 0,-0.0188,False,True,0.1253
1294,follow_figure8,96.5918,100.3304,-0.0433,-0.0,0.0,33.7557,99.2153 99.2551 0 0,-0.0184,False,True,0.1263
1295,follow_figure8,96.5965,100.3346,-0.0458,-0.0,0.0,33.327,99.2153 99.2551 0 0,-0.0181,False,True,0.1273
1296,follow_figure8,96.6014,100.3389,-0.0493,-0.0,0.0,32.8985,99.2153 99.2551 0 0,-0.0177,False,True,0.1285
1297,follow_figure8,96.6063,100.343,-0.0536,-0.0,0.0,32.4706,99.2153 99.2551 0 0,-0.0173,False,True,0.1295
1298,follow_figure8,96.6114,100.3471,-0.0585,-0.0,0.0,32.0436,99.2153 99.2551 0 0,-0.0169,False,True,0.1307
1299,follow_figure8,96.6166,100.3512,-0.0641,-0.0,0.0,31.6178,99.2153 99.2551 0 0,-0.0165,False,True,0.1316
1300,follow_figure8,96.6219,100.3552,-0.0699,-0.0,0.0,31.1936,99.2153 99.2551 0 0,-0.0161,False,True,0.1328
1301,follow_figure8,96.6273,100.3592,-0.0759,-0.0,0.0,30.7715,99.2153 99.2551 0 0,-0.0156,False,True,0.1338
1302,follow_figure8,96.6327,100.3631,-0.0819,-0.0,0.0,30.3516,99.2153 99.2551 0 0,-0.0152,False,True,0.1349
1303,follow_figure8,96.6383,100.367,-0.0877,-0.0,0.0,29.9345,99.2153 99.2551 0 0,-0.0147,False,True,0.136
1304,follow_figure8,96.644,100.3709,-0.0931,-0.0,0.0,29.5203,99.2153 99.2551 0 0,-0.0142,False,True,0.1371
1305,follow_figure8,96.6497,100.3747,-0.098,-0.0,0.0,29.1095,99.2153 99.2551 0 0,-0.0137,False,True,0.138
1306,follow_figure8,96.6556,100.3784,-0.1021,-0.0,0.0,28.7021,99.2153 99.2551 0 0,-0.0131,False,True,0.1392
1307,follow_figure8,96.6615,100.3821,-0.1055,-0.0,0.0,28.2984,99.2153 99.2551 0 0,-0.0126,False,True,0.1401
1308,follow_figure8,96.6675,100.3858,-0.108,-0.0,0.0,27.8984,99.2153 99.2551 0 0,-0.0121,False,True,0.1411
1309,follow_figure8,96.6737,100.3895,-0.1095,-0.0,0.0,27.5022,99.2153 99.2551 0 0,-0.0115,False,True,0.1423
1310,follow_figure8,96.6798,100.3931,-0.11,-0.0,0.0,27.1097,99.2153 99.2551 0 0,-0.011,False,True,0.143
1311,follow_figure8,96.6861,100.3966,-0.1094,-0.0,0.0,26.721,99.2153 99.2551 0 0,-0.0104,False,True,0.1442
1312,follow_figure8,96.6924,100.4001,-0.1078,-0.0,0.0,26.3357,99.2153 99.2551 0 0,-0.01,False,True,0.145
1313,follow_figure8,96.6989,100.4036,-0.1052,-0.0,0.0,25.9538,99.2153 99.2551 0 0,-0.0095,False,True,0.146
1314,follow_figure8,96.7054,100.4071,-0.1017,-0.0,0.0,25.575,99.2153 99.2551 0 0,-0.009,False,True,0.147
1315,follow_figure8,96.7119,100.4104,-0.0974,-0.0,0.0,25.199,99.2153 99.2551 0 0,-0.0086,False,True,0.1478
1316,follow_figure8,96.7185,100.4138,-0.0923,-0.0,0.0,24.8254,99.2153 99.2551 0 0,-0.0082,False,True,0.1486
1317,follow_figure8,96.7252,100.4171,-0.0868,-0.0,0.0,24.4541,99.2153 99.2551 0 0,-0.0079,False,True,0.1495
1318,follow_figure8,96.732,100.4204,-0.0809,-0.0,0.0,24.0846,99.2153 99.2551 0 0,-0.0076,False,True,0.1503
1319,follow_figure8,96.7388,100.4237,-0.0749,-0.0,0.0,23.7166,99.2153 99.2551 0 0,-0.0073,False,True,0.1512
1320,follow_figure8,96.7457,100.4269,-0.0689,-0.0,0.0,23.3498,99.2153 99.2551 0 0,-0.007,False,True,0.152
1321,follow_figure8,96.7527,100.43,-0.0632,-0.0,0.0,22.9839,99.2153 99.2551 0 0,-0.0068,False,True,0.1528
1322,follow_figure8,96.7597,100.4332,-0.0578,-0.0,0.0,22.6186,99.2153 99.2551 0 0,-0.0066,False,True,0.1535
1323,follow_figure8,96.7667,100.4363,-0.053,-0.0,0.0,22.2535,99.2153 99.2551 0 0,-0.0064,False,True,0.1541
1324,follow_figure8,96.7738,100.4393,-0.0488,-0.0,0.0,21.8887,99.2153 99.2551 0 0,-0.0062,False,True,0.155
1325,follow_figure8,96.781,100.4423,-0.0455,-0.0,0.0,21.5237,99.2153 99.2551 0 0,-0.0061,False,True,0.1556
1326,follow_figure8,96.7882,100.4453,-0.0431,-0.0,0.0,21.1586,99.2153 99.2551 0 0,-0.0059,False,True,0.1563
1327,follow_figure8,96.7955,100.4483,-0.0417,-0.0,0.0,20.7933,99.2153 99.2551 0 0,-0.0058,False,True,0.1569
1328,follow_figure8,96.8028,100.4512,-0.0412,-0.0,0.0,20.4277,99.2153 99.2551 0 0,-0.0056,False,True,0.1575
1329,follow_figure8,96.8102,100.4541,-0.0419,-0.0,0.0,20.0619,99.2153 99.2551 0 0,-0.0055,False,True,0.1581
1330,follow_figure8,96.8176,100.4569,-0.0435,-0.0,0.0,19.6961,99.2153 99.2551 0 0,-0.0053,False,True,0.1589
1331,follow_figure8,96.8251,100.4597,-0.0462,-0.0,0.0,19.3302,99.2153 99.2551 0 0,-0.0052,False,True,0.1593
1332,follow_figure8,96.8326,100.4625,-0.0498,-0.0,0.0,18.9646,99.2153 99.2551 0 0,-0.005,False,True,0.1598
1333,follow_figure8,96.8401,100.4652,-0.0542,-0.0,0.0,18.5995,99.2153 99.2551 0 0,-0.0048,False,True,0.1604
1334,follow_figure8,96.8477,100.4679,-0.0592,-0.0,0.0,18.2351,99.2153 99.2551 0 0,-0.0046,False,True,0.1611
1335,follow_figure8,96.8553,100.4706,-0.0648,-0.0,0.0,17.8717,99.2153 99.2551 0 0,-0.0045,False,True,0.1614
1336,follow_figure8,96.8629,100.4733,-0.0707,-0.0,0.0,17.5097,99.2153 99.2551 0 0,-0.0043,False,True,0.1618
1337,follow_figure8,96.8706,100.4759,-0.0767,-0.0,0.0,17.1493,99.2153 99.2551 0 0,-0.004,False,True,0.1624
1338,follow_figure8,96.8783,100.4784,-0.0827,-0.0,0.0,16.7909,99.2153 99.2551 0 0,-0.0038,False,True,0.1628
1339,follow_figure8,96.8861,100.481,-0.0884,-0.0,0.0,16.4347,99.2153 99.2551 0 0,-0.0035,False,True,0.1631
1340,follow_figure8,96.8939,100.4835,-0.0938,-0.0,0.0,16.081,99.2153 99.2551 0 0,-0.0032,False,True,0.1635
1341,follow_figure8,96.9017,100.486,-0.0986,-0.0,0.0,15.7301,99.2153 99.2551 0 0,-0.0029,False,True,0.1641
1342,follow_figure8,96.9095,100.4884,-0.1026,-0.0,0.0,15.382,99.2153 99.2551 0 0,-0.0026,False,True,0.1643
1343,follow_figure8,96.9174,100.4908,-0.1059,-0.0,0.0,15.0369,99.2153 99.2551 0 0,-0.0023,False,True,0.1645
1344,follow_figure8,96.9253,100.4932,-0.1083,-0.0,0.0,14.695,99.2153 99.2551 0 0,-0.002,False,True,0.1649
1345,follow_figure8,96.9332,100.4955,-0.1096,-0.0,0.0,14.3561,99.2153 99.2551 0 0,-0.0017,False,True,0.1652
1346,follow_figure8,96.9412,100.4979,-0.11,-0.0,0.0,14.0204,99.2153 99.2551 0 0,-0.0013,False,True,0.1656
1347,follow_figure8,96.9491,100.5002,-0.1093,-0.0,0.0,13.6877,99.2153 99.2551 0 0,-0.001,False,True,0.1657
1348,follow_figure8,96.9571,100.5024,-0.1076,-0.0,0.0,13.3579,99.2153 99.2551 0 0,-0.0007,False,True,0.1662
1349,follow_figure8,96.9651,100.5046,-0.1048,-0.0,0.0,13.0309,99.2153 99.2551 0 0,-0.0005,False,True,0.1663
1350,follow_figure8,96.9732,100.5068,-0.1012,-0.0,0.0,12.7064,99.2153 99.2551 0 0,-0.0002,False,True,0.1664
1351,follow_figure8,96.9812,100.509,-0.0967,-0.0,0.0,12.3842,99.2153 99.2551 0 0,0.0,False,True,0.1668
1352,follow_figure8,96.9893,100.5112,-0.0916,-0.0,0.0,12.064,99.2153 99.2551 0 0,0.0002,False,True,0.167
1353,follow_figure8,96.9974,100.5133,-0.0861,-0.0,0.0,11.7456,99.2153 99.2551 0 0,0.0004,False,True,0.167
1354,follow_figure8,97.0055,100.5154,-0.0802,-0.0,0.0,11.4287,99.2153 99.2551 0 0,0.0005,False,True,0.1674
1355,follow_figure8,97.0136,100.5174,-0.0741,-0.0,0.0,11.113,99.2153 99.2551 0 0,0.0007,False,True,0.1675
1356,follow_figure8,97.0217,100.5195,-0.0682,-0.0,0.0,10.7983,99.2153 99.2551 0 0,0.0007,False,True,0.1675
1357,follow_figure8,97.0299,100.5215,-0.0624,-0.0,0.0,10.4842,99.2153 99.2551 0 0,0.0008,False,True,0.1677
1358,follow_figure8,97.038,100.5234,-0.0571,-0.0,0.0,10.1705,99.2153 99.2551 0 0,0.0009,False,True,0.1678
1359,follow_figure8,97.0462,100.5254,-0.0524,-0.0,0.0,9.8571,99.2153 99.2551 0 0,0.0009,False,True,0.1679
1360,follow_figure8,97.0544,100.5273,-0.0484,-0.0,0.0,9.5437,99.2153 99.2551 0 0,0.001,False,True,0.168
1361,follow_figure8,97.0625,100.5292,-0.0451,-0.0,0.0,9.2302,99.2153 99.2551 0 0,0.001,False,True,0.1681
1362,follow_figure8,97.0707,100.5311,-0.0428,-0.0,0.0,8.9166,99.2153 99.2551 0 0,0.001,False,True,0.1681
1363,follow_figure8,97.0789,100.5329,-0.0415,-0.0,0.0,8.6026,99.2153 99.2551 0 0,0.001,False,True,0.1683
1364,follow_figure8,97.0872,100.5347,-0.0413,-0.0,0.0,8.2885,99.2153 99.2551 0 0,0.001,False,True,0.1682
1365,follow_figure8,97.0954,100.5365,-0.042,-0.0,0.0,7.974,99.2153 99.2551 0 0,0.0011,False,True,0.1684
1366,follow_figure8,97.1036,100.5383,-0.0438,-0.0,0.0,7.6595,99.2153 99.2551 0 0,0.0011,False,True,0.1683
1367,follow_figure8,97.1118,100.54,-0.0466,-0.0,0.0,7.3449,99.2153 99.2551 0 0,0.0011,False,True,0.1683
1368,follow_figure8,97.1201,100.5418,-0.0503,-0.0,0.0,7.0305,99.2153 99.2551 0 0,0.0012,False,True,0.1682
1369,follow_figure8,97.1283,100.5434,-0.0548,-0.0,0.0,6.7164,99.2153 99.2551 0 0,0.0013,False,True,0.1684
1370,follow_figure8,97.1366,100.5451,-0.06,-0.0,0.0,6.4029,99.2153 99.2551 0 0,0.0013,False,True,0.1681
1371,follow_figure8,97.1448,100.5468,-0.0656,-0.0,0.0,6.0903,99.2153 99.2551 0 0,0.0014,False,True,0.1683
1372,follow_figure8,97.1531,100.5484,-0.0715,-0.0,0.0,5.7787,99.2153 99.2551 0 0,0.0015,False,True,0.1681
1373,follow_figure8,97.1613,100.55,-0.0775,-0.0,0.0,5.4684,99.2153 99.2551 0 0,0.0016,False,True,0.1681
1374,follow_figure8,97.1696,100.5515,-0.0835,-0.0,0.0,5.1597,99.2153 99.2551 0 0,0.0017,False,True,0.1681
1375,follow_figure8,97.1778,100.5531,-0.0892,-0.0,0.0,4.8529,99.2153 99.2551 0 0,0.0018,False,True,0.1679
1376,follow_figure8,97.1861,100.5546,-0.0944,-0.0,0.0,4.5481,99.2153 99.2551 0 0,0.002,False,True,0.168
1377,follow_figure8,97.1943,100.5561,-0.0991,-0.0,0.0,4.2456,99.2153 99.2551 0 0,0.0022,False,True,0.1678
1378,follow_figure8,97.2026,100.5575,-0.1031,-0.0,0.0,3.9454,99.2153 99.2551 0 0,0.0023,False,True,0.1677
1379,follow_figure8,97.2109,100.559,-0.1063,-0.0,0.0,3.6477,99.2153 99.2551 0 0,0.0025,False,True,0.1676
1380,follow_figure8,97.2191,100.5604,-0.1085,-0.0,0.0,3.3525,99.2153 99.2551 0 0,0.0027,False,True,0.1675
1381,follow_figure8,97.2274,100.5618,-0.1097,-0.0,0.0,3.06,99.2153 99.2551 0 0,0.003,False,True,0.1674
1382,follow_figure8,97.2356,100.5632,-0.11,-0.0,0.0,2.7699,99.2153 99.2551 0 0,0.0032,False,True,0.1674
1383,follow_figure8,97.2439,100.5645,-0.1091,-0.0,0.0,2.4824,99.2153 99.2551 0 0,0.0033,False,True,0.1671
1384,follow_figure8,97.2521,100.5659,-0.1072,-0.0,0.0,2.1972,99.2153 99.2551 0 0,0.0035,False,True,0.1669
1385,follow_figure8,97.2603,100.5672,-0.1044,-0.0,0.0,1.9142,99.2153 99.2551 0 0,0.0037,False,True,0.1668
1386,follow_figure8,97.2686,100.5685,-0.1006,-0.0,0.0,1.6333,99.2153 99.2551 0 0,0.0038,False,True,0.1668
1387,follow_figure8,97.2768,100.5697,-0.0961,-0.0,0.0,1.3543,99.2153 99.2551 0 0,0.004,False,True,0.1666
1388,follow_figure8,97.285,100.571,-0.0909,-0.0,0.0,1.0769,99.2153 99.2551 0 0,0.0041,False,True,0.1664
1389,follow_figure8,97.2933,100.5722,-0.0853,-0.0,0.0,0.8009,99.2153 99.2551 0 0,0.0042,False,True,0.1663
1390,follow_figure8,97.3015,100.5734,-0.0794,-0.0,0.0,0.5261,99.2153 99.2551 0 0,0.0042,False,True,0.1661
1391,follow_figure8,97.3097,100.5746,-0.0733,-0.0,0.0,0.2522,99.2153 99.2551 0 0,0.0042,False,True,0.1659
1392,follow_figure8,97.3179,100.5757,-0.0674,-0.0,-0.0,-0.021,99.2153 99.2551 0 0,0.0043,False,True,0.1658
1393,follow_figure8,97.3261,100.5768,-0.0617,-0.0,-0.0,-0.2937,99.2153 99.2551 0 0,0.0043,False,True,0.1654
1394,follow_figure8,97.3343,100.578,-0.0565,-0.0,-0.0,-0.5662,99.2153 99.2551 0 0,0.0043,False,True,0.1654
1395,follow_figure8,97.3425,100.5791,-0.0518,-0.0,-0.0,-0.8386,99.2153 99.2551 0 0,0.0042,False,True,0.1652
1396,follow_figure8,97.3506,100.5801,-0.0479,-0.0,-0.0,-1.111,99.2153 99.2551 0 0,0.0042,False,True,0.1648
1397,follow_figure8,97.3588,100.5812,-0.0448,-0.0,-0.0,-1.3836,99.2153 99.2551 0 0,0.0042,False,True,0.1648
1398,follow_figure8,97.367,100.5822,-0.0426,-0.0,-0.0,-1.6565,99.2153 99.2551 0 0,0.0042,False,True,0.1646
1399,follow_figure8,97.3751,100.5832,-0.0414,-0.0,-0.0,-1.9297,99.2153 99.2551 0 0,0.0041,False,True,0.1644
1400,follow_figure8,97.3833,100.5842,-0.0413,-0.0,-0.0,-2.2032,99.2153 99.2551 0 0,0.0041,False,True,0.164
1401,follow_figure8,97.3914,100.5852,-0.0422,-0.0,-0.0,-2.477,99.2153 99.2551 0 0,0.0041,False,True,0.164
1402,follow_figure8,97.3995,100.5861,-0.0441,-0.0,-0.0,-2.751,99.2153 99.2551 0 0,0.004,False,True,0.1636
1403,follow_figure8,97.4077,100.587,-0.0471,-0.0,-0.0,-3.0251,99.2153 99.2551 0 0,0.004,False,True,0.1634
1404,follow_figure8,97.4158,100.588,-0.0509,-0.0,-0.0,-3.2991,99.2153 99.2551 0 0,0.004,False,True,0.1632
1405,follow_figure8,97.4239,100.5888,-0.0555,-0.0,-0.0,-3.573,99.2153 99.2551 0 0,0.004,False,True,0.1629
1406,follow_figure8,97.432,100.5897,-0.0607,-0.0,-0.0,-3.8464,99.2153 99.2551 0 0,0.004,False,True,0.1627
1407,follow_figure8,97.44,100.5905,-0.0663,-0.0,-0.0,-4.1192,99.2153 99.2551 0 0,0.0041,False,True,0.1625
1408,follow_figure8,97.4481,100.5914,-0.0723,-0.0,-0.0,-4.3912,99.2153 99.2551 0 0,0.0041,False,True,0.1623
1409,follow_figure8,97.4562,100.5922,-0.0783,-0.0,-0.0,-4.6621,99.2153 99.2551 0 0,0.0041,False,True,0.1619
1410,follow_figure8,97.4642,100.593,-0.0842,-0.0,-0.0,-4.9317,99.2153 99.2551 0 0,0.0042,False,True,0.1617
1411,follow_figure8,97.4722,100.5937,-0.0899,-0.0,-0.0,-5.1999,99.2153 99.2551 0 0,0.0043,False,True,0.1614
1412,follow_figure8,97.4803,100.5945,-0.0951,-0.0,-0.0,-5.4663,99.2153 99.2551 0 0,0.0044,False,True,0.1612
1413,follow_figure8,97.4883,100.5952,-0.0997,-0.0,-0.0,-5.731,99.2153 99.2551 0 0,0.0045,False,True,0.161
1414,follow_figure8,97.4963,100.5959,-0.1036,-0.0,-0.0,-5.9937,99.2153 99.2551 0 0,0.0046,False,True,0.1607
1415,follow_figure8,97.5043,100.5966,-0.1066,-0.0,-0.0,-6.2544,99.2153 99.2551 0 0,0.0047,False,True,0.1603
1416,follow_figure8,97.5123,100.5972,-0.1087,-0.0,-0.0,-6.513,99.2153 99.2551 0 0,0.0049,False,True,0.1602
1417,follow_figure8,97.5202,100.5979,-0.1098,-0.0,-0.0,-6.7694,99.2153 99.2551 0 0,0.005,False,True,0.1598
1418,follow_figure8,97.5282,100.5985,-0.1099,-0.0,-0.0,-7.0238,99.2153 99.2551 0 0,0.0052,False,True,0.1596
1419,follow_figure8,97.5361,100.5991,-0.1089,-0.0,-0.0,-7.2762,99.2153 99.2551 0 0,0.0053,False,True,0.1593
1420,follow_figure8,97.5441,100.5997,-0.1069,-0.0,-0.0,-7.5266,99.2153 99.2551 0 0,0.0054,False,True,0.1591
1421,follow_figure8,97.552,100.6003,-0.1039,-0.0,-0.0,-7.7752,99.2153 99.2551 0 0,0.0055,False,True,0.1588
1422,follow_figure8,97.5599,100.6008,-0.1001,-0.0,-0.0,-8.0222,99.2153 99.2551 0 0,0.0056,False,True,0.1585
1423,follow_figure8,97.5678,100.6014,-0.0954,-0.0,-0.0,-8.2677,99.2153 99.2551 0 0,0.0057,False,True,0.1583
1424,follow_figure8,97.5757,100.6019,-0.0902,-0.0,-0.0,-8.5119,99.2153 99.2551 0 0,0.0058,False,True,0.158
1425,follow_figure8,97.5835,100.6024,-0.0845,-0.0,-0.0,-8.7549,99.2153 99.2551 0 0,0.0058,False,True,0.1576
1426,follow_figure8,97.5914,100.6028,-0.0786,-0.0,-0.0,-8.9972,99.2153 99.2551 0 0,0.0058,False,True,0.1575
1427,follow_figure8,97.5992,100.6033,-0.0725,-0.0,-0.0,-9.2387,99.2153 99.2551 0 0,0.0058,False,True,0.157
1428,follow_figure8,97.607,100.6037,-0.0666,-0.0,-0.0,-9.4798,99.2153 99.2551 0 0,0.0058,False,True,0.1568
1429,follow_figure8,97.6149,100.6041,-0.061,-0.0,-0.0,-9.7205,99.2153 99.2551 0 0,0.0058,False,True,0.1566
1430,follow_figure8,97.6227,100.6045,-0.0558,-0.0,-0.0,-9.9612,99.2153 99.2551 0 0,0.0057,False,True,0.1562
1431,follow_figure8,97.6305,100.6049,-0.0513,-0.0,-0.0,-10.2019,99.2153 99.2551 0 0,0.0057,False,True,0.156
1432,follow_figure8,97.6382,100.6053,-0.0474,-0.0,-0.0,-10.4428,99.2153 99.2551 0 0,0.0056,False,True,0.1557
1433,follow_figure8,97.646,100.6056,-0.0444,-0.0,-0.0,-10.684,99.2153 99.2551 0 0,0.0056,False,True,0.1553
1434,follow_figure8,97.6537,100.6059,-0.0424,-0.0,-0.0,-10.9256,99.2153 99.2551 0 0,0.0055,False,True,0.155
1435,follow_figure8,97.6615,100.6063,-0.0414,-0.0,-0.0,-11.1675,99.2153 99.2551 0 0,0.0055,False,True,0.1548
1436,follow_figure8,97.6692,100.6065,-0.0414,-0.0,-0.0,-11.4098,99.2153 99.2551 0 0,0.0054,False,True,0.1544
1437,follow_figure8,97.6769,100.6068,-0.0424,-0.0,-0.0,-11.6524,99.2153 99.2551 0 0,0.0054,False,True,0.1542
1438,follow_figure8,97.6846,100.6071,-0.0445,-0.0,-0.0,-11.8954,99.2153 99.2551 0 0,0.0053,False,True,0.1539
1439,follow_figure8,97.6923,100.6073,-0.0475,-0.0,-0.0,-12.1385,99.2153 99.2551 0 0,0.0053,False,True,0.1536
1440,follow_figure8,97.6999,100.6075,-0.0514,-0.0,-0.0,-12.3817,99.2153 99.2551 0 0,0.0053,False,True,0.1533
1441,follow_figure8,97.7076,100.6077,-0.0561,-0.0,-0.0,-12.6249,99.2153 99.2551 0 0,0.0052,False,True,0.1529
1442,follow_figure8,97.7152,100.6079,-0.0614,-0.0,-0.0,-12.8677,99.2153 99.2551 0 0,0.0052,False,True,0.1528
1443,follow_figure8,97.7228,100.608,-0.0671,-0.0,-0.0,-13.1102,99.2153 99.2551 0 0,0.0052,False,True,0.1523
1444,follow_figure8,97.7304,100.6081,-0.0731,-0.0,-0.0,-13.352,99.2153 99.2551 0 0,0.0052,False,True,0.1522
1445,follow_figure8,97.738,100.6083,-0.0791,-0.0,-0.0,-13.5929,99.2153 99.2551 0 0,0.0052,False,True,0.1518
1446,follow_figure8,97.7456,100.6084,-0.085,-0.0,-0.0,-13.8329,99.2153 99.2551 0 0,0.0053,False,True,0.1514
1447,follow_figure8,97.7531,100.6084,-0.0906,-0.0,-0.0,-14.0716,99.2153 99.2551 0 0,0.0053,False,True,0.1512
1448,follow_figure8,97.7607,100.6085,-0.0957,-0.0,-0.0,-14.309,99.2153 99.2551 0 0,0.0054,False,True,0.1509
1449,follow_figure8,97.7682,100.6085,-0.1003,-0.0,-0.0,-14.5449,99.2153 99.2551 0 0,0.0055,False,True,0.1506
1450,follow_figure8,97.7757,100.6085,-0.104,-0.0,-0.0,-14.7792,99.2153 99.2551 0 0,0.0055,False,True,0.1503
1451,follow_figure8,97.7832,100.6085,-0.107,-0.0,-0.0,-15.0118,99.2153 99.2551 0 0,0.0057,False,True,0.15
1452,follow_figure8,97.7907,100.6085,-0.1089,-0.0,-0.0,-15.2427,99.2153 99.2551 0 0,0.0058,False,True,0.1497
1453,follow_figure8,97.7982,100.6085,-0.1099,-0.0,-0.0,-15.4718,99.2153 99.2551 0 0,0.0059,False,True,0.1494
1454,follow_figure8,97.8056,100.6084,-0.1098,-0.0,-0.0,-15.6992,99.2153 99.2551 0 0,0.006,False,True,0.1491
1455,follow_figure8,97.8131,100.6083,-0.1087,-0.0,-0.0,-15.925,99.2153 99.2551 0 0,0.0061,False,True,0.1488
1456,follow_figure8,97.8205,100.6082,-0.1066,-0.0,-0.0,-16.1492,99.2153 99.2551 0 0,0.0062,False,True,0.1485
1457,follow_figure8,97.8279,100.6081,-0.1035,-0.0,-0.0,-16.3719,99.2153 99.2551 0 0,0.0063,False,True,0.1482
1458,follow_figure8,97.8353,100.608,-0.0995,-0.0,-0.0,-16.5933,99.2153 99.2551 0 0,0.0063,False,True,0.1479
1459,follow_figure8,97.8427,100.6078,-0.0948,-0.0,-0.0,-16.8135,99.2153 99.2551 0 0,0.0064,False,True,0.1476
1460,follow_figure8,97.85,100.6077,-0.0895,-0.0,-0.0,-17.0326,99.2153 99.2551 0 0,0.0064,False,True,0.1473
1461,follow_figure8,97.8574,100.6075,-0.0837,-0.0,-0.0,-17.251,99.2153 99.2551 0 0,0.0064,False,True,0.147
1462,follow_figure8,97.8647,100.6072,-0.0778,-0.0,-0.0,-17.4687,99.2153 99.2551 0 0,0.0064,False,True,0.1467
1463,follow_figure8,97.872,100.607,-0.0718,-0.0,-0.0,-17.6859,99.2153 99.2551 0 0,0.0064,False,True,0.1464
1464,follow_figure8,97.8793,100.6068,-0.0659,-0.0,-0.0,-17.9029,99.2153 99.2551 0 0,0.0064,False,True,0.1461
1465,follow_figure8,97.8866,100.6065,-0.0603,-0.0,-0.0,-18.1198,99.2153 99.2551 0 0,0.0063,False,True,0.1458
1466,follow_figure8,97.8939,100.6062,-0.0552,-0.0,-0.0,-18.3366,99.2153 99.2551 0 0,0.0063,False,True,0.1455
1467,follow_figure8,97.9011,100.6059,-0.0507,-0.0,-0.0,-18.5537,99.2153 99.2551 0 0,0.0062,False,True,0.1452
1468,follow_figure8,97.9084,100.6056,-0.047,-0.0,-0.0,-18.771,99.2153 99.2551 0 0,0.0062,False,True,0.145
1469,follow_figure8,97.9156,100.6052,-0.0441,-0.0,-0.0,-18.9887,99.2153 99.2551 0 0,0.0061,False,True,0.1447
1470,follow_figure8,97.9228,100.6049,-0.0422,-0.0,-0.0,-19.2069,99.2153 99.2551 0 0,0.006,False,True,0.1444
1471,follow_figure8,97.93,100.6045,-0.0413,-0.0,-0.0,-19.4255,99.2153 99.2551 0 0,0.0059,False,True,0.1439
1472,follow_figure8,97.9372,100.6041,-0.0414,-0.0,-0.0,-19.6445,99.2153 99.2551 0 0,0.0059,False,True,0.1438
1473,follow_figure8,97.9444,100.6036,-0.0426,-0.0,-0.0,-19.864,99.2153 99.2551 0 0,0.0059,False,True,0.1435
1474,follow_figure8,97.9515,100.6032,-0.0448,-0.0,-0.0,-20.0839,99.2153 99.2551 0 0,0.0058,False,True,0.1431
1475,follow_figure8,97.9586,100.6027,-0.048,-0.0,-0.0,-20.304,99.2153 99.2551 0 0,0.0058,False,True,0.143
1476,follow_figure8,97.9657,100.6023,-0.052,-0.0,-0.0,-20.5244,99.2153 99.2551 0 0,0.0057,False,True,0.1425
1477,follow_figure8,97.9728,100.6018,-0.0568,-0.0,-0.0,-20.7447,99.2153 99.2551 0 0,0.0057,False,True,0.1424
1478,follow_figure8,97.9799,100.6012,-0.0621,-0.0,-0.0,-20.9649,99.2153 99.2551 0 0,0.0056,False,True,0.142
1479,follow_figure8,97.987,100.6007,-0.0679,-0.0,-0.0,-21.1848,99.2153 99.2551 0 0,0.0056,False,True,0.1419
1480,follow_figure8,97.994,100.6002,-0.0739,-0.0,-0.0,-21.4042,99.2153 99.2551 0 0,0.0056,False,True,0.1414
1481,follow_figure8,98.0011,100.5996,-0.0799,-0.0,-0.0,-21.623,99.2153 99.2551 0 0,0.0056,False,True,0.1412
1482,follow_figure8,98.0081,100.599,-0.0858,-0.0,-0.0,-21.841,99.2153 99.2551 0 0,0.0056,False,True,0.1409
1483,follow_figure8,98.0151,100.5984,-0.0913,-0.0,-0.0,-22.058,99.2153 99.2551 0 0,0.0057,False,True,0.1406
1484,follow_figure8,98.0221,100.5978,-0.0964,-0.0,-0.0,-22.2738,99.2153 99.2551 0 0,0.0057,False,True,0.1403
1485,follow_figure8,98.0291,100.5971,-0.1008,-0.0,-0.0,-22.4885,99.2153 99.2551 0 0,0.0058,False,True,0.1401
1486,follow_figure8,98.036,100.5965,-0.1045,-0.0,-0.0,-22.7017,99.2153 99.2551 0 0,0.0058,False,True,0.1398
1487,follow_figure8,98.043,100.5958,-0.1073,-0.0,-0.0,-22.9136,99.2153 99.2551 0 0,0.0059,False,True,0.1395
1488,follow_figure8,98.0499,100.5951,-0.1091,-0.0,-0.0,-23.1241,99.2153 99.2551 0 0,0.006,False,True,0.1391
1489,follow_figure8,98.0568,100.5944,-0.11,-0.0,-0.0,-23.333,99.2153 99.2551 0 0,0.0061,False,True,0.139
1490,follow_figure8,98.0637,100.5936,-0.1098,-0.0,-0.0,-23.5406,99.2153 99.2551 0 0,0.0062,False,True,0.1387
1491,follow_figure8,98.0706,100.5929,-0.1085,-0.0,-0.0,-23.7467,99.2153 99.2551 0 0,0.0062,False,True,0.1383
1492,follow_figure8,98.0774,100.5921,-0.1062,-0.0,-0.0,-23.9516,99.2153 99.2551 0 0,0.0063,False,True,0.1382
1493,follow_figure8,98.0843,100.5914,-0.103,-0.0,-0.0,-24.1552,99.2153 99.2551 0 0,0.0064,False,True,0.1378
1494,follow_figure8,98.0911,100.5906,-0.0989,-0.0,-0.0,-24.3578,99.2153 99.2551 0 0,0.0064,False,True,0.1375
1495,follow_figure8,98.0979,100.5897,-0.0941,-0.0,-0.0,-24.5594,99.2153 99.2551 0 0,0.0065,False,True,0.1372
1496,follow_figure8,98.1047,100.5889,-0.0887,-0.0,-0.0,-24.7602,99.2153 99.2551 0 0,0.0065,False,True,0.1371
1497,follow_figure8,98.1115,100.5881,-0.083,-0.0,-0.0,-24.9604,99.2153 99.2551 0 0,0.0065,False,True,0.1367
1498,follow_figure8,98.1183,100.5872,-0.077,-0.0,-0.0,-25.1601,100 100 0 0,0.0065,False,True,0.1364
1499,follow_figure8,98.125,100.5863,-0.071,-0.0,-0.0,-25.3539,100 100 0 0,0.0072,False,True,0.1363
1500,follow_figure8,98.1318,100.5854,-0.0651,-0.0,-0.0,-25.5371,100 100 0 0,0.0079,False,True,0.1364
1501,follow_figure8,98.1385,100.5845,-0.0596,-0.0,-0.0,-25.7102,100 100 0 0,0.0086,False,True,0.1364
1502,follow_figure8,98.1453,100.5836,-0.0546,-0.0,-0.0,-25.8738,100 100 0 0,0.0093,False,True,0.1367
1503,follow_figure8,98.1521,100.5826,-0.0502,-0.0,-0.0,-26.0283,100 100 0 0,0.0099,False,True,0.1366
1504,follow_figure8,98.1588,100.5816,-0.0466,-0.0,-0.0,-26.1742,100 100 0 0,0.0105,False,True,0.1366
1505,follow_figure8,98.1656,100.5806,-0.0438,-0.0,-0.0,-26.312,100 100 0 0,0.011,False,True,0.1367
1506,follow_figure8,98.1724,100.5796,-0.042,-0.0,-0.0,-26.4419,100 100 0 0,0.0116,False,True,0.1367
1507,follow_figure8,98.1791,100.5786,-0.0413,-0.0,-0.0,-26.5642,100 100 0 0,0.0121,False,True,0.1366
1508,follow_figure8,98.1859,100.5775,-0.0415,-0.0,-0.0,-26.6793,100 100 0 0,0.0126,False,True,0.1367
1509,follow_figure8,98.1926,100.5764,-0.0428,-0.0,-0.0,-26.7874,100 100 0 0,0.0131,False,True,0.1367
1510,follow_figure8,98.1994,100.5753,-0.0452,-0.0,-0.0,-26.8887,100 100 0 0,0.0136,False,True,0.1366
1511,follow_figure8,98.2061,100.5742,-0.0485,-0.0,-0.0,-26.9835,100 100 0 0,0.014,False,True,0.1365
1512,follow_figure8,98.2128,100.5731,-0.0526,-0.0,-0.0,-27.0718,100 100 0 0,0.0145,False,True,0.1366
1513,follow_figure8,98.2196,100.572,-0.0574,-0.0,-0.0,-27.154,100 100 0 0,0.0149,False,True,0.1366
1514,follow_figure8,98.2263,100.5708,-0.0629,-0.0,-0.0,-27.2302,100 100 0 0,0.0153,False,True,0.1365
1515,follow_figure8,98.233,100.5697,-0.0687,-0.0,-0.0,-27.3005,100 100 0 0,0.0157,False,True,0.1364
1516,follow_figure8,98.2397,100.5685,-0.0746,-0.0,-0.0,-27.365,100 100 0 0,0.016,False,True,0.1363
1517,follow_figure8,98.2464,100.5673,-0.0807,-0.0,-0.0,-27.4241,100 100 0 0,0.0164,False,True,0.1363
1518,follow_figure8,98.2531,100.5661,-0.0865,-0.0,-0.0,-27.4778,100 100 0 0,0.0167,False,True,0.1361
1519,follow_figure8,98.2598,100.5649,-0.092,-0.0,-0.0,-27.5263,100 100 0 0,0.0171,False,True,0.1361
1520,follow_figure8,98.2665,100.5637,-0.097,-0.0,-0.0,-27.5697,100 100 0 0,0.0174,False,True,0.136
1521,follow_figure8,98.2732,100.5625,-0.1013,-0.0,-0.0,-27.6083,100 100 0 0,0.0178,False,True,0.1361
1522,follow_figure8,98.2799,100.5612,-0.1049,-0.0,-0.0,-27.6423,100 100 0 0,0.018,False,True,0.1358
1523,follow_figure8,98.2866,100.56,-0.1076,-0.0,-0.0,-27.6717,100 100 0 0,0.0184,False,True,0.1357
1524,follow_figure8,98.2932,100.5587,-0.1093,-0.0,-0.0,-27.6968,100 100 0 0,0.0186,False,True,0.1355
1525,follow_figure8,98.2999,100.5575,-0.11,-0.0,-0.0,-27.7177,100 100 0 0,0.0189,False,True,0.1354
1526,follow_figure8,98.3065,100.5562,-0.1096,-0.0,-0.0,-27.7347,100 100 0 0,0.0192,False,True,0.1353
1527,follow_figure8,98.3132,100.5549,-0.1083,-0.0,-0.0,-27.7478,100 100 0 0,0.0195,False,True,0.1352
1528,follow_figure8,98.3198,100.5536,-0.1059,-0.0,-0.0,-27.7574,100 100 0 0,0.0197,False,True,0.1351
1529,follow_figure8,98.3264,100.5524,-0.1025,-0.0,-0.0,-27.7634,100 100 0 0,0.0199,False,True,0.1348
1530,follow_figure8,98.333,100.5511,-0.0983,-0.0,-0.0,-27.7661,100 100 0 0,0.0202,False,True,0.1348
1531,follow_figure8,98.3396,100.5498,-0.0934,-0.0,-0.0,-27.7657,100 100 0 0,0.0201,False,True,0.1345
1532,follow_figure8,98.3462,100.5485,-0.088,-0.0,-0.0,-27.7622,100 100 0 0,0.0199,False,True,0.1344
1533,follow_figure8,98.3528,100.5472,-0.0822,-0.0,-0.0,-27.7557,100 100 0 0,0.0196,False,True,0.1343
1534,follow_figure8,98.3594,100.5458,-0.0762,-0.0,-0.0,-27.7465,100 100 0 0,0.0194,False,True,0.134
1535,follow_figure8,98.3659,100.5445,-0.0702,-0.0,-0.0,-27.7346,100 100 0 0,0.0192,False,True,0.1338
1536,follow_figure8,98.3725,100.5432,-0.0644,-0.0,-0.0,-27.7202,100 100 0 0,0.019,False,True,0.1337
1537,follow_figure8,98.379,100.5419,-0.0589,-0.0,-0.0,-27.7032,100 100 0 0,0.0187,False,True,0.1334
1538,follow_figure8,98.3856,100.5406,-0.0539,-0.0,-0.0,-27.6839,100 100 0 0,0.0186,False,True,0.1333
1539,follow_figure8,98.3921,100.5392,-0.0496,-0.0,-0.0,-27.6623,100 100 0 0,0.0184,False,True,0.1331
1540,follow_figure8,98.3986,100.5379,-0.0461,-0.0,-0.0,-27.6385,100 100 0 0,0.0182,False,True,0.1328
1541,follow_figure8,98.4051,100.5366,-0.0435,-0.0,-0.0,-27.6125,100 100 0 0,0.018,False,True,0.1327
1542,follow_figure8,98.4116,100.5352,-0.0419,-0.0,-0.0,-27.5845,100 100 0 0,0.0178,False,True,0.1324
1543,follow_figure8,98.418,100.5339,-0.0412,-0.0,-0.0,-27.5546,100 100 0 0,0.0177,False,True,0.1323
1544,follow_figure8,98.4245,100.5326,-0.0416,-0.0,-0.0,-27.5228,100 100 0 0,0.0175,False,True,0.132
1545,follow_figure8,98.431,100.5312,-0.0431,-0.0,-0.0,-27.4891,100 100 0 0,0.0174,False,True,0.1318
1546,follow_figure8,98.4374,100.5299,-0.0456,-0.0,-0.0,-27.4538,100 100 0 0,0.0172,False,True,0.1315
1547,follow_figure8,98.4438,100.5286,-0.049,-0.0,-0.0,-27.4168,100 100 0 0,0.0171,False,True,0.1314
1548,follow_figure8,98.4502,100.5272,-0.0532,-0.0,-0.0,-27.3783,100 100 0 0,0.0169,False,True,0.1311
1549,follow_figure8,98.4567,100.5259,-0.0581,-0.0,-0.0,-27.3384,100 100 0 0,0.0168,False,True,0.1309
1550,follow_figure8,98.463,100.5246,-0.0636,-0.0,-0.0,-27.2972,100 100 0 0,0.0166,False,True,0.1305
1551,follow_figure8,98.4694,100.5232,-0.0694,-0.0,-0.0,-27.2547,100 100 0 0,0.0165,False,True,0.1305
1552,follow_figure8,98.4758,100.5219,-0.0754,-0.0,-0.0,-27.211,100 100 0 0,0.0164,False,True,0.13
1553,follow_figure8,98.4821,100.5205,-0.0814,-0.0,-0.0,-27.1663,100 100 0 0,0.0163,False,True,0.1299
1554,follow_figure8,98.4885,100.5192,-0.0872,-0.0,-0.0,-27.1207,100 100 0 0,0.0162,False,True,0.1297
1555,follow_figure8,98.4948,100.5179,-0.0927,-0.0,-0.0,-27.0742,100 100 0 0,0.0161,False,True,0.1294
1556,follow_figure8,98.5011,100.5165,-0.0976,-0.0,-0.0,-27.0269,100 100 0 0,0.016,False,True,0.1291
1557,follow_figure8,98.5074,100.5152,-0.1018,-0.0,-0.0,-26.979,100 100 0 0,0.0159,False,True,0.1288
1558,follow_figure8,98.5137,100.5139,-0.1053,-0.0,-0.0,-26.9305,100 100 0 0,0.0158,False,True,0.1285
1559,follow_figure8,98.52,100.5126,-0.1078,-0.0,-0.0,-26.8814,100 100 0 0,0.0157,False,True,0.1284
1560,follow_figure8,98.5263,100.5112,-0.1094,-0.0,-0.0,-26.8319,100 100 0 0,0.0157,False,True,0.1281
1561,follow_figure8,98.5325,100.5099,-0.11,-0.0,-0.0,-26.782,100 100 0 0,0.0157,False,True,0.1279
1562,follow_figure8,98.5388,100.5086,-0.1095,-0.0,-0.0,-26.7318,100 100 0 0,0.0156,False,True,0.1274
1563,follow_figure8,98.545,100.5073,-0.108,-0.0,-0.0,-26.6812,100 100 0 0,0.0156,False,True,0.1273
1564,follow_figure8,98.5512,100.506,-0.1055,-0.0,-0.0,-26.6304,100 100 0 0,0.0155,False,True,0.127
1565,follow_figure8,98.5574,100.5046,-0.102,-0.0,-0.0,-26.5793,100 100 0 0,0.0155,False,True,0.1268
1566,follow_figure8,98.5636,100.5033,-0.0977,-0.0,-0.0,-26.528,100 100 0 0,0.0154,False,True,0.1263
1567,follow_figure8,98.5698,100.502,-0.0928,-0.0,-0.0,-26.4765,100 100 0 0,0.0154,False,True,0.1262
1568,follow_figure8,98.5759,100.5007,-0.0873,-0.0,-0.0,-26.4248,100 100 0 0,0.0153,False,True,0.1259
1569,follow_figure8,98.5821,100.4994,-0.0814,-0.0,-0.0,-26.3728,100 100 0 0,0.0153,False,True,0.1256
1570,follow_figure8,98.5882,100.4981,-0.0754,-0.0,-0.0,-26.3206,100 100 0 0,0.0152,False,True,0.1252
1571,follow_figure8,98.5943,100.4968,-0.0694,-0.0,-0.0,-26.2683,100 100 0 0,0.0151,False,True,0.1249
1572,follow_figure8,98.6004,100.4955,-0.0636,-0.0,-0.0,-26.2157,100 100 0 0,0.015,False,True,0.1246
1573,follow_figure8,98.6065,100.4942,-0.0582,-0.0,-0.0,-26.1628,100 100 0 0,0.015,False,True,0.1245
1574,follow_figure8,98.6125,100.493,-0.0533,-0.0,-0.0,-26.1098,100 100 0 0,0.0149,False,True,0.1241
1575,follow_figure8,98.6186,100.4917,-0.0491,-0.0,-0.0,-26.0565,100 100 0 0,0.0148,False,True,0.1237
1576,follow_figure8,98.6246,100.4904,-0.0457,-0.0,-0.0,-26.0031,100 100 0 0,0.0148,False,True,0.1235
1577,follow_figure8,98.6307,100.4891,-0.0433,-0.0,-0.0,-25.9494,100 100 0 0,0.0147,False,True,0.1232
1578,follow_figure8,98.6367,100.4878,-0.0417,-0.0,-0.0,-25.8955,100 100 0 0,0.0146,False,True,0.1229
1579,follow_figure8,98.6427,100.4866,-0.0412,-0.0,-0.0,-25.8415,100 100 0 0,0.0146,False,True,0.1226
1580,follow_figure8,98.6487,100.4853,-0.0418,-0.0,-0.0,-25.7873,100 100 0 0,0.0145,False,True,0.1222
1581,follow_figure8,98.6546,100.484,-0.0434,-0.0,-0.0,-25.733,100 100 0 0,0.0145,False,True,0.1221
1582,follow_figure8,98.6606,100.4828,-0.046,-0.0,-0.0,-25.6786,100 100 0 0,0.0145,False,True,0.1217
1583,follow_figure8,98.6665,100.4815,-0.0495,-0.0,-0.0,-25.6243,100 100 0 0,0.0144,False,True,0.1213
1584,follow_figure8,98.6724,100.4803,-0.0538,-0.0,-0.0,-25.5699,100 100 0 0,0.0144,False,True,0.1212
1585,follow_figure8,98.6784,100.479,-0.0588,-0.0,-0.0,-25.5156,100 100 0 0,0.0143,False,True,0.1207
1586,follow_figure8,98.6842,100.4778,-0.0643,-0.0,-0.0,-25.4615,100 100 0 0,0.0143,False,True,0.1205
1587,follow_figure8,98.6901,100.4766,-0.0702,-0.0,-0.0,-25.4076,100 100 0 0,0.0142,False,True,0.1201
1588,follow_figure8,98.696,100.4753,-0.0762,-0.0,-0.0,-25.3539,100 100 0 0,0.0142,False,True,0.1199
1589,follow_figure8,98.7018,100.4741,-0.0822,-0.0,-0.0,-25.3006,100 100 0 0,0.0142,False,True,0.1196
1590,follow_figure8,98.7077,100.4729,-0.088,-0.0,-0.0,-25.2476,100 100 0 0,0.0141,False,True,0.1191
1591,follow_figure8,98.7135,100.4717,-0.0934,-0.0,-0.0,-25.195,100 100 0 0,0.0141,False,True,0.119
1592,follow_figure8,98.7193,100.4704,-0.0982,-0.0,-0.0,-25.1429,100 100 0 0,0.0141,False,True,0.1185
1593,follow_figure8,98.7251,100.4692,-0.1023,-0.0,-0.0,-25.0913,100 100 0 0,0.0141,False,True,0.1183
1594,follow_figure8,98.7309,100.468,-0.1057,-0.0,-0.0,-25.0403,100 100 0 0,0.0141,False,True,0.1178
1595,follow_figure8,98.7366,100.4668,-0.1081,-0.0,-0.0,-24.9899,100 100 0 0,0.0141,False,True,0.1177
1596,follow_figure8,98.7424,100.4656,-0.1096,-0.0,-0.0,-24.94,100 100 0 0,0.0141,False,True,0.1174
1597,follow_figure8,98.7481,100.4644,-0.11,-0.0,-0.0,-24.8908,100 100 0 0,0.0141,False,True,0.1169
1598,follow_figure8,98.7538,100.4632,-0.1094,-0.0,-0.0,-24.8422,100 100 0 0,0.0141,False,True,0.1167
1599,follow_figure8,98.7595,100.462,-0.1077,-0.0,-0.0,-24.7942,100 100 0 0,0.0141,False,True,0.1163
1600,follow_figure8,98.7652,100.4609,-0.1051,-0.0,-0.0,-24.7468,100 100 0 0,0.0142,False,True,0.1161
1601,follow_figure8,98.7708,100.4597,-0.1015,-0.0,-0.0,-24.7,100 100 0 0,0.0142,False,True,0.1157
1602,follow_figure8,98.7765,100.4585,-0.0971,-0.0,-0.0,-24.6539,100 100 0 0,0.0142,False,True,0.1155
1603,follow_figure8,98.7821,100.4573,-0.0921,-0.0,-0.0,-24.6082,100 100 0 0,0.0142,False,True,0.115
1604,follow_figure8,98.7877,100.4562,-0.0865,-0.0,-0.0,-24.5631,100 100 0 0,0.0141,False,True,0.1147
1605,follow_figure8,98.7933,100.455,-0.0806,-0.0,-0.0,-24.5186,100 100 0 0,0.0141,False,True,0.1144
1606,follow_figure8,98.7989,100.4539,-0.0746,-0.0,-0.0,-24.4745,100 100 0 0,0.0141,False,True,0.1142
1607,follow_figure8,98.8045,100.4527,-0.0686,-0.0,-0.0,-24.4309,100 100 0 0,0.0141,False,True,0.1137
1608,follow_figure8,98.81,100.4516,-0.0629,-0.0,-0.0,-24.3877,100 100 0 0,0.014,False,True,0.1134
1609,follow_figure8,98.8156,100.4504,-0.0575,-0.0,-0.0,-24.3449,100 100 0 0,0.014,False,True,0.1131
1610,follow_figure8,98.8211,100.4493,-0.0527,-0.0,-0.0,-24.3026,100 100 0 0,0.014,False,True,0.1128
1611,follow_figure8,98.8266,100.4481,-0.0486,-0.0,-0.0,-24.2606,100 100 0 0,0.0139,False,True,0.1125
1612,follow_figure8,98.8321,100.447,-0.0454,-0.0,-0.0,-24.219,100 100 0 0,0.0139,False,True,0.1122
1613,follow_figure8,98.8376,100.4459,-0.043,-0.0,-0.0,-24.1778,100 100 0 0,0.0139,False,True,0.1118
1614,follow_figure8,98.843,100.4448,-0.0416,-0.0,-0.0,-24.137,100 100 0 0,0.0138,False,True,0.1114
1615,follow_figure8,98.8485,100.4437,-0.0412,-0.0,-0.0,-24.0965,100 100 0 0,0.0138,False,True,0.1112
1616,follow_figure8,98.8539,100.4425,-0.0419,-0.0,-0.0,-24.0564,100 100 0 0,0.0138,False,True,0.1109
1617,follow_figure8,98.8593,100.4414,-0.0437,-0.0,-0.0,-24.0167,100 100 0 0,0.0138,False,True,0.1104
1618,follow_figure8,98.8647,100.4403,-0.0464,-0.0,-0.0,-23.9774,100 100 0 0,0.0138,False,True,0.1103
1619,follow_figure8,98.8701,100.4392,-0.05,-0.0,-0.0,-23.9386,100 100 0 0,0.0138,False,True,0.1098
1620,follow_figure8,98.8755,100.4381,-0.0544,-0.0,-0.0,-23.9002,100 100 0 0,0.0137,False,True,0.1095
1621,follow_figure8,98.8808,100.437,-0.0595,-0.0,-0.0,-23.8624,100 100 0 0,0.0138,False,True,0.1093
1622,follow_figure8,98.8862,100.436,-0.0651,-0.0,-0.0,-23.825,100 100 0 0,0.0137,False,True,0.1088
1623,follow_figure8,98.8915,100.4349,-0.071,-0.0,-0.0,-23.7882,100 100 0 0,0.0137,False,True,0.1085
1624,follow_figure8,98.8968,100.4338,-0.077,-0.0,-0.0,-23.752,100 100 0 0,0.0137,False,True,0.1082
1625,follow_figure8,98.9021,100.4327,-0.083,-0.0,-0.0,-23.7164,100 100 0 0,0.0136,False,True,0.1079
1626,follow_figure8,98.9073,100.4317,-0.0887,-0.0,-0.0,-23.6815,100 100 0 0,0.0136,False,True,0.1076
1627,follow_figure8,98.9126,100.4306,-0.094,-0.0,-0.0,-23.6473,100 100 0 0,0.0136,False,True,0.1071
1628,follow_figure8,98.9178,100.4296,-0.0988,-0.0,-0.0,-23.6137,100 100 0 0,0.0136,False,True,0.1069
1629,follow_figure8,98.9231,100.4285,-0.1028,-0.0,-0.0,-23.5809,100 100 0 0,0.0136,False,True,0.1067
1630,follow_figure8,98.9283,100.4274,-0.1061,-0.0,-0.0,-23.5488,100 100 0 0,0.0136,False,True,0.1061
1631,follow_figure8,98.9335,100.4264,-0.1084,-0.0,-0.0,-23.5174,100 100 0 0,0.0137,False,True,0.106
1632,follow_figure8,98.9386,100.4254,-0.1097,-0.0,-0.0,-23.4868,100 100 0 0,0.0137,False,True,0.1055
1633,follow_figure8,98.9438,100.4243,-0.11,-0.0,-0.0,-23.4569,100 100 0 0,0.0137,False,True,0.1054
1634,follow_figure8,98.9489,100.4233,-0.1092,-0.0,-0.0,-23.4278,100 100 0 0,0.0137,False,True,0.1049
1635,follow_figure8,98.9541,100.4223,-0.1074,-0.0,-0.0,-23.3994,100 100 0 0,0.0138,False,True,0.1046
1636,follow_figure8,98.9592,100.4212,-0.1047,-0.0,-0.0,-23.3717,100 100 0 0,0.0138,False,True,0.1043
1637,follow_figure8,98.9643,100.4202,-0.101,-0.0,-0.0,-23.3447,100 100 0 0,0.0138,False,True,0.104
1638,follow_figure8,98.9694,100.4192,-0.0965,-0.0,-0.0,-23.3184,100 100 0 0,0.0138,False,True,0.1036
1639,follow_figure8,98.9744,100.4182,-0.0914,-0.0,-0.0,-23.2928,100 100 0 0,0.0138,False,True,0.1033
1640,follow_figure8,98.9795,100.4172,-0.0857,-0.0,-0.0,-23.2679,100 100 0 0,0.0138,False,True,0.103
1641,follow_figure8,98.9845,100.4162,-0.0798,-0.0,-0.0,-23.2435,100 100 0 0,0.0138,False,True,0.1025
1642,follow_figure8,98.9895,100.4152,-0.0738,-0.0,-0.0,-23.2199,100 100 0 0,0.0138,False,True,0.1024
1643,follow_figure8,98.9945,100.4142,-0.0679,-0.0,-0.0,-23.1968,100 100 0 0,0.0137,False,True,0.1019
1644,follow_figure8,98.9995,100.4132,-0.0621,-0.0,-0.0,-23.1743,100 100 0 0,0.0137,False,True,0.1017
1645,follow_figure8,99.0045,100.4122,-0.0569,-0.0,-0.0,-23.1523,100 100 0 0,0.0137,False,True,0.1013
1646,follow_figure8,99.0094,100.4112,-0.0522,-0.0,-0.0,-23.1309,100 100 0 0,0.0137,False,True,0.1011
1647,follow_figure8,99.0144,100.4102,-0.0482,-0.0,-0.0,-23.1101,100 100 0 0,0.0136,False,True,0.1006
1648,follow_figure8,99.0193,100.4093,-0.045,-0.0,-0.0,-23.0898,100 100 0 0,0.0136,False,True,0.1003
1649,follow_figure8,99.0242,100.4083,-0.0428,-0.0,-0.0,-23.0701,100 100 0 0,0.0136,False,True,0.1
1650,follow_figure8,99.0291,100.4073,-0.0415,-0.0,-0.0,-23.0509,100 100 0 0,0.0136,False,True,0.0997
1651,follow_figure8,99.034,100.4064,-0.0413,-0.0,-0.0,-23.0322,100 100 0 0,0.0136,False,True,0.0994
1652,follow_figure8,99.0388,100.4054,-0.0421,-0.0,-0.0,-23.0141,100 100 0 0,0.0136,False,True,0.0991
1653,follow_figure8,99.0437,100.4045,-0.044,-0.0,-0.0,-22.9966,100 100 0 0,0.0136,False,True,0.0988
1654,follow_figure8,99.0485,100.4035,-0.0468,-0.0,-0.0,-22.9796,100 100 0 0,0.0136,False,True,0.0985
1655,follow_figure8,99.0533,100.4026,-0.0505,-0.0,-0.0,-22.9631,100 100 0 0,0.0136,False,True,0.0981
1656,follow_figure8,99.0581,100.4016,-0.0551,-0.0,-0.0,-22.9473,100 100 0 0,0.0136,False,True,0.0978
1657,follow_figure8,99.0629,100.4007,-0.0602,-0.0,-0.0,-22.932,100 100 0 0,0.0135,False,True,0.0973
1658,follow_figure8,99.0676,100.3997,-0.0659,-0.0,-0.0,-22.9173,100 100 0 0,0.0135,False,True,0.0972
1659,follow_figure8,99.0724,100.3988,-0.0718,-0.0,-0.0,-22.9032,100 100 0 0,0.0135,False,True,0.0967
1660,follow_figure8,99.0771,100.3979,-0.0778,-0.0,-0.0,-22.8898,100 100 0 0,0.0135,False,True,0.0965
1661,follow_figure8,99.0818,100.397,-0.0838,-0.0,-0.0,-22.877,100 100 0 0,0.0135,False,True,0.0961
1662,follow_figure8,99.0866,100.3961,-0.0894,-0.0,-0.0,-22.8648,100 100 0 0,0.0135,False,True,0.0959
1663,follow_figure8,99.0912,100.3951,-0.0947,-0.0,-0.0,-22.8533,100 100 0 0,0.0134,False,True,0.0955
