step,seg,x,y,z,roll,pitch,yaw,action,reward,terminated,truncated,speed_xy
1,follow_sine,100.0,100.0,0.0,0.0,-0.0,-0.0,101.307 100.732 0 0,0.0,False,False,0.0
2,follow_sine,100.0001,100.0,-0.0012,-0.0,0.0,0.005,101.307 100.732 0 0,-0.0004,False,False,0.0012
3,follow_sine,100.0002,100.0,-0.0047,-0.0,0.0,0.0193,101.307 100.732 0 0,-0.0007,False,False,0.0034
4,follow_sine,100.0005,100.0,-0.0104,-0.0,0.0,0.0426,101.307 100.732 0 0,-0.0009,False,False,0.0058
5,follow_sine,100.0009,100.0,-0.0181,-0.0,0.0,0.0748,101.307 100.732 0 0,-0.0012,False,False,0.0079
6,follow_sine,100.0014,100.0,-0.0275,-0.0,0.0,0.1153,101.307 100.732 0 0,-0.0015,False,False,0.0101
7,follow_sine,100.002,100.0,-0.0382,-0.0,0.0,0.1641,101.307 100.732 0 0,-0.0017,False,False,0.0122
8,follow_sine,100.0027,100.0,-0.0499,-0.0,0.0,0.2206,101.307 100.732 0 0,-0.002,False,False,0.0143
9,follow_sine,100.0036,100.0,-0.0622,-0.0,0.0,0.2846,101.307 100.732 0 0,-0.0023,False,False,0.0163
10,follow_sine,100.0045,100.0,-0.0746,-0.0,0.0,0.3557,101.307 100.732 0 0,-0.0026,False,False,0.0185
11,follow_sine,100.0055,100.0,-0.0869,-0.0,0.0,0.4334,101.307 100.732 0 0,-0.0028,False,False,0.0203
12,follow_sine,100.0066,100.0,-0.0985,-0.0,0.0,0.5174,101.307 100.732 0 0,-0.003,False,False,0.0224
13,follow_sine,100.0078,100.0,-0.1092,-0.0,0.0,0.6073,101.307 100.732 0 0,-0.0032,False,False,0.0243
14,follow_sine,100.0091,100.0,-0.1187,-0.0,0.0,0.7026,101.307 100.732 0 0,-0.0033,False,False,0.0261
15,follow_sine,100.0105,100.0,-0.1268,-0.0,0.0,0.803,101.307 100.732 0 0,-0.0033,False,False,0.0281
16,follow_sine,100.012,100.0,-0.1332,-0.0,0.0,0.9081,101.307 100.732 0 0,-0.0034,False,False,0.0298
17,follow_sine,100.0136,100.0001,-0.1379,-0.0,0.0,1.0175,101.307 100.732 0 0,-0.0033,False,False,0.0316
18,follow_sine,100.0153,100.0001,-0.1406,-0.0,0.0,1.131,101.307 100.732 0 0,-0.0033,False,False,0.0334
19,follow_sine,100.017,100.0001,-0.1414,-0.0,0.0,1.2481,101.331 100.742 0 0,-0.0032,False,False,0.0349
20,follow_sine,100.0189,100.0001,-0.1402,-0.0,0.0,1.3688,101.331 100.742 0 0,-0.0031,False,False,0.0368
21,follow_sine,100.0208,100.0001,-0.137,-0.0,0.0,1.4927,101.331 100.742 0 0,-0.003,False,False,0.0385
22,follow_sine,100.0228,100.0002,-0.1318,-0.0,0.0,1.6196,101.331 100.742 0 0,-0.0029,False,False,0.0401
23,follow_sine,100.0249,100.0002,-0.125,-0.0,0.0,1.7496,101.331 100.742 0 0,-0.0028,False,False,0.0417
24,follow_sine,100.027,100.0002,-0.1167,-0.0,0.0,1.8824,101.331 100.742 0 0,-0.0027,False,False,0.0433
25,follow_sine,100.0293,100.0003,-0.1072,-0.0,0.0,2.0181,101.331 100.742 0 0,-0.0027,False,False,0.0447
26,follow_sine,100.0316,100.0003,-0.0969,-0.0,0.0,2.1566,101.331 100.742 0 0,-0.0027,False,False,0.0464
27,follow_sine,100.034,100.0004,-0.086,-0.0,0.0,2.298,101.331 100.742 0 0,-0.0028,False,False,0.0479
28,follow_sine,100.0365,100.0004,-0.075,-0.0,0.0,2.4422,101.331 100.742 0 0,-0.0028,False,False,0.0493
29,follow_sine,100.039,100.0005,-0.0643,-0.0,0.0,2.5894,101.331 100.742 0 0,-0.0029,False,False,0.0507
30,follow_sine,100.0416,100.0005,-0.054,-0.0,0.0,2.7395,101.331 100.742 0 0,-0.003,False,False,0.052
31,follow_sine,100.0443,100.0006,-0.0445,-0.0,0.0,2.8926,101.331 100.742 0 0,-0.003,False,False,0.0536
32,follow_sine,100.047,100.0007,-0.0362,-0.0,0.0,3.0488,101.331 100.742 0 0,-0.0031,False,False,0.0546
33,follow_sine,100.0498,100.0008,-0.0291,-0.0,0.0,3.208,101.354 100.752 0 0,-0.0031,False,False,0.0562
34,follow_sine,100.0527,100.0009,-0.0234,-0.0,0.0,3.3703,101.354 100.752 0 0,-0.0032,False,False,0.0574
35,follow_sine,100.0556,100.001,-0.0194,-0.0,0.0,3.5356,101.354 100.752 0 0,-0.0032,False,False,0.0586
36,follow_sine,100.0586,100.0011,-0.0171,-0.0,0.0,3.7038,101.354 100.752 0 0,-0.0032,False,False,0.0598
37,follow_sine,100.0617,100.0012,-0.0165,-0.0,0.0,3.875,101.354 100.752 0 0,-0.0032,False,False,0.0612
38,follow_sine,100.0648,100.0013,-0.0178,-0.0,0.0,4.049,101.354 100.752 0 0,-0.0032,False,False,0.0623
39,follow_sine,100.0679,100.0014,-0.0208,-0.0,0.0,4.2255,101.354 100.752 0 0,-0.0032,False,False,0.0634
40,follow_sine,100.0712,100.0016,-0.0256,-0.0,0.0,4.4046,101.354 100.752 0 0,-0.0031,False,False,0.0646
41,follow_sine,100.0744,100.0017,-0.0319,-0.0,0.0,4.5858,101.354 100.752 0 0,-0.0031,False,False,0.0657
42,follow_sine,100.0778,100.0018,-0.0395,-0.0,0.0,4.769,101.378 100.761 0 0,-0.0031,False,False,0.0667
43,follow_sine,100.0812,100.002,-0.0481,-0.0,0.0,4.9538,101.378 100.761 0 0,-0.0031,False,False,0.0678
44,follow_sine,100.0846,100.0022,-0.0575,-0.0,0.0,5.14,101.378 100.761 0 0,-0.0031,False,False,0.0689
45,follow_sine,100.0881,100.0023,-0.0673,-0.0,0.0,5.3272,101.378 100.761 0 0,-0.003,False,False,0.07
46,follow_sine,100.0916,100.0025,-0.0773,-0.0,0.0,5.515,101.378 100.761 0 0,-0.003,False,False,0.0709
47,follow_sine,100.0952,100.0027,-0.0871,-0.0,0.0,5.7032,101.378 100.761 0 0,-0.0029,False,False,0.072
48,follow_sine,100.0989,100.0029,-0.0964,-0.0,0.0,5.8914,101.378 100.761 0 0,-0.0028,False,False,0.0729
49,follow_sine,100.1026,100.0031,-0.1049,-0.0,0.0,6.0794,101.378 100.761 0 0,-0.0027,False,False,0.0738
50,follow_sine,100.1063,100.0034,-0.1125,-0.0,0.0,6.2669,101.378 100.761 0 0,-0.0025,False,False,0.0746
51,follow_sine,100.1101,100.0036,-0.1189,-0.0,0.0,6.4537,101.401 100.771 0 0,-0.0023,False,False,0.0755
52,follow_sine,100.1139,100.0038,-0.1239,-0.0,0.0,6.6396,101.401 100.771 0 0,-0.0021,False,False,0.0765
53,follow_sine,100.1177,100.0041,-0.1275,-0.0,0.0,6.8244,101.401 100.771 0 0,-0.0019,False,False,0.0774
54,follow_sine,100.1216,100.0044,-0.1295,-0.0,0.0,7.0081,101.401 100.771 0 0,-0.0016,False,False,0.0781
55,follow_sine,100.1256,100.0046,-0.1298,-0.0,0.0,7.1906,101.401 100.771 0 0,-0.0014,False,False,0.0789
56,follow_sine,100.1295,100.0049,-0.1285,-0.0,0.0,7.3719,101.401 100.771 0 0,-0.0011,False,False,0.0799
57,follow_sine,100.1336,100.0052,-0.1256,-0.0,0.0,7.552,101.401 100.771 0 0,-0.0009,False,False,0.0805
58,follow_sine,100.1376,100.0055,-0.1211,-0.0,0.0,7.731,101.425 100.78 0 0,-0.0006,False,False,0.0814
59,follow_sine,100.1417,100.0058,-0.1152,-0.0,0.0,7.9091,101.425 100.78 0 0,-0.0004,False,False,0.082
60,follow_sine,100.1458,100.0061,-0.1082,-0.0,0.0,8.0862,101.425 100.78 0 0,-0.0003,False,False,0.0826
61,follow_sine,100.15,100.0065,-0.1001,-0.0,0.0,8.2627,101.425 100.78 0 0,-0.0001,False,False,0.0836
62,follow_sine,100.1542,100.0068,-0.0914,-0.0,0.0,8.4386,101.425 100.78 0 0,-0.0,False,False,0.0842
63,follow_sine,100.1584,100.0072,-0.0823,-0.0,0.0,8.6142,101.425 100.78 0 0,0.0,False,False,0.0848
64,follow_sine,100.1627,100.0076,-0.0731,-0.0,0.0,8.7897,101.425 100.78 0 0,0.0001,False,False,0.0856
65,follow_sine,100.167,100.0079,-0.064,-0.0,0.0,8.9652,101.448 100.789 0 0,0.0001,False,False,0.0861
66,follow_sine,100.1713,100.0083,-0.0555,-0.0,0.0,9.1409,101.448 100.789 0 0,0.0001,False,False,0.0869
67,follow_sine,100.1757,100.0087,-0.0476,-0.0,0.0,9.3169,101.448 100.789 0 0,0.0002,False,False,0.0875
68,follow_sine,100.18,100.0091,-0.0406,-0.0,0.0,9.4933,101.448 100.789 0 0,0.0002,False,False,0.088
69,follow_sine,100.1844,100.0096,-0.0348,-0.0,0.0,9.6704,101.448 100.789 0 0,0.0002,False,False,0.0888
70,follow_sine,100.1889,100.01,-0.0302,-0.0,0.0,9.8482,101.448 100.789 0 0,0.0002,False,False,0.0892
71,follow_sine,100.1934,100.0104,-0.027,-0.0,0.0,10.0267,101.472 100.798 0 0,0.0002,False,False,0.0899
72,follow_sine,100.1979,100.0109,-0.0253,-0.0,0.0,10.206,101.472 100.798 0 0,0.0003,False,False,0.0903
73,follow_sine,100.2024,100.0114,-0.0251,-0.0,0.0,10.386,101.472 100.798 0 0,0.0003,False,False,0.0908
74,follow_sine,100.2069,100.0118,-0.0264,-0.0,0.0,10.5666,101.472 100.798 0 0,0.0004,False,False,0.0914
75,follow_sine,100.2115,100.0123,-0.0293,-0.0,0.0,10.7479,101.472 100.798 0 0,0.0004,False,False,0.0919
76,follow_sine,100.2161,100.0128,-0.0336,-0.0,0.0,10.9297,101.472 100.798 0 0,0.0005,False,False,0.0926
77,follow_sine,100.2207,100.0134,-0.0392,-0.0,0.0,11.1118,101.495 100.807 0 0,0.0005,False,False,0.0929
78,follow_sine,100.2253,100.0139,-0.0459,-0.0,0.0,11.2941,101.495 100.807 0 0,0.0006,False,False,0.0935
79,follow_sine,100.23,100.0144,-0.0535,-0.0,0.0,11.4763,101.495 100.807 0 0,0.0006,False,False,0.0938
80,follow_sine,100.2347,100.015,-0.0617,-0.0,0.0,11.6582,101.495 100.807 0 0,0.0006,False,False,0.0945
81,follow_sine,100.2394,100.0155,-0.0702,-0.0,0.0,11.8397,101.495 100.807 0 0,0.0007,False,False,0.0948
82,follow_sine,100.2441,100.0161,-0.0789,-0.0,0.0,12.0204,101.495 100.807 0 0,0.0008,False,False,0.0953
83,follow_sine,100.2489,100.0167,-0.0873,-0.0,0.0,12.2002,101.519 100.816 0 0,0.0008,False,False,0.0956
84,follow_sine,100.2537,100.0173,-0.0954,-0.0,0.0,12.3789,101.519 100.816 0 0,0.0009,False,False,0.0961
85,follow_sine,100.2584,100.0179,-0.1027,-0.0,0.0,12.5562,101.519 100.816 0 0,0.0011,False,False,0.0966
86,follow_sine,100.2633,100.0185,-0.1092,-0.0,0.0,12.732,101.519 100.816 0 0,0.0012,False,False,0.0969
87,follow_sine,100.2681,100.0191,-0.1146,-0.0,0.0,12.9062,101.519 100.816 0 0,0.0014,False,False,0.0974
88,follow_sine,100.2729,100.0198,-0.1188,-0.0,0.0,13.0787,101.519 100.816 0 0,0.0016,False,False,0.0977
89,follow_sine,100.2778,100.0204,-0.1218,-0.0,0.0,13.2494,101.543 100.825 0 0,0.0018,False,False,0.0981
90,follow_sine,100.2827,100.0211,-0.1233,-0.0,0.0,13.4183,101.543 100.825 0 0,0.002,False,False,0.0984
91,follow_sine,100.2876,100.0217,-0.1233,-0.0,0.0,13.5853,101.543 100.825 0 0,0.0022,False,False,0.0987
92,follow_sine,100.2925,100.0224,-0.122,-0.0,0.0,13.7506,101.543 100.825 0 0,0.0025,False,False,0.0992
93,follow_sine,100.2974,100.0231,-0.1191,-0.0,0.0,13.9142,101.543 100.825 0 0,0.0027,False,False,0.0995
94,follow_sine,100.3023,100.0238,-0.115,-0.0,0.0,14.0762,101.543 100.825 0 0,0.0028,False,False,0.0997
95,follow_sine,100.3073,100.0245,-0.1096,-0.0,0.0,14.2367,101.567 100.833 0 0,0.003,False,False,0.1002
96,follow_sine,100.3123,100.0253,-0.1032,-0.0,0.0,14.3958,101.567 100.833 0 0,0.0031,False,False,0.1004
97,follow_sine,100.3172,100.026,-0.0959,-0.0,0.0,14.5538,101.567 100.833 0 0,0.0032,False,False,0.1007
98,follow_sine,100.3222,100.0267,-0.0881,-0.0,0.0,14.7106,101.567 100.833 0 0,0.0033,False,False,0.1011
99,follow_sine,100.3272,100.0275,-0.08,-0.0,0.0,14.8667,101.567 100.833 0 0,0.0034,False,False,0.1014
100,follow_sine,100.3323,100.0283,-0.0717,-0.0,0.0,15.022,101.591 100.841 0 0,0.0034,False,False,0.1016
101,follow_sine,100.3373,100.0291,-0.0637,-0.0,0.0,15.1768,101.591 100.841 0 0,0.0034,False,False,0.1019
102,follow_sine,100.3424,100.0298,-0.0561,-0.0,0.0,15.3312,101.591 100.841 0 0,0.0034,False,False,0.1022
103,follow_sine,100.3474,100.0306,-0.0492,-0.0,0.0,15.4853,101.591 100.841 0 0,0.0034,False,False,0.1024
104,follow_sine,100.3525,100.0315,-0.0431,-0.0,0.0,15.6393,101.591 100.841 0 0,0.0035,False,False,0.1028
105,follow_sine,100.3576,100.0323,-0.038,-0.0,0.0,15.7932,101.591 100.841 0 0,0.0035,False,False,0.1029
106,follow_sine,100.3627,100.0331,-0.0341,-0.0,0.0,15.9473,101.615 100.849 0 0,0.0035,False,False,0.1033
107,follow_sine,100.3678,100.0339,-0.0314,-0.0,0.0,16.1014,101.615 100.849 0 0,0.0035,False,False,0.1035
108,follow_sine,100.3729,100.0348,-0.0301,-0.0,0.0,16.2556,101.615 100.849 0 0,0.0035,False,False,0.1036
109,follow_sine,100.378,100.0357,-0.0301,-0.0,0.0,16.41,101.615 100.849 0 0,0.0036,False,False,0.104
110,follow_sine,100.3831,100.0365,-0.0316,-0.0,0.0,16.5644,101.615 100.849 0 0,0.0036,False,False,0.1042
111,follow_sine,100.3883,100.0374,-0.0344,-0.0,0.0,16.7189,101.639 100.857 0 0,0.0036,False,False,0.1043
112,follow_sine,100.3934,100.0383,-0.0385,-0.0,0.0,16.8733,101.639 100.857 0 0,0.0036,False,False,0.1045
113,follow_sine,100.3986,100.0392,-0.0437,-0.0,0.0,17.0275,101.639 100.857 0 0,0.0037,False,False,0.1047
114,follow_sine,100.4038,100.0401,-0.0499,-0.0,0.0,17.1814,101.639 100.857 0 0,0.0037,False,False,0.105
115,follow_sine,100.4089,100.041,-0.0569,-0.0,0.0,17.3349,101.639 100.857 0 0,0.0038,False,False,0.1052
116,follow_sine,100.4141,100.0419,-0.0644,-0.0,0.0,17.4878,101.663 100.865 0 0,0.0038,False,False,0.1054
117,follow_sine,100.4193,100.0429,-0.0722,-0.0,0.0,17.64,101.663 100.865 0 0,0.0038,False,False,0.1056
118,follow_sine,100.4245,100.0438,-0.08,-0.0,0.0,17.7912,101.663 100.865 0 0,0.0038,False,False,0.1056
119,follow_sine,100.4297,100.0448,-0.0877,-0.0,0.0,17.9413,101.663 100.865 0 0,0.0039,False,False,0.1059
120,follow_sine,100.435,100.0457,-0.0949,-0.0,0.0,18.0902,101.663 100.865 0 0,0.004,False,False,0.1061
121,follow_sine,100.4402,100.0467,-0.1015,-0.0,0.0,18.2378,101.687 100.872 0 0,0.0041,False,False,0.1063
122,follow_sine,100.4454,100.0477,-0.1073,-0.0,0.0,18.3839,101.687 100.872 0 0,0.0042,False,False,0.1065
123,follow_sine,100.4506,100.0487,-0.1121,-0.0,0.0,18.5284,101.687 100.872 0 0,0.0043,False,False,0.1065
124,follow_sine,100.4559,100.0497,-0.1158,-0.0,0.0,18.6713,101.687 100.872 0 0,0.0045,False,False,0.1069
125,follow_sine,100.4611,100.0507,-0.1182,-0.0,0.0,18.8126,101.687 100.872 0 0,0.0047,False,False,0.1069
126,follow_sine,100.4664,100.0517,-0.1194,-0.0,0.0,18.9522,101.711 100.88 0 0,0.0048,False,False,0.1071
127,follow_sine,100.4717,100.0527,-0.1193,-0.0,0.0,19.0901,101.711 100.88 0 0,0.005,False,False,0.1073
128,follow_sine,100.4769,100.0538,-0.1178,-0.0,0.0,19.2264,101.711 100.88 0 0,0.0052,False,False,0.1075
129,follow_sine,100.4822,100.0548,-0.115,-0.0,0.0,19.3612,101.711 100.88 0 0,0.0053,False,False,0.1075
130,follow_sine,100.4875,100.0559,-0.111,-0.0,0.0,19.4944,101.711 100.88 0 0,0.0055,False,False,0.1077
131,follow_sine,100.4928,100.0569,-0.1059,-0.0,0.0,19.6264,101.736 100.887 0 0,0.0056,False,False,0.1078
132,follow_sine,100.4981,100.058,-0.0998,-0.0,0.0,19.757,101.736 100.887 0 0,0.0057,False,False,0.108
133,follow_sine,100.5034,100.0591,-0.0931,-0.0,0.0,19.8864,101.736 100.887 0 0,0.0058,False,False,0.1081
134,follow_sine,100.5087,100.0602,-0.0858,-0.0,0.0,20.0149,101.736 100.887 0 0,0.0058,False,False,0.1082
135,follow_sine,100.514,100.0612,-0.0783,-0.0,0.0,20.1424,101.736 100.887 0 0,0.0059,False,False,0.1083
136,follow_sine,100.5193,100.0623,-0.0707,-0.0,0.0,20.2692,101.76 100.894 0 0,0.0059,False,False,0.1085
137,follow_sine,100.5246,100.0634,-0.0634,-0.0,0.0,20.3954,101.76 100.894 0 0,0.0059,False,False,0.1086
138,follow_sine,100.5299,100.0646,-0.0564,-0.0,0.0,20.521,101.76 100.894 0 0,0.0059,False,False,0.1087
139,follow_sine,100.5352,100.0657,-0.0501,-0.0,0.0,20.6461,101.76 100.894 0 0,0.0059,False,False,0.1088
140,follow_sine,100.5406,100.0668,-0.0446,-0.0,0.0,20.7709,101.76 100.894 0 0,0.0059,False,False,0.1089
141,follow_sine,100.5459,100.0679,-0.04,-0.0,0.0,20.8956,101.784 100.9 0 0,0.0059,False,False,0.109
142,follow_sine,100.5512,100.0691,-0.0366,-0.0,0.0,21.02,101.784 100.9 0 0,0.0059,False,False,0.1091
143,follow_sine,100.5566,100.0702,-0.0343,-0.0,0.0,21.1442,101.784 100.9 0 0,0.0059,False,False,0.1091
144,follow_sine,100.5619,100.0714,-0.0332,-0.0,0.0,21.2682,101.784 100.9 0 0,0.006,False,False,0.1094
145,follow_sine,100.5673,100.0725,-0.0335,-0.0,0.0,21.3921,101.784 100.9 0 0,0.006,False,False,0.1093
146,follow_sine,100.5726,100.0737,-0.035,-0.0,0.0,21.5158,101.809 100.907 0 0,0.006,False,False,0.1095
147,follow_sine,100.578,100.0749,-0.0378,-0.0,0.0,21.6394,101.809 100.907 0 0,0.0061,False,False,0.1097
148,follow_sine,100.5833,100.0761,-0.0418,-0.0,0.0,21.7626,101.809 100.907 0 0,0.0061,False,False,0.1095
149,follow_sine,100.5887,100.0773,-0.0468,-0.0,0.0,21.8854,101.809 100.907 0 0,0.0061,False,False,0.1099
150,follow_sine,100.594,100.0785,-0.0527,-0.0,0.0,22.0079,101.809 100.907 0 0,0.0061,False,False,0.1097
151,follow_sine,100.5994,100.0797,-0.0593,-0.0,0.0,22.1297,101.833 100.913 0 0,0.0062,False,False,0.1099
152,follow_sine,100.6048,100.0809,-0.0663,-0.0,0.0,22.2509,101.833 100.913 0 0,0.0062,False,False,0.1099
153,follow_sine,100.6101,100.0821,-0.0736,-0.0,0.0,22.3713,101.833 100.913 0 0,0.0062,False,False,0.11
154,follow_sine,100.6155,100.0833,-0.081,-0.0,0.0,22.4908,101.833 100.913 0 0,0.0063,False,False,0.1102
155,follow_sine,100.6209,100.0845,-0.0881,-0.0,0.0,22.6093,101.858 100.92 0 0,0.0063,False,False,0.1102
156,follow_sine,100.6262,100.0858,-0.0948,-0.0,0.0,22.7266,101.858 100.92 0 0,0.0064,False,False,0.1104
157,follow_sine,100.6316,100.087,-0.1009,-0.0,0.0,22.8427,101.858 100.92 0 0,0.0064,False,False,0.1104
158,follow_sine,100.637,100.0883,-0.1061,-0.0,0.0,22.9574,101.858 100.92 0 0,0.0065,False,False,0.1104
159,follow_sine,100.6424,100.0895,-0.1105,-0.0,0.0,23.0709,101.858 100.92 0 0,0.0066,False,False,0.1104
160,follow_sine,100.6478,100.0908,-0.1138,-0.0,0.0,23.1829,101.883 100.926 0 0,0.0068,False,False,0.1106
161,follow_sine,100.6531,100.092,-0.1159,-0.0,0.0,23.2936,101.883 100.926 0 0,0.0069,False,False,0.1105
162,follow_sine,100.6585,100.0933,-0.1168,-0.0,0.0,23.4027,101.883 100.926 0 0,0.007,False,False,0.1107
163,follow_sine,100.6639,100.0946,-0.1165,-0.0,0.0,23.5105,101.883 100.926 0 0,0.0072,False,False,0.1108
164,follow_sine,100.6693,100.0959,-0.1149,-0.0,0.0,23.6168,101.883 100.926 0 0,0.0073,False,False,0.1107
165,follow_sine,100.6747,100.0971,-0.1121,-0.0,0.0,23.7219,101.907 100.931 0 0,0.0074,False,False,0.1109
166,follow_sine,100.6801,100.0984,-0.1082,-0.0,0.0,23.8257,101.907 100.931 0 0,0.0075,False,False,0.1109
167,follow_sine,100.6855,100.0997,-0.1032,-0.0,0.0,23.9283,101.907 100.931 0 0,0.0076,False,False,0.111
168,follow_sine,100.6909,100.101,-0.0974,-0.0,0.0,24.0297,101.907 100.931 0 0,0.0077,False,False,0.111
169,follow_sine,100.6963,100.1023,-0.091,-0.0,0.0,24.1302,101.932 100.937 0 0,0.0078,False,False,0.111
170,follow_sine,100.7017,100.1037,-0.0841,-0.0,0.0,24.2296,101.932 100.937 0 0,0.0078,False,False,0.1112
171,follow_sine,100.7071,100.105,-0.077,-0.0,0.0,24.3282,101.932 100.937 0 0,0.0079,False,False,0.1112
172,follow_sine,100.7125,100.1063,-0.0698,-0.0,0.0,24.426,101.932 100.937 0 0,0.0079,False,False,0.1112
173,follow_sine,100.7179,100.1076,-0.0629,-0.0,0.0,24.5232,101.932 100.937 0 0,0.0079,False,False,0.1112
174,follow_sine,100.7233,100.1089,-0.0564,-0.0,0.0,24.6198,101.957 100.942 0 0,0.0079,False,False,0.1113
175,follow_sine,100.7287,100.1103,-0.0506,-0.0,0.0,24.7159,101.957 100.942 0 0,0.0079,False,False,0.1114
176,follow_sine,100.7341,100.1116,-0.0455,-0.0,0.0,24.8115,101.957 100.942 0 0,0.0079,False,False,0.1113
177,follow_sine,100.7395,100.113,-0.0413,-0.0,0.0,24.9067,101.957 100.942 0 0,0.0079,False,False,0.1115
178,follow_sine,100.7449,100.1143,-0.0382,-0.0,0.0,25.0015,101.957 100.942 0 0,0.0079,False,False,0.1115
179,follow_sine,100.7503,100.1157,-0.0362,-0.0,0.0,25.0961,101.981 100.947 0 0,0.0079,False,False,0.1115
180,follow_sine,100.7557,100.117,-0.0354,-0.0,0.0,25.1903,101.981 100.947 0 0,0.008,False,False,0.1115
181,follow_sine,100.7611,100.1184,-0.0358,-0.0,0.0,25.2842,101.981 100.947 0 0,0.008,False,False,0.1115
182,follow_sine,100.7665,100.1198,-0.0374,-0.0,0.0,25.3778,101.981 100.947 0 0,0.008,False,False,0.1116
183,follow_sine,100.772,100.1211,-0.0402,-0.0,0.0,25.471,102.006 100.952 0 0,0.0081,False,False,0.1116
184,follow_sine,100.7774,100.1225,-0.0442,-0.0,0.0,25.5637,102.006 100.952 0 0,0.0081,False,False,0.1116
185,follow_sine,100.7828,100.1239,-0.0491,-0.0,0.0,25.656,102.006 100.952 0 0,0.0081,False,False,0.1116
186,follow_sine,100.7882,100.1253,-0.0548,-0.0,0.0,25.7476,102.006 100.952 0 0,0.0082,False,False,0.1118
187,follow_sine,100.7936,100.1266,-0.0611,-0.0,0.0,25.8387,102.006 100.952 0 0,0.0082,False,False,0.1117
188,follow_sine,100.799,100.128,-0.0679,-0.0,0.0,25.929,102.031 100.957 0 0,0.0082,False,False,0.1119
189,follow_sine,100.8044,100.1294,-0.0748,-0.0,0.0,26.0186,102.031 100.957 0 0,0.0082,False,False,0.1117
190,follow_sine,100.8098,100.1308,-0.0818,-0.0,0.0,26.1073,102.031 100.957 0 0,0.0082,False,False,0.1119
191,follow_sine,100.8153,100.1322,-0.0885,-0.0,0.0,26.1951,102.031 100.957 0 0,0.0083,False,False,0.1119
192,follow_sine,100.8207,100.1336,-0.0948,-0.0,0.0,26.2818,102.056 100.961 0 0,0.0083,False,False,0.1118
193,follow_sine,100.8261,100.135,-0.1005,-0.0,0.0,26.3675,102.056 100.961 0 0,0.0084,False,False,0.1119
194,follow_sine,100.8315,100.1365,-0.1055,-0.0,0.0,26.452,102.056 100.961 0 0,0.0085,False,False,0.112
195,follow_sine,100.8369,100.1379,-0.1095,-0.0,0.0,26.5353,102.056 100.961 0 0,0.0086,False,False,0.112
196,follow_sine,100.8423,100.1393,-0.1125,-0.0,0.0,26.6174,102.056 100.961 0 0,0.0087,False,False,0.112
197,follow_sine,100.8477,100.1407,-0.1143,-0.0,0.0,26.6984,102.081 100.965 0 0,0.0087,False,False,0.1119
198,follow_sine,100.8532,100.1421,-0.1151,-0.0,0.0,26.7782,102.081 100.965 0 0,0.0089,False,False,0.112
199,follow_sine,100.8586,100.1436,-0.1146,-0.0,0.0,26.8567,102.081 100.965 0 0,0.009,False,False,0.112
200,follow_sine,100.864,100.145,-0.1129,-0.0,0.0,26.934,102.081 100.965 0 0,0.0091,False,False,0.1121
201,follow_sine,100.8694,100.1464,-0.11,-0.0,0.0,27.0102,102.106 100.969 0 0,0.0092,False,False,0.1121
202,follow_sine,100.8748,100.1479,-0.1061,-0.0,0.0,27.0854,102.106 100.969 0 0,0.0093,False,False,0.1121
203,follow_sine,100.8802,100.1493,-0.1012,-0.0,0.0,27.1594,102.106 100.969 0 0,0.0094,False,False,0.1121
204,follow_sine,100.8857,100.1508,-0.0956,-0.0,0.0,27.2324,102.106 100.969 0 0,0.0095,False,False,0.1121
205,follow_sine,100.8911,100.1522,-0.0893,-0.0,0.0,27.3045,102.106 100.969 0 0,0.0095,False,False,0.112
206,follow_sine,100.8965,100.1537,-0.0827,-0.0,0.0,27.3757,102.131 100.973 0 0,0.0096,False,False,0.1122
207,follow_sine,100.9019,100.1551,-0.0758,-0.0,0.0,27.4462,102.131 100.973 0 0,0.0096,False,False,0.1121
208,follow_sine,100.9073,100.1566,-0.069,-0.0,0.0,27.5159,102.131 100.973 0 0,0.0096,False,False,0.1122
209,follow_sine,100.9127,100.158,-0.0624,-0.0,0.0,27.5849,102.131 100.973 0 0,0.0096,False,False,0.1122
210,follow_sine,100.9182,100.1595,-0.0563,-0.0,0.0,27.6534,102.156 100.977 0 0,0.0096,False,False,0.1122
211,follow_sine,100.9236,100.161,-0.0508,-0.0,0.0,27.7212,102.156 100.977 0 0,0.0096,False,False,0.1121
212,follow_sine,100.929,100.1624,-0.046,-0.0,0.0,27.7885,102.156 100.977 0 0,0.0096,False,False,0.1122
213,follow_sine,100.9344,100.1639,-0.0421,-0.0,0.0,27.8552,102.156 100.977 0 0,0.0097,False,False,0.1123
214,follow_sine,100.9398,100.1654,-0.0392,-0.0,0.0,27.9215,102.156 100.977 0 0,0.0097,False,False,0.1123
215,follow_sine,100.9452,100.1668,-0.0375,-0.0,0.0,27.9874,102.181 100.98 0 0,0.0097,False,False,0.1121
216,follow_sine,100.9506,100.1683,-0.0369,-0.0,0.0,28.0528,102.181 100.98 0 0,0.0098,False,False,0.1123
217,follow_sine,100.9561,100.1698,-0.0374,-0.0,0.0,28.1177,102.181 100.98 0 0,0.0098,False,False,0.1122
218,follow_sine,100.9615,100.1713,-0.0392,-0.0,0.0,28.1821,102.181 100.98 0 0,0.0098,False,False,0.1123
219,follow_sine,100.9669,100.1728,-0.0421,-0.0,0.0,28.2461,102.206 100.983 0 0,0.0098,False,False,0.1122
220,follow_sine,100.9723,100.1743,-0.046,-0.0,0.0,28.3096,102.206 100.983 0 0,0.0099,False,False,0.1123
221,follow_sine,100.9777,100.1758,-0.0508,-0.0,0.0,28.3724,102.206 100.983 0 0,0.0099,False,False,0.1122
222,follow_sine,100.9831,100.1772,-0.0564,-0.0,0.0,28.4346,102.206 100.983 0 0,0.0099,False,False,0.1122
223,follow_sine,100.9885,100.1787,-0.0626,-0.0,0.0,28.4961,102.206 100.983 0 0,0.01,False,False,0.1124
224,follow_sine,100.9939,100.1802,-0.0692,-0.0,0.0,28.557,102.232 100.986 0 0,0.01,False,False,0.1122
225,follow_sine,100.9994,100.1817,-0.0759,-0.0,0.0,28.6171,102.232 100.986 0 0,0.01,False,False,0.1122
226,follow_sine,101.0048,100.1832,-0.0826,-0.0,0.0,28.6764,102.232 100.986 0 0,0.01,False,False,0.1122
227,follow_sine,101.0102,100.1847,-0.089,-0.0,0.0,28.7348,102.232 100.986 0 0,0.01,False,False,0.1123
228,follow_sine,101.0156,100.1862,-0.0951,-0.0,0.0,28.7923,102.257 100.988 0 0,0.0101,False,False,0.1121
229,follow_sine,101.021,100.1877,-0.1005,-0.0,0.0,28.8489,102.257 100.988 0 0,0.0101,False,False,0.1123
230,follow_sine,101.0264,100.1892,-0.1051,-0.0,0.0,28.9045,102.257 100.988 0 0,0.0102,False,False,0.1123
231,follow_sine,101.0318,100.1908,-0.1088,-0.0,0.0,28.959,102.257 100.988 0 0,0.0103,False,False,0.1123
232,follow_sine,101.0372,100.1923,-0.1116,-0.0,0.0,29.0126,102.282 100.99 0 0,0.0104,False,False,0.1122
233,follow_sine,101.0426,100.1938,-0.1132,-0.0,0.0,29.0651,102.282 100.99 0 0,0.0105,False,False,0.1123
234,follow_sine,101.048,100.1953,-0.1138,-0.0,0.0,29.1165,102.282 100.99 0 0,0.0106,False,False,0.1122
235,follow_sine,101.0534,100.1968,-0.1131,-0.0,0.0,29.1669,102.282 100.99 0 0,0.0107,False,False,0.1124
236,follow_sine,101.0588,100.1983,-0.1113,-0.0,0.0,29.2163,102.282 100.99 0 0,0.0108,False,False,0.1122
237,follow_sine,101.0642,100.1998,-0.1084,-0.0,0.0,29.2648,102.307 100.992 0 0,0.0109,False,False,0.1122
238,follow_sine,101.0696,100.2014,-0.1045,-0.0,0.0,29.3123,102.307 100.992 0 0,0.011,False,False,0.1122
239,follow_sine,101.075,100.2029,-0.0997,-0.0,0.0,29.3589,102.307 100.992 0 0,0.0111,False,False,0.1124
240,follow_sine,101.0804,100.2044,-0.0941,-0.0,0.0,29.4046,102.307 100.992 0 0,0.0111,False,False,0.1123
241,follow_sine,101.0858,100.2059,-0.088,-0.0,0.0,29.4496,102.333 100.994 0 0,0.0111,False,False,0.1121
242,follow_sine,101.0912,100.2075,-0.0815,-0.0,0.0,29.4937,102.333 100.994 0 0,0.0112,False,False,0.1123
243,follow_sine,101.0966,100.209,-0.0748,-0.0,0.0,29.5369,102.333 100.994 0 0,0.0112,False,False,0.1123
244,follow_sine,101.102,100.2105,-0.0683,-0.0,0.0,29.5795,102.333 100.994 0 0,0.0112,False,False,0.1123
245,follow_sine,101.1074,100.212,-0.0619,-0.0,0.0,29.6214,102.333 100.994 0 0,0.0112,False,False,0.1122
246,follow_sine,101.1128,100.2136,-0.056,-0.0,0.0,29.6626,102.358 100.996 0 0,0.0112,False,False,0.1123
247,follow_sine,101.1182,100.2151,-0.0507,-0.0,0.0,29.7033,102.358 100.996 0 0,0.0112,False,False,0.1122
248,follow_sine,101.1236,100.2166,-0.0462,-0.0,0.0,29.7433,102.358 100.996 0 0,0.0112,False,False,0.1122
249,follow_sine,101.129,100.2182,-0.0426,-0.0,0.0,29.7828,102.358 100.996 0 0,0.0113,False,False,0.1123
250,follow_sine,101.1344,100.2197,-0.04,-0.0,0.0,29.8217,102.383 100.997 0 0,0.0113,False,False,0.1122
251,follow_sine,101.1398,100.2212,-0.0384,-0.0,0.0,29.86,102.383 100.997 0 0,0.0113,False,False,0.1122
252,follow_sine,101.1452,100.2228,-0.038,-0.0,0.0,29.8977,102.383 100.997 0 0,0.0114,False,False,0.112
253,follow_sine,101.1506,100.2243,-0.0387,-0.0,0.0,29.9349,102.383 100.997 0 0,0.0114,False,False,0.1122
254,follow_sine,101.156,100.2259,-0.0406,-0.0,0.0,29.9715,102.408 100.998 0 0,0.0115,False,False,0.1122
255,follow_sine,101.1614,100.2274,-0.0435,-0.0,0.0,30.0074,102.408 100.998 0 0,0.0115,False,False,0.112
256,follow_sine,101.1668,100.2289,-0.0474,-0.0,0.0,30.0427,102.408 100.998 0 0,0.0116,False,False,0.1122
257,follow_sine,101.1721,100.2305,-0.0523,-0.0,0.0,30.0774,102.408 100.998 0 0,0.0116,False,False,0.112
258,follow_sine,101.1775,100.232,-0.0578,-0.0,0.0,30.1114,102.408 100.998 0 0,0.0116,False,False,0.1122
259,follow_sine,101.1829,100.2336,-0.0639,-0.0,0.0,30.1448,102.434 100.999 0 0,0.0116,False,False,0.1121
260,follow_sine,101.1883,100.2351,-0.0703,-0.0,0.0,30.1774,102.434 100.999 0 0,0.0116,False,False,0.112
261,follow_sine,101.1937,100.2367,-0.0769,-0.0,0.0,30.2093,102.434 100.999 0 0,0.0116,False,False,0.1121
262,follow_sine,101.1991,100.2382,-0.0834,-0.0,0.0,30.2404,102.434 100.999 0 0,0.0117,False,False,0.1121
263,follow_sine,101.2045,100.2398,-0.0896,-0.0,0.0,30.2708,102.459 101 0 0,0.0117,False,False,0.1119
264,follow_sine,101.2099,100.2413,-0.0954,-0.0,0.0,30.3004,102.459 101 0 0,0.0117,False,False,0.1121
265,follow_sine,101.2152,100.2429,-0.1005,-0.0,0.0,30.329,102.459 101 0 0,0.0118,False,False,0.1119
266,follow_sine,101.2206,100.2444,-0.105,-0.0,0.0,30.3568,102.459 101 0 0,0.0118,False,False,0.1121
267,follow_sine,101.226,100.2459,-0.1085,-0.0,0.0,30.3838,102.484 101 0 0,0.0119,False,False,0.1119
268,follow_sine,101.2314,100.2475,-0.111,-0.0,0.0,30.41,102.484 101 0 0,0.012,False,False,0.1119
269,follow_sine,101.2368,100.2491,-0.1125,-0.0,0.0,30.4352,102.484 101 0 0,0.0121,False,False,0.112
270,follow_sine,101.2421,100.2506,-0.1128,-0.0,0.0,30.4595,102.484 101 0 0,0.0122,False,False,0.1119
271,follow_sine,101.2475,100.2522,-0.112,-0.0,0.0,30.483,102.51 101 0 0,0.0122,False,False,0.112
272,follow_sine,101.2529,100.2537,-0.1101,-0.0,0.0,30.5056,102.51 101 0 0,0.0124,False,False,0.1119
273,follow_sine,101.2583,100.2553,-0.1071,-0.0,0.0,30.5273,102.51 101 0 0,0.0124,False,False,0.112
274,follow_sine,101.2636,100.2568,-0.1032,-0.0,0.0,30.5482,102.51 101 0 0,0.0125,False,False,0.1118
275,follow_sine,101.269,100.2584,-0.0983,-0.0,0.0,30.5683,102.51 101 0 0,0.0126,False,False,0.112
276,follow_sine,101.2744,100.2599,-0.0928,-0.0,0.0,30.5877,102.535 101 0 0,0.0126,False,False,0.1118
277,follow_sine,101.2798,100.2615,-0.0868,-0.0,0.0,30.6063,102.535 101 0 0,0.0127,False,False,0.1119
278,follow_sine,101.2851,100.263,-0.0804,-0.0,0.0,30.6242,102.535 101 0 0,0.0127,False,False,0.1118
279,follow_sine,101.2905,100.2646,-0.0739,-0.0,0.0,30.6412,102.535 101 0 0,0.0127,False,False,0.1118
280,follow_sine,101.2959,100.2661,-0.0675,-0.0,0.0,30.6577,102.56 100.999 0 0,0.0127,False,False,0.1118
281,follow_sine,101.3013,100.2677,-0.0614,-0.0,0.0,30.6734,102.56 100.999 0 0,0.0127,False,False,0.1118
282,follow_sine,101.3066,100.2692,-0.0557,-0.0,0.0,30.6883,102.56 100.999 0 0,0.0127,False,False,0.1117
283,follow_sine,101.312,100.2708,-0.0506,-0.0,0.0,30.7026,102.56 100.999 0 0,0.0128,False,False,0.1118
284,follow_sine,101.3174,100.2724,-0.0463,-0.0,0.0,30.7162,102.586 100.998 0 0,0.0128,False,False,0.1118
285,follow_sine,101.3227,100.2739,-0.0429,-0.0,0.0,30.7292,102.586 100.998 0 0,0.0128,False,False,0.1117
286,follow_sine,101.3281,100.2755,-0.0405,-0.0,0.0,30.7414,102.586 100.998 0 0,0.0128,False,False,0.1117
287,follow_sine,101.3335,100.277,-0.0391,-0.0,0.0,30.7529,102.586 100.998 0 0,0.0129,False,False,0.1118
288,follow_sine,101.3388,100.2786,-0.0388,-0.0,0.0,30.7638,102.611 100.997 0 0,0.0129,False,False,0.1117
289,follow_sine,101.3442,100.2801,-0.0397,-0.0,0.0,30.7739,102.611 100.997 0 0,0.013,False,False,0.1117
290,follow_sine,101.3495,100.2817,-0.0416,-0.0,0.0,30.7833,102.611 100.997 0 0,0.0131,False,False,0.1117
291,follow_sine,101.3549,100.2833,-0.0447,-0.0,0.0,30.792,102.611 100.997 0 0,0.0131,False,False,0.1117
292,follow_sine,101.3603,100.2848,-0.0487,-0.0,0.0,30.8001,102.611 100.997 0 0,0.0131,False,False,0.1115
293,follow_sine,101.3656,100.2864,-0.0535,-0.0,0.0,30.8075,102.636 100.996 0 0,0.0132,False,False,0.1117
294,follow_sine,101.371,100.2879,-0.059,-0.0,0.0,30.8141,102.636 100.996 0 0,0.0132,False,False,0.1115
295,follow_sine,101.3764,100.2895,-0.065,-0.0,0.0,30.8201,102.636 100.996 0 0,0.0132,False,False,0.1117
296,follow_sine,101.3817,100.291,-0.0713,-0.0,0.0,30.8253,102.636 100.996 0 0,0.0132,False,False,0.1115
297,follow_sine,101.3871,100.2926,-0.0777,-0.0,0.0,30.8298,102.661 100.995 0 0,0.0132,False,False,0.1115
298,follow_sine,101.3924,100.2941,-0.0841,-0.0,0.0,30.8336,102.661 100.995 0 0,0.0133,False,False,0.1115
299,follow_sine,101.3978,100.2957,-0.0902,-0.0,0.0,30.8367,102.661 100.995 0 0,0.0133,False,False,0.1115
300,follow_sine,101.4031,100.2972,-0.0958,-0.0,0.0,30.839,102.661 100.995 0 0,0.0133,False,False,0.1115
301,follow_sine,101.4085,100.2988,-0.1007,-0.0,0.0,30.8406,102.687 100.993 0 0,0.0134,False,False,0.1115
302,follow_sine,101.4138,100.3004,-0.1049,-0.0,0.0,30.8414,102.687 100.993 0 0,0.0134,False,False,0.1114
303,follow_sine,101.4192,100.3019,-0.1083,-0.0,0.0,30.8414,102.687 100.993 0 0,0.0134,False,False,0.1115
304,follow_sine,101.4245,100.3035,-0.1106,-0.0,0.0,30.8408,102.687 100.993 0 0,0.0134,False,False,0.1114
305,follow_sine,101.4299,100.305,-0.1119,-0.0,0.0,30.8395,102.712 100.991 0 0,0.0134,False,False,0.1114
306,follow_sine,101.4352,100.3066,-0.1121,-0.0,0.0,30.8374,102.712 100.991 0 0,0.0134,False,False,0.1114
307,follow_sine,101.4406,100.3081,-0.1112,-0.0,0.0,30.8345,102.712 100.991 0 0,0.0134,False,False,0.1115
308,follow_sine,101.4459,100.3097,-0.1091,-0.0,0.0,30.8309,102.712 100.991 0 0,0.0133,False,False,0.1114
309,follow_sine,101.4513,100.3112,-0.1061,-0.0,0.0,30.8266,102.737 100.989 0 0,0.0133,False,False,0.1112
310,follow_sine,101.4566,100.3128,-0.102,-0.0,0.0,30.8216,102.737 100.989 0 0,0.0133,False,False,0.1114
311,follow_sine,101.462,100.3143,-0.0972,-0.0,0.0,30.8159,102.737 100.989 0 0,0.0132,False,False,0.1114
312,follow_sine,101.4673,100.3159,-0.0917,-0.0,0.0,30.8093,102.737 100.989 0 0,0.0132,False,False,0.1114
313,follow_sine,101.4727,100.3174,-0.0857,-0.0,0.0,30.8022,102.762 100.986 0 0,0.0131,False,False,0.1112
314,follow_sine,101.478,100.319,-0.0794,-0.0,0.0,30.7942,102.762 100.986 0 0,0.013,False,False,0.1114
315,follow_sine,101.4834,100.3205,-0.0731,-0.0,0.0,30.7855,102.762 100.986 0 0,0.0129,False,False,0.1112
316,follow_sine,101.4887,100.3221,-0.0668,-0.0,0.0,30.776,102.762 100.986 0 0,0.0128,False,False,0.1112
317,follow_sine,101.494,100.3236,-0.0608,-0.0,0.0,30.7659,102.787 100.984 0 0,0.0128,False,False,0.1114
318,follow_sine,101.4994,100.3252,-0.0553,-0.0,0.0,30.7549,102.787 100.984 0 0,0.0127,False,False,0.1112
319,follow_sine,101.5047,100.3267,-0.0504,-0.0,0.0,30.7432,102.787 100.984 0 0,0.0126,False,False,0.1112
320,follow_sine,101.5101,100.3283,-0.0463,-0.0,0.0,30.7307,102.787 100.984 0 0,0.0125,False,False,0.1112
321,follow_sine,101.5154,100.3298,-0.043,-0.0,0.0,30.7174,102.787 100.984 0 0,0.0125,False,False,0.1112
322,follow_sine,101.5207,100.3313,-0.0408,-0.0,0.0,30.7035,102.813 100.981 0 0,0.0124,False,False,0.111
323,follow_sine,101.5261,100.3329,-0.0396,-0.0,0.0,30.6887,102.813 100.981 0 0,0.0124,False,False,0.1112
324,follow_sine,101.5314,100.3344,-0.0395,-0.0,0.0,30.6732,102.813 100.981 0 0,0.0123,False,False,0.1112
325,follow_sine,101.5368,100.336,-0.0405,-0.0,0.0,30.657,102.813 100.981 0 0,0.0122,False,False,0.111
326,follow_sine,101.5421,100.3375,-0.0425,-0.0,0.0,30.64,102.838 100.977 0 0,0.0122,False,False,0.111
327,follow_sine,101.5474,100.3391,-0.0456,-0.0,0.0,30.6222,102.838 100.977 0 0,0.0122,False,False,0.1112
328,follow_sine,101.5528,100.3406,-0.0497,-0.0,0.0,30.6037,102.838 100.977 0 0,0.0121,False,False,0.111
329,follow_sine,101.5581,100.3421,-0.0545,-0.0,0.0,30.5844,102.838 100.977 0 0,0.012,False,False,0.111
330,follow_sine,101.5634,100.3437,-0.06,-0.0,0.0,30.5644,102.863 100.974 0 0,0.0119,False,False,0.111
331,follow_sine,101.5687,100.3452,-0.066,-0.0,0.0,30.5437,102.863 100.974 0 0,0.0118,False,False,0.1109
332,follow_sine,101.5741,100.3467,-0.0723,-0.0,0.0,30.5222,102.863 100.974 0 0,0.0118,False,False,0.111
333,follow_sine,101.5794,100.3483,-0.0786,-0.0,0.0,30.5,102.863 100.974 0 0,0.0117,False,False,0.111
334,follow_sine,101.5847,100.3498,-0.0848,-0.0,0.0,30.4772,102.888 100.97 0 0,0.0116,False,False,0.1108
335,follow_sine,101.5901,100.3513,-0.0907,-0.0,0.0,30.4538,102.888 100.97 0 0,0.0115,False,False,0.1109
336,follow_sine,101.5954,100.3529,-0.0962,-0.0,0.0,30.4296,102.888 100.97 0 0,0.0115,False,False,0.1108
337,follow_sine,101.6007,100.3544,-0.101,-0.0,0.0,30.4048,102.888 100.97 0 0,0.0114,False,False,0.111
338,follow_sine,101.6061,100.3559,-0.105,-0.0,0.0,30.3795,102.913 100.966 0 0,0.0114,False,False,0.1108
339,follow_sine,101.6114,100.3574,-0.1082,-0.0,0.0,30.3535,102.913 100.966 0 0,0.0113,False,False,0.1108
340,follow_sine,101.6167,100.359,-0.1103,-0.0,0.0,30.3269,102.913 100.966 0 0,0.0113,False,False,0.1108
341,follow_sine,101.622,100.3605,-0.1115,-0.0,0.0,30.2997,102.913 100.966 0 0,0.0113,False,False,0.1108
342,follow_sine,101.6274,100.362,-0.1115,-0.0,0.0,30.272,102.938 100.962 0 0,0.0113,False,False,0.1108
343,follow_sine,101.6327,100.3635,-0.1104,-0.0,0.0,30.2438,102.938 100.962 0 0,0.0113,False,False,0.1106
344,follow_sine,101.638,100.3651,-0.1083,-0.0,0.0,30.2148,102.938 100.962 0 0,0.0113,False,False,0.1108
345,follow_sine,101.6433,100.3666,-0.1051,-0.0,0.0,30.1853,102.938 100.962 0 0,0.0113,False,False,0.1108
346,follow_sine,101.6486,100.3681,-0.1011,-0.0,0.0,30.1553,102.963 100.958 0 0,0.0113,False,False,0.1106
347,follow_sine,101.654,100.3696,-0.0962,-0.0,0.0,30.1246,102.963 100.958 0 0,0.0112,False,False,0.1108
348,follow_sine,101.6593,100.3711,-0.0907,-0.0,0.0,30.0933,102.963 100.958 0 0,0.0112,False,False,0.1106
349,follow_sine,101.6646,100.3727,-0.0847,-0.0,0.0,30.0613,102.963 100.958 0 0,0.0111,False,False,0.1108
350,follow_sine,101.6699,100.3742,-0.0785,-0.0,0.0,30.0287,102.988 100.953 0 0,0.011,False,False,0.1106
351,follow_sine,101.6752,100.3757,-0.0722,-0.0,0.0,29.9954,102.988 100.953 0 0,0.011,False,False,0.1106
352,follow_sine,101.6806,100.3772,-0.066,-0.0,0.0,29.9613,102.988 100.953 0 0,0.0109,False,False,0.1106
353,follow_sine,101.6859,100.3787,-0.0602,-0.0,0.0,29.9265,102.988 100.953 0 0,0.0108,False,False,0.1106
354,follow_sine,101.6912,100.3802,-0.0548,-0.0,0.0,29.891,103.013 100.948 0 0,0.0107,False,False,0.1105
355,follow_sine,101.6965,100.3817,-0.0501,-0.0,0.0,29.8546,103.013 100.948 0 0,0.0106,False,False,0.1106
356,follow_sine,101.7018,100.3832,-0.0461,-0.0,0.0,29.8175,103.013 100.948 0 0,0.0105,False,False,0.1106
357,follow_sine,101.7072,100.3847,-0.0431,-0.0,0.0,29.7795,103.013 100.948 0 0,0.0105,False,False,0.1105
358,follow_sine,101.7125,100.3862,-0.041,-0.0,0.0,29.7407,103.037 100.943 0 0,0.0104,False,False,0.1105
359,follow_sine,101.7178,100.3877,-0.0399,-0.0,0.0,29.7011,103.037 100.943 0 0,0.0103,False,False,0.1104
360,follow_sine,101.7231,100.3892,-0.04,-0.0,0.0,29.6606,103.037 100.943 0 0,0.0103,False,False,0.1105
361,follow_sine,101.7284,100.3907,-0.0411,-0.0,0.0,29.6192,103.037 100.943 0 0,0.0103,False,False,0.1105
362,follow_sine,101.7337,100.3922,-0.0433,-0.0,0.0,29.5771,103.062 100.938 0 0,0.0102,False,False,0.1104
363,follow_sine,101.739,100.3937,-0.0465,-0.0,0.0,29.5341,103.062 100.938 0 0,0.0102,False,False,0.1105
364,follow_sine,101.7444,100.3952,-0.0506,-0.0,0.0,29.4903,103.062 100.938 0 0,0.0101,False,False,0.1103
365,follow_sine,101.7497,100.3967,-0.0555,-0.0,0.0,29.4457,103.062 100.938 0 0,0.01,False,False,0.1103
366,follow_sine,101.755,100.3982,-0.061,-0.0,0.0,29.4004,103.087 100.933 0 0,0.01,False,False,0.1104
367,follow_sine,101.7603,100.3997,-0.067,-0.0,0.0,29.3544,103.087 100.933 0 0,0.0098,False,False,0.1103
368,follow_sine,101.7656,100.4012,-0.0732,-0.0,0.0,29.3077,103.087 100.933 0 0,0.0098,False,False,0.1103
369,follow_sine,101.7709,100.4027,-0.0794,-0.0,0.0,29.2603,103.087 100.933 0 0,0.0097,False,False,0.1103
370,follow_sine,101.7762,100.4042,-0.0855,-0.0,0.0,29.2123,103.112 100.927 0 0,0.0096,False,False,0.1102
371,follow_sine,101.7815,100.4057,-0.0913,-0.0,0.0,29.1638,103.112 100.927 0 0,0.0095,False,False,0.1103
372,follow_sine,101.7868,100.4071,-0.0967,-0.0,0.0,29.1147,103.112 100.927 0 0,0.0095,False,False,0.1104
373,follow_sine,101.7922,100.4086,-0.1013,-0.0,0.0,29.0652,103.112 100.927 0 0,0.0095,False,False,0.1102
374,follow_sine,101.7975,100.4101,-0.1052,-0.0,0.0,29.0151,103.136 100.921 0 0,0.0094,False,False,0.1101
375,follow_sine,101.8028,100.4116,-0.1082,-0.0,0.0,28.9647,103.136 100.921 0 0,0.0094,False,False,0.1102
376,follow_sine,101.8081,100.413,-0.1102,-0.0,0.0,28.9137,103.136 100.921 0 0,0.0094,False,False,0.1102
377,follow_sine,101.8134,100.4145,-0.1112,-0.0,0.0,28.8624,103.136 100.921 0 0,0.0094,False,False,0.1102
378,follow_sine,101.8187,100.416,-0.111,-0.0,0.0,28.8106,103.161 100.915 0 0,0.0094,False,False,0.1102
379,follow_sine,101.824,100.4175,-0.1098,-0.0,0.0,28.7585,103.161 100.915 0 0,0.0094,False,False,0.1101
380,follow_sine,101.8293,100.4189,-0.1076,-0.0,0.0,28.7058,103.161 100.915 0 0,0.0095,False,False,0.1102
381,follow_sine,101.8346,100.4204,-0.1043,-0.0,0.0,28.6528,103.161 100.915 0 0,0.0095,False,False,0.1102
382,follow_sine,101.8399,100.4219,-0.1002,-0.0,0.0,28.5993,103.185 100.909 0 0,0.0094,False,False,0.11
383,follow_sine,101.8452,100.4233,-0.0953,-0.0,0.0,28.5453,103.185 100.909 0 0,0.0094,False,False,0.1101
384,follow_sine,101.8505,100.4248,-0.0898,-0.0,0.0,28.4907,103.185 100.909 0 0,0.0093,False,False,0.11
385,follow_sine,101.8559,100.4262,-0.0838,-0.0,0.0,28.4356,103.185 100.909 0 0,0.0093,False,False,0.1101
386,follow_sine,101.8612,100.4277,-0.0776,-0.0,0.0,28.3799,103.21 100.902 0 0,0.0092,False,False,0.11
387,follow_sine,101.8665,100.4292,-0.0714,-0.0,0.0,28.3235,103.21 100.902 0 0,0.0092,False,False,0.1101
388,follow_sine,101.8718,100.4306,-0.0653,-0.0,0.0,28.2664,103.21 100.902 0 0,0.0091,False,False,0.11
389,follow_sine,101.8771,100.4321,-0.0596,-0.0,0.0,28.2086,103.21 100.902 0 0,0.009,False,False,0.1099
390,follow_sine,101.8824,100.4335,-0.0543,-0.0,0.0,28.1501,103.234 100.895 0 0,0.0089,False,False,0.1101
391,follow_sine,101.8877,100.435,-0.0497,-0.0,0.0,28.0908,103.234 100.895 0 0,0.0088,False,False,0.1099
392,follow_sine,101.893,100.4364,-0.0459,-0.0,0.0,28.0306,103.234 100.895 0 0,0.0087,False,False,0.1099
393,follow_sine,101.8983,100.4379,-0.043,-0.0,0.0,27.9696,103.258 100.888 0 0,0.0087,False,False,0.1099
394,follow_sine,101.9036,100.4393,-0.0411,-0.0,0.0,27.9076,103.258 100.888 0 0,0.0086,False,False,0.1099
395,follow_sine,101.9089,100.4407,-0.0402,-0.0,0.0,27.8447,103.258 100.888 0 0,0.0086,False,False,0.11
396,follow_sine,101.9142,100.4422,-0.0404,-0.0,0.0,27.7808,103.258 100.888 0 0,0.0085,False,False,0.1099
397,follow_sine,101.9195,100.4436,-0.0417,-0.0,0.0,27.7161,103.258 100.888 0 0,0.0084,False,False,0.1099
398,follow_sine,101.9248,100.4451,-0.044,-0.0,0.0,27.6506,103.283 100.881 0 0,0.0084,False,False,0.1099
399,follow_sine,101.9301,100.4465,-0.0473,-0.0,0.0,27.5843,103.283 100.881 0 0,0.0083,False,False,0.11
400,follow_sine,101.9354,100.4479,-0.0515,-0.0,0.0,27.5171,103.283 100.881 0 0,0.0083,False,True,0.1098
401,follow_sine,101.9407,100.4493,-0.0564,-0.0,0.0,27.4491,103.307 100.874 0 0,0.0082,False,True,0.1098
402,follow_sine,101.946,100.4508,-0.0619,-0.0,0.0,27.3804,103.307 100.874 0 0,0.0081,False,True,0.1098
403,follow_sine,101.9513,100.4522,-0.0679,-0.0,0.0,27.311,103.307 100.874 0 0,0.008,False,True,0.1098
404,follow_sine,101.9566,100.4536,-0.074,-0.0,0.0,27.2409,103.307 100.874 0 0,0.008,False,True,0.1099
405,follow_sine,101.9619,100.455,-0.0802,-0.0,0.0,27.1702,103.307 100.874 0 0,0.0079,False,True,0.1098
406,follow_sine,101.9672,100.4565,-0.0863,-0.0,0.0,27.0991,103.331 100.867 0 0,0.0078,False,True,0.1098
407,follow_sine,101.9725,100.4579,-0.092,-0.0,0.0,27.0276,103.331 100.867 0 0,0.0078,False,True,0.1098
408,follow_sine,101.9778,100.4593,-0.0971,-0.0,0.0,26.9557,103.331 100.867 0 0,0.0077,False,True,0.1097
409,follow_sine,101.9831,100.4607,-0.1017,-0.0,0.0,26.8834,103.355 100.859 0 0,0.0077,False,True,0.1097
410,follow_sine,101.9884,100.4621,-0.1054,-0.0,0.0,26.8108,103.355 100.859 0 0,0.0077,False,True,0.1097
411,follow_sine,101.9938,100.4635,-0.1082,-0.0,0.0,26.7378,103.355 100.859 0 0,0.0077,False,True,0.1097
412,follow_sine,101.9991,100.4649,-0.1101,-0.0,0.0,26.6645,103.355 100.859 0 0,0.0077,False,True,0.1098
413,follow_sine,102.0044,100.4663,-0.1109,-0.0,0.0,26.591,103.379 100.851 0 0,0.0077,False,True,0.1097
414,follow_sine,102.0097,100.4677,-0.1107,-0.0,0.0,26.5172,103.379 100.851 0 0,0.0078,False,True,0.1097
415,follow_sine,102.015,100.4691,-0.1093,-0.0,0.0,26.4431,103.379 100.851 0 0,0.0078,False,True,0.1097
416,follow_sine,102.0203,100.4705,-0.1069,-0.0,0.0,26.3686,103.379 100.851 0 0,0.0078,False,True,0.1098
417,follow_sine,102.0256,100.4719,-0.1036,-0.0,0.0,26.294,103.403 100.843 0 0,0.0078,False,True,0.1097
418,follow_sine,102.0309,100.4733,-0.0994,-0.0,0.0,26.2189,103.403 100.843 0 0,0.0078,False,True,0.1096
419,follow_sine,102.0362,100.4747,-0.0944,-0.0,0.0,26.1434,103.403 100.843 0 0,0.0078,False,True,0.1098
420,follow_sine,102.0415,100.4761,-0.0889,-0.0,0.0,26.0675,103.403 100.843 0 0,0.0077,False,True,0.1096
421,follow_sine,102.0468,100.4774,-0.0829,-0.0,0.0,25.9911,103.427 100.835 0 0,0.0077,False,True,0.1096
422,follow_sine,102.0521,100.4788,-0.0768,-0.0,0.0,25.9142,103.427 100.835 0 0,0.0076,False,True,0.1098
423,follow_sine,102.0574,100.4802,-0.0706,-0.0,0.0,25.8366,103.427 100.835 0 0,0.0075,False,True,0.1095
424,follow_sine,102.0627,100.4816,-0.0646,-0.0,0.0,25.7584,103.427 100.835 0 0,0.0074,False,True,0.1096
425,follow_sine,102.068,100.483,-0.059,-0.0,0.0,25.6795,103.451 100.826 0 0,0.0074,False,True,0.1097
426,follow_sine,102.0733,100.4843,-0.0538,-0.0,0.0,25.5998,103.451 100.826 0 0,0.0073,False,True,0.1095
427,follow_sine,102.0786,100.4857,-0.0494,-0.0,0.0,25.5192,103.451 100.826 0 0,0.0072,False,True,0.1097
428,follow_sine,102.0839,100.4871,-0.0457,-0.0,0.0,25.4378,103.475 100.818 0 0,0.0071,False,True,0.1095
429,follow_sine,102.0892,100.4884,-0.043,-0.0,0.0,25.3555,103.475 100.818 0 0,0.0071,False,True,0.1097
430,follow_sine,102.0946,100.4898,-0.0412,-0.0,0.0,25.2722,103.475 100.818 0 0,0.007,False,True,0.1096
431,follow_sine,102.0999,100.4912,-0.0404,-0.0,0.0,25.188,103.475 100.818 0 0,0.0069,False,True,0.1095
432,follow_sine,102.1052,100.4925,-0.0408,-0.0,0.0,25.1028,103.475 100.818 0 0,0.0069,False,True,0.1096
433,follow_sine,102.1105,100.4939,-0.0422,-0.0,0.0,25.0168,103.499 100.809 0 0,0.0069,False,True,0.1096
434,follow_sine,102.1158,100.4952,-0.0446,-0.0,0.0,24.9299,103.499 100.809 0 0,0.0068,False,True,0.1096
435,follow_sine,102.1211,100.4966,-0.048,-0.0,0.0,24.8422,103.499 100.809 0 0,0.0067,False,True,0.1094
436,follow_sine,102.1264,100.4979,-0.0523,-0.0,0.0,24.7537,103.523 100.8 0 0,0.0067,False,True,0.1095
437,follow_sine,102.1317,100.4993,-0.0573,-0.0,0.0,24.6643,103.523 100.8 0 0,0.0066,False,True,0.1096
438,follow_sine,102.137,100.5006,-0.0628,-0.0,0.0,24.5743,103.523 100.8 0 0,0.0065,False,True,0.1095
439,follow_sine,102.1423,100.502,-0.0687,-0.0,0.0,24.4836,103.523 100.8 0 0,0.0065,False,True,0.1095
440,follow_sine,102.1477,100.5033,-0.0749,-0.0,0.0,24.3923,103.523 100.8 0 0,0.0064,False,True,0.1097
441,follow_sine,102.153,100.5046,-0.081,-0.0,0.0,24.3007,103.546 100.791 0 0,0.0063,False,True,0.1095
442,follow_sine,102.1583,100.506,-0.087,-0.0,0.0,24.2087,103.546 100.791 0 0,0.0063,False,True,0.1095
443,follow_sine,102.1636,100.5073,-0.0926,-0.0,0.0,24.1163,103.546 100.791 0 0,0.0062,False,True,0.1095
444,follow_sine,102.1689,100.5086,-0.0977,-0.0,0.0,24.0237,103.57 100.782 0 0,0.0062,False,True,0.1095
445,follow_sine,102.1742,100.5099,-0.1021,-0.0,0.0,23.9308,103.57 100.782 0 0,0.0062,False,True,0.1096
446,follow_sine,102.1795,100.5113,-0.1056,-0.0,0.0,23.8378,103.57 100.782 0 0,0.0062,False,True,0.1095
447,follow_sine,102.1848,100.5126,-0.1083,-0.0,0.0,23.7445,103.57 100.782 0 0,0.0062,False,True,0.1095
448,follow_sine,102.1901,100.5139,-0.11,-0.0,0.0,23.6512,103.593 100.773 0 0,0.0062,False,True,0.1094
449,follow_sine,102.1955,100.5152,-0.1107,-0.0,0.0,23.5578,103.593 100.773 0 0,0.0063,False,True,0.1095
450,follow_sine,102.2008,100.5165,-0.1103,-0.0,0.0,23.4642,103.593 100.773 0 0,0.0063,False,True,0.1094
451,follow_sine,102.2061,100.5178,-0.1089,-0.0,0.0,23.3706,103.593 100.773 0 0,0.0064,False,True,0.1095
452,follow_sine,102.2114,100.5191,-0.1064,-0.0,0.0,23.2768,103.617 100.764 0 0,0.0064,False,True,0.1095
453,follow_sine,102.2167,100.5204,-0.1029,-0.0,0.0,23.1828,103.617 100.764 0 0,0.0064,False,True,0.1095
454,follow_sine,102.222,100.5217,-0.0986,-0.0,0.0,23.0886,103.617 100.764 0 0,0.0064,False,True,0.1095
455,follow_sine,102.2274,100.523,-0.0936,-0.0,0.0,22.9941,103.617 100.764 0 0,0.0064,False,True,0.1095
456,follow_sine,102.2327,100.5243,-0.088,-0.0,0.0,22.8993,103.64 100.754 0 0,0.0064,False,True,0.1094
457,follow_sine,102.238,100.5256,-0.0821,-0.0,0.0,22.8041,103.64 100.754 0 0,0.0063,False,True,0.1094
458,follow_sine,102.2433,100.5269,-0.0759,-0.0,0.0,22.7084,103.64 100.754 0 0,0.0063,False,True,0.1096
459,follow_sine,102.2486,100.5282,-0.0698,-0.0,0.0,22.6121,103.664 100.744 0 0,0.0062,False,True,0.1094
460,follow_sine,102.254,100.5295,-0.0639,-0.0,0.0,22.5151,103.664 100.744 0 0,0.0061,False,True,0.1094
461,follow_sine,102.2593,100.5307,-0.0583,-0.0,0.0,22.4174,103.664 100.744 0 0,0.006,False,True,0.1095
462,follow_sine,102.2646,100.532,-0.0533,-0.0,0.0,22.3189,103.664 100.744 0 0,0.0059,False,True,0.1095
463,follow_sine,102.2699,100.5333,-0.049,-0.0,0.0,22.2196,103.687 100.734 0 0,0.0059,False,True,0.1095
464,follow_sine,102.2753,100.5346,-0.0455,-0.0,0.0,22.1195,103.687 100.734 0 0,0.0058,False,True,0.1095
465,follow_sine,102.2806,100.5358,-0.0428,-0.0,0.0,22.0183,103.687 100.734 0 0,0.0057,False,True,0.1095
466,follow_sine,102.2859,100.5371,-0.0412,-0.0,0.0,21.9163,103.687 100.734 0 0,0.0057,False,True,0.1095
467,follow_sine,102.2912,100.5384,-0.0406,-0.0,0.0,21.8133,103.71 100.724 0 0,0.0056,False,True,0.1094
468,follow_sine,102.2966,100.5396,-0.0411,-0.0,0.0,21.7094,103.71 100.724 0 0,0.0056,False,True,0.1096
469,follow_sine,102.3019,100.5409,-0.0426,-0.0,0.0,21.6046,103.71 100.724 0 0,0.0055,False,True,0.1094
470,follow_sine,102.3072,100.5421,-0.0452,-0.0,0.0,21.4988,103.71 100.724 0 0,0.0055,False,True,0.1096
471,follow_sine,102.3126,100.5434,-0.0487,-0.0,0.0,21.3923,103.733 100.714 0 0,0.0054,False,True,0.1096
472,follow_sine,102.3179,100.5446,-0.053,-0.0,0.0,21.2849,103.733 100.714 0 0,0.0054,False,True,0.1096
473,follow_sine,102.3232,100.5459,-0.0581,-0.0,0.0,21.1768,103.733 100.714 0 0,0.0053,False,True,0.1095
474,follow_sine,102.3286,100.5471,-0.0636,-0.0,0.0,21.0681,103.733 100.714 0 0,0.0052,False,True,0.1095
475,follow_sine,102.3339,100.5484,-0.0696,-0.0,0.0,20.9589,103.757 100.704 0 0,0.0052,False,True,0.1095
476,follow_sine,102.3392,100.5496,-0.0757,-0.0,0.0,20.8492,103.757 100.704 0 0,0.0051,False,True,0.1095
477,follow_sine,102.3446,100.5508,-0.0818,-0.0,0.0,20.7391,103.757 100.704 0 0,0.0051,False,True,0.1096
478,follow_sine,102.3499,100.5521,-0.0877,-0.0,0.0,20.6287,103.757 100.704 0 0,0.005,False,True,0.1095
479,follow_sine,102.3552,100.5533,-0.0932,-0.0,0.0,20.5182,103.78 100.694 0 0,0.005,False,True,0.1096
480,follow_sine,102.3606,100.5545,-0.0982,-0.0,0.0,20.4075,103.78 100.694 0 0,0.005,False,True,0.1096
481,follow_sine,102.3659,100.5557,-0.1024,-0.0,0.0,20.2967,103.78 100.694 0 0,0.005,False,True,0.1096
482,follow_sine,102.3713,100.5569,-0.1059,-0.0,0.0,20.186,103.78 100.694 0 0,0.005,False,True,0.1096
483,follow_sine,102.3766,100.5582,-0.1085,-0.0,0.0,20.0753,103.803 100.683 0 0,0.005,False,True,0.1095
484,follow_sine,102.3819,100.5594,-0.11,-0.0,0.0,19.9647,103.803 100.683 0 0,0.0051,False,True,0.1095
485,follow_sine,102.3873,100.5606,-0.1106,-0.0,0.0,19.8541,103.803 100.683 0 0,0.0051,False,True,0.1096
486,follow_sine,102.3926,100.5618,-0.11,-0.0,0.0,19.7435,103.826 100.673 0 0,0.0052,False,True,0.1095
487,follow_sine,102.398,100.563,-0.1084,-0.0,0.0,19.633,103.826 100.673 0 0,0.0052,False,True,0.1096
488,follow_sine,102.4033,100.5642,-0.1058,-0.0,0.0,19.5224,103.826 100.673 0 0,0.0053,False,True,0.1096
489,follow_sine,102.4087,100.5654,-0.1022,-0.0,0.0,19.4118,103.826 100.673 0 0,0.0053,False,True,0.1096
490,follow_sine,102.414,100.5666,-0.0979,-0.0,0.0,19.3011,103.826 100.673 0 0,0.0053,False,True,0.1097
491,follow_sine,102.4194,100.5677,-0.0928,-0.0,0.0,19.1903,103.849 100.662 0 0,0.0053,False,True,0.1095
492,follow_sine,102.4247,100.5689,-0.0872,-0.0,0.0,19.0792,103.849 100.662 0 0,0.0053,False,True,0.1095
493,follow_sine,102.4301,100.5701,-0.0812,-0.0,0.0,18.9679,103.849 100.662 0 0,0.0053,False,True,0.1097
494,follow_sine,102.4354,100.5713,-0.0751,-0.0,0.0,18.8561,103.871 100.651 0 0,0.0052,False,True,0.1095
495,follow_sine,102.4408,100.5724,-0.069,-0.0,0.0,18.7438,103.871 100.651 0 0,0.0051,False,True,0.1097
496,follow_sine,102.4461,100.5736,-0.0632,-0.0,0.0,18.6309,103.871 100.651 0 0,0.0051,False,True,0.1097
497,follow_sine,102.4515,100.5748,-0.0577,-0.0,0.0,18.5173,103.871 100.651 0 0,0.005,False,True,0.1098
498,follow_sine,102.4569,100.576,-0.0528,-0.0,0.0,18.4031,103.871 100.651 0 0,0.0049,False,True,0.1096
499,follow_sine,102.4622,100.5771,-0.0486,-0.0,0.0,18.2881,103.894 100.64 0 0,0.0048,False,True,0.1096
500,follow_sine,102.4676,100.5783,-0.0452,-0.0,0.0,18.1723,103.894 100.64 0 0,0.0048,False,True,0.1097
501,follow_sine,102.4729,100.5794,-0.0427,-0.0,0.0,18.0556,103.894 100.64 0 0,0.0047,False,True,0.1097
502,follow_sine,102.4783,100.5806,-0.0412,-0.0,0.0,17.938,103.917 100.629 0 0,0.0047,False,True,0.1096
503,follow_sine,102.4837,100.5817,-0.0408,-0.0,0.0,17.8196,103.917 100.629 0 0,0.0046,False,True,0.1097
504,follow_sine,102.489,100.5829,-0.0414,-0.0,0.0,17.7001,103.917 100.629 0 0,0.0046,False,True,0.1098
505,follow_sine,102.4944,100.584,-0.043,-0.0,0.0,17.5798,103.917 100.629 0 0,0.0045,False,True,0.1097
506,follow_sine,102.4998,100.5851,-0.0457,-0.0,0.0,17.4587,103.94 100.618 0 0,0.0045,False,True,0.1098
507,follow_sine,102.5051,100.5863,-0.0493,-0.0,0.0,17.3368,103.94 100.618 0 0,0.0044,False,True,0.1097
508,follow_sine,102.5105,100.5874,-0.0537,-0.0,0.0,17.2141,103.94 100.618 0 0,0.0044,False,True,0.1098
509,follow_sine,102.5159,100.5885,-0.0588,-0.0,0.0,17.0908,103.94 100.618 0 0,0.0043,False,True,0.1097
510,follow_sine,102.5212,100.5897,-0.0645,-0.0,0.0,16.967,103.962 100.607 0 0,0.0043,False,True,0.1097
511,follow_sine,102.5266,100.5908,-0.0704,-0.0,0.0,16.8427,103.962 100.607 0 0,0.0042,False,True,0.1099
512,follow_sine,102.532,100.5919,-0.0765,-0.0,0.0,16.718,103.962 100.607 0 0,0.0042,False,True,0.1097
513,follow_sine,102.5374,100.593,-0.0826,-0.0,0.0,16.5931,103.962 100.607 0 0,0.0041,False,True,0.1099
514,follow_sine,102.5428,100.5941,-0.0884,-0.0,0.0,16.4681,103.985 100.595 0 0,0.0041,False,True,0.1098
515,follow_sine,102.5481,100.5952,-0.0938,-0.0,0.0,16.343,103.985 100.595 0 0,0.0041,False,True,0.1098
516,follow_sine,102.5535,100.5963,-0.0987,-0.0,0.0,16.2179,103.985 100.595 0 0,0.0041,False,True,0.1098
517,follow_sine,102.5589,100.5974,-0.1029,-0.0,0.0,16.0929,103.985 100.595 0 0,0.0041,False,True,0.1099
518,follow_sine,102.5643,100.5985,-0.1062,-0.0,0.0,15.9681,104.008 100.584 0 0,0.0042,False,True,0.1099
519,follow_sine,102.5697,100.5996,-0.1086,-0.0,0.0,15.8435,104.008 100.584 0 0,0.0042,False,True,0.1097
520,follow_sine,102.5751,100.6007,-0.11,-0.0,0.0,15.719,104.008 100.584 0 0,0.0043,False,True,0.1099
521,follow_sine,102.5804,100.6018,-0.1104,-0.0,0.0,15.5948,104.008 100.584 0 0,0.0044,False,True,0.11
522,follow_sine,102.5858,100.6028,-0.1097,-0.0,0.0,15.4709,104.03 100.572 0 0,0.0044,False,True,0.1099
523,follow_sine,102.5912,100.6039,-0.108,-0.0,0.0,15.3472,104.03 100.572 0 0,0.0045,False,True,0.1098
524,follow_sine,102.5966,100.605,-0.1053,-0.0,0.0,15.2235,104.03 100.572 0 0,0.0045,False,True,0.11
525,follow_sine,102.602,100.606,-0.1016,-0.0,0.0,15.1,104.03 100.572 0 0,0.0046,False,True,0.1099
526,follow_sine,102.6074,100.6071,-0.0971,-0.0,0.0,14.9766,104.053 100.561 0 0,0.0046,False,True,0.11
527,follow_sine,102.6128,100.6082,-0.092,-0.0,0.0,14.8531,104.053 100.561 0 0,0.0046,False,True,0.1099
528,follow_sine,102.6182,100.6092,-0.0864,-0.0,0.0,14.7295,104.053 100.561 0 0,0.0046,False,True,0.1101
529,follow_sine,102.6236,100.6103,-0.0804,-0.0,0.0,14.6056,104.053 100.561 0 0,0.0046,False,True,0.1099
530,follow_sine,102.629,100.6113,-0.0743,-0.0,0.0,14.4815,104.075 100.549 0 0,0.0045,False,True,0.1101
531,follow_sine,102.6344,100.6124,-0.0683,-0.0,0.0,14.3569,104.075 100.549 0 0,0.0044,False,True,0.11
532,follow_sine,102.6398,100.6134,-0.0625,-0.0,0.0,14.2318,104.075 100.549 0 0,0.0044,False,True,0.11
533,follow_sine,102.6452,100.6144,-0.0571,-0.0,0.0,14.1062,104.075 100.549 0 0,0.0043,False,True,0.1102
534,follow_sine,102.6506,100.6155,-0.0523,-0.0,0.0,13.9799,104.098 100.537 0 0,0.0042,False,True,0.11
535,follow_sine,102.656,100.6165,-0.0482,-0.0,0.0,13.8528,104.098 100.537 0 0,0.0042,False,True,0.1101
536,follow_sine,102.6614,100.6175,-0.0449,-0.0,0.0,13.725,104.098 100.537 0 0,0.0041,False,True,0.1101
537,follow_sine,102.6668,100.6185,-0.0425,-0.0,0.0,13.5963,104.098 100.537 0 0,0.0041,False,True,0.1101
538,follow_sine,102.6722,100.6196,-0.0412,-0.0,0.0,13.4668,104.12 100.525 0 0,0.004,False,True,0.1101
539,follow_sine,102.6777,100.6206,-0.0409,-0.0,0.0,13.3365,104.12 100.525 0 0,0.004,False,True,0.11
540,follow_sine,102.6831,100.6216,-0.0416,-0.0,0.0,13.2053,104.12 100.525 0 0,0.004,False,True,0.1102
541,follow_sine,102.6885,100.6226,-0.0434,-0.0,0.0,13.0732,104.12 100.525 0 0,0.0039,False,True,0.1102
542,follow_sine,102.6939,100.6236,-0.0462,-0.0,0.0,12.9405,104.142 100.513 0 0,0.0039,False,True,0.1102
543,follow_sine,102.6993,100.6246,-0.0499,-0.0,0.0,12.807,104.142 100.513 0 0,0.0038,False,True,0.1102
544,follow_sine,102.7047,100.6256,-0.0545,-0.0,0.0,12.6729,104.142 100.513 0 0,0.0038,False,True,0.1103
545,follow_sine,102.7102,100.6266,-0.0596,-0.0,0.0,12.5382,104.142 100.513 0 0,0.0037,False,True,0.1101
546,follow_sine,102.7156,100.6275,-0.0653,-0.0,0.0,12.4031,104.164 100.501 0 0,0.0037,False,True,0.1103
547,follow_sine,102.721,100.6285,-0.0713,-0.0,0.0,12.2677,104.164 100.501 0 0,0.0037,False,True,0.1102
548,follow_sine,102.7264,100.6295,-0.0773,-0.0,0.0,12.132,104.164 100.501 0 0,0.0036,False,True,0.1102
549,follow_sine,102.7319,100.6305,-0.0834,-0.0,0.0,11.9962,104.164 100.501 0 0,0.0036,False,True,0.1104
550,follow_sine,102.7373,100.6314,-0.0891,-0.0,0.0,11.8604,104.164 100.501 0 0,0.0036,False,True,0.1103
551,follow_sine,102.7427,100.6324,-0.0945,-0.0,0.0,11.7248,104.187 100.489 0 0,0.0036,False,True,0.1102
552,follow_sine,102.7482,100.6333,-0.0992,-0.0,0.0,11.5894,104.187 100.489 0 0,0.0036,False,True,0.1103
553,follow_sine,102.7536,100.6343,-0.1033,-0.0,0.0,11.4542,104.187 100.489 0 0,0.0036,False,True,0.1103
554,follow_sine,102.759,100.6352,-0.1065,-0.0,0.0,11.3194,104.209 100.477 0 0,0.0037,False,True,0.1105
555,follow_sine,102.7645,100.6362,-0.1088,-0.0,0.0,11.1849,104.209 100.477 0 0,0.0038,False,True,0.1103
556,follow_sine,102.7699,100.6371,-0.11,-0.0,0.0,11.0507,104.209 100.477 0 0,0.0038,False,True,0.1104
557,follow_sine,102.7753,100.6381,-0.1103,-0.0,0.0,10.917,104.209 100.477 0 0,0.0039,False,True,0.1104
558,follow_sine,102.7808,100.639,-0.1095,-0.0,0.0,10.7836,104.209 100.477 0 0,0.004,False,True,0.1104
559,follow_sine,102.7862,100.6399,-0.1076,-0.0,0.0,10.6506,104.231 100.465 0 0,0.0041,False,True,0.1104
560,follow_sine,102.7917,100.6408,-0.1048,-0.0,0.0,10.5179,104.231 100.465 0 0,0.0042,False,True,0.1105
561,follow_sine,102.7971,100.6418,-0.101,-0.0,0.0,10.3854,104.231 100.465 0 0,0.0042,False,True,0.1105
562,follow_sine,102.8026,100.6427,-0.0964,-0.0,0.0,10.2531,104.231 100.465 0 0,0.0042,False,True,0.1103
563,follow_sine,102.808,100.6436,-0.0912,-0.0,0.0,10.121,104.253 100.452 0 0,0.0043,False,True,0.1105
564,follow_sine,102.8134,100.6445,-0.0855,-0.0,0.0,9.9888,104.253 100.452 0 0,0.0043,False,True,0.1104
565,follow_sine,102.8189,100.6454,-0.0796,-0.0,0.0,9.8564,104.253 100.452 0 0,0.0043,False,True,0.1106
566,follow_sine,102.8243,100.6463,-0.0735,-0.0,0.0,9.7239,104.253 100.452 0 0,0.0042,False,True,0.1104
567,follow_sine,102.8298,100.6472,-0.0675,-0.0,0.0,9.5911,104.275 100.44 0 0,0.0042,False,True,0.1106
568,follow_sine,102.8353,100.648,-0.0618,-0.0,0.0,9.4578,104.275 100.44 0 0,0.0041,False,True,0.1105
569,follow_sine,102.8407,100.6489,-0.0565,-0.0,0.0,9.324,104.275 100.44 0 0,0.004,False,True,0.1105
570,follow_sine,102.8462,100.6498,-0.0517,-0.0,0.0,9.1896,104.275 100.44 0 0,0.004,False,True,0.1105
571,follow_sine,102.8516,100.6507,-0.0478,-0.0,0.0,9.0546,104.297 100.427 0 0,0.0039,False,True,0.1106
572,follow_sine,102.8571,100.6516,-0.0446,-0.0,0.0,8.9189,104.297 100.427 0 0,0.0039,False,True,0.1105
573,follow_sine,102.8625,100.6524,-0.0424,-0.0,0.0,8.7823,104.297 100.427 0 0,0.0038,False,True,0.1106
574,follow_sine,102.868,100.6533,-0.0412,-0.0,0.0,8.645,104.297 100.427 0 0,0.0038,False,True,0.1106
575,follow_sine,102.8735,100.6541,-0.041,-0.0,0.0,8.507,104.319 100.415 0 0,0.0038,False,True,0.1107
576,follow_sine,102.8789,100.655,-0.0419,-0.0,0.0,8.3681,104.319 100.415 0 0,0.0037,False,True,0.1106
577,follow_sine,102.8844,100.6558,-0.0438,-0.0,0.0,8.2285,104.319 100.415 0 0,0.0037,False,True,0.1107
578,follow_sine,102.8899,100.6567,-0.0467,-0.0,0.0,8.0882,104.319 100.415 0 0,0.0037,False,True,0.1107
579,follow_sine,102.8954,100.6575,-0.0506,-0.0,0.0,7.9473,104.319 100.415 0 0,0.0036,False,True,0.1107
580,follow_sine,102.9008,100.6583,-0.0552,-0.0,0.0,7.806,104.341 100.402 0 0,0.0036,False,True,0.1106
581,follow_sine,102.9063,100.6591,-0.0604,-0.0,0.0,7.6642,104.341 100.402 0 0,0.0036,False,True,0.1108
582,follow_sine,102.9118,100.66,-0.0661,-0.0,0.0,7.522,104.341 100.402 0 0,0.0035,False,True,0.1106
583,follow_sine,102.9173,100.6608,-0.0721,-0.0,0.0,7.3797,104.341 100.402 0 0,0.0035,False,True,0.1107
584,follow_sine,102.9227,100.6616,-0.0781,-0.0,0.0,7.2373,104.363 100.39 0 0,0.0035,False,True,0.1108
585,follow_sine,102.9282,100.6624,-0.0841,-0.0,0.0,7.0949,104.363 100.39 0 0,0.0035,False,True,0.1107
586,follow_sine,102.9337,100.6632,-0.0898,-0.0,0.0,6.9526,104.363 100.39 0 0,0.0035,False,True,0.1107
587,follow_sine,102.9392,100.664,-0.0951,-0.0,0.0,6.8106,104.363 100.39 0 0,0.0035,False,True,0.1109
588,follow_sine,102.9446,100.6648,-0.0998,-0.0,0.0,6.6689,104.363 100.39 0 0,0.0035,False,True,0.1107
589,follow_sine,102.9501,100.6656,-0.1037,-0.0,0.0,6.5277,104.385 100.377 0 0,0.0036,False,True,0.1108
590,follow_sine,102.9556,100.6663,-0.1068,-0.0,0.0,6.3869,104.385 100.377 0 0,0.0036,False,True,0.1108
591,follow_sine,102.9611,100.6671,-0.1089,-0.0,0.0,6.2466,104.385 100.377 0 0,0.0037,False,True,0.1108
592,follow_sine,102.9666,100.6679,-0.1101,-0.0,0.0,6.1068,104.385 100.377 0 0,0.0038,False,True,0.1108
593,follow_sine,102.9721,100.6686,-0.1102,-0.0,0.0,5.9676,104.407 100.364 0 0,0.0039,False,True,0.1109
594,follow_sine,102.9776,100.6694,-0.1092,-0.0,0.0,5.8289,104.407 100.364 0 0,0.004,False,True,0.1107
595,follow_sine,102.9831,100.6702,-0.1072,-0.0,0.0,5.6906,104.407 100.364 0 0,0.0041,False,True,0.1109
596,follow_sine,102.9886,100.6709,-0.1042,-0.0,0.0,5.5528,104.407 100.364 0 0,0.0042,False,True,0.1109
597,follow_sine,102.994,100.6716,-0.1004,-0.0,0.0,5.4153,104.429 100.351 0 0,0.0043,False,True,0.1109
598,follow_sine,102.9995,100.6724,-0.0957,-0.0,0.0,5.2781,104.429 100.351 0 0,0.0043,False,True,0.1108
599,follow_sine,103.005,100.6731,-0.0905,-0.0,0.0,5.1411,104.429 100.351 0 0,0.0043,False,True,0.1108
600,follow_sine,103.0105,100.6738,-0.0848,-0.0,0.0,5.0041,104.429 100.351 0 0,0.0043,False,True,0.111
601,follow_sine,103.016,100.6746,-0.0788,-0.0,0.0,4.8671,104.451 100.338 0 0,0.0043,False,True,0.1108
602,follow_sine,103.0215,100.6753,-0.0727,-0.0,0.0,4.73,104.451 100.338 0 0,0.0043,False,True,0.1109
603,follow_sine,103.027,100.676,-0.0667,-0.0,0.0,4.5926,104.451 100.338 0 0,0.0043,False,True,0.1109
604,follow_sine,103.0325,100.6767,-0.0611,-0.0,0.0,4.4548,104.451 100.338 0 0,0.0042,False,True,0.1111
605,follow_sine,103.038,100.6774,-0.0558,-0.0,0.0,4.3166,104.451 100.338 0 0,0.0041,False,True,0.1109
606,follow_sine,103.0435,100.6781,-0.0512,-0.0,0.0,4.1779,104.472 100.325 0 0,0.0041,False,True,0.111
607,follow_sine,103.049,100.6788,-0.0473,-0.0,0.0,4.0387,104.472 100.325 0 0,0.004,False,True,0.1109
608,follow_sine,103.0546,100.6795,-0.0443,-0.0,0.0,3.8988,104.472 100.325 0 0,0.004,False,True,0.111
609,follow_sine,103.0601,100.6801,-0.0422,-0.0,0.0,3.7582,104.472 100.325 0 0,0.004,False,True,0.111
610,follow_sine,103.0656,100.6808,-0.0412,-0.0,0.0,3.617,104.494 100.313 0 0,0.004,False,True,0.1112
611,follow_sine,103.0711,100.6815,-0.0411,-0.0,0.0,3.475,104.494 100.313 0 0,0.004,False,True,0.111
612,follow_sine,103.0766,100.6822,-0.0421,-0.0,0.0,3.3323,104.494 100.313 0 0,0.0039,False,True,0.1111
613,follow_sine,103.0821,100.6828,-0.0442,-0.0,0.0,3.189,104.494 100.313 0 0,0.0039,False,True,0.1109
614,follow_sine,103.0876,100.6835,-0.0472,-0.0,0.0,3.0451,104.494 100.313 0 0,0.0039,False,True,0.1111
615,follow_sine,103.0931,100.6841,-0.0512,-0.0,0.0,2.9008,104.516 100.3 0 0,0.0039,False,True,0.1111
616,follow_sine,103.0987,100.6848,-0.0559,-0.0,0.0,2.756,104.516 100.3 0 0,0.0038,False,True,0.1111
617,follow_sine,103.1042,100.6854,-0.0611,-0.0,0.0,2.6108,104.516 100.3 0 0,0.0038,False,True,0.1112
618,follow_sine,103.1097,100.686,-0.0669,-0.0,0.0,2.4655,104.516 100.3 0 0,0.0038,False,True,0.111
619,follow_sine,103.1152,100.6866,-0.0729,-0.0,0.0,2.32,104.537 100.286 0 0,0.0038,False,True,0.1112
620,follow_sine,103.1207,100.6873,-0.0789,-0.0,0.0,2.1746,104.537 100.286 0 0,0.0037,False,True,0.111
621,follow_sine,103.1263,100.6879,-0.0849,-0.0,0.0,2.0293,104.537 100.286 0 0,0.0038,False,True,0.1111
622,follow_sine,103.1318,100.6885,-0.0905,-0.0,0.0,1.8842,104.537 100.286 0 0,0.0038,False,True,0.1113
623,follow_sine,103.1373,100.6891,-0.0957,-0.0,0.0,1.7395,104.537 100.286 0 0,0.0038,False,True,0.1111
624,follow_sine,103.1428,100.6897,-0.1003,-0.0,0.0,1.5953,104.559 100.273 0 0,0.0038,False,True,0.1111
625,follow_sine,103.1484,100.6902,-0.1041,-0.0,0.0,1.4515,104.559 100.273 0 0,0.0039,False,True,0.1111
626,follow_sine,103.1539,100.6908,-0.1071,-0.0,0.0,1.3083,104.559 100.273 0 0,0.004,False,True,0.1112
627,follow_sine,103.1594,100.6914,-0.1091,-0.0,0.0,1.1657,104.559 100.273 0 0,0.0041,False,True,0.1112
628,follow_sine,103.165,100.692,-0.1101,-0.0,0.0,1.0238,104.581 100.26 0 0,0.0042,False,True,0.1112
629,follow_sine,103.1705,100.6925,-0.11,-0.0,0.0,0.8825,104.581 100.26 0 0,0.0043,False,True,0.1112
630,follow_sine,103.176,100.6931,-0.109,-0.0,0.0,0.7417,104.581 100.26 0 0,0.0044,False,True,0.1112
631,follow_sine,103.1816,100.6936,-0.1068,-0.0,0.0,0.6015,104.581 100.26 0 0,0.0046,False,True,0.1112
632,follow_sine,103.1871,100.6942,-0.1037,-0.0,0.0,0.4618,104.581 100.26 0 0,0.0047,False,True,0.1113
633,follow_sine,103.1926,100.6947,-0.0998,-0.0,0.0,0.3226,104.602 100.247 0 0,0.0047,False,True,0.1112
634,follow_sine,103.1982,100.6953,-0.095,-0.0,0.0,0.1837,104.602 100.247 0 0,0.0048,False,True,0.1113
635,follow_sine,103.2037,100.6958,-0.0897,-0.0,0.0,0.045,104.602 100.247 0 0,0.0048,False,True,0.1113
636,follow_sine,103.2092,100.6963,-0.084,-0.0,-0.0,-0.0935,104.602 100.247 0 0,0.0048,False,True,0.1113
637,follow_sine,103.2148,100.6968,-0.078,-0.0,-0.0,-0.2319,104.602 100.247 0 0,0.0048,False,True,0.1112
638,follow_sine,103.2203,100.6973,-0.0719,-0.0,-0.0,-0.3704,104.624 100.234 0 0,0.0048,False,True,0.1112
639,follow_sine,103.2259,100.6978,-0.066,-0.0,-0.0,-0.509,104.624 100.234 0 0,0.0048,False,True,0.1112
640,follow_sine,103.2314,100.6983,-0.0604,-0.0,-0.0,-0.648,104.624 100.234 0 0,0.0047,False,True,0.1112
641,follow_sine,103.2369,100.6988,-0.0552,-0.0,-0.0,-0.7872,104.624 100.234 0 0,0.0047,False,True,0.1114
642,follow_sine,103.2425,100.6993,-0.0507,-0.0,-0.0,-0.9269,104.646 100.221 0 0,0.0046,False,True,0.1112
643,follow_sine,103.248,100.6998,-0.0469,-0.0,-0.0,-1.0672,104.646 100.221 0 0,0.0046,False,True,0.1113
644,follow_sine,103.2536,100.7003,-0.044,-0.0,-0.0,-1.208,104.646 100.221 0 0,0.0046,False,True,0.1112
645,follow_sine,103.2591,100.7007,-0.0421,-0.0,-0.0,-1.3494,104.646 100.221 0 0,0.0046,False,True,0.1113
646,follow_sine,103.2647,100.7012,-0.0411,-0.0,-0.0,-1.4914,104.646 100.221 0 0,0.0046,False,True,0.1113
647,follow_sine,103.2702,100.7016,-0.0413,-0.0,-0.0,-1.634,104.667 100.208 0 0,0.0045,False,True,0.1113
648,follow_sine,103.2758,100.7021,-0.0424,-0.0,-0.0,-1.7772,104.667 100.208 0 0,0.0046,False,True,0.1114
649,follow_sine,103.2813,100.7025,-0.0446,-0.0,-0.0,-1.9209,104.667 100.208 0 0,0.0045,False,True,0.1113
650,follow_sine,103.2869,100.7029,-0.0478,-0.0,-0.0,-2.0652,104.667 100.208 0 0,0.0045,False,True,0.1113
651,follow_sine,103.2924,100.7034,-0.0518,-0.0,-0.0,-2.2099,104.689 100.194 0 0,0.0045,False,True,0.1114
652,follow_sine,103.298,100.7038,-0.0565,-0.0,-0.0,-2.3549,104.689 100.194 0 0,0.0045,False,True,0.1112
653,follow_sine,103.3035,100.7042,-0.0619,-0.0,-0.0,-2.5002,104.689 100.194 0 0,0.0045,False,True,0.1114
654,follow_sine,103.3091,100.7046,-0.0677,-0.0,-0.0,-2.6456,104.689 100.194 0 0,0.0045,False,True,0.1114
655,follow_sine,103.3146,100.705,-0.0737,-0.0,-0.0,-2.791,104.689 100.194 0 0,0.0045,False,True,0.1114
656,follow_sine,103.3202,100.7054,-0.0797,-0.0,-0.0,-2.9363,104.71 100.181 0 0,0.0045,False,True,0.1114
657,follow_sine,103.3257,100.7058,-0.0856,-0.0,-0.0,-3.0814,104.71 100.181 0 0,0.0045,False,True,0.1113
658,follow_sine,103.3313,100.7062,-0.0912,-0.0,-0.0,-3.2261,104.71 100.181 0 0,0.0045,False,True,0.1115
659,follow_sine,103.3368,100.7065,-0.0963,-0.0,-0.0,-3.3704,104.71 100.181 0 0,0.0045,False,True,0.1113
660,follow_sine,103.3424,100.7069,-0.1008,-0.0,-0.0,-3.5142,104.71 100.181 0 0,0.0046,False,True,0.1113
661,follow_sine,103.348,100.7072,-0.1045,-0.0,-0.0,-3.6574,104.732 100.168 0 0,0.0047,False,True,0.1115
662,follow_sine,103.3535,100.7076,-0.1073,-0.0,-0.0,-3.7999,104.732 100.168 0 0,0.0048,False,True,0.1115
663,follow_sine,103.3591,100.7079,-0.1092,-0.0,-0.0,-3.9418,104.732 100.168 0 0,0.0049,False,True,0.1113
664,follow_sine,103.3646,100.7083,-0.1101,-0.0,-0.0,-4.083,104.732 100.168 0 0,0.005,False,True,0.1114
665,follow_sine,103.3702,100.7086,-0.1099,-0.0,-0.0,-4.2235,104.753 100.154 0 0,0.0052,False,True,0.1114
666,follow_sine,103.3758,100.7089,-0.1087,-0.0,-0.0,-4.3633,104.753 100.154 0 0,0.0053,False,True,0.1114
667,follow_sine,103.3813,100.7092,-0.1064,-0.0,-0.0,-4.5025,104.753 100.154 0 0,0.0054,False,True,0.1114
668,follow_sine,103.3869,100.7095,-0.1032,-0.0,-0.0,-4.6412,104.753 100.154 0 0,0.0055,False,True,0.1114
669,follow_sine,103.3925,100.7098,-0.0991,-0.0,-0.0,-4.7793,104.753 100.154 0 0,0.0056,False,True,0.1115
670,follow_sine,103.398,100.7101,-0.0943,-0.0,-0.0,-4.9171,104.775 100.141 0 0,0.0057,False,True,0.1114
671,follow_sine,103.4036,100.7104,-0.089,-0.0,-0.0,-5.0545,104.775 100.141 0 0,0.0057,False,True,0.1115
672,follow_sine,103.4091,100.7107,-0.0832,-0.0,-0.0,-5.1918,104.775 100.141 0 0,0.0057,False,True,0.1114
673,follow_sine,103.4147,100.7109,-0.0772,-0.0,-0.0,-5.3289,104.775 100.141 0 0,0.0057,False,True,0.1115
674,follow_sine,103.4203,100.7112,-0.0711,-0.0,-0.0,-5.4661,104.775 100.141 0 0,0.0057,False,True,0.1115
675,follow_sine,103.4258,100.7115,-0.0652,-0.0,-0.0,-5.6034,104.796 100.128 0 0,0.0057,False,True,0.1114
676,follow_sine,103.4314,100.7117,-0.0597,-0.0,-0.0,-5.7408,104.796 100.128 0 0,0.0057,False,True,0.1115
677,follow_sine,103.437,100.7119,-0.0546,-0.0,-0.0,-5.8786,104.796 100.128 0 0,0.0056,False,True,0.1115
678,follow_sine,103.4426,100.7122,-0.0502,-0.0,-0.0,-6.0168,104.796 100.128 0 0,0.0056,False,True,0.1115
679,follow_sine,103.4481,100.7124,-0.0465,-0.0,-0.0,-6.1554,104.796 100.128 0 0,0.0056,False,True,0.1115
680,follow_sine,103.4537,100.7126,-0.0438,-0.0,-0.0,-6.2944,104.818 100.114 0 0,0.0056,False,True,0.1115
681,follow_sine,103.4593,100.7128,-0.0419,-0.0,-0.0,-6.434,104.818 100.114 0 0,0.0056,False,True,0.1116
682,follow_sine,103.4648,100.713,-0.0411,-0.0,-0.0,-6.5742,104.818 100.114 0 0,0.0056,False,True,0.1115
683,follow_sine,103.4704,100.7132,-0.0414,-0.0,-0.0,-6.7149,104.818 100.114 0 0,0.0056,False,True,0.1115
684,follow_sine,103.476,100.7134,-0.0427,-0.0,-0.0,-6.8561,104.839 100.101 0 0,0.0056,False,True,0.1114
685,follow_sine,103.4816,100.7136,-0.045,-0.0,-0.0,-6.9977,104.839 100.101 0 0,0.0056,False,True,0.1116
686,follow_sine,103.4871,100.7137,-0.0483,-0.0,-0.0,-7.1399,104.839 100.101 0 0,0.0056,False,True,0.1114
687,follow_sine,103.4927,100.7139,-0.0524,-0.0,-0.0,-7.2823,104.839 100.101 0 0,0.0056,False,True,0.1116
688,follow_sine,103.4983,100.7141,-0.0572,-0.0,-0.0,-7.425,104.839 100.101 0 0,0.0056,False,True,0.1116
689,follow_sine,103.5039,100.7142,-0.0627,-0.0,-0.0,-7.5679,104.861 100.087 0 0,0.0056,False,True,0.1116
690,follow_sine,103.5094,100.7143,-0.0685,-0.0,-0.0,-7.7108,104.861 100.087 0 0,0.0056,False,True,0.1114
691,follow_sine,103.515,100.7145,-0.0745,-0.0,-0.0,-7.8536,104.861 100.087 0 0,0.0056,False,True,0.1116
692,follow_sine,103.5206,100.7146,-0.0805,-0.0,-0.0,-7.9962,104.861 100.087 0 0,0.0056,False,True,0.1116
693,follow_sine,103.5262,100.7147,-0.0864,-0.0,-0.0,-8.1386,104.861 100.087 0 0,0.0056,False,True,0.1116
694,follow_sine,103.5317,100.7148,-0.0919,-0.0,-0.0,-8.2805,104.882 100.074 0 0,0.0057,False,True,0.1116
695,follow_sine,103.5373,100.7149,-0.0969,-0.0,-0.0,-8.4219,104.882 100.074 0 0,0.0057,False,True,0.1116
696,follow_sine,103.5429,100.715,-0.1013,-0.0,-0.0,-8.5628,104.882 100.074 0 0,0.0058,False,True,0.1117
697,follow_sine,103.5485,100.715,-0.1049,-0.0,-0.0,-8.703,104.882 100.074 0 0,0.0059,False,True,0.1116
698,follow_sine,103.5541,100.7151,-0.1076,-0.0,-0.0,-8.8425,104.882 100.074 0 0,0.006,False,True,0.1115
699,follow_sine,103.5596,100.7152,-0.1094,-0.0,-0.0,-8.9813,104.904 100.06 0 0,0.0062,False,True,0.1115
700,follow_sine,103.5652,100.7152,-0.1101,-0.0,-0.0,-9.1193,104.904 100.06 0 0,0.0063,False,True,0.1117
701,follow_sine,103.5708,100.7152,-0.1098,-0.0,-0.0,-9.2566,104.904 100.06 0 0,0.0065,False,True,0.1115
702,follow_sine,103.5764,100.7153,-0.1084,-0.0,-0.0,-9.3932,104.904 100.06 0 0,0.0066,False,True,0.1117
703,follow_sine,103.582,100.7153,-0.106,-0.0,-0.0,-9.5291,104.904 100.06 0 0,0.0067,False,True,0.1115
704,follow_sine,103.5875,100.7153,-0.1027,-0.0,-0.0,-9.6645,104.925 100.047 0 0,0.0069,False,True,0.1115
705,follow_sine,103.5931,100.7153,-0.0985,-0.0,-0.0,-9.7992,104.925 100.047 0 0,0.007,False,True,0.1117
706,follow_sine,103.5987,100.7153,-0.0936,-0.0,-0.0,-9.9336,104.925 100.047 0 0,0.007,False,True,0.1115
707,follow_sine,103.6043,100.7153,-0.0882,-0.0,-0.0,-10.0676,104.925 100.047 0 0,0.0071,False,True,0.1117
708,follow_sine,103.6099,100.7153,-0.0824,-0.0,-0.0,-10.2013,104.947 100.034 0 0,0.0071,False,True,0.1115
709,follow_sine,103.6154,100.7152,-0.0764,-0.0,-0.0,-10.3349,104.947 100.034 0 0,0.0071,False,True,0.1117
710,follow_sine,103.621,100.7152,-0.0703,-0.0,-0.0,-10.4685,104.947 100.034 0 0,0.0072,False,True,0.1117
711,follow_sine,103.6266,100.7151,-0.0645,-0.0,-0.0,-10.6021,104.947 100.034 0 0,0.0071,False,True,0.1115
712,follow_sine,103.6322,100.7151,-0.059,-0.0,-0.0,-10.7359,104.947 100.034 0 0,0.0071,False,True,0.1117
713,follow_sine,103.6378,100.715,-0.054,-0.0,-0.0,-10.8699,104.968 100.02 0 0,0.0071,False,True,0.1117
714,follow_sine,103.6434,100.7149,-0.0497,-0.0,-0.0,-11.0042,104.968 100.02 0 0,0.0071,False,True,0.1117
715,follow_sine,103.6489,100.7148,-0.0461,-0.0,-0.0,-11.139,104.968 100.02 0 0,0.0071,False,True,0.1117
716,follow_sine,103.6545,100.7147,-0.0435,-0.0,-0.0,-11.2741,104.968 100.02 0 0,0.0071,False,True,0.1117
717,follow_sine,103.6601,100.7146,-0.0418,-0.0,-0.0,-11.4097,104.968 100.02 0 0,0.0071,False,True,0.1117
718,follow_sine,103.6657,100.7145,-0.0411,-0.0,-0.0,-11.5457,104.989 100.007 0 0,0.0072,False,True,0.1117
719,follow_sine,103.6713,100.7144,-0.0415,-0.0,-0.0,-11.6823,104.989 100.007 0 0,0.0072,False,True,0.1117
720,follow_sine,103.6769,100.7142,-0.043,-0.0,-0.0,-11.8192,104.989 100.007 0 0,0.0072,False,True,0.1117
721,follow_sine,103.6824,100.7141,-0.0454,-0.0,-0.0,-11.9565,104.989 100.007 0 0,0.0072,False,True,0.1117
722,follow_sine,103.688,100.7139,-0.0488,-0.0,-0.0,-12.0942,104.989 100.007 0 0,0.0073,False,True,0.1117
723,follow_sine,103.6936,100.7138,-0.053,-0.0,-0.0,-12.2322,105.011 99.9931 0 0,0.0073,False,True,0.1119
724,follow_sine,103.6992,100.7136,-0.0579,-0.0,-0.0,-12.3702,105.011 99.9931 0 0,0.0073,False,True,0.1118
725,follow_sine,103.7048,100.7134,-0.0634,-0.0,-0.0,-12.5084,105.011 99.9931 0 0,0.0073,False,True,0.1118
726,follow_sine,103.7104,100.7132,-0.0693,-0.0,-0.0,-12.6466,105.011 99.9931 0 0,0.0073,False,True,0.1118
727,follow_sine,103.716,100.713,-0.0753,-0.0,-0.0,-12.7845,105.011 99.9931 0 0,0.0073,False,True,0.1118
728,follow_sine,103.7215,100.7127,-0.0813,-0.0,-0.0,-12.9223,105.032 99.9797 0 0,0.0074,False,True,0.1118
729,follow_sine,103.7271,100.7125,-0.0871,-0.0,-0.0,-13.0596,105.032 99.9797 0 0,0.0074,False,True,0.1119
730,follow_sine,103.7327,100.7123,-0.0926,-0.0,-0.0,-13.1965,105.032 99.9797 0 0,0.0075,False,True,0.1118
731,follow_sine,103.7383,100.712,-0.0975,-0.0,-0.0,-13.3329,105.032 99.9797 0 0,0.0075,False,True,0.1118
732,follow_sine,103.7439,100.7117,-0.1018,-0.0,-0.0,-13.4686,105.032 99.9797 0 0,0.0077,False,True,0.1118
733,follow_sine,103.7495,100.7115,-0.1053,-0.0,-0.0,-13.6036,105.054 99.9662 0 0,0.0078,False,True,0.1118
734,follow_sine,103.7551,100.7112,-0.1079,-0.0,-0.0,-13.7379,105.054 99.9662 0 0,0.0079,False,True,0.1118
735,follow_sine,103.7607,100.7109,-0.1095,-0.0,-0.0,-13.8714,105.054 99.9662 0 0,0.0081,False,True,0.112
736,follow_sine,103.7662,100.7106,-0.1101,-0.0,-0.0,-14.0041,105.054 99.9662 0 0,0.0082,False,True,0.1119
737,follow_sine,103.7718,100.7103,-0.1096,-0.0,-0.0,-14.1361,105.054 99.9662 0 0,0.0084,False,True,0.1119
738,follow_sine,103.7774,100.7099,-0.1081,-0.0,-0.0,-14.2673,105.075 99.9528 0 0,0.0086,False,True,0.1119
739,follow_sine,103.783,100.7096,-0.1056,-0.0,-0.0,-14.3979,105.075 99.9528 0 0,0.0087,False,True,0.1119
740,follow_sine,103.7886,100.7093,-0.1022,-0.0,-0.0,-14.5278,105.075 99.9528 0 0,0.0088,False,True,0.1119
741,follow_sine,103.7942,100.7089,-0.0979,-0.0,-0.0,-14.6571,105.075 99.9528 0 0,0.009,False,True,0.1119
742,follow_sine,103.7998,100.7085,-0.0929,-0.0,-0.0,-14.786,105.097 99.9393 0 0,0.0091,False,True,0.1119
743,follow_sine,103.8053,100.7081,-0.0874,-0.0,-0.0,-14.9145,105.097 99.9393 0 0,0.0091,False,True,0.112
744,follow_sine,103.8109,100.7077,-0.0816,-0.0,-0.0,-15.0426,105.097 99.9393 0 0,0.0092,False,True,0.1121
745,follow_sine,103.8165,100.7073,-0.0756,-0.0,-0.0,-15.1706,105.097 99.9393 0 0,0.0092,False,True,0.112
746,follow_sine,103.8221,100.7069,-0.0695,-0.0,-0.0,-15.2986,105.097 99.9393 0 0,0.0092,False,True,0.112
747,follow_sine,103.8277,100.7065,-0.0637,-0.0,-0.0,-15.4265,105.118 99.9259 0 0,0.0093,False,True,0.112
748,follow_sine,103.8333,100.7061,-0.0583,-0.0,-0.0,-15.5545,105.118 99.9259 0 0,0.0093,False,True,0.112
749,follow_sine,103.8389,100.7056,-0.0534,-0.0,-0.0,-15.6826,105.118 99.9259 0 0,0.0093,False,True,0.112
750,follow_sine,103.8444,100.7052,-0.0492,-0.0,-0.0,-15.8111,105.118 99.9259 0 0,0.0093,False,True,0.1122
751,follow_sine,103.85,100.7047,-0.0458,-0.0,-0.0,-15.9398,105.118 99.9259 0 0,0.0093,False,True,0.1121
752,follow_sine,103.8556,100.7042,-0.0432,-0.0,-0.0,-16.0688,105.14 99.9124 0 0,0.0093,False,True,0.1121
753,follow_sine,103.8612,100.7037,-0.0417,-0.0,-0.0,-16.1982,105.14 99.9124 0 0,0.0094,False,True,0.1121
754,follow_sine,103.8668,100.7032,-0.0412,-0.0,-0.0,-16.328,105.14 99.9124 0 0,0.0094,False,True,0.1121
755,follow_sine,103.8724,100.7027,-0.0417,-0.0,-0.0,-16.4582,105.14 99.9124 0 0,0.0095,False,True,0.1122
756,follow_sine,103.878,100.7022,-0.0432,-0.0,-0.0,-16.5887,105.14 99.9124 0 0,0.0095,False,True,0.1122
757,follow_sine,103.8835,100.7017,-0.0458,-0.0,-0.0,-16.7195,105.161 99.899 0 0,0.0096,False,True,0.1122
758,follow_sine,103.8891,100.7011,-0.0493,-0.0,-0.0,-16.8506,105.161 99.899 0 0,0.0096,False,True,0.1122
759,follow_sine,103.8947,100.7006,-0.0536,-0.0,-0.0,-16.9818,105.161 99.899 0 0,0.0097,False,True,0.1122
760,follow_sine,103.9003,100.7,-0.0586,-0.0,-0.0,-17.1131,105.161 99.899 0 0,0.0097,False,True,0.1124
761,follow_sine,103.9059,100.6994,-0.0642,-0.0,-0.0,-17.2444,105.161 99.899 0 0,0.0097,False,True,0.1123
762,follow_sine,103.9115,100.6989,-0.07,-0.0,-0.0,-17.3756,105.183 99.8856 0 0,0.0097,False,True,0.1122
763,follow_sine,103.917,100.6983,-0.0761,-0.0,-0.0,-17.5065,105.183 99.8856 0 0,0.0098,False,True,0.1123
764,follow_sine,103.9226,100.6977,-0.0821,-0.0,-0.0,-17.6372,105.183 99.8856 0 0,0.0098,False,True,0.1123
765,follow_sine,103.9282,100.697,-0.0879,-0.0,-0.0,-17.7674,105.183 99.8856 0 0,0.0099,False,True,0.1124
766,follow_sine,103.9338,100.6964,-0.0933,-0.0,-0.0,-17.8971,105.183 99.8856 0 0,0.01,False,True,0.1124
767,follow_sine,103.9394,100.6958,-0.0981,-0.0,-0.0,-18.0262,105.204 99.8722 0 0,0.01,False,True,0.1124
768,follow_sine,103.945,100.6951,-0.1023,-0.0,-0.0,-18.1546,105.204 99.8722 0 0,0.0102,False,True,0.1123
769,follow_sine,103.9505,100.6945,-0.1057,-0.0,-0.0,-18.2823,105.204 99.8722 0 0,0.0103,False,True,0.1125
770,follow_sine,103.9561,100.6938,-0.1081,-0.0,-0.0,-18.4092,105.204 99.8722 0 0,0.0105,False,True,0.1125
771,follow_sine,103.9617,100.6931,-0.1096,-0.0,-0.0,-18.5354,105.225 99.8588 0 0,0.0106,False,True,0.1124
772,follow_sine,103.9673,100.6924,-0.1101,-0.0,-0.0,-18.6607,105.225 99.8588 0 0,0.0109,False,True,0.1126
773,follow_sine,103.9729,100.6917,-0.1095,-0.0,-0.0,-18.7853,105.225 99.8588 0 0,0.011,False,True,0.1124
774,follow_sine,103.9785,100.691,-0.1078,-0.0,-0.0,-18.9091,105.225 99.8588 0 0,0.0112,False,True,0.1126
775,follow_sine,103.984,100.6903,-0.1052,-0.0,-0.0,-19.0322,105.225 99.8588 0 0,0.0114,False,True,0.1126
776,follow_sine,103.9896,100.6895,-0.1016,-0.0,-0.0,-19.1546,105.247 99.8455 0 0,0.0115,False,True,0.1125
777,follow_sine,103.9952,100.6888,-0.0973,-0.0,-0.0,-19.2764,105.247 99.8455 0 0,0.0117,False,True,0.1127
778,follow_sine,104.0008,100.688,-0.0922,-0.0,-0.0,-19.3978,105.247 99.8455 0 0,0.0118,False,True,0.1126
779,follow_sine,104.0064,100.6873,-0.0867,-0.0,-0.0,-19.5187,105.247 99.8455 0 0,0.0119,False,True,0.1127
780,follow_sine,104.0119,100.6865,-0.0808,-0.0,-0.0,-19.6393,105.247 99.8455 0 0,0.0119,False,True,0.1126
781,follow_sine,104.0175,100.6857,-0.0748,-0.0,-0.0,-19.7596,105.269 99.8321 0 0,0.012,False,True,0.1128
782,follow_sine,104.0231,100.6849,-0.0688,-0.0,-0.0,-19.8798,105.269 99.8321 0 0,0.012,False,True,0.1127
783,follow_sine,104.0287,100.6841,-0.063,-0.0,-0.0,-20.0,105.269 99.8321 0 0,0.0121,False,True,0.1127
784,follow_sine,104.0343,100.6833,-0.0576,-0.0,-0.0,-20.1202,105.269 99.8321 0 0,0.0121,False,True,0.1129
785,follow_sine,104.0398,100.6825,-0.0528,-0.0,-0.0,-20.2404,105.269 99.8321 0 0,0.0121,False,True,0.1128
786,follow_sine,104.0454,100.6816,-0.0487,-0.0,-0.0,-20.3609,105.29 99.8188 0 0,0.0122,False,True,0.1128
787,follow_sine,104.051,100.6808,-0.0454,-0.0,-0.0,-20.4816,105.29 99.8188 0 0,0.0122,False,True,0.1128
788,follow_sine,104.0566,100.68,-0.043,-0.0,-0.0,-20.6025,105.29 99.8188 0 0,0.0122,False,True,0.1128
789,follow_sine,104.0622,100.6791,-0.0416,-0.0,-0.0,-20.7237,105.29 99.8188 0 0,0.0123,False,True,0.113
790,follow_sine,104.0677,100.6782,-0.0412,-0.0,-0.0,-20.8451,105.29 99.8188 0 0,0.0124,False,True,0.1129
791,follow_sine,104.0733,100.6773,-0.0418,-0.0,-0.0,-20.9669,105.312 99.8055 0 0,0.0124,False,True,0.1128
792,follow_sine,104.0789,100.6764,-0.0435,-0.0,-0.0,-21.0889,105.312 99.8055 0 0,0.0125,False,True,0.113
793,follow_sine,104.0845,100.6755,-0.0462,-0.0,-0.0,-21.2111,105.312 99.8055 0 0,0.0126,False,True,0.113
794,follow_sine,104.09,100.6746,-0.0499,-0.0,-0.0,-21.3335,105.312 99.8055 0 0,0.0127,False,True,0.113
795,follow_sine,104.0956,100.6737,-0.0543,-0.0,-0.0,-21.4559,105.312 99.8055 0 0,0.0127,False,True,0.1131
796,follow_sine,104.1012,100.6728,-0.0594,-0.0,-0.0,-21.5784,105.333 99.7922 0 0,0.0128,False,True,0.1129
797,follow_sine,104.1068,100.6718,-0.0649,-0.0,-0.0,-21.7008,105.333 99.7922 0 0,0.0128,False,True,0.1131
798,follow_sine,104.1123,100.6709,-0.0708,-0.0,-0.0,-21.8229,105.333 99.7922 0 0,0.0129,False,True,0.113
799,follow_sine,104.1179,100.6699,-0.0769,-0.0,-0.0,-21.9448,105.333 99.7922 0 0,0.0129,False,True,0.1132
800,follow_sine,104.1235,100.669,-0.0829,-0.0,-0.0,-22.0664,105.355 99.779 0 0,0.013,False,True,0.1131
801,follow_sine,104.129,100.668,-0.0886,-0.0,-0.0,-22.1874,105.355 99.779 0 0,0.013,False,True,0.1131
802,follow_sine,104.1346,100.667,-0.0939,-0.0,-0.0,-22.3079,105.355 99.779 0 0,0.0132,False,True,0.1133
803,follow_sine,104.1402,100.666,-0.0987,-0.0,-0.0,-22.4278,105.355 99.779 0 0,0.0132,False,True,0.1131
804,follow_sine,104.1458,100.665,-0.1028,-0.0,-0.0,-22.5469,105.355 99.779 0 0,0.0134,False,True,0.1132
805,follow_sine,104.1513,100.664,-0.106,-0.0,-0.0,-22.6654,105.376 99.7658 0 0,0.0136,False,True,0.1132
806,follow_sine,104.1569,100.663,-0.1084,-0.0,-0.0,-22.783,105.376 99.7658 0 0,0.0138,False,True,0.1133
807,follow_sine,104.1625,100.6619,-0.1097,-0.0,-0.0,-22.8999,105.376 99.7658 0 0,0.0139,False,True,0.1133
808,follow_sine,104.168,100.6609,-0.11,-0.0,-0.0,-23.0159,105.376 99.7658 0 0,0.0142,False,True,0.1135
809,follow_sine,104.1736,100.6598,-0.1093,-0.0,-0.0,-23.1312,105.376 99.7658 0 0,0.0144,False,True,0.1132
810,follow_sine,104.1792,100.6588,-0.1075,-0.0,-0.0,-23.2457,105.398 99.7526 0 0,0.0146,False,True,0.1134
811,follow_sine,104.1847,100.6577,-0.1048,-0.0,-0.0,-23.3595,105.398 99.7526 0 0,0.0148,False,True,0.1134
812,follow_sine,104.1903,100.6566,-0.1011,-0.0,-0.0,-23.4726,105.398 99.7526 0 0,0.015,False,True,0.1134
813,follow_sine,104.1959,100.6555,-0.0966,-0.0,-0.0,-23.5852,105.398 99.7526 0 0,0.0151,False,True,0.1135
814,follow_sine,104.2014,100.6545,-0.0915,-0.0,-0.0,-23.6972,105.398 99.7526 0 0,0.0152,False,True,0.1134
815,follow_sine,104.207,100.6534,-0.0859,-0.0,-0.0,-23.8088,105.42 99.7395 0 0,0.0153,False,True,0.1135
816,follow_sine,104.2126,100.6522,-0.08,-0.0,-0.0,-23.92,105.42 99.7395 0 0,0.0154,False,True,0.1134
817,follow_sine,104.2181,100.6511,-0.074,-0.0,-0.0,-24.031,105.42 99.7395 0 0,0.0155,False,True,0.1134
818,follow_sine,104.2237,100.65,-0.068,-0.0,-0.0,-24.1418,105.42 99.7395 0 0,0.0155,False,True,0.1137
819,follow_sine,104.2293,100.6489,-0.0623,-0.0,-0.0,-24.2524,105.441 99.7263 0 0,0.0155,False,True,0.1135
820,follow_sine,104.2348,100.6477,-0.057,-0.0,-0.0,-24.3631,105.441 99.7263 0 0,0.0156,False,True,0.1136
821,follow_sine,104.2404,100.6466,-0.0522,-0.0,-0.0,-24.4738,105.441 99.7263 0 0,0.0156,False,True,0.1136
822,follow_sine,104.246,100.6454,-0.0482,-0.0,-0.0,-24.5845,105.441 99.7263 0 0,0.0157,False,True,0.1138
823,follow_sine,104.2515,100.6443,-0.045,-0.0,-0.0,-24.6954,105.441 99.7263 0 0,0.0158,False,True,0.1137
824,follow_sine,104.2571,100.6431,-0.0428,-0.0,-0.0,-24.8065,105.463 99.7133 0 0,0.0158,False,True,0.1137
825,follow_sine,104.2626,100.6419,-0.0415,-0.0,-0.0,-24.9178,105.463 99.7133 0 0,0.016,False,True,0.1137
826,follow_sine,104.2682,100.6407,-0.0412,-0.0,-0.0,-25.0293,105.463 99.7133 0 0,0.016,False,True,0.1138
827,follow_sine,104.2738,100.6395,-0.042,-0.0,-0.0,-25.1409,105.463 99.7133 0 0,0.0161,False,True,0.1138
828,follow_sine,104.2793,100.6383,-0.0439,-0.0,-0.0,-25.2528,105.463 99.7133 0 0,0.0162,False,True,0.1137
829,follow_sine,104.2849,100.6371,-0.0467,-0.0,-0.0,-25.3647,105.485 99.7002 0 0,0.0163,False,True,0.1139
830,follow_sine,104.2905,100.6359,-0.0504,-0.0,-0.0,-25.4767,105.485 99.7002 0 0,0.0164,False,True,0.1139
831,follow_sine,104.296,100.6347,-0.0549,-0.0,-0.0,-25.5888,105.485 99.7002 0 0,0.0165,False,True,0.1137
832,follow_sine,104.3016,100.6334,-0.0601,-0.0,-0.0,-25.7007,105.485 99.7002 0 0,0.0166,False,True,0.114
833,follow_sine,104.3071,100.6322,-0.0657,-0.0,-0.0,-25.8125,105.485 99.7002 0 0,0.0166,False,True,0.1138
834,follow_sine,104.3127,100.6309,-0.0716,-0.0,-0.0,-25.9241,105.506 99.6873 0 0,0.0167,False,True,0.1138
835,follow_sine,104.3182,100.6297,-0.0777,-0.0,-0.0,-26.0354,105.506 99.6873 0 0,0.0168,False,True,0.1141
836,follow_sine,104.3238,100.6284,-0.0836,-0.0,-0.0,-26.1463,105.506 99.6873 0 0,0.0168,False,True,0.1139
837,follow_sine,104.3293,100.6272,-0.0893,-0.0,-0.0,-26.2566,105.506 99.6873 0 0,0.0169,False,True,0.1139
838,follow_sine,104.3349,100.6259,-0.0946,-0.0,-0.0,-26.3664,105.528 99.6743 0 0,0.0171,False,True,0.114
839,follow_sine,104.3405,100.6246,-0.0993,-0.0,-0.0,-26.4756,105.528 99.6743 0 0,0.0172,False,True,0.114
840,follow_sine,104.346,100.6233,-0.1032,-0.0,-0.0,-26.584,105.528 99.6743 0 0,0.0174,False,True,0.114
841,follow_sine,104.3516,100.622,-0.1064,-0.0,-0.0,-26.6918,105.528 99.6743 0 0,0.0175,False,True,0.1139
842,follow_sine,104.3571,100.6207,-0.1086,-0.0,-0.0,-26.7987,105.528 99.6743 0 0,0.0178,False,True,0.1141
843,follow_sine,104.3627,100.6194,-0.1098,-0.0,-0.0,-26.9049,105.55 99.6614 0 0,0.018,False,True,0.1141
844,follow_sine,104.3682,100.6181,-0.11,-0.0,-0.0,-27.0103,105.55 99.6614 0 0,0.0182,False,True,0.114
845,follow_sine,104.3738,100.6168,-0.1091,-0.0,-0.0,-27.115,105.55 99.6614 0 0,0.0184,False,True,0.1142
846,follow_sine,104.3793,100.6154,-0.1072,-0.0,-0.0,-27.2189,105.55 99.6614 0 0,0.0187,False,True,0.1141
847,follow_sine,104.3849,100.6141,-0.1043,-0.0,-0.0,-27.3221,105.55 99.6614 0 0,0.0189,False,True,0.1142
848,follow_sine,104.3904,100.6127,-0.1006,-0.0,-0.0,-27.4246,105.572 99.6485 0 0,0.0191,False,True,0.1141
849,follow_sine,104.396,100.6114,-0.096,-0.0,-0.0,-27.5266,105.572 99.6485 0 0,0.0192,False,True,0.1142
850,follow_sine,104.4015,100.61,-0.0908,-0.0,-0.0,-27.6281,105.572 99.6485 0 0,0.0194,False,True,0.1142
851,follow_sine,104.4071,100.6087,-0.0851,-0.0,-0.0,-27.7291,105.572 99.6485 0 0,0.0195,False,True,0.1142
852,follow_sine,104.4126,100.6073,-0.0792,-0.0,-0.0,-27.8298,105.572 99.6485 0 0,0.0196,False,True,0.1142
853,follow_sine,104.4181,100.6059,-0.0732,-0.0,-0.0,-27.9302,105.594 99.6357 0 0,0.0197,False,True,0.1143
854,follow_sine,104.4237,100.6046,-0.0672,-0.0,-0.0,-28.0304,105.594 99.6357 0 0,0.0198,False,True,0.1143
855,follow_sine,104.4292,100.6032,-0.0616,-0.0,-0.0,-28.1304,105.594 99.6357 0 0,0.0198,False,True,0.1144
856,follow_sine,104.4348,100.6018,-0.0563,-0.0,-0.0,-28.2304,105.594 99.6357 0 0,0.0199,False,True,0.1142
857,follow_sine,104.4403,100.6004,-0.0517,-0.0,-0.0,-28.3304,105.615 99.623 0 0,0.02,False,True,0.1144
858,follow_sine,104.4459,100.599,-0.0478,-0.0,-0.0,-28.4304,105.615 99.623 0 0,0.02,False,True,0.1143
859,follow_sine,104.4514,100.5976,-0.0447,-0.0,-0.0,-28.5305,105.615 99.623 0 0,0.0201,False,True,0.1145
860,follow_sine,104.4569,100.5961,-0.0425,-0.0,-0.0,-28.6307,105.615 99.623 0 0,0.0202,False,True,0.1144
861,follow_sine,104.4625,100.5947,-0.0414,-0.0,-0.0,-28.731,105.615 99.623 0 0,0.0203,False,True,0.1144
862,follow_sine,104.468,100.5933,-0.0413,-0.0,-0.0,-28.8314,105.637 99.6102 0 0,0.0205,False,True,0.1144
863,follow_sine,104.4736,100.5919,-0.0422,-0.0,-0.0,-28.932,105.637 99.6102 0 0,0.0206,False,True,0.1144
864,follow_sine,104.4791,100.5904,-0.0442,-0.0,-0.0,-29.0326,105.637 99.6102 0 0,0.0207,False,True,0.1145
865,follow_sine,104.4846,100.589,-0.0471,-0.0,-0.0,-29.1334,105.637 99.6102 0 0,0.0208,False,True,0.1145
866,follow_sine,104.4902,100.5875,-0.051,-0.0,-0.0,-29.2341,105.637 99.6102 0 0,0.021,False,True,0.1145
867,follow_sine,104.4957,100.5861,-0.0556,-0.0,-0.0,-29.3348,105.659 99.5976 0 0,0.021,False,True,0.1145
868,follow_sine,104.5013,100.5846,-0.0608,-0.0,-0.0,-29.4353,105.659 99.5976 0 0,0.0211,False,True,0.1144
869,follow_sine,104.5068,100.5832,-0.0665,-0.0,-0.0,-29.5357,105.659 99.5976 0 0,0.0212,False,True,0.1146
870,follow_sine,104.5123,100.5817,-0.0724,-0.0,-0.0,-29.6358,105.659 99.5976 0 0,0.0213,False,True,0.1145
871,follow_sine,104.5179,100.5802,-0.0785,-0.0,-0.0,-29.7356,105.681 99.585 0 0,0.0214,False,True,0.1145
872,follow_sine,104.5234,100.5787,-0.0844,-0.0,-0.0,-29.8349,105.681 99.585 0 0,0.0215,False,True,0.1147
873,follow_sine,104.5289,100.5773,-0.09,-0.0,-0.0,-29.9338,105.681 99.585 0 0,0.0216,False,True,0.1146
874,follow_sine,104.5345,100.5758,-0.0952,-0.0,-0.0,-30.032,105.681 99.585 0 0,0.0217,False,True,0.1146
875,follow_sine,104.54,100.5743,-0.0998,-0.0,-0.0,-30.1297,105.681 99.585 0 0,0.0219,False,True,0.1146
876,follow_sine,104.5455,100.5728,-0.1037,-0.0,-0.0,-30.2267,105.703 99.5725 0 0,0.0221,False,True,0.1146
877,follow_sine,104.551,100.5713,-0.1067,-0.0,-0.0,-30.323,105.703 99.5725 0 0,0.0223,False,True,0.1146
878,follow_sine,104.5566,100.5698,-0.1088,-0.0,-0.0,-30.4185,105.703 99.5725 0 0,0.0226,False,True,0.1147
879,follow_sine,104.5621,100.5682,-0.1099,-0.0,-0.0,-30.5133,105.703 99.5725 0 0,0.0228,False,True,0.1145
880,follow_sine,104.5676,100.5667,-0.1099,-0.0,-0.0,-30.6074,105.703 99.5725 0 0,0.0231,False,True,0.1148
881,follow_sine,104.5732,100.5652,-0.1089,-0.0,-0.0,-30.7008,105.725 99.56 0 0,0.0233,False,True,0.1146
882,follow_sine,104.5787,100.5637,-0.1069,-0.0,-0.0,-30.7935,105.725 99.56 0 0,0.0236,False,True,0.1148
883,follow_sine,104.5842,100.5621,-0.1039,-0.0,-0.0,-30.8855,105.725 99.56 0 0,0.0238,False,True,0.1147
884,follow_sine,104.5897,100.5606,-0.1,-0.0,-0.0,-30.9769,105.725 99.56 0 0,0.024,False,True,0.1147
885,follow_sine,104.5953,100.5591,-0.0953,-0.0,-0.0,-31.0678,105.747 99.5476 0 0,0.0242,False,True,0.1147
886,follow_sine,104.6008,100.5575,-0.0901,-0.0,-0.0,-31.1581,105.747 99.5476 0 0,0.0244,False,True,0.1147
887,follow_sine,104.6063,100.556,-0.0844,-0.0,-0.0,-31.248,105.747 99.5476 0 0,0.0245,False,True,0.1148
888,follow_sine,104.6118,100.5544,-0.0784,-0.0,-0.0,-31.3376,105.747 99.5476 0 0,0.0246,False,True,0.1148
889,follow_sine,104.6174,100.5528,-0.0724,-0.0,-0.0,-31.4268,105.747 99.5476 0 0,0.0247,False,True,0.1148
890,follow_sine,104.6229,100.5513,-0.0665,-0.0,-0.0,-31.5159,105.769 99.5352 0 0,0.0248,False,True,0.1148
891,follow_sine,104.6284,100.5497,-0.0608,-0.0,-0.0,-31.6048,105.769 99.5352 0 0,0.0249,False,True,0.1149
892,follow_sine,104.6339,100.5481,-0.0557,-0.0,-0.0,-31.6936,105.769 99.5352 0 0,0.025,False,True,0.1147
893,follow_sine,104.6394,100.5466,-0.0511,-0.0,-0.0,-31.7823,105.769 99.5352 0 0,0.0251,False,True,0.1149
894,follow_sine,104.645,100.545,-0.0473,-0.0,-0.0,-31.8711,105.769 99.5352 0 0,0.0252,False,True,0.1148
895,follow_sine,104.6505,100.5434,-0.0444,-0.0,-0.0,-31.9599,105.792 99.523 0 0,0.0253,False,True,0.1148
896,follow_sine,104.656,100.5418,-0.0423,-0.0,-0.0,-32.0487,105.792 99.523 0 0,0.0255,False,True,0.1149
897,follow_sine,104.6615,100.5402,-0.0413,-0.0,-0.0,-32.1376,105.792 99.523 0 0,0.0256,False,True,0.1148
898,follow_sine,104.667,100.5386,-0.0413,-0.0,-0.0,-32.2266,105.792 99.523 0 0,0.0258,False,True,0.1148
899,follow_sine,104.6725,100.537,-0.0424,-0.0,-0.0,-32.3157,105.814 99.5108 0 0,0.0259,False,True,0.1149
900,follow_sine,104.6781,100.5354,-0.0445,-0.0,-0.0,-32.4047,105.814 99.5108 0 0,0.0261,False,True,0.1147
901,follow_sine,104.6836,100.5338,-0.0476,-0.0,-0.0,-32.4938,105.814 99.5108 0 0,0.0262,False,True,0.1149
902,follow_sine,104.6891,100.5322,-0.0515,-0.0,-0.0,-32.5828,105.814 99.5108 0 0,0.0264,False,True,0.115
903,follow_sine,104.6946,100.5306,-0.0562,-0.0,-0.0,-32.6717,105.814 99.5108 0 0,0.0265,False,True,0.115
904,follow_sine,104.7001,100.5289,-0.0615,-0.0,-0.0,-32.7605,105.836 99.4987 0 0,0.0266,False,True,0.1148
905,follow_sine,104.7056,100.5273,-0.0673,-0.0,-0.0,-32.8491,105.836 99.4987 0 0,0.0267,False,True,0.1149
906,follow_sine,104.7111,100.5257,-0.0732,-0.0,-0.0,-32.9374,105.836 99.4987 0 0,0.0268,False,True,0.115
907,follow_sine,104.7166,100.5241,-0.0793,-0.0,-0.0,-33.0253,105.836 99.4987 0 0,0.0269,False,True,0.1149
908,follow_sine,104.7222,100.5224,-0.0852,-0.0,-0.0,-33.1128,105.836 99.4987 0 0,0.027,False,True,0.1149
909,follow_sine,104.7277,100.5208,-0.0908,-0.0,-0.0,-33.1999,105.858 99.4866 0 0,0.0272,False,True,0.1149
910,follow_sine,104.7332,100.5191,-0.0959,-0.0,-0.0,-33.2864,105.858 99.4866 0 0,0.0273,False,True,0.1149
911,follow_sine,104.7387,100.5175,-0.1004,-0.0,-0.0,-33.3723,105.858 99.4866 0 0,0.0275,False,True,0.115
912,follow_sine,104.7442,100.5158,-0.1041,-0.0,-0.0,-33.4576,105.858 99.4866 0 0,0.0277,False,True,0.115
913,follow_sine,104.7497,100.5142,-0.107,-0.0,-0.0,-33.5423,105.88 99.4746 0 0,0.0279,False,True,0.1149
914,follow_sine,104.7552,100.5125,-0.109,-0.0,-0.0,-33.6262,105.88 99.4746 0 0,0.0282,False,True,0.115
915,follow_sine,104.7607,100.5109,-0.1099,-0.0,-0.0,-33.7095,105.88 99.4746 0 0,0.0285,False,True,0.1149
916,follow_sine,104.7662,100.5092,-0.1098,-0.0,-0.0,-33.792,105.88 99.4746 0 0,0.0288,False,True,0.1149
917,follow_sine,104.7717,100.5075,-0.1087,-0.0,-0.0,-33.8739,105.88 99.4746 0 0,0.0291,False,True,0.1151
918,follow_sine,104.7772,100.5059,-0.1065,-0.0,-0.0,-33.9552,105.903 99.4628 0 0,0.0293,False,True,0.115
919,follow_sine,104.7827,100.5042,-0.1034,-0.0,-0.0,-34.0359,105.903 99.4628 0 0,0.0296,False,True,0.115
920,follow_sine,104.7882,100.5025,-0.0994,-0.0,-0.0,-34.116,105.903 99.4628 0 0,0.0298,False,True,0.115
921,follow_sine,104.7937,100.5008,-0.0947,-0.0,-0.0,-34.1955,105.903 99.4628 0 0,0.03,False,True,0.115
922,follow_sine,104.7992,100.4992,-0.0893,-0.0,-0.0,-34.2747,105.903 99.4628 0 0,0.0302,False,True,0.1151
923,follow_sine,104.8047,100.4975,-0.0836,-0.0,-0.0,-34.3534,105.925 99.4509 0 0,0.0304,False,True,0.1149
924,follow_sine,104.8102,100.4958,-0.0776,-0.0,-0.0,-34.4318,105.925 99.4509 0 0,0.0305,False,True,0.1151
925,follow_sine,104.8157,100.4941,-0.0716,-0.0,-0.0,-34.5099,105.925 99.4509 0 0,0.0306,False,True,0.115
926,follow_sine,104.8212,100.4924,-0.0657,-0.0,-0.0,-34.5878,105.925 99.4509 0 0,0.0307,False,True,0.115
927,follow_sine,104.8267,100.4907,-0.0601,-0.0,-0.0,-34.6655,105.948 99.4392 0 0,0.0309,False,True,0.1152
928,follow_sine,104.8322,100.489,-0.055,-0.0,-0.0,-34.7431,105.948 99.4392 0 0,0.031,False,True,0.115
929,follow_sine,104.8377,100.4873,-0.0506,-0.0,-0.0,-34.8206,105.948 99.4392 0 0,0.0311,False,True,0.115
930,follow_sine,104.8432,100.4856,-0.0469,-0.0,-0.0,-34.898,105.948 99.4392 0 0,0.0312,False,True,0.1151
931,follow_sine,104.8487,100.4839,-0.044,-0.0,-0.0,-34.9755,105.948 99.4392 0 0,0.0314,False,True,0.1151
932,follow_sine,104.8542,100.4822,-0.0422,-0.0,-0.0,-35.0529,105.97 99.4276 0 0,0.0316,False,True,0.1151
933,follow_sine,104.8596,100.4804,-0.0413,-0.0,-0.0,-35.1304,105.97 99.4276 0 0,0.0317,False,True,0.115
934,follow_sine,104.8651,100.4787,-0.0414,-0.0,-0.0,-35.208,105.97 99.4276 0 0,0.0319,False,True,0.1151
935,follow_sine,104.8706,100.477,-0.0426,-0.0,-0.0,-35.2855,105.97 99.4276 0 0,0.0321,False,True,0.115
936,follow_sine,104.8761,100.4753,-0.0449,-0.0,-0.0,-35.363,105.993 99.4161 0 0,0.0323,False,True,0.1151
937,follow_sine,104.8816,100.4735,-0.0481,-0.0,-0.0,-35.4404,105.993 99.4161 0 0,0.0324,False,True,0.115
938,follow_sine,104.8871,100.4718,-0.0521,-0.0,-0.0,-35.5178,105.993 99.4161 0 0,0.0326,False,True,0.115
939,follow_sine,104.8926,100.4701,-0.0569,-0.0,-0.0,-35.595,105.993 99.4161 0 0,0.0328,False,True,0.1152
940,follow_sine,104.8981,100.4683,-0.0623,-0.0,-0.0,-35.6721,105.993 99.4161 0 0,0.0329,False,True,0.1151
941,follow_sine,104.9035,100.4666,-0.068,-0.0,-0.0,-35.7489,106.015 99.4046 0 0,0.033,False,True,0.1151
942,follow_sine,104.909,100.4649,-0.074,-0.0,-0.0,-35.8254,106.015 99.4046 0 0,0.0331,False,True,0.1149
943,follow_sine,104.9145,100.4631,-0.08,-0.0,-0.0,-35.9016,106.015 99.4046 0 0,0.0333,False,True,0.1151
944,follow_sine,104.92,100.4614,-0.0859,-0.0,-0.0,-35.9774,106.015 99.4046 0 0,0.0334,False,True,0.1151
945,follow_sine,104.9255,100.4596,-0.0915,-0.0,-0.0,-36.0527,106.015 99.4046 0 0,0.0336,False,True,0.1152
946,follow_sine,104.931,100.4579,-0.0965,-0.0,-0.0,-36.1275,106.038 99.3932 0 0,0.0337,False,True,0.115
947,follow_sine,104.9364,100.4561,-0.1009,-0.0,-0.0,-36.2018,106.038 99.3932 0 0,0.0339,False,True,0.115
948,follow_sine,104.9419,100.4544,-0.1046,-0.0,-0.0,-36.2755,106.038 99.3932 0 0,0.0342,False,True,0.1152
949,follow_sine,104.9474,100.4526,-0.1073,-0.0,-0.0,-36.3485,106.038 99.3932 0 0,0.0344,False,True,0.115
950,follow_sine,104.9529,100.4508,-0.1092,-0.0,-0.0,-36.421,106.061 99.382 0 0,0.0347,False,True,0.1151
951,follow_sine,104.9584,100.4491,-0.11,-0.0,-0.0,-36.4929,106.061 99.382 0 0,0.035,False,True,0.1151
952,follow_sine,104.9638,100.4473,-0.1098,-0.0,-0.0,-36.564,106.061 99.382 0 0,0.0353,False,True,0.115
953,follow_sine,104.9693,100.4455,-0.1085,-0.0,-0.0,-36.6346,106.061 99.382 0 0,0.0356,False,True,0.1151
954,follow_sine,104.9748,100.4438,-0.1062,-0.0,-0.0,-36.7046,106.061 99.382 0 0,0.0359,False,True,0.1151
955,follow_sine,104.9803,100.442,-0.1029,-0.0,-0.0,-36.774,106.083 99.3708 0 0,0.0362,False,True,0.115
956,follow_sine,104.9857,100.4402,-0.0988,-0.0,-0.0,-36.8429,106.083 99.3708 0 0,0.0365,False,True,0.1152
957,follow_sine,104.9912,100.4384,-0.094,-0.0,-0.0,-36.9113,106.083 99.3708 0 0,0.0367,False,True,0.115
958,follow_sine,104.9967,100.4366,-0.0886,-0.0,-0.0,-36.9793,106.083 99.3708 0 0,0.0369,False,True,0.1151
959,follow_sine,105.0022,100.4349,-0.0828,-0.0,-0.0,-37.0469,106.106 99.3598 0 0,0.0371,False,True,0.1152
960,follow_sine,105.0076,100.4331,-0.0768,-0.0,-0.0,-37.1142,106.106 99.3598 0 0,0.0372,False,True,0.1151
961,follow_sine,105.0131,100.4313,-0.0708,-0.0,-0.0,-37.1812,106.106 99.3598 0 0,0.0373,False,True,0.1151
962,follow_sine,105.0186,100.4295,-0.0649,-0.0,-0.0,-37.2479,106.106 99.3598 0 0,0.0375,False,True,0.1151
963,follow_sine,105.024,100.4277,-0.0594,-0.0,-0.0,-37.3144,106.106 99.3598 0 0,0.0376,False,True,0.1151
964,follow_sine,105.0295,100.4259,-0.0544,-0.0,-0.0,-37.3808,106.129 99.3488 0 0,0.0377,False,True,0.115
965,follow_sine,105.035,100.4241,-0.05,-0.0,-0.0,-37.4472,106.129 99.3488 0 0,0.0379,False,True,0.1151
966,follow_sine,105.0404,100.4223,-0.0465,-0.0,-0.0,-37.5134,106.129 99.3488 0 0,0.038,False,True,0.115
967,follow_sine,105.0459,100.4205,-0.0437,-0.0,-0.0,-37.5795,106.129 99.3488 0 0,0.0382,False,True,0.1152
968,follow_sine,105.0514,100.4187,-0.042,-0.0,-0.0,-37.6457,106.129 99.3488 0 0,0.0384,False,True,0.1151
969,follow_sine,105.0568,100.4169,-0.0412,-0.0,-0.0,-37.7119,106.152 99.338 0 0,0.0386,False,True,0.1151
970,follow_sine,105.0623,100.4151,-0.0415,-0.0,-0.0,-37.778,106.152 99.338 0 0,0.0388,False,True,0.1151
971,follow_sine,105.0677,100.4133,-0.0429,-0.0,-0.0,-37.8441,106.152 99.338 0 0,0.039,False,True,0.1151
972,follow_sine,105.0732,100.4115,-0.0452,-0.0,-0.0,-37.9101,106.152 99.338 0 0,0.0392,False,True,0.1151
973,follow_sine,105.0787,100.4096,-0.0486,-0.0,-0.0,-37.9761,106.175 99.3272 0 0,0.0393,False,True,0.1151
974,follow_sine,105.0841,100.4078,-0.0527,-0.0,-0.0,-38.0419,106.175 99.3272 0 0,0.0396,False,True,0.1152
975,follow_sine,105.0896,100.406,-0.0576,-0.0,-0.0,-38.1076,106.175 99.3272 0 0,0.0397,False,True,0.115
976,follow_sine,105.0951,100.4042,-0.063,-0.0,-0.0,-38.173,106.175 99.3272 0 0,0.0398,False,True,0.1152
977,follow_sine,105.1005,100.4024,-0.0688,-0.0,-0.0,-38.2383,106.175 99.3272 0 0,0.04,False,True,0.115
978,follow_sine,105.106,100.4005,-0.0748,-0.0,-0.0,-38.3032,106.198 99.3167 0 0,0.0401,False,True,0.115
979,follow_sine,105.1114,100.3987,-0.0808,-0.0,-0.0,-38.3678,106.198 99.3167 0 0,0.0402,False,True,0.1152
980,follow_sine,105.1169,100.3969,-0.0867,-0.0,-0.0,-38.432,106.198 99.3167 0 0,0.0404,False,True,0.1151
981,follow_sine,105.1223,100.3951,-0.0921,-0.0,-0.0,-38.4957,106.198 99.3167 0 0,0.0405,False,True,0.1151
982,follow_sine,105.1278,100.3932,-0.0971,-0.0,-0.0,-38.559,106.221 99.3061 0 0,0.0407,False,True,0.1149
983,follow_sine,105.1332,100.3914,-0.1014,-0.0,-0.0,-38.6218,106.221 99.3061 0 0,0.0409,False,True,0.1151
984,follow_sine,105.1387,100.3895,-0.105,-0.0,-0.0,-38.684,106.221 99.3061 0 0,0.0412,False,True,0.1151
985,follow_sine,105.1441,100.3877,-0.1076,-0.0,-0.0,-38.7456,106.221 99.3061 0 0,0.0414,False,True,0.115
986,follow_sine,105.1496,100.3859,-0.1093,-0.0,-0.0,-38.8066,106.221 99.3061 0 0,0.0417,False,True,0.1151
987,follow_sine,105.155,100.384,-0.11,-0.0,-0.0,-38.8671,106.244 99.2958 0 0,0.042,False,True,0.115
988,follow_sine,105.1605,100.3822,-0.1096,-0.0,-0.0,-38.9271,106.244 99.2958 0 0,0.0424,False,True,0.115
989,follow_sine,105.1659,100.3803,-0.1082,-0.0,-0.0,-38.9864,106.244 99.2958 0 0,0.0427,False,True,0.1152
990,follow_sine,105.1714,100.3785,-0.1058,-0.0,-0.0,-39.0452,106.244 99.2958 0 0,0.043,False,True,0.115
991,follow_sine,105.1768,100.3766,-0.1024,-0.0,-0.0,-39.1035,106.267 99.2855 0 0,0.0433,False,True,0.1151
992,follow_sine,105.1823,100.3748,-0.0982,-0.0,-0.0,-39.1613,106.267 99.2855 0 0,0.0436,False,True,0.1149
993,follow_sine,105.1877,100.3729,-0.0933,-0.0,-0.0,-39.2186,106.267 99.2855 0 0,0.0438,False,True,0.115
994,follow_sine,105.1932,100.3711,-0.0879,-0.0,-0.0,-39.2755,106.267 99.2855 0 0,0.044,False,True,0.1151
995,follow_sine,105.1986,100.3692,-0.082,-0.0,-0.0,-39.3321,106.267 99.2855 0 0,0.0442,False,True,0.1151
996,follow_sine,105.2041,100.3674,-0.076,-0.0,-0.0,-39.3883,106.29 99.2754 0 0,0.0443,False,True,0.115
997,follow_sine,105.2095,100.3655,-0.07,-0.0,-0.0,-39.4443,106.29 99.2754 0 0,0.0444,False,True,0.1149
998,follow_sine,105.215,100.3636,-0.0642,-0.0,-0.0,-39.5,106.29 99.2754 0 0,0.0446,False,True,0.1152
999,follow_sine,105.2204,100.3618,-0.0587,-0.0,-0.0,-39.5555,106.29 99.2754 0 0,0.0447,False,True,0.115
1000,follow_sine,105.2258,100.3599,-0.0538,-0.0,-0.0,-39.6108,106.313 99.2654 0 0,0.0448,False,True,0.115
1001,follow_sine,105.2313,100.358,-0.0495,-0.0,-0.0,-39.666,106.313 99.2654 0 0,0.045,False,True,0.115
1002,follow_sine,105.2367,100.3562,-0.0461,-0.0,-0.0,-39.7211,106.313 99.2654 0 0,0.0452,False,True,0.115
1003,follow_sine,105.2421,100.3543,-0.0435,-0.0,-0.0,-39.776,106.313 99.2654 0 0,0.0453,False,True,0.115
1004,follow_sine,105.2476,100.3524,-0.0418,-0.0,-0.0,-39.8309,106.313 99.2654 0 0,0.0455,False,True,0.115
1005,follow_sine,105.253,100.3506,-0.0412,-0.0,-0.0,-39.8857,106.337 99.2556 0 0,0.0457,False,True,0.1149
1006,follow_sine,105.2585,100.3487,-0.0417,-0.0,-0.0,-39.9404,106.337 99.2556 0 0,0.0459,False,True,0.1151
1007,follow_sine,105.2639,100.3468,-0.0431,-0.0,-0.0,-39.9951,106.337 99.2556 0 0,0.0461,False,True,0.1149
1008,follow_sine,105.2693,100.3449,-0.0456,-0.0,-0.0,-40.0496,106.337 99.2556 0 0,0.0463,False,True,0.1151
1009,follow_sine,105.2748,100.343,-0.0491,-0.0,-0.0,-40.104,106.36 99.2458 0 0,0.0465,False,True,0.1149
1010,follow_sine,105.2802,100.3412,-0.0533,-0.0,-0.0,-40.1582,106.36 99.2458 0 0,0.0467,False,True,0.115
1011,follow_sine,105.2856,100.3393,-0.0583,-0.0,-0.0,-40.2122,106.36 99.2458 0 0,0.0468,False,True,0.115
1012,follow_sine,105.2911,100.3374,-0.0637,-0.0,-0.0,-40.266,106.36 99.2458 0 0,0.047,False,True,0.115
1013,follow_sine,105.2965,100.3355,-0.0696,-0.0,-0.0,-40.3195,106.36 99.2458 0 0,0.0471,False,True,0.115
1014,follow_sine,105.3019,100.3336,-0.0756,-0.0,-0.0,-40.3727,106.384 99.2363 0 0,0.0472,False,True,0.115
1015,follow_sine,105.3074,100.3317,-0.0816,-0.0,-0.0,-40.4256,106.384 99.2363 0 0,0.0473,False,True,0.115
1016,follow_sine,105.3128,100.3298,-0.0874,-0.0,-0.0,-40.4781,106.384 99.2363 0 0,0.0475,False,True,0.1149
1017,follow_sine,105.3182,100.3279,-0.0928,-0.0,-0.0,-40.5301,106.384 99.2363 0 0,0.0476,False,True,0.115
1018,follow_sine,105.3236,100.3261,-0.0977,-0.0,-0.0,-40.5817,106.407 99.2268 0 0,0.0478,False,True,0.1149
1019,follow_sine,105.3291,100.3242,-0.102,-0.0,-0.0,-40.6328,106.407 99.2268 0 0,0.048,False,True,0.1149
1020,follow_sine,105.3345,100.3223,-0.1054,-0.0,-0.0,-40.6834,106.407 99.2268 0 0,0.0482,False,True,0.1151
1021,follow_sine,105.3399,100.3204,-0.1079,-0.0,-0.0,-40.7334,106.407 99.2268 0 0,0.0485,False,True,0.115
1022,follow_sine,105.3453,100.3185,-0.1095,-0.0,-0.0,-40.7829,106.407 99.2268 0 0,0.0488,False,True,0.115
1023,follow_sine,105.3508,100.3166,-0.11,-0.0,-0.0,-40.8319,106.431 99.2175 0 0,0.0491,False,True,0.115
1024,follow_sine,105.3562,100.3147,-0.1095,-0.0,-0.0,-40.8804,106.431 99.2175 0 0,0.0494,False,True,0.115
1025,follow_sine,105.3616,100.3128,-0.108,-0.0,-0.0,-40.9283,106.431 99.2175 0 0,0.0497,False,True,0.1149
1026,follow_sine,105.367,100.3109,-0.1054,-0.0,-0.0,-40.9757,106.431 99.2175 0 0,0.05,False,True,0.115
1027,follow_sine,105.3725,100.309,-0.1019,-0.0,-0.0,-41.0227,106.454 99.2084 0 0,0.0503,False,True,0.1149
1028,follow_sine,105.3779,100.307,-0.0976,-0.0,-0.0,-41.0692,106.454 99.2084 0 0,0.0505,False,True,0.115
1029,follow_sine,105.3833,100.3051,-0.0926,-0.0,-0.0,-41.1153,106.454 99.2084 0 0,0.0507,False,True,0.1149
1030,follow_sine,105.3887,100.3032,-0.0871,-0.0,-0.0,-41.1609,106.454 99.2084 0 0,0.0509,False,True,0.1151
1031,follow_sine,105.3941,100.3013,-0.0813,-0.0,-0.0,-41.2062,106.454 99.2084 0 0,0.0511,False,True,0.1149
1032,follow_sine,105.3996,100.2994,-0.0752,-0.0,-0.0,-41.2512,106.478 99.1994 0 0,0.0512,False,True,0.1149
1033,follow_sine,105.405,100.2975,-0.0692,-0.0,-0.0,-41.2959,106.478 99.1994 0 0,0.0513,False,True,0.1149
1034,follow_sine,105.4104,100.2956,-0.0635,-0.0,-0.0,-41.3404,106.478 99.1994 0 0,0.0514,False,True,0.1149
1035,follow_sine,105.4158,100.2937,-0.0581,-0.0,-0.0,-41.3846,106.478 99.1994 0 0,0.0515,False,True,0.1148
1036,follow_sine,105.4212,100.2917,-0.0532,-0.0,-0.0,-41.4286,106.502 99.1906 0 0,0.0516,False,True,0.1149
1037,follow_sine,105.4266,100.2898,-0.049,-0.0,-0.0,-41.4724,106.502 99.1906 0 0,0.0517,False,True,0.1149
1038,follow_sine,105.432,100.2879,-0.0457,-0.0,-0.0,-41.5161,106.502 99.1906 0 0,0.0519,False,True,0.1148
1039,follow_sine,105.4374,100.286,-0.0432,-0.0,-0.0,-41.5596,106.502 99.1906 0 0,0.0521,False,True,0.1148
1040,follow_sine,105.4429,100.2841,-0.0417,-0.0,-0.0,-41.6029,106.502 99.1906 0 0,0.0522,False,True,0.115
1041,follow_sine,105.4483,100.2821,-0.0412,-0.0,-0.0,-41.6462,106.525 99.1818 0 0,0.0524,False,True,0.1148
1042,follow_sine,105.4537,100.2802,-0.0418,-0.0,-0.0,-41.6893,106.525 99.1818 0 0,0.0526,False,True,0.1148
1043,follow_sine,105.4591,100.2783,-0.0434,-0.0,-0.0,-41.7323,106.525 99.1818 0 0,0.0528,False,True,0.1148
1044,follow_sine,105.4645,100.2764,-0.046,-0.0,-0.0,-41.775,106.525 99.1818 0 0,0.0529,False,True,0.1149
1045,follow_sine,105.4699,100.2744,-0.0496,-0.0,-0.0,-41.8177,106.549 99.1734 0 0,0.0531,False,True,0.1148
1046,follow_sine,105.4753,100.2725,-0.0539,-0.0,-0.0,-41.8601,106.549 99.1734 0 0,0.0532,False,True,0.1147
1047,follow_sine,105.4807,100.2706,-0.059,-0.0,-0.0,-41.9023,106.549 99.1734 0 0,0.0533,False,True,0.1149
1048,follow_sine,105.4861,100.2686,-0.0645,-0.0,-0.0,-41.9441,106.549 99.1734 0 0,0.0534,False,True,0.1147
1049,follow_sine,105.4915,100.2667,-0.0704,-0.0,-0.0,-41.9857,106.549 99.1734 0 0,0.0535,False,True,0.1149
1050,follow_sine,105.4969,100.2648,-0.0764,-0.0,-0.0,-42.0271,106.573 99.1649 0 0,0.0536,False,True,0.1147
1051,follow_sine,105.5023,100.2628,-0.0824,-0.0,-0.0,-42.068,106.573 99.1649 0 0,0.0537,False,True,0.1148
1052,follow_sine,105.5077,100.2609,-0.0881,-0.0,-0.0,-42.1086,106.573 99.1649 0 0,0.0537,False,True,0.1147
1053,follow_sine,105.5131,100.259,-0.0935,-0.0,-0.0,-42.1488,106.573 99.1649 0 0,0.0539,False,True,0.1148
1054,follow_sine,105.5185,100.257,-0.0983,-0.0,-0.0,-42.1885,106.597 99.1568 0 0,0.054,False,True,0.1148
1055,follow_sine,105.5239,100.2551,-0.1025,-0.0,-0.0,-42.2278,106.597 99.1568 0 0,0.0542,False,True,0.1148
1056,follow_sine,105.5293,100.2532,-0.1058,-0.0,-0.0,-42.2666,106.597 99.1568 0 0,0.0544,False,True,0.1146
1057,follow_sine,105.5347,100.2512,-0.1082,-0.0,-0.0,-42.3048,106.597 99.1568 0 0,0.0546,False,True,0.1148
1058,follow_sine,105.5401,100.2493,-0.1096,-0.0,-0.0,-42.3426,106.597 99.1568 0 0,0.0548,False,True,0.1146
1059,follow_sine,105.5455,100.2473,-0.11,-0.0,-0.0,-42.38,106.621 99.1487 0 0,0.0551,False,True,0.1147
1060,follow_sine,105.5509,100.2454,-0.1094,-0.0,-0.0,-42.4169,106.621 99.1487 0 0,0.0554,False,True,0.1148
1061,follow_sine,105.5563,100.2435,-0.1077,-0.0,-0.0,-42.4532,106.621 99.1487 0 0,0.0557,False,True,0.1147
1062,follow_sine,105.5617,100.2415,-0.105,-0.0,-0.0,-42.4891,106.621 99.1487 0 0,0.0559,False,True,0.1146
1063,follow_sine,105.5671,100.2396,-0.1014,-0.0,-0.0,-42.5246,106.645 99.141 0 0,0.0561,False,True,0.1145
1064,follow_sine,105.5725,100.2376,-0.097,-0.0,-0.0,-42.5597,106.645 99.141 0 0,0.0563,False,True,0.1147
1065,follow_sine,105.5779,100.2357,-0.0919,-0.0,-0.0,-42.5943,106.645 99.141 0 0,0.0565,False,True,0.1147
1066,follow_sine,105.5833,100.2337,-0.0864,-0.0,-0.0,-42.6285,106.645 99.141 0 0,0.0566,False,True,0.1145
1067,follow_sine,105.5887,100.2318,-0.0805,-0.0,-0.0,-42.6624,106.669 99.1333 0 0,0.0567,False,True,0.1147
1068,follow_sine,105.5941,100.2298,-0.0744,-0.0,-0.0,-42.6959,106.669 99.1333 0 0,0.0568,False,True,0.1145
1069,follow_sine,105.5994,100.2279,-0.0685,-0.0,-0.0,-42.7291,106.669 99.1333 0 0,0.0568,False,True,0.1147
1070,follow_sine,105.6048,100.2259,-0.0627,-0.0,-0.0,-42.7619,106.669 99.1333 0 0,0.0569,False,True,0.1146
1071,follow_sine,105.6102,100.224,-0.0574,-0.0,-0.0,-42.7945,106.669 99.1333 0 0,0.057,False,True,0.1146
1072,follow_sine,105.6156,100.222,-0.0526,-0.0,-0.0,-42.8269,106.693 99.1258 0 0,0.057,False,True,0.1146
1073,follow_sine,105.621,100.2201,-0.0485,-0.0,-0.0,-42.8591,106.693 99.1258 0 0,0.0571,False,True,0.1145
1074,follow_sine,105.6264,100.2181,-0.0453,-0.0,-0.0,-42.891,106.693 99.1258 0 0,0.0572,False,True,0.1146
1075,follow_sine,105.6318,100.2162,-0.0429,-0.0,-0.0,-42.9227,106.693 99.1258 0 0,0.0573,False,True,0.1145
1076,follow_sine,105.6371,100.2142,-0.0416,-0.0,-0.0,-42.9542,106.718 99.1185 0 0,0.0574,False,True,0.1146
1077,follow_sine,105.6425,100.2123,-0.0412,-0.0,-0.0,-42.9856,106.718 99.1185 0 0,0.0575,False,True,0.1144
1078,follow_sine,105.6479,100.2103,-0.042,-0.0,-0.0,-43.0166,106.718 99.1185 0 0,0.0577,False,True,0.1146
1079,follow_sine,105.6533,100.2084,-0.0437,-0.0,-0.0,-43.0474,106.718 99.1185 0 0,0.0578,False,True,0.1145
1080,follow_sine,105.6587,100.2064,-0.0465,-0.0,-0.0,-43.0781,106.718 99.1185 0 0,0.0579,False,True,0.1144
1081,follow_sine,105.664,100.2044,-0.0501,-0.0,-0.0,-43.1085,106.742 99.1114 0 0,0.058,False,True,0.1145
1082,follow_sine,105.6694,100.2025,-0.0546,-0.0,-0.0,-43.1387,106.742 99.1114 0 0,0.0581,False,True,0.1145
1083,follow_sine,105.6748,100.2005,-0.0597,-0.0,-0.0,-43.1686,106.742 99.1114 0 0,0.0581,False,True,0.1144
1084,follow_sine,105.6802,100.1986,-0.0653,-0.0,-0.0,-43.1982,106.742 99.1114 0 0,0.0581,False,True,0.1145
1085,follow_sine,105.6856,100.1966,-0.0712,-0.0,-0.0,-43.2275,106.766 99.1045 0 0,0.0581,False,True,0.1145
1086,follow_sine,105.6909,100.1946,-0.0772,-0.0,-0.0,-43.2564,106.766 99.1045 0 0,0.0582,False,True,0.1144
1087,follow_sine,105.6963,100.1927,-0.0832,-0.0,-0.0,-43.2849,106.766 99.1045 0 0,0.0582,False,True,0.1145
1088,follow_sine,105.7017,100.1907,-0.0889,-0.0,-0.0,-43.3131,106.766 99.1045 0 0,0.0582,False,True,0.1144
1089,follow_sine,105.7071,100.1888,-0.0942,-0.0,-0.0,-43.3408,106.791 99.0977 0 0,0.0582,False,True,0.1144
1090,follow_sine,105.7124,100.1868,-0.0989,-0.0,-0.0,-43.3681,106.791 99.0977 0 0,0.0583,False,True,0.1144
1091,follow_sine,105.7178,100.1848,-0.1029,-0.0,-0.0,-43.3949,106.791 99.0977 0 0,0.0584,False,True,0.1145
1092,follow_sine,105.7232,100.1829,-0.1061,-0.0,-0.0,-43.4213,106.791 99.0977 0 0,0.0585,False,True,0.1144
1093,follow_sine,105.7285,100.1809,-0.1084,-0.0,-0.0,-43.4472,106.791 99.0977 0 0,0.0587,False,True,0.1142
1094,follow_sine,105.7339,100.1789,-0.1097,-0.0,-0.0,-43.4727,106.815 99.0913 0 0,0.0588,False,True,0.1144
1095,follow_sine,105.7393,100.177,-0.11,-0.0,-0.0,-43.4977,106.815 99.0913 0 0,0.059,False,True,0.1144
1096,follow_sine,105.7446,100.175,-0.1092,-0.0,-0.0,-43.5222,106.815 99.0913 0 0,0.0592,False,True,0.1142
1097,follow_sine,105.75,100.173,-0.1074,-0.0,-0.0,-43.5463,106.815 99.0913 0 0,0.0594,False,True,0.1144
1098,follow_sine,105.7554,100.1711,-0.1046,-0.0,-0.0,-43.57,106.84 99.0849 0 0,0.0596,False,True,0.1143
1099,follow_sine,105.7607,100.1691,-0.1009,-0.0,-0.0,-43.5933,106.84 99.0849 0 0,0.0598,False,True,0.1143
1100,follow_sine,105.7661,100.1671,-0.0964,-0.0,-0.0,-43.616,106.84 99.0849 0 0,0.0599,False,True,0.1144
1101,follow_sine,105.7715,100.1652,-0.0912,-0.0,-0.0,-43.6384,106.84 99.0849 0 0,0.06,False,True,0.1143
1102,follow_sine,105.7768,100.1632,-0.0856,-0.0,-0.0,-43.6604,106.864 99.0789 0 0,0.06,False,True,0.1143
1103,follow_sine,105.7822,100.1612,-0.0797,-0.0,-0.0,-43.682,106.864 99.0789 0 0,0.06,False,True,0.1143
1104,follow_sine,105.7876,100.1593,-0.0736,-0.0,-0.0,-43.7032,106.864 99.0789 0 0,0.06,False,True,0.1141
1105,follow_sine,105.7929,100.1573,-0.0677,-0.0,-0.0,-43.724,106.864 99.0789 0 0,0.06,False,True,0.1143
1106,follow_sine,105.7983,100.1553,-0.062,-0.0,-0.0,-43.7446,106.864 99.0789 0 0,0.06,False,True,0.1143
1107,follow_sine,105.8036,100.1534,-0.0567,-0.0,-0.0,-43.7648,106.889 99.0728 0 0,0.0599,False,True,0.1141
1108,follow_sine,105.809,100.1514,-0.052,-0.0,-0.0,-43.7848,106.889 99.0728 0 0,0.0599,False,True,0.1143
1109,follow_sine,105.8144,100.1494,-0.0481,-0.0,-0.0,-43.8044,106.889 99.0728 0 0,0.0599,False,True,0.1142
1110,follow_sine,105.8197,100.1474,-0.0449,-0.0,-0.0,-43.8238,106.889 99.0728 0 0,0.0599,False,True,0.1141
1111,follow_sine,105.8251,100.1455,-0.0427,-0.0,-0.0,-43.8429,106.914 99.0673 0 0,0.0599,False,True,0.1141
1112,follow_sine,105.8304,100.1435,-0.0415,-0.0,-0.0,-43.8617,106.914 99.0673 0 0,0.06,False,True,0.1142
1113,follow_sine,105.8358,100.1415,-0.0413,-0.0,-0.0,-43.8801,106.914 99.0673 0 0,0.06,False,True,0.1141
1114,follow_sine,105.8411,100.1395,-0.0421,-0.0,-0.0,-43.8983,106.914 99.0673 0 0,0.0601,False,True,0.1142
1115,follow_sine,105.8465,100.1376,-0.044,-0.0,-0.0,-43.9162,106.938 99.0617 0 0,0.0601,False,True,0.1141
1116,follow_sine,105.8518,100.1356,-0.0469,-0.0,-0.0,-43.9338,106.938 99.0617 0 0,0.0602,False,True,0.114
1117,follow_sine,105.8572,100.1336,-0.0507,-0.0,-0.0,-43.951,106.938 99.0617 0 0,0.0602,False,True,0.1142
1118,follow_sine,105.8625,100.1317,-0.0552,-0.0,-0.0,-43.9679,106.938 99.0617 0 0,0.0601,False,True,0.114
1119,follow_sine,105.8679,100.1297,-0.0604,-0.0,-0.0,-43.9844,106.938 99.0617 0 0,0.0601,False,True,0.1142
1120,follow_sine,105.8733,100.1277,-0.066,-0.0,-0.0,-44.0007,106.963 99.0566 0 0,0.06,False,True,0.114
1121,follow_sine,105.8786,100.1257,-0.072,-0.0,-0.0,-44.0166,106.963 99.0566 0 0,0.06,False,True,0.114
1122,follow_sine,105.8839,100.1238,-0.078,-0.0,-0.0,-44.0321,106.963 99.0566 0 0,0.0598,False,True,0.114
1123,follow_sine,105.8893,100.1218,-0.0839,-0.0,-0.0,-44.0472,106.963 99.0566 0 0,0.0598,False,True,0.114
1124,follow_sine,105.8946,100.1198,-0.0896,-0.0,-0.0,-44.062,106.988 99.0515 0 0,0.0597,False,True,0.114
1125,follow_sine,105.9,100.1178,-0.0948,-0.0,-0.0,-44.0763,106.988 99.0515 0 0,0.0597,False,True,0.1139
1126,follow_sine,105.9053,100.1159,-0.0995,-0.0,-0.0,-44.0902,106.988 99.0515 0 0,0.0596,False,True,0.114
1127,follow_sine,105.9107,100.1139,-0.1034,-0.0,-0.0,-44.1036,106.988 99.0515 0 0,0.0596,False,True,0.114
1128,follow_sine,105.916,100.1119,-0.1065,-0.0,-0.0,-44.1167,107.013 99.0467 0 0,0.0597,False,True,0.1139
1129,follow_sine,105.9214,100.1099,-0.1086,-0.0,-0.0,-44.1292,107.013 99.0467 0 0,0.0597,False,True,0.1139
1130,follow_sine,105.9267,100.108,-0.1098,-0.0,-0.0,-44.1413,107.013 99.0467 0 0,0.0598,False,True,0.1139
1131,follow_sine,105.9321,100.106,-0.1099,-0.0,-0.0,-44.153,107.013 99.0467 0 0,0.0599,False,True,0.114
1132,follow_sine,105.9374,100.104,-0.109,-0.0,-0.0,-44.1642,107.038 99.0421 0 0,0.06,False,True,0.1138
1133,follow_sine,105.9427,100.102,-0.1071,-0.0,-0.0,-44.175,107.038 99.0421 0 0,0.0601,False,True,0.1139
1134,follow_sine,105.9481,100.1001,-0.1041,-0.0,-0.0,-44.1853,107.038 99.0421 0 0,0.0602,False,True,0.1137
1135,follow_sine,105.9534,100.0981,-0.1003,-0.0,-0.0,-44.1951,107.038 99.0421 0 0,0.0603,False,True,0.1139
1136,follow_sine,105.9587,100.0961,-0.0957,-0.0,-0.0,-44.2046,107.038 99.0421 0 0,0.0603,False,True,0.1139
1137,follow_sine,105.9641,100.0941,-0.0905,-0.0,-0.0,-44.2137,107.063 99.0377 0 0,0.0602,False,True,0.1139
1138,follow_sine,105.9694,100.0922,-0.0848,-0.0,-0.0,-44.2224,107.063 99.0377 0 0,0.0602,False,True,0.1137
1139,follow_sine,105.9748,100.0902,-0.0789,-0.0,-0.0,-44.2306,107.063 99.0377 0 0,0.0601,False,True,0.1137
1140,follow_sine,105.9801,100.0882,-0.0729,-0.0,-0.0,-44.2385,107.063 99.0377 0 0,0.06,False,True,0.1138
1141,follow_sine,105.9854,100.0862,-0.0669,-0.0,-0.0,-44.2461,107.088 99.0336 0 0,0.0599,False,True,0.1137
1142,follow_sine,105.9908,100.0843,-0.0613,-0.0,-0.0,-44.2532,107.088 99.0336 0 0,0.0597,False,True,0.1137
1143,follow_sine,105.9961,100.0823,-0.0561,-0.0,-0.0,-44.2599,107.088 99.0336 0 0,0.0596,False,True,0.1137
1144,follow_sine,106.0014,100.0803,-0.0515,-0.0,-0.0,-44.2663,107.088 99.0336 0 0,0.0595,False,True,0.1137
1145,follow_sine,106.0068,100.0783,-0.0476,-0.0,-0.0,-44.2723,107.113 99.0297 0 0,0.0594,False,True,0.1137
1146,follow_sine,106.0121,100.0764,-0.0446,-0.0,-0.0,-44.2779,107.113 99.0297 0 0,0.0593,False,True,0.1136
1147,follow_sine,106.0174,100.0744,-0.0425,-0.0,-0.0,-44.2831,107.113 99.0297 0 0,0.0593,False,True,0.1137
1148,follow_sine,106.0227,100.0724,-0.0414,-0.0,-0.0,-44.2879,107.113 99.0297 0 0,0.0592,False,True,0.1135
1149,follow_sine,106.0281,100.0704,-0.0413,-0.0,-0.0,-44.2923,107.138 99.0261 0 0,0.0592,False,True,0.1137
1150,follow_sine,106.0334,100.0685,-0.0423,-0.0,-0.0,-44.2964,107.138 99.0261 0 0,0.0591,False,True,0.1135
1151,follow_sine,106.0387,100.0665,-0.0443,-0.0,-0.0,-44.2999,107.138 99.0261 0 0,0.0591,False,True,0.1137
1152,follow_sine,106.0441,100.0645,-0.0473,-0.0,-0.0,-44.3031,107.138 99.0261 0 0,0.059,False,True,0.1136
1153,follow_sine,106.0494,100.0626,-0.0512,-0.0,-0.0,-44.3059,107.163 99.0225 0 0,0.0589,False,True,0.1135
1154,follow_sine,106.0547,100.0606,-0.0559,-0.0,-0.0,-44.3083,107.163 99.0225 0 0,0.0588,False,True,0.1136
1155,follow_sine,106.06,100.0586,-0.0611,-0.0,-0.0,-44.3102,107.163 99.0225 0 0,0.0587,False,True,0.1135
1156,follow_sine,106.0654,100.0566,-0.0668,-0.0,-0.0,-44.3116,107.163 99.0225 0 0,0.0585,False,True,0.1136
1157,follow_sine,106.0707,100.0547,-0.0727,-0.0,-0.0,-44.3127,107.163 99.0225 0 0,0.0583,False,True,0.1135
1158,follow_sine,106.076,100.0527,-0.0788,-0.0,-0.0,-44.3134,107.188 99.0194 0 0,0.0582,False,True,0.1135
1159,follow_sine,106.0813,100.0507,-0.0847,-0.0,-0.0,-44.3137,107.188 99.0194 0 0,0.058,False,True,0.1135
1160,follow_sine,106.0866,100.0488,-0.0903,-0.0,-0.0,-44.3136,107.188 99.0194 0 0,0.0578,False,True,0.1134
1161,follow_sine,106.092,100.0468,-0.0955,-0.0,-0.0,-44.313,107.188 99.0194 0 0,0.0575,False,True,0.1135
1162,follow_sine,106.0973,100.0448,-0.1,-0.0,-0.0,-44.3121,107.213 99.0163 0 0,0.0574,False,True,0.1134
1163,follow_sine,106.1026,100.0428,-0.1039,-0.0,-0.0,-44.3108,107.213 99.0163 0 0,0.0573,False,True,0.1135
1164,follow_sine,106.1079,100.0409,-0.1068,-0.0,-0.0,-44.3089,107.213 99.0163 0 0,0.0571,False,True,0.1134
1165,follow_sine,106.1132,100.0389,-0.1089,-0.0,-0.0,-44.3067,107.213 99.0163 0 0,0.057,False,True,0.1134
1166,follow_sine,106.1186,100.0369,-0.1099,-0.0,-0.0,-44.3041,107.238 99.0138 0 0,0.0569,False,True,0.1134
1167,follow_sine,106.1239,100.035,-0.1099,-0.0,-0.0,-44.3011,107.238 99.0138 0 0,0.0569,False,True,0.1134
1168,follow_sine,106.1292,100.033,-0.1088,-0.0,-0.0,-44.2976,107.238 99.0138 0 0,0.0569,False,True,0.1133
1169,follow_sine,106.1345,100.031,-0.1067,-0.0,-0.0,-44.2937,107.238 99.0138 0 0,0.0568,False,True,0.1134
1170,follow_sine,106.1398,100.0291,-0.1037,-0.0,-0.0,-44.2894,107.263 99.0112 0 0,0.0567,False,True,0.1134
1171,follow_sine,106.1451,100.0271,-0.0997,-0.0,-0.0,-44.2847,107.263 99.0112 0 0,0.0566,False,True,0.1132
1172,follow_sine,106.1504,100.0251,-0.0951,-0.0,-0.0,-44.2795,107.263 99.0112 0 0,0.0565,False,True,0.1133
1173,follow_sine,106.1558,100.0232,-0.0898,-0.0,-0.0,-44.2739,107.263 99.0112 0 0,0.0563,False,True,0.1134
1174,follow_sine,106.1611,100.0212,-0.0841,-0.0,-0.0,-44.2678,107.289 99.0091 0 0,0.0561,False,True,0.1133
1175,follow_sine,106.1664,100.0193,-0.0781,-0.0,-0.0,-44.2614,107.289 99.0091 0 0,0.0558,False,True,0.1132
1176,follow_sine,106.1717,100.0173,-0.0721,-0.0,-0.0,-44.2544,107.289 99.0091 0 0,0.0556,False,True,0.1132
1177,follow_sine,106.177,100.0153,-0.0662,-0.0,-0.0,-44.2469,107.289 99.0091 0 0,0.0553,False,True,0.1132
1178,follow_sine,106.1823,100.0134,-0.0606,-0.0,-0.0,-44.2391,107.314 99.007 0 0,0.055,False,True,0.1133
1179,follow_sine,106.1876,100.0114,-0.0554,-0.0,-0.0,-44.2308,107.314 99.007 0 0,0.0547,False,True,0.1132
1180,follow_sine,106.1929,100.0094,-0.0509,-0.0,-0.0,-44.2219,107.314 99.007 0 0,0.0545,False,True,0.1131
1181,follow_sine,106.1982,100.0075,-0.0472,-0.0,-0.0,-44.2125,107.314 99.007 0 0,0.0542,False,True,0.1132
1182,follow_sine,106.2035,100.0055,-0.0442,-0.0,-0.0,-44.2027,107.314 99.007 0 0,0.054,False,True,0.1132
1183,follow_sine,106.2088,100.0036,-0.0423,-0.0,-0.0,-44.1925,107.339 99.0053 0 0,0.0538,False,True,0.1131
1184,follow_sine,106.2141,100.0016,-0.0413,-0.0,-0.0,-44.1819,107.339 99.0053 0 0,0.0536,False,True,0.1131
1185,follow_sine,106.2195,99.9997,-0.0414,-0.0,-0.0,-44.1707,107.339 99.0053 0 0,0.0534,False,True,0.1132
1186,follow_sine,106.2248,99.9977,-0.0425,-0.0,-0.0,-44.159,107.364 99.0038 0 0,0.0532,False,True,0.1131
1187,follow_sine,106.2301,99.9957,-0.0447,-0.0,-0.0,-44.1468,107.364 99.0038 0 0,0.053,False,True,0.113
1188,follow_sine,106.2354,99.9938,-0.0478,-0.0,-0.0,-44.1341,107.364 99.0038 0 0,0.0528,False,True,0.113
1189,follow_sine,106.2407,99.9918,-0.0518,-0.0,-0.0,-44.1208,107.364 99.0038 0 0,0.0525,False,True,0.113
1190,follow_sine,106.246,99.9899,-0.0565,-0.0,-0.0,-44.1071,107.364 99.0038 0 0,0.0523,False,True,0.113
1191,follow_sine,106.2513,99.9879,-0.0618,-0.0,-0.0,-44.093,107.39 99.0026 0 0,0.052,False,True,0.1129
1192,follow_sine,106.2566,99.986,-0.0676,-0.0,-0.0,-44.0784,107.39 99.0026 0 0,0.0517,False,True,0.113
1193,follow_sine,106.2619,99.984,-0.0735,-0.0,-0.0,-44.0633,107.39 99.0026 0 0,0.0514,False,True,0.113
1194,follow_sine,106.2672,99.9821,-0.0796,-0.0,-0.0,-44.0478,107.39 99.0026 0 0,0.051,False,True,0.1128
1195,follow_sine,106.2725,99.9801,-0.0855,-0.0,-0.0,-44.0319,107.415 99.0016 0 0,0.0507,False,True,0.1129
1196,follow_sine,106.2778,99.9782,-0.091,-0.0,-0.0,-44.0156,107.415 99.0016 0 0,0.0504,False,True,0.113
1197,follow_sine,106.2831,99.9762,-0.0961,-0.0,-0.0,-43.9988,107.415 99.0016 0 0,0.0501,False,True,0.1128
1198,follow_sine,106.2884,99.9743,-0.1006,-0.0,-0.0,-43.9816,107.415 99.0016 0 0,0.0499,False,True,0.1128
1199,follow_sine,106.2936,99.9723,-0.1043,-0.0,-0.0,-43.964,107.44 99.0008 0 0,0.0497,False,True,0.1128
1200,follow_sine,106.2989,99.9704,-0.1071,-0.0,-0.0,-43.9461,107.44 99.0008 0 0,0.0495,False,True,0.1128
1201,follow_sine,106.3042,99.9685,-0.109,-0.0,-0.0,-43.9277,107.44 99.0008 0 0,0.0493,False,True,0.1128
1202,follow_sine,106.3095,99.9665,-0.1099,-0.0,-0.0,-43.909,107.44 99.0008 0 0,0.0492,False,True,0.1126
1203,follow_sine,106.3148,99.9646,-0.1098,-0.0,-0.0,-43.8899,107.466 99.0004 0 0,0.049,False,True,0.1128
1204,follow_sine,106.3201,99.9626,-0.1086,-0.0,-0.0,-43.8704,107.466 99.0004 0 0,0.0489,False,True,0.1128
1205,follow_sine,106.3254,99.9607,-0.1064,-0.0,-0.0,-43.8505,107.466 99.0004 0 0,0.0488,False,True,0.1126
1206,follow_sine,106.3307,99.9588,-0.1032,-0.0,-0.0,-43.8302,107.466 99.0004 0 0,0.0486,False,True,0.1126
1207,follow_sine,106.336,99.9568,-0.0992,-0.0,-0.0,-43.8095,107.491 99.0001 0 0,0.0484,False,True,0.1128
1208,follow_sine,106.3413,99.9549,-0.0944,-0.0,-0.0,-43.7884,107.491 99.0001 0 0,0.0482,False,True,0.1126
1209,follow_sine,106.3466,99.9529,-0.089,-0.0,-0.0,-43.7668,107.491 99.0001 0 0,0.048,False,True,0.1126
1210,follow_sine,106.3518,99.951,-0.0833,-0.0,-0.0,-43.7448,107.491 99.0001 0 0,0.0477,False,True,0.1126
1211,follow_sine,106.3571,99.9491,-0.0773,-0.0,-0.0,-43.7224,107.516 99.0002 0 0,0.0474,False,True,0.1126
1212,follow_sine,106.3624,99.9472,-0.0713,-0.0,-0.0,-43.6995,107.516 99.0002 0 0,0.047,False,True,0.1126
1213,follow_sine,106.3677,99.9452,-0.0654,-0.0,-0.0,-43.676,107.516 99.0002 0 0,0.0467,False,True,0.1126
1214,follow_sine,106.373,99.9433,-0.0599,-0.0,-0.0,-43.652,107.516 99.0002 0 0,0.0463,False,True,0.1124
1215,follow_sine,106.3783,99.9414,-0.0548,-0.0,-0.0,-43.6275,107.541 99.0004 0 0,0.046,False,True,0.1125
1216,follow_sine,106.3836,99.9394,-0.0504,-0.0,-0.0,-43.6025,107.541 99.0004 0 0,0.0457,False,True,0.1126
1217,follow_sine,106.3888,99.9375,-0.0467,-0.0,-0.0,-43.5768,107.541 99.0004 0 0,0.0454,False,True,0.1124
1218,follow_sine,106.3941,99.9356,-0.0439,-0.0,-0.0,-43.5506,107.541 99.0004 0 0,0.0451,False,True,0.1124
1219,follow_sine,106.3994,99.9337,-0.0421,-0.0,-0.0,-43.5239,107.567 99.0011 0 0,0.0448,False,True,0.1125
1220,follow_sine,106.4047,99.9317,-0.0413,-0.0,-0.0,-43.4965,107.567 99.0011 0 0,0.0445,False,True,0.1124
1221,follow_sine,106.41,99.9298,-0.0415,-0.0,-0.0,-43.4685,107.567 99.0011 0 0,0.0443,False,True,0.1123
1222,follow_sine,106.4152,99.9279,-0.0428,-0.0,-0.0,-43.4399,107.567 99.0011 0 0,0.044,False,True,0.1124
1223,follow_sine,106.4205,99.926,-0.045,-0.0,-0.0,-43.4108,107.592 99.0018 0 0,0.0437,False,True,0.1123
1224,follow_sine,106.4258,99.9241,-0.0483,-0.0,-0.0,-43.3811,107.592 99.0018 0 0,0.0435,False,True,0.1124
1225,follow_sine,106.4311,99.9221,-0.0524,-0.0,-0.0,-43.3507,107.592 99.0018 0 0,0.0431,False,True,0.1123
1226,follow_sine,106.4364,99.9202,-0.0572,-0.0,-0.0,-43.3198,107.592 99.0018 0 0,0.0428,False,True,0.1123
1227,follow_sine,106.4416,99.9183,-0.0626,-0.0,-0.0,-43.2885,107.617 99.0029 0 0,0.0425,False,True,0.1121
1228,follow_sine,106.4469,99.9164,-0.0683,-0.0,-0.0,-43.2565,107.617 99.0029 0 0,0.0421,False,True,0.1123
1229,follow_sine,106.4522,99.9145,-0.0743,-0.0,-0.0,-43.2241,107.617 99.0029 0 0,0.0417,False,True,0.1121
1230,follow_sine,106.4575,99.9126,-0.0803,-0.0,-0.0,-43.1911,107.643 99.0042 0 0,0.0414,False,True,0.1123
1231,follow_sine,106.4627,99.9107,-0.0862,-0.0,-0.0,-43.1577,107.643 99.0042 0 0,0.041,False,True,0.1121
1232,follow_sine,106.468,99.9088,-0.0917,-0.0,-0.0,-43.1237,107.643 99.0042 0 0,0.0407,False,True,0.1121
1233,follow_sine,106.4733,99.9069,-0.0967,-0.0,-0.0,-43.0893,107.643 99.0042 0 0,0.0403,False,True,0.1122
1234,follow_sine,106.4786,99.905,-0.1011,-0.0,-0.0,-43.0544,107.643 99.0042 0 0,0.0401,False,True,0.1121
1235,follow_sine,106.4838,99.9031,-0.1047,-0.0,-0.0,-43.0193,107.668 99.0058 0 0,0.0398,False,True,0.1121
1236,follow_sine,106.4891,99.9012,-0.1075,-0.0,-0.0,-42.9838,107.668 99.0058 0 0,0.0396,False,True,0.1121
1237,follow_sine,106.4944,99.8993,-0.1092,-0.0,-0.0,-42.948,107.668 99.0058 0 0,0.0394,False,True,0.1121
1238,follow_sine,106.4996,99.8974,-0.11,-0.0,-0.0,-42.9117,107.693 99.0076 0 0,0.0392,False,True,0.1121
1239,follow_sine,106.5049,99.8955,-0.1097,-0.0,-0.0,-42.8751,107.693 99.0076 0 0,0.039,False,True,0.1121
1240,follow_sine,106.5102,99.8936,-0.1084,-0.0,-0.0,-42.8381,107.693 99.0076 0 0,0.0388,False,True,0.112
1241,follow_sine,106.5155,99.8917,-0.106,-0.0,-0.0,-42.8007,107.693 99.0076 0 0,0.0386,False,True,0.112
1242,follow_sine,106.5207,99.8898,-0.1027,-0.0,-0.0,-42.7629,107.693 99.0076 0 0,0.0384,False,True,0.112
1243,follow_sine,106.526,99.8879,-0.0986,-0.0,-0.0,-42.7248,107.718 99.0096 0 0,0.0382,False,True,0.1119
1244,follow_sine,106.5313,99.886,-0.0937,-0.0,-0.0,-42.6862,107.718 99.0096 0 0,0.0379,False,True,0.112
1245,follow_sine,106.5365,99.8841,-0.0883,-0.0,-0.0,-42.6473,107.718 99.0096 0 0,0.0376,False,True,0.1118
1246,follow_sine,106.5418,99.8822,-0.0825,-0.0,-0.0,-42.6078,107.744 99.0119 0 0,0.0373,False,True,0.112
1247,follow_sine,106.5471,99.8804,-0.0765,-0.0,-0.0,-42.5679,107.744 99.0119 0 0,0.037,False,True,0.1118
1248,follow_sine,106.5523,99.8785,-0.0705,-0.0,-0.0,-42.5273,107.744 99.0119 0 0,0.0366,False,True,0.1118
1249,follow_sine,106.5576,99.8766,-0.0647,-0.0,-0.0,-42.4862,107.744 99.0119 0 0,0.0362,False,True,0.112
1250,follow_sine,106.5629,99.8747,-0.0592,-0.0,-0.0,-42.4445,107.769 99.0144 0 0,0.0358,False,True,0.1118
1251,follow_sine,106.5681,99.8728,-0.0542,-0.0,-0.0,-42.4022,107.769 99.0144 0 0,0.0355,False,True,0.1118
1252,follow_sine,106.5734,99.871,-0.0499,-0.0,-0.0,-42.3591,107.769 99.0144 0 0,0.0351,False,True,0.1118
1253,follow_sine,106.5787,99.8691,-0.0463,-0.0,-0.0,-42.3154,107.769 99.0144 0 0,0.0348,False,True,0.1118
1254,follow_sine,106.5839,99.8672,-0.0436,-0.0,-0.0,-42.2711,107.794 99.0173 0 0,0.0344,False,True,0.1117
1255,follow_sine,106.5892,99.8653,-0.0419,-0.0,-0.0,-42.226,107.794 99.0173 0 0,0.0341,False,True,0.1118
1256,follow_sine,106.5945,99.8635,-0.0412,-0.0,-0.0,-42.1802,107.794 99.0173 0 0,0.0338,False,True,0.1117
1257,follow_sine,106.5997,99.8616,-0.0416,-0.0,-0.0,-42.1337,107.794 99.0173 0 0,0.0335,False,True,0.1117
1258,follow_sine,106.605,99.8597,-0.043,-0.0,-0.0,-42.0865,107.819 99.0202 0 0,0.0333,False,True,0.1115
1259,follow_sine,106.6102,99.8579,-0.0454,-0.0,-0.0,-42.0386,107.819 99.0202 0 0,0.033,False,True,0.1117
1260,follow_sine,106.6155,99.856,-0.0488,-0.0,-0.0,-41.99,107.819 99.0202 0 0,0.0326,False,True,0.1117
1261,follow_sine,106.6208,99.8541,-0.053,-0.0,-0.0,-41.9407,107.819 99.0202 0 0,0.0323,False,True,0.1115
1262,follow_sine,106.626,99.8523,-0.0579,-0.0,-0.0,-41.8908,107.844 99.0236 0 0,0.0319,False,True,0.1116
1263,follow_sine,106.6313,99.8504,-0.0633,-0.0,-0.0,-41.8404,107.844 99.0236 0 0,0.0316,False,True,0.1115
1264,follow_sine,106.6365,99.8486,-0.0691,-0.0,-0.0,-41.7893,107.844 99.0236 0 0,0.0312,False,True,0.1115
1265,follow_sine,106.6418,99.8467,-0.0751,-0.0,-0.0,-41.7377,107.844 99.0236 0 0,0.0308,False,True,0.1116
1266,follow_sine,106.6471,99.8449,-0.0811,-0.0,-0.0,-41.6857,107.869 99.0269 0 0,0.0304,False,True,0.1114
1267,follow_sine,106.6523,99.843,-0.087,-0.0,-0.0,-41.6332,107.869 99.0269 0 0,0.0301,False,True,0.1115
1268,follow_sine,106.6576,99.8412,-0.0924,-0.0,-0.0,-41.5803,107.869 99.0269 0 0,0.0297,False,True,0.1114
1269,follow_sine,106.6628,99.8393,-0.0974,-0.0,-0.0,-41.527,107.869 99.0269 0 0,0.0294,False,True,0.1114
1270,follow_sine,106.6681,99.8375,-0.1016,-0.0,-0.0,-41.4734,107.894 99.0308 0 0,0.0291,False,True,0.1114
1271,follow_sine,106.6733,99.8356,-0.1051,-0.0,-0.0,-41.4195,107.894 99.0308 0 0,0.0289,False,True,0.1114
1272,follow_sine,106.6786,99.8338,-0.1077,-0.0,-0.0,-41.3653,107.894 99.0308 0 0,0.0286,False,True,0.1114
1273,follow_sine,106.6839,99.832,-0.1094,-0.0,-0.0,-41.3108,107.919 99.0347 0 0,0.0284,False,True,0.1114
1274,follow_sine,106.6891,99.8301,-0.11,-0.0,-0.0,-41.2559,107.919 99.0347 0 0,0.0282,False,True,0.1114
1275,follow_sine,106.6944,99.8283,-0.1096,-0.0,-0.0,-41.2007,107.919 99.0347 0 0,0.028,False,True,0.1112
1276,follow_sine,106.6996,99.8265,-0.1081,-0.0,-0.0,-41.1451,107.919 99.0347 0 0,0.0278,False,True,0.1113
1277,follow_sine,106.7049,99.8246,-0.1056,-0.0,-0.0,-41.0893,107.944 99.0389 0 0,0.0277,False,True,0.1113
1278,follow_sine,106.7101,99.8228,-0.1022,-0.0,-0.0,-41.0331,107.944 99.0389 0 0,0.0274,False,True,0.1111
1279,follow_sine,106.7154,99.821,-0.098,-0.0,-0.0,-40.9765,107.944 99.0389 0 0,0.0272,False,True,0.1113
1280,follow_sine,106.7206,99.8192,-0.093,-0.0,-0.0,-40.9194,107.969 99.0433 0 0,0.0269,False,True,0.1113
1281,follow_sine,106.7259,99.8173,-0.0876,-0.0,-0.0,-40.8619,107.969 99.0433 0 0,0.0266,False,True,0.1111
1282,follow_sine,106.7311,99.8155,-0.0817,-0.0,-0.0,-40.8037,107.969 99.0433 0 0,0.0263,False,True,0.1113
1283,follow_sine,106.7364,99.8137,-0.0757,-0.0,-0.0,-40.745,107.969 99.0433 0 0,0.0259,False,True,0.1111
1284,follow_sine,106.7417,99.8119,-0.0697,-0.0,-0.0,-40.6858,107.969 99.0433 0 0,0.0255,False,True,0.1112
1285,follow_sine,106.7469,99.8101,-0.0639,-0.0,-0.0,-40.626,107.994 99.048 0 0,0.0252,False,True,0.1111
1286,follow_sine,106.7522,99.8083,-0.0585,-0.0,-0.0,-40.5655,107.994 99.048 0 0,0.0248,False,True,0.111
1287,follow_sine,106.7574,99.8065,-0.0536,-0.0,-0.0,-40.5044,107.994 99.048 0 0,0.0244,False,True,0.1112
1288,follow_sine,106.7627,99.8046,-0.0493,-0.0,-0.0,-40.4425,108.019 99.0529 0 0,0.0241,False,True,0.111
1289,follow_sine,106.7679,99.8028,-0.0459,-0.0,-0.0,-40.3798,108.019 99.0529 0 0,0.0237,False,True,0.111
1290,follow_sine,106.7732,99.801,-0.0434,-0.0,-0.0,-40.3163,108.019 99.0529 0 0,0.0234,False,True,0.1111
1291,follow_sine,106.7784,99.7992,-0.0418,-0.0,-0.0,-40.2519,108.019 99.0529 0 0,0.0231,False,True,0.111
1292,follow_sine,106.7837,99.7974,-0.0412,-0.0,-0.0,-40.1868,108.044 99.058 0 0,0.0228,False,True,0.111
1293,follow_sine,106.7889,99.7956,-0.0417,-0.0,-0.0,-40.1208,108.044 99.058 0 0,0.0225,False,True,0.1109
1294,follow_sine,106.7942,99.7939,-0.0433,-0.0,-0.0,-40.054,108.044 99.058 0 0,0.0222,False,True,0.1109
1295,follow_sine,106.7994,99.7921,-0.0458,-0.0,-0.0,-39.9864,108.044 99.058 0 0,0.0219,False,True,0.1109
1296,follow_sine,106.8047,99.7903,-0.0493,-0.0,-0.0,-39.9181,108.068 99.0633 0 0,0.0216,False,True,0.1109
1297,follow_sine,106.8099,99.7885,-0.0536,-0.0,-0.0,-39.849,108.068 99.0633 0 0,0.0213,False,True,0.1109
1298,follow_sine,106.8152,99.7867,-0.0585,-0.0,-0.0,-39.7792,108.068 99.0633 0 0,0.0209,False,True,0.1109
1299,follow_sine,106.8204,99.7849,-0.0641,-0.0,-0.0,-39.7088,108.068 99.0633 0 0,0.0206,False,True,0.1109
1300,follow_sine,106.8257,99.7831,-0.0699,-0.0,-0.0,-39.6378,108.093 99.0688 0 0,0.0202,False,True,0.1108
1301,follow_sine,106.8309,99.7814,-0.0759,-0.0,-0.0,-39.5663,108.093 99.0688 0 0,0.0198,False,True,0.1108
1302,follow_sine,106.8362,99.7796,-0.0819,-0.0,-0.0,-39.4942,108.093 99.0688 0 0,0.0195,False,True,0.1108
1303,follow_sine,106.8414,99.7778,-0.0877,-0.0,-0.0,-39.4218,108.118 99.0746 0 0,0.0191,False,True,0.1108
1304,follow_sine,106.8466,99.776,-0.0931,-0.0,-0.0,-39.3489,108.118 99.0746 0 0,0.0188,False,True,0.1108
1305,follow_sine,106.8519,99.7743,-0.098,-0.0,-0.0,-39.2756,108.118 99.0746 0 0,0.0185,False,True,0.1106
1306,follow_sine,106.8571,99.7725,-0.1021,-0.0,-0.0,-39.202,108.118 99.0746 0 0,0.0182,False,True,0.1107
1307,follow_sine,106.8624,99.7707,-0.1055,-0.0,-0.0,-39.1281,108.142 99.0804 0 0,0.018,False,True,0.1107
1308,follow_sine,106.8676,99.769,-0.108,-0.0,-0.0,-39.054,108.142 99.0804 0 0,0.0178,False,True,0.1107
1309,follow_sine,106.8729,99.7672,-0.1095,-0.0,-0.0,-38.9796,108.142 99.0804 0 0,0.0176,False,True,0.1107
1310,follow_sine,106.8781,99.7655,-0.11,-0.0,-0.0,-38.905,108.142 99.0804 0 0,0.0174,False,True,0.1105
1311,follow_sine,106.8834,99.7637,-0.1094,-0.0,-0.0,-38.8302,108.167 99.0867 0 0,0.0173,False,True,0.1107
1312,follow_sine,106.8886,99.762,-0.1078,-0.0,-0.0,-38.7552,108.167 99.0867 0 0,0.0171,False,True,0.1106
1313,follow_sine,106.8939,99.7602,-0.1052,-0.0,-0.0,-38.6799,108.167 99.0867 0 0,0.0169,False,True,0.1105
1314,follow_sine,106.8991,99.7585,-0.1017,-0.0,-0.0,-38.6043,108.192 99.0929 0 0,0.0167,False,True,0.1106
1315,follow_sine,106.9044,99.7567,-0.0974,-0.0,-0.0,-38.5283,108.192 99.0929 0 0,0.0165,False,True,0.1106
1316,follow_sine,106.9096,99.755,-0.0923,-0.0,-0.0,-38.4519,108.192 99.0929 0 0,0.0162,False,True,0.1105
1317,follow_sine,106.9149,99.7532,-0.0868,-0.0,-0.0,-38.375,108.192 99.0929 0 0,0.0159,False,True,0.1106
1318,follow_sine,106.9201,99.7515,-0.0809,-0.0,-0.0,-38.2977,108.216 99.0996 0 0,0.0156,False,True,0.1106
1319,follow_sine,106.9254,99.7498,-0.0749,-0.0,-0.0,-38.2198,108.216 99.0996 0 0,0.0153,False,True,0.1105
1320,follow_sine,106.9306,99.748,-0.0689,-0.0,-0.0,-38.1412,108.216 99.0996 0 0,0.0149,False,True,0.1104
1321,follow_sine,106.9358,99.7463,-0.0632,-0.0,-0.0,-38.062,108.24 99.1063 0 0,0.0146,False,True,0.1105
1322,follow_sine,106.9411,99.7446,-0.0578,-0.0,-0.0,-37.982,108.24 99.1063 0 0,0.0142,False,True,0.1105
1323,follow_sine,106.9463,99.7429,-0.053,-0.0,-0.0,-37.9012,108.24 99.1063 0 0,0.0139,False,True,0.1104
1324,follow_sine,106.9516,99.7411,-0.0488,-0.0,-0.0,-37.8195,108.24 99.1063 0 0,0.0135,False,True,0.1105
1325,follow_sine,106.9568,99.7394,-0.0455,-0.0,-0.0,-37.7369,108.24 99.1063 0 0,0.0132,False,True,0.1105
1326,follow_sine,106.9621,99.7377,-0.0431,-0.0,-0.0,-37.6536,108.265 99.1134 0 0,0.0129,False,True,0.1105
1327,follow_sine,106.9673,99.736,-0.0417,-0.0,-0.0,-37.5695,108.265 99.1134 0 0,0.0126,False,True,0.1105
1328,follow_sine,106.9726,99.7343,-0.0412,-0.0,-0.0,-37.4843,108.289 99.1205 0 0,0.0124,False,True,0.1103
1329,follow_sine,106.9778,99.7326,-0.0419,-0.0,-0.0,-37.3982,108.289 99.1205 0 0,0.0121,False,True,0.1104
1330,follow_sine,106.9831,99.7309,-0.0435,-0.0,-0.0,-37.3111,108.289 99.1205 0 0,0.0118,False,True,0.1104
1331,follow_sine,106.9883,99.7292,-0.0462,-0.0,-0.0,-37.2231,108.289 99.1205 0 0,0.0115,False,True,0.1104
1332,follow_sine,106.9936,99.7275,-0.0498,-0.0,-0.0,-37.1343,108.289 99.1205 0 0,0.0112,False,True,0.1104
1333,follow_sine,106.9988,99.7258,-0.0542,-0.0,-0.0,-37.0447,108.313 99.1279 0 0,0.0109,False,True,0.1104
1334,follow_sine,107.0041,99.7241,-0.0592,-0.0,-0.0,-36.9544,108.313 99.1279 0 0,0.0106,False,True,0.1103
1335,follow_sine,107.0093,99.7224,-0.0648,-0.0,-0.0,-36.8634,108.337 99.1354 0 0,0.0103,False,True,0.1103
1336,follow_sine,107.0146,99.7207,-0.0707,-0.0,-0.0,-36.7717,108.337 99.1354 0 0,0.0099,False,True,0.1103
1337,follow_sine,107.0198,99.719,-0.0767,-0.0,-0.0,-36.6793,108.337 99.1354 0 0,0.0096,False,True,0.1103
1338,follow_sine,107.0251,99.7173,-0.0827,-0.0,-0.0,-36.5864,108.337 99.1354 0 0,0.0093,False,True,0.1103
1339,follow_sine,107.0303,99.7156,-0.0884,-0.0,-0.0,-36.4931,108.337 99.1354 0 0,0.009,False,True,0.1102
1340,follow_sine,107.0356,99.7139,-0.0938,-0.0,-0.0,-36.3995,108.361 99.1431 0 0,0.0087,False,True,0.1102
1341,follow_sine,107.0408,99.7123,-0.0986,-0.0,-0.0,-36.3056,108.361 99.1431 0 0,0.0084,False,True,0.1104
1342,follow_sine,107.0461,99.7106,-0.1026,-0.0,-0.0,-36.2115,108.361 99.1431 0 0,0.0082,False,True,0.1102
1343,follow_sine,107.0513,99.7089,-0.1059,-0.0,-0.0,-36.1172,108.386 99.151 0 0,0.008,False,True,0.1102
1344,follow_sine,107.0566,99.7073,-0.1083,-0.0,-0.0,-36.0228,108.386 99.151 0 0,0.0078,False,True,0.1103
1345,follow_sine,107.0618,99.7056,-0.1096,-0.0,-0.0,-35.9281,108.386 99.151 0 0,0.0077,False,True,0.1102
1346,follow_sine,107.0671,99.7039,-0.11,-0.0,-0.0,-35.8333,108.386 99.151 0 0,0.0075,False,True,0.1103
1347,follow_sine,107.0723,99.7023,-0.1093,-0.0,-0.0,-35.7383,108.41 99.159 0 0,0.0074,False,True,0.1101
1348,follow_sine,107.0776,99.7006,-0.1076,-0.0,-0.0,-35.6433,108.41 99.159 0 0,0.0072,False,True,0.1102
1349,follow_sine,107.0828,99.699,-0.1048,-0.0,-0.0,-35.548,108.41 99.159 0 0,0.0071,False,True,0.1101
1350,follow_sine,107.0881,99.6973,-0.1012,-0.0,-0.0,-35.4524,108.433 99.1673 0 0,0.0069,False,True,0.1102
1351,follow_sine,107.0933,99.6956,-0.0967,-0.0,-0.0,-35.3566,108.433 99.1673 0 0,0.0067,False,True,0.1102
1352,follow_sine,107.0986,99.694,-0.0916,-0.0,-0.0,-35.2603,108.433 99.1673 0 0,0.0065,False,True,0.1102
1353,follow_sine,107.1039,99.6924,-0.0861,-0.0,-0.0,-35.1636,108.433 99.1673 0 0,0.0062,False,True,0.1101
1354,follow_sine,107.1091,99.6907,-0.0802,-0.0,-0.0,-35.0665,108.457 99.1756 0 0,0.006,False,True,0.1101
1355,follow_sine,107.1144,99.6891,-0.0741,-0.0,-0.0,-34.9688,108.457 99.1756 0 0,0.0056,False,True,0.1101
1356,follow_sine,107.1196,99.6874,-0.0682,-0.0,-0.0,-34.8704,108.457 99.1756 0 0,0.0053,False,True,0.1101
1357,follow_sine,107.1249,99.6858,-0.0624,-0.0,-0.0,-34.7714,108.481 99.1843 0 0,0.005,False,True,0.1101
1358,follow_sine,107.1301,99.6842,-0.0571,-0.0,-0.0,-34.6715,108.481 99.1843 0 0,0.0047,False,True,0.1101
1359,follow_sine,107.1354,99.6826,-0.0524,-0.0,-0.0,-34.5707,108.481 99.1843 0 0,0.0044,False,True,0.1102
1360,follow_sine,107.1407,99.6809,-0.0484,-0.0,-0.0,-34.4691,108.481 99.1843 0 0,0.0041,False,True,0.11
1361,follow_sine,107.1459,99.6793,-0.0451,-0.0,-0.0,-34.3665,108.505 99.1929 0 0,0.0038,False,True,0.1101
1362,follow_sine,107.1512,99.6777,-0.0428,-0.0,-0.0,-34.2629,108.505 99.1929 0 0,0.0035,False,True,0.11
1363,follow_sine,107.1564,99.6761,-0.0415,-0.0,-0.0,-34.1584,108.505 99.1929 0 0,0.0033,False,True,0.1101
1364,follow_sine,107.1617,99.6745,-0.0413,-0.0,-0.0,-34.0528,108.505 99.1929 0 0,0.003,False,True,0.1101
1365,follow_sine,107.167,99.6729,-0.042,-0.0,-0.0,-33.9463,108.529 99.2019 0 0,0.0028,False,True,0.11
1366,follow_sine,107.1722,99.6712,-0.0438,-0.0,-0.0,-33.8389,108.529 99.2019 0 0,0.0025,False,True,0.1101
1367,follow_sine,107.1775,99.6696,-0.0466,-0.0,-0.0,-33.7305,108.529 99.2019 0 0,0.0023,False,True,0.1101
1368,follow_sine,107.1828,99.668,-0.0503,-0.0,-0.0,-33.6212,108.552 99.2108 0 0,0.002,False,True,0.1101
1369,follow_sine,107.188,99.6665,-0.0548,-0.0,-0.0,-33.5111,108.552 99.2108 0 0,0.0017,False,True,0.1102
1370,follow_sine,107.1933,99.6649,-0.06,-0.0,-0.0,-33.4002,108.552 99.2108 0 0,0.0015,False,True,0.11
1371,follow_sine,107.1986,99.6633,-0.0656,-0.0,-0.0,-33.2886,108.552 99.2108 0 0,0.0012,False,True,0.11
1372,follow_sine,107.2038,99.6617,-0.0715,-0.0,-0.0,-33.1765,108.576 99.2201 0 0,0.0009,False,True,0.1101
1373,follow_sine,107.2091,99.6601,-0.0775,-0.0,-0.0,-33.0638,108.576 99.2201 0 0,0.0006,False,True,0.11
1374,follow_sine,107.2144,99.6585,-0.0835,-0.0,-0.0,-32.9507,108.576 99.2201 0 0,0.0003,False,True,0.1101
1375,follow_sine,107.2196,99.6569,-0.0892,-0.0,-0.0,-32.8373,108.599 99.2294 0 0,0.0001,False,True,0.1101
1376,follow_sine,107.2249,99.6554,-0.0944,-0.0,-0.0,-32.7236,108.599 99.2294 0 0,-0.0002,False,True,0.11
1377,follow_sine,107.2302,99.6538,-0.0991,-0.0,-0.0,-32.6097,108.599 99.2294 0 0,-0.0004,False,True,0.11
1378,follow_sine,107.2355,99.6522,-0.1031,-0.0,-0.0,-32.4956,108.599 99.2294 0 0,-0.0005,False,True,0.11
1379,follow_sine,107.2407,99.6507,-0.1063,-0.0,-0.0,-32.3815,108.623 99.2389 0 0,-0.0007,False,True,0.11
1380,follow_sine,107.246,99.6491,-0.1085,-0.0,-0.0,-32.2673,108.623 99.2389 0 0,-0.0008,False,True,0.11
1381,follow_sine,107.2513,99.6475,-0.1097,-0.0,-0.0,-32.1531,108.623 99.2389 0 0,-0.001,False,True,0.1101
1382,follow_sine,107.2566,99.646,-0.11,-0.0,-0.0,-32.039,108.646 99.2485 0 0,-0.0011,False,True,0.1101
1383,follow_sine,107.2618,99.6444,-0.1091,-0.0,-0.0,-31.9247,108.646 99.2485 0 0,-0.0011,False,True,0.1099
1384,follow_sine,107.2671,99.6429,-0.1072,-0.0,-0.0,-31.8104,108.646 99.2485 0 0,-0.0013,False,True,0.11
1385,follow_sine,107.2724,99.6413,-0.1044,-0.0,-0.0,-31.6959,108.646 99.2485 0 0,-0.0014,False,True,0.11
1386,follow_sine,107.2777,99.6398,-0.1006,-0.0,-0.0,-31.5814,108.67 99.2583 0 0,-0.0015,False,True,0.1101
1387,follow_sine,107.283,99.6382,-0.0961,-0.0,-0.0,-31.4666,108.67 99.2583 0 0,-0.0017,False,True,0.11
1388,follow_sine,107.2882,99.6367,-0.0909,-0.0,-0.0,-31.3516,108.67 99.2583 0 0,-0.0019,False,True,0.11
1389,follow_sine,107.2935,99.6352,-0.0853,-0.0,-0.0,-31.2362,108.693 99.2682 0 0,-0.0021,False,True,0.1101
1390,follow_sine,107.2988,99.6336,-0.0794,-0.0,-0.0,-31.1203,108.693 99.2682 0 0,-0.0023,False,True,0.1101
1391,follow_sine,107.3041,99.6321,-0.0733,-0.0,-0.0,-31.0038,108.693 99.2682 0 0,-0.0026,False,True,0.1101
1392,follow_sine,107.3094,99.6306,-0.0674,-0.0,-0.0,-30.8868,108.693 99.2682 0 0,-0.0029,False,True,0.1101
1393,follow_sine,107.3147,99.6291,-0.0617,-0.0,-0.0,-30.769,108.716 99.2782 0 0,-0.0031,False,True,0.1101
1394,follow_sine,107.32,99.6275,-0.0565,-0.0,-0.0,-30.6505,108.716 99.2782 0 0,-0.0034,False,True,0.11
1395,follow_sine,107.3253,99.626,-0.0518,-0.0,-0.0,-30.5311,108.716 99.2782 0 0,-0.0037,False,True,0.1102
1396,follow_sine,107.3305,99.6245,-0.0479,-0.0,-0.0,-30.4107,108.739 99.2884 0 0,-0.0039,False,True,0.11
1397,follow_sine,107.3358,99.623,-0.0448,-0.0,-0.0,-30.2894,108.739 99.2884 0 0,-0.0042,False,True,0.1101
1398,follow_sine,107.3411,99.6215,-0.0426,-0.0,-0.0,-30.167,108.739 99.2884 0 0,-0.0044,False,True,0.1101
1399,follow_sine,107.3464,99.62,-0.0414,-0.0,-0.0,-30.0436,108.739 99.2884 0 0,-0.0047,False,True,0.1102
1400,follow_sine,107.3517,99.6185,-0.0413,-0.0,-0.0,-29.9192,108.763 99.2986 0 0,-0.0049,False,True,0.11
1401,follow_sine,107.357,99.617,-0.0422,-0.0,-0.0,-29.7938,108.763 99.2986 0 0,-0.0051,False,True,0.1102
1402,follow_sine,107.3623,99.6155,-0.0441,-0.0,-0.0,-29.6673,108.763 99.2986 0 0,-0.0053,False,True,0.11
1403,follow_sine,107.3676,99.614,-0.0471,-0.0,-0.0,-29.54,108.763 99.2986 0 0,-0.0055,False,True,0.1102
1404,follow_sine,107.3729,99.6125,-0.0509,-0.0,-0.0,-29.4118,108.786 99.3091 0 0,-0.0058,False,True,0.1101
1405,follow_sine,107.3782,99.611,-0.0555,-0.0,-0.0,-29.2828,108.786 99.3091 0 0,-0.006,False,True,0.1101
1406,follow_sine,107.3835,99.6096,-0.0607,-0.0,-0.0,-29.153,108.786 99.3091 0 0,-0.0062,False,True,0.1102
1407,follow_sine,107.3888,99.6081,-0.0663,-0.0,-0.0,-29.0227,108.809 99.3195 0 0,-0.0065,False,True,0.1101
1408,follow_sine,107.3942,99.6066,-0.0723,-0.0,-0.0,-28.8918,108.809 99.3195 0 0,-0.0067,False,True,0.1102
1409,follow_sine,107.3995,99.6051,-0.0783,-0.0,-0.0,-28.7605,108.809 99.3195 0 0,-0.007,False,True,0.1102
1410,follow_sine,107.4048,99.6037,-0.0842,-0.0,-0.0,-28.6288,108.809 99.3195 0 0,-0.0072,False,True,0.1102
1411,follow_sine,107.4101,99.6022,-0.0899,-0.0,-0.0,-28.497,108.832 99.3302 0 0,-0.0074,False,True,0.1102
1412,follow_sine,107.4154,99.6007,-0.0951,-0.0,-0.0,-28.3651,108.832 99.3302 0 0,-0.0076,False,True,0.1103
1413,follow_sine,107.4207,99.5993,-0.0997,-0.0,-0.0,-28.2331,108.832 99.3302 0 0,-0.0077,False,True,0.1102
1414,follow_sine,107.426,99.5978,-0.1036,-0.0,-0.0,-28.1011,108.855 99.3409 0 0,-0.0078,False,True,0.1101
1415,follow_sine,107.4314,99.5964,-0.1066,-0.0,-0.0,-27.9692,108.855 99.3409 0 0,-0.008,False,True,0.1103
1416,follow_sine,107.4367,99.5949,-0.1087,-0.0,-0.0,-27.8374,108.855 99.3409 0 0,-0.008,False,True,0.1102
1417,follow_sine,107.442,99.5935,-0.1098,-0.0,-0.0,-27.7057,108.855 99.3409 0 0,-0.0081,False,True,0.1102
1418,follow_sine,107.4473,99.5921,-0.1099,-0.0,-0.0,-27.5742,108.855 99.3409 0 0,-0.0082,False,True,0.1103
1419,follow_sine,107.4526,99.5906,-0.1089,-0.0,-0.0,-27.4429,108.877 99.3518 0 0,-0.0082,False,True,0.1103
1420,follow_sine,107.458,99.5892,-0.1069,-0.0,-0.0,-27.3118,108.877 99.3518 0 0,-0.0083,False,True,0.1103
1421,follow_sine,107.4633,99.5878,-0.1039,-0.0,-0.0,-27.1808,108.9 99.3628 0 0,-0.0084,False,True,0.1103
1422,follow_sine,107.4686,99.5864,-0.1001,-0.0,-0.0,-27.0497,108.9 99.3628 0 0,-0.0085,False,True,0.1103
1423,follow_sine,107.474,99.5849,-0.0954,-0.0,-0.0,-26.9185,108.9 99.3628 0 0,-0.0086,False,True,0.1104
1424,follow_sine,107.4793,99.5835,-0.0902,-0.0,-0.0,-26.787,108.9 99.3628 0 0,-0.0088,False,True,0.1104
1425,follow_sine,107.4846,99.5821,-0.0845,-0.0,-0.0,-26.6554,108.9 99.3628 0 0,-0.0089,False,True,0.1103
1426,follow_sine,107.49,99.5807,-0.0786,-0.0,-0.0,-26.5234,108.923 99.3739 0 0,-0.0091,False,True,0.1103
1427,follow_sine,107.4953,99.5793,-0.0725,-0.0,-0.0,-26.3911,108.923 99.3739 0 0,-0.0094,False,True,0.1105
1428,follow_sine,107.5006,99.5779,-0.0666,-0.0,-0.0,-26.2582,108.946 99.3851 0 0,-0.0096,False,True,0.1103
1429,follow_sine,107.506,99.5765,-0.061,-0.0,-0.0,-26.1246,108.946 99.3851 0 0,-0.0098,False,True,0.1104
1430,follow_sine,107.5113,99.5751,-0.0558,-0.0,-0.0,-25.9901,108.946 99.3851 0 0,-0.0101,False,True,0.1104
1431,follow_sine,107.5166,99.5737,-0.0513,-0.0,-0.0,-25.8549,108.946 99.3851 0 0,-0.0103,False,True,0.1104
1432,follow_sine,107.522,99.5723,-0.0474,-0.0,-0.0,-25.7187,108.946 99.3851 0 0,-0.0105,False,True,0.1105
1433,follow_sine,107.5273,99.5709,-0.0444,-0.0,-0.0,-25.5817,108.968 99.3963 0 0,-0.0107,False,True,0.1105
1434,follow_sine,107.5327,99.5696,-0.0424,-0.0,-0.0,-25.4437,108.968 99.3963 0 0,-0.0109,False,True,0.1105
1435,follow_sine,107.538,99.5682,-0.0414,-0.0,-0.0,-25.3047,108.968 99.3963 0 0,-0.0111,False,True,0.1104
1436,follow_sine,107.5434,99.5668,-0.0414,-0.0,-0.0,-25.1648,108.991 99.4077 0 0,-0.0113,False,True,0.1104
1437,follow_sine,107.5487,99.5654,-0.0424,-0.0,-0.0,-25.0239,108.991 99.4077 0 0,-0.0115,False,True,0.1106
1438,follow_sine,107.5541,99.5641,-0.0445,-0.0,-0.0,-24.8819,108.991 99.4077 0 0,-0.0117,False,True,0.1105
1439,follow_sine,107.5595,99.5627,-0.0475,-0.0,-0.0,-24.7391,108.991 99.4077 0 0,-0.0118,False,True,0.1105
1440,follow_sine,107.5648,99.5614,-0.0514,-0.0,-0.0,-24.5955,109.014 99.4192 0 0,-0.012,False,True,0.1105
1441,follow_sine,107.5702,99.56,-0.0561,-0.0,-0.0,-24.4512,109.014 99.4192 0 0,-0.0122,False,True,0.1106
1442,follow_sine,107.5755,99.5587,-0.0614,-0.0,-0.0,-24.3063,109.014 99.4192 0 0,-0.0124,False,True,0.1106
1443,follow_sine,107.5809,99.5573,-0.0671,-0.0,-0.0,-24.1608,109.014 99.4192 0 0,-0.0126,False,True,0.1106
1444,follow_sine,107.5863,99.556,-0.0731,-0.0,-0.0,-24.015,109.036 99.4308 0 0,-0.0128,False,True,0.1106
1445,follow_sine,107.5916,99.5546,-0.0791,-0.0,-0.0,-23.8689,109.036 99.4308 0 0,-0.013,False,True,0.1105
1446,follow_sine,107.597,99.5533,-0.085,-0.0,-0.0,-23.7226,109.036 99.4308 0 0,-0.0132,False,True,0.1107
1447,follow_sine,107.6024,99.552,-0.0906,-0.0,-0.0,-23.5763,109.059 99.4424 0 0,-0.0133,False,True,0.1107
1448,follow_sine,107.6077,99.5506,-0.0957,-0.0,-0.0,-23.43,109.059 99.4424 0 0,-0.0135,False,True,0.1107
1449,follow_sine,107.6131,99.5493,-0.1003,-0.0,-0.0,-23.2838,109.059 99.4424 0 0,-0.0136,False,True,0.1106
1450,follow_sine,107.6185,99.548,-0.104,-0.0,-0.0,-23.1378,109.059 99.4424 0 0,-0.0137,False,True,0.1108
1451,follow_sine,107.6239,99.5467,-0.107,-0.0,-0.0,-22.9921,109.081 99.4542 0 0,-0.0137,False,True,0.1107
1452,follow_sine,107.6292,99.5454,-0.1089,-0.0,-0.0,-22.8468,109.081 99.4542 0 0,-0.0138,False,True,0.1107
1453,follow_sine,107.6346,99.5441,-0.1099,-0.0,-0.0,-22.7017,109.081 99.4542 0 0,-0.0138,False,True,0.1108
1454,follow_sine,107.64,99.5428,-0.1098,-0.0,-0.0,-22.557,109.081 99.4542 0 0,-0.0138,False,True,0.1107
1455,follow_sine,107.6454,99.5415,-0.1087,-0.0,-0.0,-22.4126,109.103 99.466 0 0,-0.0138,False,True,0.1108
1456,follow_sine,107.6508,99.5402,-0.1066,-0.0,-0.0,-22.2685,109.103 99.466 0 0,-0.0138,False,True,0.1108
1457,follow_sine,107.6562,99.5389,-0.1035,-0.0,-0.0,-22.1246,109.103 99.466 0 0,-0.0139,False,True,0.1109
1458,follow_sine,107.6616,99.5376,-0.0995,-0.0,-0.0,-21.9809,109.103 99.466 0 0,-0.014,False,True,0.1107
1459,follow_sine,107.667,99.5363,-0.0948,-0.0,-0.0,-21.8373,109.126 99.4779 0 0,-0.0141,False,True,0.1109
1460,follow_sine,107.6724,99.535,-0.0895,-0.0,-0.0,-21.6937,109.126 99.4779 0 0,-0.0142,False,True,0.1108
1461,follow_sine,107.6777,99.5338,-0.0837,-0.0,-0.0,-21.5499,109.126 99.4779 0 0,-0.0143,False,True,0.1108
1462,follow_sine,107.6832,99.5325,-0.0778,-0.0,-0.0,-21.4059,109.148 99.4899 0 0,-0.0145,False,True,0.111
1463,follow_sine,107.6886,99.5312,-0.0718,-0.0,-0.0,-21.2616,109.148 99.4899 0 0,-0.0147,False,True,0.1109
1464,follow_sine,107.694,99.53,-0.0659,-0.0,-0.0,-21.1167,109.148 99.4899 0 0,-0.0149,False,True,0.111
1465,follow_sine,107.6994,99.5287,-0.0603,-0.0,-0.0,-20.9712,109.148 99.4899 0 0,-0.015,False,True,0.1109
1466,follow_sine,107.7048,99.5275,-0.0552,-0.0,-0.0,-20.8252,109.148 99.4899 0 0,-0.0153,False,True,0.111
1467,follow_sine,107.7102,99.5262,-0.0507,-0.0,-0.0,-20.6784,109.17 99.502 0 0,-0.0154,False,True,0.1109
1468,follow_sine,107.7156,99.525,-0.047,-0.0,-0.0,-20.5309,109.17 99.502 0 0,-0.0156,False,True,0.111
1469,follow_sine,107.721,99.5237,-0.0441,-0.0,-0.0,-20.3825,109.17 99.502 0 0,-0.0158,False,True,0.111
1470,follow_sine,107.7264,99.5225,-0.0422,-0.0,-0.0,-20.2333,109.192 99.5141 0 0,-0.016,False,True,0.1111
1471,follow_sine,107.7318,99.5213,-0.0413,-0.0,-0.0,-20.0831,109.192 99.5141 0 0,-0.0161,False,True,0.111
1472,follow_sine,107.7372,99.52,-0.0414,-0.0,-0.0,-19.932,109.192 99.5141 0 0,-0.0162,False,True,0.1111
1473,follow_sine,107.7427,99.5188,-0.0426,-0.0,-0.0,-19.7799,109.192 99.5141 0 0,-0.0164,False,True,0.1112
1474,follow_sine,107.7481,99.5176,-0.0448,-0.0,-0.0,-19.6271,109.192 99.5141 0 0,-0.0165,False,True,0.1111
1475,follow_sine,107.7535,99.5164,-0.048,-0.0,-0.0,-19.4735,109.215 99.5264 0 0,-0.0167,False,True,0.111
1476,follow_sine,107.7589,99.5152,-0.052,-0.0,-0.0,-19.3193,109.215 99.5264 0 0,-0.0168,False,True,0.1111
1477,follow_sine,107.7643,99.514,-0.0568,-0.0,-0.0,-19.1644,109.215 99.5264 0 0,-0.017,False,True,0.1111
1478,follow_sine,107.7698,99.5128,-0.0621,-0.0,-0.0,-19.0091,109.237 99.5387 0 0,-0.0171,False,True,0.1111
1479,follow_sine,107.7752,99.5116,-0.0679,-0.0,-0.0,-18.8534,109.237 99.5387 0 0,-0.0173,False,True,0.1112
1480,follow_sine,107.7806,99.5104,-0.0739,-0.0,-0.0,-18.6974,109.237 99.5387 0 0,-0.0175,False,True,0.1113
1481,follow_sine,107.786,99.5092,-0.0799,-0.0,-0.0,-18.5413,109.237 99.5387 0 0,-0.0176,False,True,0.111
1482,follow_sine,107.7915,99.508,-0.0858,-0.0,-0.0,-18.3852,109.259 99.551 0 0,-0.0178,False,True,0.1113
1483,follow_sine,107.7969,99.5068,-0.0913,-0.0,-0.0,-18.2293,109.259 99.551 0 0,-0.0178,False,True,0.1112
1484,follow_sine,107.8024,99.5057,-0.0964,-0.0,-0.0,-18.0735,109.259 99.551 0 0,-0.018,False,True,0.1113
1485,follow_sine,107.8078,99.5045,-0.1008,-0.0,-0.0,-17.918,109.259 99.551 0 0,-0.018,False,True,0.1113
1486,follow_sine,107.8132,99.5033,-0.1045,-0.0,-0.0,-17.763,109.281 99.5634 0 0,-0.018,False,True,0.1112
1487,follow_sine,107.8187,99.5022,-0.1073,-0.0,-0.0,-17.6084,109.281 99.5634 0 0,-0.0181,False,True,0.1112
1488,follow_sine,107.8241,99.501,-0.1091,-0.0,-0.0,-17.4543,109.281 99.5634 0 0,-0.0181,False,True,0.1114
1489,follow_sine,107.8296,99.4999,-0.11,-0.0,-0.0,-17.3007,109.281 99.5634 0 0,-0.0181,False,True,0.1114
1490,follow_sine,107.835,99.4987,-0.1098,-0.0,-0.0,-17.1476,109.303 99.5759 0 0,-0.018,False,True,0.1113
1491,follow_sine,107.8405,99.4976,-0.1085,-0.0,-0.0,-16.9951,109.303 99.5759 0 0,-0.018,False,True,0.1113
1492,follow_sine,107.8459,99.4964,-0.1062,-0.0,-0.0,-16.8429,109.303 99.5759 0 0,-0.018,False,True,0.1114
1493,follow_sine,107.8514,99.4953,-0.103,-0.0,-0.0,-16.6911,109.303 99.5759 0 0,-0.018,False,True,0.1114
1494,follow_sine,107.8568,99.4942,-0.0989,-0.0,-0.0,-16.5397,109.325 99.5885 0 0,-0.0181,False,True,0.1114
1495,follow_sine,107.8623,99.4931,-0.0941,-0.0,-0.0,-16.3885,109.325 99.5885 0 0,-0.0181,False,True,0.1114
1496,follow_sine,107.8677,99.4919,-0.0887,-0.0,-0.0,-16.2373,109.325 99.5885 0 0,-0.0182,False,True,0.1114
1497,follow_sine,107.8732,99.4908,-0.083,-0.0,-0.0,-16.0861,109.325 99.5885 0 0,-0.0183,False,True,0.1115
1498,follow_sine,107.8787,99.4897,-0.077,-0.0,-0.0,-15.9349,109.347 99.6011 0 0,-0.0185,False,True,0.1115
1499,follow_sine,107.8841,99.4886,-0.071,-0.0,-0.0,-15.7834,109.347 99.6011 0 0,-0.0186,False,True,0.1115
1500,follow_sine,107.8896,99.4875,-0.0651,-0.0,-0.0,-15.6315,109.347 99.6011 0 0,-0.0187,False,True,0.1114
1501,follow_sine,107.8951,99.4864,-0.0596,-0.0,-0.0,-15.4792,109.347 99.6011 0 0,-0.0189,False,True,0.1116
1502,follow_sine,107.9005,99.4853,-0.0546,-0.0,-0.0,-15.3263,109.369 99.6138 0 0,-0.0191,False,True,0.1116
1503,follow_sine,107.906,99.4842,-0.0502,-0.0,-0.0,-15.1728,109.369 99.6138 0 0,-0.0192,False,True,0.1115
1504,follow_sine,107.9115,99.4832,-0.0466,-0.0,-0.0,-15.0185,109.369 99.6138 0 0,-0.0194,False,True,0.1115
1505,follow_sine,107.917,99.4821,-0.0438,-0.0,-0.0,-14.8635,109.369 99.6138 0 0,-0.0195,False,True,0.1117
1506,follow_sine,107.9224,99.481,-0.042,-0.0,-0.0,-14.7077,109.391 99.6264 0 0,-0.0196,False,True,0.1116
1507,follow_sine,107.9279,99.4799,-0.0413,-0.0,-0.0,-14.5511,109.391 99.6264 0 0,-0.0198,False,True,0.1116
1508,follow_sine,107.9334,99.4789,-0.0415,-0.0,-0.0,-14.3936,109.391 99.6264 0 0,-0.0199,False,True,0.1116
1509,follow_sine,107.9389,99.4778,-0.0428,-0.0,-0.0,-14.2353,109.391 99.6264 0 0,-0.02,False,True,0.1116
1510,follow_sine,107.9444,99.4768,-0.0452,-0.0,-0.0,-14.0763,109.391 99.6264 0 0,-0.0201,False,True,0.1117
1511,follow_sine,107.9498,99.4757,-0.0485,-0.0,-0.0,-13.9167,109.413 99.6393 0 0,-0.0202,False,True,0.1117
1512,follow_sine,107.9553,99.4747,-0.0526,-0.0,-0.0,-13.7565,109.413 99.6393 0 0,-0.0203,False,True,0.1117
1513,follow_sine,107.9608,99.4736,-0.0574,-0.0,-0.0,-13.5958,109.413 99.6393 0 0,-0.0205,False,True,0.1117
1514,follow_sine,107.9663,99.4726,-0.0629,-0.0,-0.0,-13.4348,109.434 99.6521 0 0,-0.0206,False,True,0.1116
1515,follow_sine,107.9718,99.4716,-0.0687,-0.0,-0.0,-13.2735,109.434 99.6521 0 0,-0.0207,False,True,0.1118
1516,follow_sine,107.9773,99.4706,-0.0746,-0.0,-0.0,-13.112,109.434 99.6521 0 0,-0.0208,False,True,0.1117
1517,follow_sine,107.9828,99.4696,-0.0807,-0.0,-0.0,-12.9505,109.434 99.6521 0 0,-0.0209,False,True,0.1117
1518,follow_sine,107.9883,99.4685,-0.0865,-0.0,-0.0,-12.7892,109.434 99.6521 0 0,-0.0211,False,True,0.1119
1519,follow_sine,107.9938,99.4675,-0.092,-0.0,-0.0,-12.6283,109.456 99.6649 0 0,-0.0211,False,True,0.1117
1520,follow_sine,107.9993,99.4665,-0.097,-0.0,-0.0,-12.4676,109.456 99.6649 0 0,-0.0212,False,True,0.1118
1521,follow_sine,108.0048,99.4655,-0.1013,-0.0,-0.0,-12.3075,109.456 99.6649 0 0,-0.0212,False,True,0.1118
1522,follow_sine,108.0103,99.4645,-0.1049,-0.0,-0.0,-12.1479,109.456 99.6649 0 0,-0.0212,False,True,0.1118
1523,follow_sine,108.0158,99.4636,-0.1076,-0.0,-0.0,-11.9889,109.478 99.6779 0 0,-0.0212,False,True,0.1118
1524,follow_sine,108.0213,99.4626,-0.1093,-0.0,-0.0,-11.8306,109.478 99.6779 0 0,-0.0212,False,True,0.1119
1525,follow_sine,108.0268,99.4616,-0.11,-0.0,-0.0,-11.6729,109.478 99.6779 0 0,-0.0211,False,True,0.1119
1526,follow_sine,108.0323,99.4606,-0.1096,-0.0,-0.0,-11.5158,109.478 99.6779 0 0,-0.0211,False,True,0.1119
1527,follow_sine,108.0378,99.4597,-0.1083,-0.0,-0.0,-11.3594,109.478 99.6779 0 0,-0.021,False,True,0.1118
1528,follow_sine,108.0433,99.4587,-0.1059,-0.0,-0.0,-11.2036,109.5 99.6908 0 0,-0.021,False,True,0.1118
1529,follow_sine,108.0488,99.4578,-0.1025,-0.0,-0.0,-11.0484,109.5 99.6908 0 0,-0.021,False,True,0.1118
1530,follow_sine,108.0543,99.4568,-0.0983,-0.0,-0.0,-10.8935,109.5 99.6908 0 0,-0.021,False,True,0.1119
1531,follow_sine,108.0598,99.4559,-0.0934,-0.0,-0.0,-10.739,109.521 99.7038 0 0,-0.021,False,True,0.1118
1532,follow_sine,108.0654,99.4549,-0.088,-0.0,-0.0,-10.5846,109.521 99.7038 0 0,-0.0211,False,True,0.1119
1533,follow_sine,108.0709,99.454,-0.0822,-0.0,-0.0,-10.4304,109.521 99.7038 0 0,-0.0212,False,True,0.1119
1534,follow_sine,108.0764,99.4531,-0.0762,-0.0,-0.0,-10.276,109.521 99.7038 0 0,-0.0213,False,True,0.112
1535,follow_sine,108.0819,99.4521,-0.0702,-0.0,-0.0,-10.1216,109.521 99.7038 0 0,-0.0214,False,True,0.1119
1536,follow_sine,108.0874,99.4512,-0.0644,-0.0,-0.0,-9.9669,109.543 99.7169 0 0,-0.0215,False,True,0.112
1537,follow_sine,108.093,99.4503,-0.0589,-0.0,-0.0,-9.8118,109.543 99.7169 0 0,-0.0216,False,True,0.112
1538,follow_sine,108.0985,99.4494,-0.0539,-0.0,-0.0,-9.6563,109.543 99.7169 0 0,-0.0218,False,True,0.1119
1539,follow_sine,108.104,99.4485,-0.0496,-0.0,-0.0,-9.5001,109.543 99.7169 0 0,-0.0219,False,True,0.112
1540,follow_sine,108.1095,99.4476,-0.0461,-0.0,-0.0,-9.3434,109.565 99.73 0 0,-0.022,False,True,0.1121
1541,follow_sine,108.1151,99.4467,-0.0435,-0.0,-0.0,-9.186,109.565 99.73 0 0,-0.0221,False,True,0.1119
1542,follow_sine,108.1206,99.4458,-0.0419,-0.0,-0.0,-9.0279,109.565 99.73 0 0,-0.0222,False,True,0.112
1543,follow_sine,108.1261,99.445,-0.0412,-0.0,-0.0,-8.869,109.565 99.73 0 0,-0.0223,False,True,0.112
1544,follow_sine,108.1317,99.4441,-0.0416,-0.0,-0.0,-8.7094,109.565 99.73 0 0,-0.0224,False,True,0.112
1545,follow_sine,108.1372,99.4432,-0.0431,-0.0,-0.0,-8.5492,109.586 99.7431 0 0,-0.0225,False,True,0.112
1546,follow_sine,108.1427,99.4424,-0.0456,-0.0,-0.0,-8.3883,109.586 99.7431 0 0,-0.0226,False,True,0.1121
1547,follow_sine,108.1483,99.4415,-0.049,-0.0,-0.0,-8.2269,109.586 99.7431 0 0,-0.0227,False,True,0.1119
1548,follow_sine,108.1538,99.4406,-0.0532,-0.0,-0.0,-8.065,109.586 99.7431 0 0,-0.0228,False,True,0.1121
1549,follow_sine,108.1593,99.4398,-0.0581,-0.0,-0.0,-7.9027,109.608 99.7562 0 0,-0.0229,False,True,0.112
1550,follow_sine,108.1649,99.439,-0.0636,-0.0,-0.0,-7.7402,109.608 99.7562 0 0,-0.023,False,True,0.1121
1551,follow_sine,108.1704,99.4381,-0.0694,-0.0,-0.0,-7.5775,109.608 99.7562 0 0,-0.0231,False,True,0.112
1552,follow_sine,108.176,99.4373,-0.0754,-0.0,-0.0,-7.4148,109.608 99.7562 0 0,-0.0232,False,True,0.1122
1553,follow_sine,108.1815,99.4365,-0.0814,-0.0,-0.0,-7.2523,109.608 99.7562 0 0,-0.0232,False,True,0.112
1554,follow_sine,108.187,99.4357,-0.0872,-0.0,-0.0,-7.0901,109.629 99.7691 0 0,-0.0233,False,True,0.1121
1555,follow_sine,108.1926,99.4348,-0.0927,-0.0,-0.0,-6.9282,109.629 99.7691 0 0,-0.0233,False,True,0.112
1556,follow_sine,108.1981,99.434,-0.0976,-0.0,-0.0,-6.7669,109.629 99.7691 0 0,-0.0233,False,True,0.1121
1557,follow_sine,108.2037,99.4332,-0.1018,-0.0,-0.0,-6.6061,109.629 99.7691 0 0,-0.0233,False,True,0.1121
1558,follow_sine,108.2092,99.4324,-0.1053,-0.0,-0.0,-6.446,109.65 99.7819 0 0,-0.0233,False,True,0.1121
1559,follow_sine,108.2148,99.4317,-0.1078,-0.0,-0.0,-6.2866,109.65 99.7819 0 0,-0.0233,False,True,0.112
1560,follow_sine,108.2203,99.4309,-0.1094,-0.0,-0.0,-6.128,109.65 99.7819 0 0,-0.0232,False,True,0.1122
1561,follow_sine,108.2259,99.4301,-0.11,-0.0,-0.0,-5.97,109.65 99.7819 0 0,-0.0232,False,True,0.112
1562,follow_sine,108.2314,99.4293,-0.1095,-0.0,-0.0,-5.8129,109.671 99.7946 0 0,-0.0231,False,True,0.1121
1563,follow_sine,108.237,99.4286,-0.108,-0.0,-0.0,-5.6564,109.671 99.7946 0 0,-0.023,False,True,0.1121
1564,follow_sine,108.2425,99.4278,-0.1055,-0.0,-0.0,-5.5006,109.671 99.7946 0 0,-0.023,False,True,0.1121
1565,follow_sine,108.2481,99.4271,-0.102,-0.0,-0.0,-5.3453,109.671 99.7946 0 0,-0.023,False,True,0.1121
1566,follow_sine,108.2536,99.4263,-0.0977,-0.0,-0.0,-5.1906,109.671 99.7946 0 0,-0.023,False,True,0.1121
1567,follow_sine,108.2592,99.4256,-0.0928,-0.0,-0.0,-5.0362,109.691 99.8071 0 0,-0.023,False,True,0.1121
1568,follow_sine,108.2648,99.4248,-0.0873,-0.0,-0.0,-4.8822,109.691 99.8071 0 0,-0.023,False,True,0.1122
1569,follow_sine,108.2703,99.4241,-0.0814,-0.0,-0.0,-4.7283,109.691 99.8071 0 0,-0.0231,False,True,0.112
1570,follow_sine,108.2759,99.4234,-0.0754,-0.0,-0.0,-4.5745,109.691 99.8071 0 0,-0.0231,False,True,0.1122
1571,follow_sine,108.2814,99.4227,-0.0694,-0.0,-0.0,-4.4206,109.711 99.8195 0 0,-0.0232,False,True,0.1122
1572,follow_sine,108.287,99.422,-0.0636,-0.0,-0.0,-4.2665,109.711 99.8195 0 0,-0.0233,False,True,0.112
1573,follow_sine,108.2926,99.4213,-0.0582,-0.0,-0.0,-4.1121,109.711 99.8195 0 0,-0.0234,False,True,0.1121
1574,follow_sine,108.2981,99.4206,-0.0533,-0.0,-0.0,-3.9573,109.711 99.8195 0 0,-0.0235,False,True,0.1121
1575,follow_sine,108.3037,99.4199,-0.0491,-0.0,-0.0,-3.8021,109.731 99.8317 0 0,-0.0237,False,True,0.1123
1576,follow_sine,108.3092,99.4192,-0.0457,-0.0,-0.0,-3.6463,109.731 99.8317 0 0,-0.0237,False,True,0.1121
1577,follow_sine,108.3148,99.4185,-0.0433,-0.0,-0.0,-3.4898,109.731 99.8317 0 0,-0.0238,False,True,0.1121
1578,follow_sine,108.3204,99.4178,-0.0417,-0.0,-0.0,-3.3328,109.731 99.8317 0 0,-0.0239,False,True,0.1122
1579,follow_sine,108.3259,99.4172,-0.0412,-0.0,-0.0,-3.1751,109.75 99.8439 0 0,-0.024,False,True,0.112
1580,follow_sine,108.3315,99.4165,-0.0418,-0.0,-0.0,-3.0167,109.75 99.8439 0 0,-0.024,False,True,0.1122
1581,follow_sine,108.3371,99.4158,-0.0434,-0.0,-0.0,-2.8578,109.75 99.8439 0 0,-0.0241,False,True,0.1122
1582,follow_sine,108.3427,99.4152,-0.046,-0.0,-0.0,-2.6983,109.75 99.8439 0 0,-0.0242,False,True,0.1121
1583,follow_sine,108.3482,99.4145,-0.0495,-0.0,-0.0,-2.5383,109.77 99.8558 0 0,-0.0242,False,True,0.1121
1584,follow_sine,108.3538,99.4139,-0.0538,-0.0,-0.0,-2.3779,109.77 99.8558 0 0,-0.0243,False,True,0.1123
1585,follow_sine,108.3594,99.4133,-0.0588,-0.0,-0.0,-2.2172,109.77 99.8558 0 0,-0.0244,False,True,0.1121
1586,follow_sine,108.3649,99.4127,-0.0643,-0.0,-0.0,-2.0564,109.77 99.8558 0 0,-0.0245,False,True,0.1122
1587,follow_sine,108.3705,99.412,-0.0702,-0.0,-0.0,-1.8955,109.77 99.8558 0 0,-0.0245,False,True,0.1121
1588,follow_sine,108.3761,99.4114,-0.0762,-0.0,-0.0,-1.7347,109.789 99.8677 0 0,-0.0246,False,True,0.1122
1589,follow_sine,108.3817,99.4108,-0.0822,-0.0,-0.0,-1.5742,109.789 99.8677 0 0,-0.0247,False,True,0.1122
1590,follow_sine,108.3872,99.4102,-0.088,-0.0,-0.0,-1.414,109.789 99.8677 0 0,-0.0247,False,True,0.112
1591,follow_sine,108.3928,99.4096,-0.0934,-0.0,-0.0,-1.2543,109.789 99.8677 0 0,-0.0247,False,True,0.1122
1592,follow_sine,108.3984,99.409,-0.0982,-0.0,-0.0,-1.0952,109.808 99.8794 0 0,-0.0247,False,True,0.1121
1593,follow_sine,108.404,99.4085,-0.1023,-0.0,-0.0,-0.9367,109.808 99.8794 0 0,-0.0247,False,True,0.1121
1594,follow_sine,108.4095,99.4079,-0.1057,-0.0,-0.0,-0.7789,109.808 99.8794 0 0,-0.0247,False,True,0.1121
1595,follow_sine,108.4151,99.4073,-0.1081,-0.0,-0.0,-0.6219,109.808 99.8794 0 0,-0.0246,False,True,0.1122
1596,follow_sine,108.4207,99.4068,-0.1096,-0.0,-0.0,-0.4657,109.826 99.891 0 0,-0.0245,False,True,0.1121
1597,follow_sine,108.4263,99.4062,-0.11,-0.0,-0.0,-0.3103,109.826 99.891 0 0,-0.0244,False,True,0.1121
1598,follow_sine,108.4319,99.4057,-0.1094,-0.0,-0.0,-0.1557,109.826 99.891 0 0,-0.0244,False,True,0.1122
1599,follow_sine,108.4374,99.4052,-0.1077,-0.0,-0.0,-0.0019,109.826 99.891 0 0,-0.0243,False,True,0.1121
1600,follow_sine,108.443,99.4046,-0.1051,-0.0,0.0,0.1512,109.844 99.9024 0 0,-0.0243,False,True,0.1122
1601,follow_sine,108.4486,99.4041,-0.1015,-0.0,0.0,0.3037,109.844 99.9024 0 0,-0.0242,False,True,0.112
1602,follow_sine,108.4542,99.4036,-0.0971,-0.0,0.0,0.4557,109.844 99.9024 0 0,-0.0242,False,True,0.1122
1603,follow_sine,108.4598,99.4031,-0.0921,-0.0,0.0,0.6073,109.844 99.9024 0 0,-0.0242,False,True,0.1122
1604,follow_sine,108.4654,99.4026,-0.0865,-0.0,0.0,0.7585,109.862 99.9137 0 0,-0.0242,False,True,0.1121
1605,follow_sine,108.4709,99.4021,-0.0806,-0.0,0.0,0.9094,109.862 99.9137 0 0,-0.0242,False,True,0.112
1606,follow_sine,108.4765,99.4016,-0.0746,-0.0,0.0,1.0604,109.862 99.9137 0 0,-0.0243,False,True,0.1121
1607,follow_sine,108.4821,99.4011,-0.0686,-0.0,0.0,1.2113,109.862 99.9137 0 0,-0.0244,False,True,0.1123
1608,follow_sine,108.4877,99.4006,-0.0629,-0.0,0.0,1.3624,109.88 99.9249 0 0,-0.0245,False,True,0.1121
1609,follow_sine,108.4933,99.4001,-0.0575,-0.0,0.0,1.5137,109.88 99.9249 0 0,-0.0245,False,True,0.1121
1610,follow_sine,108.4989,99.3997,-0.0527,-0.0,0.0,1.6653,109.88 99.9249 0 0,-0.0246,False,True,0.1121
1611,follow_sine,108.5045,99.3992,-0.0486,-0.0,0.0,1.8174,109.88 99.9249 0 0,-0.0247,False,True,0.1121
1612,follow_sine,108.51,99.3988,-0.0454,-0.0,0.0,1.9699,109.898 99.9359 0 0,-0.0248,False,True,0.1122
1613,follow_sine,108.5156,99.3983,-0.043,-0.0,0.0,2.123,109.898 99.9359 0 0,-0.0248,False,True,0.112
1614,follow_sine,108.5212,99.3979,-0.0416,-0.0,0.0,2.2766,109.898 99.9359 0 0,-0.0249,False,True,0.112
1615,follow_sine,108.5268,99.3975,-0.0412,-0.0,0.0,2.4309,109.898 99.9359 0 0,-0.025,False,True,0.1122
1616,follow_sine,108.5324,99.3971,-0.0419,-0.0,0.0,2.5856,109.915 99.9468 0 0,-0.025,False,True,0.112
1617,follow_sine,108.538,99.3966,-0.0437,-0.0,0.0,2.7409,109.915 99.9468 0 0,-0.0251,False,True,0.1122
1618,follow_sine,108.5436,99.3962,-0.0464,-0.0,0.0,2.8966,109.915 99.9468 0 0,-0.0251,False,True,0.112
1619,follow_sine,108.5492,99.3958,-0.05,-0.0,0.0,3.0528,109.915 99.9468 0 0,-0.0252,False,True,0.1121
1620,follow_sine,108.5548,99.3955,-0.0544,-0.0,0.0,3.2092,109.932 99.9576 0 0,-0.0252,False,True,0.1121
1621,follow_sine,108.5603,99.3951,-0.0595,-0.0,0.0,3.3659,109.932 99.9576 0 0,-0.0253,False,True,0.112
1622,follow_sine,108.5659,99.3947,-0.0651,-0.0,0.0,3.5226,109.932 99.9576 0 0,-0.0254,False,True,0.1121
1623,follow_sine,108.5715,99.3943,-0.071,-0.0,0.0,3.6793,109.949 99.9682 0 0,-0.0254,False,True,0.1121
1624,follow_sine,108.5771,99.394,-0.077,-0.0,0.0,3.8358,109.949 99.9682 0 0,-0.0255,False,True,0.1121
1625,follow_sine,108.5827,99.3936,-0.083,-0.0,0.0,3.9921,109.949 99.9682 0 0,-0.0255,False,True,0.1121
1626,follow_sine,108.5883,99.3933,-0.0887,-0.0,0.0,4.1479,109.949 99.9682 0 0,-0.0255,False,True,0.1121
1627,follow_sine,108.5939,99.3929,-0.094,-0.0,0.0,4.3033,109.966 99.9787 0 0,-0.0255,False,True,0.112
1628,follow_sine,108.5995,99.3926,-0.0988,-0.0,0.0,4.458,109.966 99.9787 0 0,-0.0255,False,True,0.112
1629,follow_sine,108.6051,99.3923,-0.1028,-0.0,0.0,4.612,109.966 99.9787 0 0,-0.0255,False,True,0.112
1630,follow_sine,108.6107,99.392,-0.1061,-0.0,0.0,4.7653,109.966 99.9787 0 0,-0.0254,False,True,0.1122
1631,follow_sine,108.6163,99.3917,-0.1084,-0.0,0.0,4.9178,109.983 99.9891 0 0,-0.0253,False,True,0.112
1632,follow_sine,108.6219,99.3914,-0.1097,-0.0,0.0,5.0694,109.983 99.9891 0 0,-0.0253,False,True,0.112
1633,follow_sine,108.6275,99.3911,-0.11,-0.0,0.0,5.2202,109.983 99.9891 0 0,-0.0252,False,True,0.1121
1634,follow_sine,108.6331,99.3908,-0.1092,-0.0,0.0,5.3702,109.983 99.9891 0 0,-0.0251,False,True,0.112
1635,follow_sine,108.6386,99.3905,-0.1074,-0.0,0.0,5.5194,109.999 99.9993 0 0,-0.025,False,True,0.112
1636,follow_sine,108.6442,99.3903,-0.1047,-0.0,0.0,5.6678,109.999 99.9993 0 0,-0.025,False,True,0.1121
1637,follow_sine,108.6498,99.39,-0.101,-0.0,0.0,5.8157,109.999 99.9993 0 0,-0.0249,False,True,0.112
1638,follow_sine,108.6554,99.3897,-0.0965,-0.0,0.0,5.9629,110 100 0 0,-0.0249,False,True,0.1121
1639,follow_sine,108.661,99.3895,-0.0914,-0.0,0.0,6.1097,110 100 0 0,-0.0249,False,True,0.112
1640,follow_sine,108.6666,99.3893,-0.0857,-0.0,0.0,6.2561,110 100 0 0,-0.0249,False,True,0.1119
1641,follow_sine,108.6722,99.389,-0.0798,-0.0,0.0,6.4023,110 100 0 0,-0.0249,False,True,0.1121
1642,follow_sine,108.6778,99.3888,-0.0738,-0.0,0.0,6.5483,110 100 0 0,-0.0249,False,True,0.1119
1643,follow_sine,108.6834,99.3886,-0.0679,-0.0,0.0,6.6942,110 100 0 0,-0.025,False,True,0.1119
1644,follow_sine,108.689,99.3884,-0.0621,-0.0,0.0,6.8402,110 100 0 0,-0.025,False,True,0.1118
1645,follow_sine,108.6946,99.3882,-0.0569,-0.0,0.0,6.9863,110 100 0 0,-0.0251,False,True,0.1118
1646,follow_sine,108.7002,99.388,-0.0522,-0.0,0.0,7.1327,110 100 0 0,-0.0252,False,True,0.1118
1647,follow_sine,108.7057,99.3878,-0.0482,-0.0,0.0,7.2793,110 100 0 0,-0.0252,False,True,0.1118
1648,follow_sine,108.7113,99.3877,-0.045,-0.0,0.0,7.4263,110 100 0 0,-0.0253,False,True,0.1116
1649,follow_sine,108.7169,99.3875,-0.0428,-0.0,0.0,7.5737,110 100 0 0,-0.0253,False,True,0.1114
1650,follow_sine,108.7225,99.3874,-0.0415,-0.0,0.0,7.7216,110 100 0 0,-0.0253,False,True,0.1114
1651,follow_sine,108.728,99.3872,-0.0413,-0.0,0.0,7.8698,110 100 0 0,-0.0253,False,True,0.1113
1652,follow_sine,108.7336,99.3871,-0.0421,-0.0,0.0,8.0185,110 100 0 0,-0.0254,False,True,0.1113
1653,follow_sine,108.7391,99.3869,-0.044,-0.0,0.0,8.1675,110 100 0 0,-0.0254,False,True,0.1111
1654,follow_sine,108.7447,99.3868,-0.0468,-0.0,0.0,8.3168,110 100 0 0,-0.0254,False,True,0.1111
1655,follow_sine,108.7502,99.3867,-0.0505,-0.0,0.0,8.4664,110 100 0 0,-0.0254,False,True,0.111
1656,follow_sine,108.7558,99.3866,-0.0551,-0.0,0.0,8.6161,110 100 0 0,-0.0254,False,True,0.1108
1657,follow_sine,108.7613,99.3865,-0.0602,-0.0,0.0,8.7658,110 100 0 0,-0.0255,False,True,0.1106
1658,follow_sine,108.7668,99.3864,-0.0659,-0.0,0.0,8.9155,110 100 0 0,-0.0255,False,True,0.1106
1659,follow_sine,108.7724,99.3863,-0.0718,-0.0,0.0,9.065,110 100 0 0,-0.0255,False,True,0.1103
1660,follow_sine,108.7779,99.3862,-0.0778,-0.0,0.0,9.2142,110 100 0 0,-0.0255,False,True,0.1103
1661,follow_sine,108.7834,99.3862,-0.0838,-0.0,0.0,9.363,110 100 0 0,-0.0255,False,True,0.1102
1662,follow_sine,108.7889,99.3861,-0.0894,-0.0,0.0,9.5112,110 100 0 0,-0.0255,False,True,0.11
1663,follow_sine,108.7944,99.3861,-0.0947,-0.0,0.0,9.6588,110 100 0 0,-0.0254,False,True,0.1099
1664,follow_sine,108.7999,99.386,-0.0994,-0.0,0.0,9.8057,110 100 0 0,-0.0254,False,True,0.1097
1665,follow_sine,108.8053,99.386,-0.1033,-0.0,0.0,9.9517,110 100 0 0,-0.0253,False,True,0.1096
1666,follow_sine,108.8108,99.386,-0.1064,-0.0,0.0,10.0969,110 100 0 0,-0.0252,False,True,0.1094
1667,follow_sine,108.8163,99.3859,-0.1086,-0.0,0.0,10.2412,110 100 0 0,-0.0251,False,True,0.1093
1668,follow_sine,108.8217,99.3859,-0.1098,-0.0,0.0,10.3846,110 100 0 0,-0.025,False,True,0.1091
1669,follow_sine,108.8272,99.3859,-0.1099,-0.0,0.0,10.5271,110 100 0 0,-0.0249,False,True,0.1089
1670,follow_sine,108.8326,99.3859,-0.109,-0.0,0.0,10.6687,110 100 0 0,-0.0248,False,True,0.1088
1671,follow_sine,108.838,99.3859,-0.1071,-0.0,0.0,10.8094,110 100 0 0,-0.0246,False,True,0.1085
1672,follow_sine,108.8435,99.386,-0.1042,-0.0,0.0,10.9494,110 100 0 0,-0.0246,False,True,0.1085
1673,follow_sine,108.8489,99.386,-0.1004,-0.0,0.0,11.0886,110 100 0 0,-0.0245,False,True,0.1082
1674,follow_sine,108.8543,99.386,-0.0958,-0.0,0.0,11.2272,110 100 0 0,-0.0244,False,True,0.108
1675,follow_sine,108.8597,99.3861,-0.0906,-0.0,0.0,11.3652,110 100 0 0,-0.0244,False,True,0.1079
1676,follow_sine,108.8651,99.3861,-0.085,-0.0,0.0,11.5028,110 100 0 0,-0.0243,False,True,0.1076
1677,follow_sine,108.8704,99.3862,-0.079,-0.0,0.0,11.6401,110 100 0 0,-0.0243,False,True,0.1076
1678,follow_sine,108.8758,99.3862,-0.073,-0.0,0.0,11.7772,110 100 0 0,-0.0243,False,True,0.1073
1679,follow_sine,108.8811,99.3863,-0.0671,-0.0,0.0,11.9142,110 100 0 0,-0.0243,False,True,0.107
1680,follow_sine,108.8865,99.3864,-0.0614,-0.0,0.0,12.0512,110 100 0 0,-0.0244,False,True,0.107
1681,follow_sine,108.8918,99.3865,-0.0562,-0.0,0.0,12.1882,110 100 0 0,-0.0244,False,True,0.1067
1682,follow_sine,108.8971,99.3866,-0.0516,-0.0,0.0,12.3255,110 100 0 0,-0.0244,False,True,0.1065
1683,follow_sine,108.9025,99.3867,-0.0477,-0.0,0.0,12.463,110 100 0 0,-0.0244,False,True,0.1062
1684,follow_sine,108.9078,99.3868,-0.0446,-0.0,0.0,12.6008,110 100 0 0,-0.0244,False,True,0.1061
1685,follow_sine,108.9131,99.3869,-0.0425,-0.0,0.0,12.739,110 100 0 0,-0.0244,False,True,0.1059
1686,follow_sine,108.9183,99.387,-0.0414,-0.0,0.0,12.8776,110 100 0 0,-0.0244,False,True,0.1056
1687,follow_sine,108.9236,99.3871,-0.0413,-0.0,0.0,13.0165,110 100 0 0,-0.0244,False,True,0.1055
1688,follow_sine,108.9289,99.3873,-0.0423,-0.0,0.0,13.1558,110 100 0 0,-0.0244,False,True,0.1052
1689,follow_sine,108.9341,99.3874,-0.0443,-0.0,0.0,13.2955,110 100 0 0,-0.0244,False,True,0.105
1690,follow_sine,108.9394,99.3876,-0.0472,-0.0,0.0,13.4354,110 100 0 0,-0.0244,False,True,0.1049
1691,follow_sine,108.9446,99.3877,-0.0511,-0.0,0.0,13.5756,110 100 0 0,-0.0244,False,True,0.1046
1692,follow_sine,108.9498,99.3879,-0.0557,-0.0,0.0,13.7159,110 100 0 0,-0.0244,False,True,0.1043
1693,follow_sine,108.955,99.3881,-0.061,-0.0,0.0,13.8563,110 100 0 0,-0.0244,False,True,0.1041
1694,follow_sine,108.9602,99.3883,-0.0666,-0.0,0.0,13.9966,110 100 0 0,-0.0244,False,True,0.104
1695,follow_sine,108.9654,99.3885,-0.0726,-0.0,0.0,14.1368,110 100 0 0,-0.0244,False,True,0.1037
1696,follow_sine,108.9705,99.3887,-0.0786,-0.0,0.0,14.2767,110 100 0 0,-0.0244,False,True,0.1035
1697,follow_sine,108.9757,99.3889,-0.0845,-0.0,0.0,14.4163,110 100 0 0,-0.0244,False,True,0.1032
1698,follow_sine,108.9808,99.3891,-0.0902,-0.0,0.0,14.5554,110 100 0 0,-0.0243,False,True,0.1029
1699,follow_sine,108.986,99.3893,-0.0953,-0.0,0.0,14.6939,110 100 0 0,-0.0243,False,True,0.1028
1700,follow_sine,108.9911,99.3895,-0.0999,-0.0,0.0,14.8318,110 100 0 0,-0.0242,False,True,0.1025
1701,follow_sine,108.9962,99.3897,-0.1038,-0.0,0.0,14.969,110 100 0 0,-0.0241,False,True,0.1023
1702,follow_sine,109.0013,99.39,-0.1068,-0.0,0.0,15.1055,110 100 0 0,-0.024,False,True,0.1022
1703,follow_sine,109.0064,99.3902,-0.1088,-0.0,0.0,15.2411,110 100 0 0,-0.0239,False,True,0.1017
1704,follow_sine,109.0115,99.3905,-0.1099,-0.0,0.0,15.376,110 100 0 0,-0.0238,False,True,0.1017
1705,follow_sine,109.0165,99.3907,-0.1099,-0.0,0.0,15.5101,110 100 0 0,-0.0237,False,True,0.1013
1706,follow_sine,109.0216,99.391,-0.1089,-0.0,0.0,15.6435,110 100 0 0,-0.0235,False,True,0.1012
1707,follow_sine,109.0266,99.3913,-0.1068,-0.0,0.0,15.7761,110 100 0 0,-0.0234,False,True,0.1008
1708,follow_sine,109.0316,99.3915,-0.1038,-0.0,0.0,15.9081,110 100 0 0,-0.0233,False,True,0.1007
1709,follow_sine,109.0367,99.3918,-0.0999,-0.0,0.0,16.0394,110 100 0 0,-0.0232,False,True,0.1004
1710,follow_sine,109.0417,99.3921,-0.0952,-0.0,0.0,16.1703,110 100 0 0,-0.0232,False,True,0.1003
1711,follow_sine,109.0467,99.3924,-0.0899,-0.0,0.0,16.3008,110 100 0 0,-0.0231,False,True,0.1
1712,follow_sine,109.0516,99.3927,-0.0842,-0.0,0.0,16.4309,110 100 0 0,-0.0231,False,True,0.0997
1713,follow_sine,109.0566,99.393,-0.0783,-0.0,0.0,16.5609,110 100 0 0,-0.0231,False,True,0.0994
1714,follow_sine,109.0615,99.3933,-0.0722,-0.0,0.0,16.6908,110 100 0 0,-0.0231,False,True,0.0992
1715,follow_sine,109.0665,99.3936,-0.0663,-0.0,0.0,16.8206,110 100 0 0,-0.0231,False,True,0.0991
1716,follow_sine,109.0714,99.394,-0.0607,-0.0,0.0,16.9506,110 100 0 0,-0.0231,False,True,0.0986
1717,follow_sine,109.0763,99.3943,-0.0556,-0.0,0.0,17.0808,110 100 0 0,-0.0231,False,True,0.0985
1718,follow_sine,109.0812,99.3946,-0.051,-0.0,0.0,17.2112,110 100 0 0,-0.0231,False,True,0.0984
1719,follow_sine,109.0861,99.395,-0.0472,-0.0,0.0,17.342,110 100 0 0,-0.0231,False,True,0.098
1720,follow_sine,109.091,99.3953,-0.0443,-0.0,0.0,17.4732,110 100 0 0,-0.0231,False,True,0.0978
1721,follow_sine,109.0958,99.3957,-0.0423,-0.0,0.0,17.6049,110 100 0 0,-0.0231,False,True,0.0975
1722,follow_sine,109.1007,99.396,-0.0413,-0.0,0.0,17.737,110 100 0 0,-0.0231,False,True,0.0973
1723,follow_sine,109.1055,99.3964,-0.0414,-0.0,0.0,17.8695,110 100 0 0,-0.0231,False,True,0.097
1724,follow_sine,109.1104,99.3968,-0.0425,-0.0,0.0,18.0026,110 100 0 0,-0.0231,False,True,0.0967
1725,follow_sine,109.1152,99.3971,-0.0446,-0.0,0.0,18.136,110 100 0 0,-0.0231,False,True,0.0966
1726,follow_sine,109.12,99.3975,-0.0477,-0.0,0.0,18.2699,110 100 0 0,-0.0231,False,True,0.0963
1727,follow_sine,109.1248,99.3979,-0.0517,-0.0,0.0,18.404,110 100 0 0,-0.0231,False,True,0.096
1728,follow_sine,109.1295,99.3983,-0.0564,-0.0,0.0,18.5384,110 100 0 0,-0.0231,False,True,0.0958
1729,follow_sine,109.1343,99.3987,-0.0617,-0.0,0.0,18.673,110 100 0 0,-0.0231,False,True,0.0955
1730,follow_sine,109.139,99.3991,-0.0674,-0.0,0.0,18.8076,110 100 0 0,-0.0231,False,True,0.0952
1731,follow_sine,109.1438,99.3995,-0.0734,-0.0,0.0,18.9421,110 100 0 0,-0.0231,False,True,0.095
1732,follow_sine,109.1485,99.3999,-0.0794,-0.0,0.0,19.0765,110 100 0 0,-0.0231,False,True,0.0948
1733,follow_sine,109.1532,99.4003,-0.0853,-0.0,0.0,19.2107,110 100 0 0,-0.023,False,True,0.0945
1734,follow_sine,109.1579,99.4008,-0.0909,-0.0,0.0,19.3445,110 100 0 0,-0.023,False,True,0.0944
1735,follow_sine,109.1626,99.4012,-0.096,-0.0,0.0,19.4779,110 100 0 0,-0.0229,False,True,0.0939
1736,follow_sine,109.1673,99.4016,-0.1005,-0.0,0.0,19.6108,110 100 0 0,-0.0229,False,True,0.0939
1737,follow_sine,109.1719,99.4021,-0.1042,-0.0,0.0,19.7432,110 100 0 0,-0.0228,False,True,0.0935
1738,follow_sine,109.1766,99.4025,-0.1071,-0.0,0.0,19.8749,110 100 0 0,-0.0227,False,True,0.0933
1739,follow_sine,109.1812,99.4029,-0.109,-0.0,0.0,20.006,110 100 0 0,-0.0226,False,True,0.0929
1740,follow_sine,109.1858,99.4034,-0.1099,-0.0,0.0,20.1364,110 100 0 0,-0.0225,False,True,0.0929
1741,follow_sine,109.1904,99.4039,-0.1098,-0.0,0.0,20.2663,110 100 0 0,-0.0223,False,True,0.0924
1742,follow_sine,109.195,99.4043,-0.1086,-0.0,0.0,20.3955,110 100 0 0,-0.0222,False,True,0.0923
1743,follow_sine,109.1996,99.4048,-0.1065,-0.0,0.0,20.5241,110 100 0 0,-0.0221,False,True,0.092
1744,follow_sine,109.2041,99.4053,-0.1033,-0.0,0.0,20.6522,110 100 0 0,-0.022,False,True,0.0919
1745,follow_sine,109.2087,99.4057,-0.0993,-0.0,0.0,20.7799,110 100 0 0,-0.0219,False,True,0.0914
1746,follow_sine,109.2132,99.4062,-0.0945,-0.0,0.0,20.9073,110 100 0 0,-0.0219,False,True,0.0913
1747,follow_sine,109.2178,99.4067,-0.0892,-0.0,0.0,21.0344,110 100 0 0,-0.0218,False,True,0.0911
1748,follow_sine,109.2223,99.4072,-0.0834,-0.0,0.0,21.1613,110 100 0 0,-0.0218,False,True,0.0907
1749,follow_sine,109.2268,99.4077,-0.0775,-0.0,0.0,21.2881,110 100 0 0,-0.0218,False,True,0.0906
1750,follow_sine,109.2313,99.4081,-0.0714,-0.0,0.0,21.415,110 100 0 0,-0.0218,False,True,0.0904
1751,follow_sine,109.2357,99.4086,-0.0656,-0.0,0.0,21.542,110 100 0 0,-0.0218,False,True,0.09
1752,follow_sine,109.2402,99.4091,-0.06,-0.0,0.0,21.6693,110 100 0 0,-0.0218,False,True,0.0898
1753,follow_sine,109.2446,99.4096,-0.0549,-0.0,0.0,21.7969,110 100 0 0,-0.0218,False,True,0.0895
1754,follow_sine,109.2491,99.4102,-0.0505,-0.0,0.0,21.9249,110 100 0 0,-0.0219,False,True,0.0892
1755,follow_sine,109.2535,99.4107,-0.0468,-0.0,0.0,22.0534,110 100 0 0,-0.0219,False,True,0.0891
1756,follow_sine,109.2579,99.4112,-0.044,-0.0,0.0,22.1824,110 100 0 0,-0.0219,False,True,0.0888
1757,follow_sine,109.2623,99.4117,-0.0421,-0.0,0.0,22.312,110 100 0 0,-0.0219,False,True,0.0887
1758,follow_sine,109.2667,99.4122,-0.0413,-0.0,0.0,22.4421,110 100 0 0,-0.0219,False,True,0.0882
1759,follow_sine,109.2711,99.4128,-0.0415,-0.0,0.0,22.5728,110 100 0 0,-0.0219,False,True,0.0881
1760,follow_sine,109.2754,99.4133,-0.0427,-0.0,0.0,22.7041,110 100 0 0,-0.0219,False,True,0.0879
1761,follow_sine,109.2798,99.4138,-0.045,-0.0,0.0,22.8359,110 100 0 0,-0.0219,False,True,0.0875
1762,follow_sine,109.2841,99.4143,-0.0482,-0.0,0.0,22.9683,110 100 0 0,-0.0219,False,True,0.0873
1763,follow_sine,109.2884,99.4149,-0.0522,-0.0,0.0,23.101,110 100 0 0,-0.0219,False,True,0.087
1764,follow_sine,109.2927,99.4154,-0.057,-0.0,0.0,23.2341,110 100 0 0,-0.0219,False,True,0.0869
1765,follow_sine,109.297,99.416,-0.0624,-0.0,0.0,23.3675,110 100 0 0,-0.0219,False,True,0.0866
1766,follow_sine,109.3013,99.4165,-0.0682,-0.0,0.0,23.5011,110 100 0 0,-0.0219,False,True,0.0863
1767,follow_sine,109.3056,99.4171,-0.0742,-0.0,0.0,23.6347,110 100 0 0,-0.0219,False,True,0.086
1768,follow_sine,109.3098,99.4176,-0.0802,-0.0,0.0,23.7682,110 100 0 0,-0.0219,False,True,0.0859
1769,follow_sine,109.3141,99.4182,-0.086,-0.0,0.0,23.9017,110 100 0 0,-0.0218,False,True,0.0856
1770,follow_sine,109.3183,99.4187,-0.0916,-0.0,0.0,24.0349,110 100 0 0,-0.0218,False,True,0.0854
1771,follow_sine,109.3225,99.4193,-0.0966,-0.0,0.0,24.1678,110 100 0 0,-0.0218,False,True,0.0851
1772,follow_sine,109.3267,99.4199,-0.101,-0.0,0.0,24.3004,110 100 0 0,-0.0217,False,True,0.0849
1773,follow_sine,109.3309,99.4204,-0.1046,-0.0,0.0,24.4325,110 100 0 0,-0.0216,False,True,0.0845
1774,follow_sine,109.3351,99.421,-0.1074,-0.0,0.0,24.5641,110 100 0 0,-0.0215,False,True,0.0844
1775,follow_sine,109.3393,99.4216,-0.1092,-0.0,0.0,24.6952,110 100 0 0,-0.0214,False,True,0.0841
1776,follow_sine,109.3434,99.4222,-0.11,-0.0,0.0,24.8257,110 100 0 0,-0.0213,False,True,0.0839
1777,follow_sine,109.3476,99.4227,-0.1097,-0.0,0.0,24.9558,110 100 0 0,-0.0212,False,True,0.0837
1778,follow_sine,109.3517,99.4233,-0.1084,-0.0,0.0,25.0854,110 100 0 0,-0.0211,False,True,0.0834
1779,follow_sine,109.3558,99.4239,-0.1061,-0.0,0.0,25.2146,110 100 0 0,-0.021,False,True,0.0831
1780,follow_sine,109.3599,99.4245,-0.1028,-0.0,0.0,25.3434,110 100 0 0,-0.0209,False,True,0.0829
1781,follow_sine,109.364,99.4251,-0.0987,-0.0,0.0,25.4718,110 100 0 0,-0.0209,False,True,0.0828
1782,follow_sine,109.3681,99.4257,-0.0939,-0.0,0.0,25.6001,110 100 0 0,-0.0208,False,True,0.0823
1783,follow_sine,109.3721,99.4263,-0.0885,-0.0,0.0,25.7282,110 100 0 0,-0.0207,False,True,0.0822
1784,follow_sine,109.3762,99.4269,-0.0827,-0.0,0.0,25.8563,110 100 0 0,-0.0207,False,True,0.082
1785,follow_sine,109.3802,99.4275,-0.0767,-0.0,0.0,25.9845,110 100 0 0,-0.0207,False,True,0.0816
1786,follow_sine,109.3843,99.4281,-0.0707,-0.0,0.0,26.1129,110 100 0 0,-0.0207,False,True,0.0815
1787,follow_sine,109.3883,99.4287,-0.0648,-0.0,0.0,26.2415,110 100 0 0,-0.0208,False,True,0.0813
1788,follow_sine,109.3923,99.4293,-0.0593,-0.0,0.0,26.3706,110 100 0 0,-0.0208,False,True,0.081
1789,follow_sine,109.3963,99.4299,-0.0543,-0.0,0.0,26.5001,110 100 0 0,-0.0208,False,True,0.0807
1790,follow_sine,109.4003,99.4305,-0.05,-0.0,0.0,26.6301,110 100 0 0,-0.0208,False,True,0.0806
1791,follow_sine,109.4042,99.4311,-0.0464,-0.0,0.0,26.7608,110 100 0 0,-0.0208,False,True,0.0803
1792,follow_sine,109.4082,99.4317,-0.0437,-0.0,0.0,26.8921,110 100 0 0,-0.0209,False,True,0.08
1793,follow_sine,109.4121,99.4323,-0.042,-0.0,0.0,27.0241,110 100 0 0,-0.0209,False,True,0.0799
1794,follow_sine,109.4161,99.4329,-0.0412,-0.0,0.0,27.1568,110 100 0 0,-0.0209,False,True,0.0795
1795,follow_sine,109.42,99.4335,-0.0416,-0.0,0.0,27.2903,110 100 0 0,-0.0209,False,True,0.0794
1796,follow_sine,109.4239,99.4342,-0.0429,-0.0,0.0,27.4244,110 100 0 0,-0.0209,False,True,0.0791
1797,follow_sine,109.4278,99.4348,-0.0453,-0.0,0.0,27.5593,110 100 0 0,-0.0209,False,True,0.0788
1798,follow_sine,109.4317,99.4354,-0.0487,-0.0,0.0,27.6947,110 100 0 0,-0.0209,False,True,0.0786
1799,follow_sine,109.4355,99.436,-0.0528,-0.0,0.0,27.8307,110 100 0 0,-0.0209,False,True,0.0783
1800,follow_sine,109.4394,99.4366,-0.0577,-0.0,0.0,27.9672,110 100 0 0,-0.0209,False,True,0.0782
1801,follow_sine,109.4432,99.4373,-0.0632,-0.0,0.0,28.1041,110 100 0 0,-0.0209,False,True,0.0779
1802,follow_sine,109.4471,99.4379,-0.069,-0.0,0.0,28.2412,110 100 0 0,-0.0209,False,True,0.0776
1803,follow_sine,109.4509,99.4385,-0.075,-0.0,0.0,28.3785,110 100 0 0,-0.021,False,True,0.0775
1804,follow_sine,109.4547,99.4391,-0.081,-0.0,0.0,28.5159,110 100 0 0,-0.021,False,True,0.0773
1805,follow_sine,109.4585,99.4398,-0.0868,-0.0,0.0,28.6533,110 100 0 0,-0.0209,False,True,0.0769
1806,follow_sine,109.4623,99.4404,-0.0923,-0.0,0.0,28.7906,110 100 0 0,-0.0209,False,True,0.0769
1807,follow_sine,109.4661,99.441,-0.0972,-0.0,0.0,28.9276,110 100 0 0,-0.0209,False,True,0.0764
1808,follow_sine,109.4698,99.4417,-0.1015,-0.0,0.0,29.0644,110 100 0 0,-0.0208,False,True,0.0763
1809,follow_sine,109.4736,99.4423,-0.105,-0.0,0.0,29.2008,110 100 0 0,-0.0208,False,True,0.0761
1810,follow_sine,109.4773,99.4429,-0.1077,-0.0,0.0,29.3369,110 100 0 0,-0.0207,False,True,0.0759
1811,follow_sine,109.481,99.4436,-0.1093,-0.0,0.0,29.4725,110 100 0 0,-0.0206,False,True,0.0757
1812,follow_sine,109.4847,99.4442,-0.11,-0.0,0.0,29.6077,110 100 0 0,-0.0204,False,True,0.0753
1813,follow_sine,109.4885,99.4449,-0.1096,-0.0,0.0,29.7426,110 100 0 0,-0.0204,False,True,0.0753
1814,follow_sine,109.4921,99.4455,-0.1082,-0.0,0.0,29.877,110 100 0 0,-0.0203,False,True,0.075
1815,follow_sine,109.4958,99.4461,-0.1057,-0.0,0.0,30.0112,110 100 0 0,-0.0202,False,True,0.0747
1816,follow_sine,109.4995,99.4468,-0.1023,-0.0,0.0,30.145,110 100 0 0,-0.0201,False,True,0.0745
1817,follow_sine,109.5032,99.4474,-0.0981,-0.0,0.0,30.2787,110 100 0 0,-0.02,False,True,0.0742
1818,follow_sine,109.5068,99.4481,-0.0932,-0.0,0.0,30.4123,110 100 0 0,-0.02,False,True,0.0741
1819,follow_sine,109.5104,99.4487,-0.0877,-0.0,0.0,30.5459,110 100 0 0,-0.02,False,True,0.0739
1820,follow_sine,109.5141,99.4494,-0.0819,-0.0,0.0,30.6796,110 100 0 0,-0.02,False,True,0.0735
1821,follow_sine,109.5177,99.45,-0.0759,-0.0,0.0,30.8135,110 100 0 0,-0.02,False,True,0.0735
1822,follow_sine,109.5213,99.4507,-0.0699,-0.0,0.0,30.9478,110 100 0 0,-0.02,False,True,0.0732
1823,follow_sine,109.5249,99.4513,-0.0641,-0.0,0.0,31.0825,110 100 0 0,-0.02,False,True,0.0729
1824,follow_sine,109.5284,99.4519,-0.0586,-0.0,0.0,31.2177,110 100 0 0,-0.0201,False,True,0.0727
1825,follow_sine,109.532,99.4526,-0.0537,-0.0,0.0,31.3535,110 100 0 0,-0.0201,False,True,0.0724
1826,follow_sine,109.5356,99.4532,-0.0494,-0.0,0.0,31.49,110 100 0 0,-0.0201,False,True,0.0723
1827,follow_sine,109.5391,99.4539,-0.046,-0.0,0.0,31.6273,110 100 0 0,-0.0202,False,True,0.0721
1828,follow_sine,109.5426,99.4545,-0.0434,-0.0,0.0,31.7654,110 100 0 0,-0.0202,False,True,0.0718
1829,follow_sine,109.5462,99.4552,-0.0418,-0.0,0.0,31.9044,110 100 0 0,-0.0202,False,True,0.0715
1830,follow_sine,109.5497,99.4558,-0.0412,-0.0,0.0,32.0443,110 100 0 0,-0.0202,False,True,0.0714
1831,follow_sine,109.5532,99.4565,-0.0417,-0.0,0.0,32.185,110 100 0 0,-0.0203,False,True,0.0713
1832,follow_sine,109.5566,99.4571,-0.0432,-0.0,0.0,32.3266,110 100 0 0,-0.0203,False,True,0.0709
1833,follow_sine,109.5601,99.4578,-0.0457,-0.0,0.0,32.469,110 100 0 0,-0.0203,False,True,0.0706
1834,follow_sine,109.5636,99.4584,-0.0492,-0.0,0.0,32.6122,110 100 0 0,-0.0203,False,True,0.0706
1835,follow_sine,109.567,99.4591,-0.0534,-0.0,0.0,32.756,110 100 0 0,-0.0204,False,True,0.0704
1836,follow_sine,109.5705,99.4597,-0.0584,-0.0,0.0,32.9005,110 100 0 0,-0.0204,False,True,0.07
1837,follow_sine,109.5739,99.4604,-0.0639,-0.0,0.0,33.0455,110 100 0 0,-0.0204,False,True,0.0699
1838,follow_sine,109.5773,99.461,-0.0697,-0.0,0.0,33.1908,110 100 0 0,-0.0204,False,True,0.0696
1839,follow_sine,109.5808,99.4617,-0.0758,-0.0,0.0,33.3365,110 100 0 0,-0.0204,False,True,0.0696
1840,follow_sine,109.5842,99.4624,-0.0817,-0.0,0.0,33.4823,110 100 0 0,-0.0204,False,True,0.0692
1841,follow_sine,109.5875,99.463,-0.0875,-0.0,0.0,33.6282,110 100 0 0,-0.0204,False,True,0.069
1842,follow_sine,109.5909,99.4637,-0.093,-0.0,0.0,33.7741,110 100 0 0,-0.0204,False,True,0.0689
1843,follow_sine,109.5943,99.4643,-0.0978,-0.0,0.0,33.9199,110 100 0 0,-0.0204,False,True,0.0687
1844,follow_sine,109.5976,99.465,-0.102,-0.0,0.0,34.0654,110 100 0 0,-0.0203,False,True,0.0684
1845,follow_sine,109.601,99.4656,-0.1054,-0.0,0.0,34.2107,110 100 0 0,-0.0203,False,True,0.0683
1846,follow_sine,109.6043,99.4663,-0.108,-0.0,0.0,34.3557,110 100 0 0,-0.0202,False,True,0.068
1847,follow_sine,109.6077,99.4669,-0.1095,-0.0,0.0,34.5004,110 100 0 0,-0.0201,False,True,0.0678
1848,follow_sine,109.611,99.4676,-0.11,-0.0,0.0,34.6447,110 100 0 0,-0.02,False,True,0.0675
1849,follow_sine,109.6143,99.4682,-0.1095,-0.0,0.0,34.7887,110 100 0 0,-0.0199,False,True,0.0674
1850,follow_sine,109.6176,99.4689,-0.1079,-0.0,0.0,34.9325,110 100 0 0,-0.0198,False,True,0.0672
1851,follow_sine,109.6209,99.4695,-0.1053,-0.0,0.0,35.076,110 100 0 0,-0.0197,False,True,0.067
1852,follow_sine,109.6241,99.4702,-0.1018,-0.0,0.0,35.2193,110 100 0 0,-0.0197,False,True,0.0668
1853,follow_sine,109.6274,99.4709,-0.0975,-0.0,0.0,35.3626,110 100 0 0,-0.0196,False,True,0.0666
1854,follow_sine,109.6306,99.4715,-0.0925,-0.0,0.0,35.5059,110 100 0 0,-0.0196,False,True,0.0663
1855,follow_sine,109.6339,99.4722,-0.087,-0.0,0.0,35.6493,110 100 0 0,-0.0196,False,True,0.0662
1856,follow_sine,109.6371,99.4728,-0.0811,-0.0,0.0,35.7929,110 100 0 0,-0.0196,False,True,0.066
1857,follow_sine,109.6403,99.4735,-0.0751,-0.0,0.0,35.9369,110 100 0 0,-0.0196,False,True,0.0657
1858,follow_sine,109.6436,99.4741,-0.0691,-0.0,0.0,36.0814,110 100 0 0,-0.0196,False,True,0.0656
1859,follow_sine,109.6468,99.4748,-0.0633,-0.0,0.0,36.2264,110 100 0 0,-0.0197,False,True,0.0654
1860,follow_sine,109.6499,99.4754,-0.0579,-0.0,0.0,36.3722,110 100 0 0,-0.0197,False,True,0.0651
1861,follow_sine,109.6531,99.4761,-0.0531,-0.0,0.0,36.5187,110 100 0 0,-0.0198,False,True,0.0649
1862,follow_sine,109.6563,99.4767,-0.0489,-0.0,0.0,36.6661,110 100 0 0,-0.0198,False,True,0.0648
1863,follow_sine,109.6595,99.4774,-0.0456,-0.0,0.0,36.8144,110 100 0 0,-0.0199,False,True,0.0646
1864,follow_sine,109.6626,99.478,-0.0431,-0.0,0.0,36.9637,110 100 0 0,-0.0199,False,True,0.0643
1865,follow_sine,109.6658,99.4787,-0.0417,-0.0,0.0,37.1141,110 100 0 0,-0.02,False,True,0.0642
1866,follow_sine,109.6689,99.4793,-0.0412,-0.0,0.0,37.2655,110 100 0 0,-0.02,False,True,0.0639
1867,follow_sine,109.672,99.48,-0.0418,-0.0,0.0,37.418,110 100 0 0,-0.02,False,True,0.0637
1868,follow_sine,109.6751,99.4806,-0.0435,-0.0,0.0,37.5715,110 100 0 0,-0.0201,False,True,0.0637
1869,follow_sine,109.6782,99.4813,-0.0461,-0.0,0.0,37.7259,110 100 0 0,-0.0201,False,True,0.0633
1870,follow_sine,109.6813,99.4819,-0.0497,-0.0,0.0,37.8813,110 100 0 0,-0.0201,False,True,0.0633
1871,follow_sine,109.6844,99.4826,-0.0541,-0.0,0.0,38.0375,110 100 0 0,-0.0202,False,True,0.063
1872,follow_sine,109.6875,99.4832,-0.0591,-0.0,0.0,38.1944,110 100 0 0,-0.0202,False,True,0.0628
1873,follow_sine,109.6906,99.4839,-0.0646,-0.0,0.0,38.352,110 100 0 0,-0.0202,False,True,0.0627
1874,follow_sine,109.6936,99.4845,-0.0705,-0.0,0.0,38.5101,110 100 0 0,-0.0203,False,True,0.0624
1875,follow_sine,109.6966,99.4852,-0.0765,-0.0,0.0,38.6686,110 100 0 0,-0.0203,False,True,0.0622
1876,follow_sine,109.6997,99.4858,-0.0825,-0.0,0.0,38.8273,110 100 0 0,-0.0203,False,True,0.0621
1877,follow_sine,109.7027,99.4865,-0.0883,-0.0,0.0,38.9862,110 100 0 0,-0.0203,False,True,0.0619
1878,follow_sine,109.7057,99.4871,-0.0936,-0.0,0.0,39.1451,110 100 0 0,-0.0203,False,True,0.0617
1879,follow_sine,109.7087,99.4878,-0.0984,-0.0,0.0,39.3039,110 100 0 0,-0.0203,False,True,0.0617
1880,follow_sine,109.7117,99.4884,-0.1025,-0.0,0.0,39.4626,110 100 0 0,-0.0202,False,True,0.0613
1881,follow_sine,109.7147,99.489,-0.1058,-0.0,0.0,39.6211,110 100 0 0,-0.0202,False,True,0.0612
1882,follow_sine,109.7177,99.4897,-0.1082,-0.0,0.0,39.7794,110 100 0 0,-0.0201,False,True,0.0609
1883,follow_sine,109.7207,99.4903,-0.1096,-0.0,0.0,39.9373,110 100 0 0,-0.02,False,True,0.0609
1884,follow_sine,109.7236,99.491,-0.11,-0.0,0.0,40.095,110 100 0 0,-0.0199,False,True,0.0606
1885,follow_sine,109.7266,99.4916,-0.1093,-0.0,0.0,40.2524,110 100 0 0,-0.0198,False,True,0.0605
1886,follow_sine,109.7295,99.4923,-0.1076,-0.0,0.0,40.4096,110 100 0 0,-0.0198,False,True,0.0603
1887,follow_sine,109.7325,99.4929,-0.1049,-0.0,0.0,40.5666,110 100 0 0,-0.0197,False,True,0.0601
1888,follow_sine,109.7354,99.4935,-0.1013,-0.0,0.0,40.7235,110 100 0 0,-0.0196,False,True,0.0598
1889,follow_sine,109.7383,99.4942,-0.0969,-0.0,0.0,40.8805,110 100 0 0,-0.0196,False,True,0.0597
1890,follow_sine,109.7412,99.4948,-0.0918,-0.0,0.0,41.0375,110 100 0 0,-0.0196,False,True,0.0595
1891,follow_sine,109.7441,99.4955,-0.0862,-0.0,0.0,41.1948,110 100 0 0,-0.0196,False,True,0.0594
1892,follow_sine,109.747,99.4961,-0.0803,-0.0,0.0,41.3524,110 100 0 0,-0.0196,False,True,0.0592
1893,follow_sine,109.7499,99.4967,-0.0743,-0.0,0.0,41.5105,110 100 0 0,-0.0196,False,True,0.0591
1894,follow_sine,109.7528,99.4974,-0.0683,-0.0,0.0,41.6693,110 100 0 0,-0.0197,False,True,0.0589
1895,follow_sine,109.7556,99.498,-0.0626,-0.0,0.0,41.8287,110 100 0 0,-0.0197,False,True,0.0586
1896,follow_sine,109.7585,99.4987,-0.0573,-0.0,0.0,41.989,110 100 0 0,-0.0198,False,True,0.0585
1897,follow_sine,109.7613,99.4993,-0.0525,-0.0,0.0,42.1502,110 100 0 0,-0.0199,False,True,0.0583
1898,follow_sine,109.7642,99.4999,-0.0485,-0.0,0.0,42.3125,110 100 0 0,-0.0199,False,True,0.0582
1899,follow_sine,109.767,99.5006,-0.0452,-0.0,0.0,42.4759,110 100 0 0,-0.02,False,True,0.058
1900,follow_sine,109.7698,99.5012,-0.0429,-0.0,0.0,42.6405,110 100 0 0,-0.02,False,True,0.0579
1901,follow_sine,109.7726,99.5018,-0.0416,-0.0,0.0,42.8063,110 100 0 0,-0.0201,False,True,0.0577
1902,follow_sine,109.7754,99.5025,-0.0413,-0.0,0.0,42.9733,110 100 0 0,-0.0201,False,True,0.0574
1903,follow_sine,109.7782,99.5031,-0.042,-0.0,0.0,43.1415,110 100 0 0,-0.0202,False,True,0.0574
1904,follow_sine,109.781,99.5037,-0.0438,-0.0,0.0,43.3109,110 100 0 0,-0.0202,False,True,0.0571
1905,follow_sine,109.7838,99.5044,-0.0465,-0.0,0.0,43.4814,110 100 0 0,-0.0203,False,True,0.057
1906,follow_sine,109.7866,99.505,-0.0502,-0.0,0.0,43.653,110 100 0 0,-0.0204,False,True,0.0569
1907,follow_sine,109.7893,99.5056,-0.0547,-0.0,0.0,43.8256,110 100 0 0,-0.0204,False,True,0.0567
1908,follow_sine,109.7921,99.5063,-0.0598,-0.0,0.0,43.999,110 100 0 0,-0.0204,False,True,0.0565
1909,follow_sine,109.7948,99.5069,-0.0654,-0.0,0.0,44.1731,110 100 0 0,-0.0205,False,True,0.0563
1910,follow_sine,109.7976,99.5075,-0.0713,-0.0,0.0,44.3479,110 100 0 0,-0.0205,False,True,0.0562
1911,follow_sine,109.8003,99.5081,-0.0773,-0.0,0.0,44.5231,110 100 0 0,-0.0206,False,True,0.056
1912,follow_sine,109.803,99.5088,-0.0833,-0.0,0.0,44.6986,110 100 0 0,-0.0206,False,True,0.0557
1913,follow_sine,109.8057,99.5094,-0.089,-0.0,0.0,44.8743,110 100 0 0,-0.0206,False,True,0.0558
1914,follow_sine,109.8084,99.51,-0.0943,-0.0,0.0,45.05,110 100 0 0,-0.0206,False,True,0.0556
1915,follow_sine,109.8111,99.5107,-0.099,-0.0,0.0,45.2257,110 100 0 0,-0.0205,False,True,0.0554
1916,follow_sine,109.8138,99.5113,-0.103,-0.0,0.0,45.4013,110 100 0 0,-0.0205,False,True,0.0551
1917,follow_sine,109.8165,99.5119,-0.1062,-0.0,0.0,45.5767,110 100 0 0,-0.0204,False,True,0.0551
1918,follow_sine,109.8192,99.5125,-0.1085,-0.0,0.0,45.7518,110 100 0 0,-0.0204,False,True,0.0549
1919,follow_sine,109.8219,99.5132,-0.1097,-0.0,0.0,45.9267,110 100 0 0,-0.0203,False,True,0.0549
1920,follow_sine,109.8245,99.5138,-0.11,-0.0,0.0,46.1012,110 100 0 0,-0.0202,False,True,0.0545
1921,follow_sine,109.8272,99.5144,-0.1092,-0.0,0.0,46.2756,110 100 0 0,-0.0201,False,True,0.0546
1922,follow_sine,109.8298,99.515,-0.1073,-0.0,0.0,46.4496,110 100 0 0,-0.0201,False,True,0.0544
1923,follow_sine,109.8325,99.5156,-0.1045,-0.0,0.0,46.6236,110 100 0 0,-0.02,False,True,0.0541
1924,follow_sine,109.8351,99.5163,-0.1007,-0.0,0.0,46.7975,110 100 0 0,-0.02,False,True,0.0541
1925,follow_sine,109.8377,99.5169,-0.0962,-0.0,0.0,46.9714,110 100 0 0,-0.0199,False,True,0.0538
1926,follow_sine,109.8403,99.5175,-0.0911,-0.0,0.0,47.1456,110 100 0 0,-0.0199,False,True,0.0538
1927,follow_sine,109.8429,99.5181,-0.0854,-0.0,0.0,47.32,110 100 0 0,-0.0199,False,True,0.0536
1928,follow_sine,109.8455,99.5187,-0.0795,-0.0,0.0,47.4948,110 100 0 0,-0.02,False,True,0.0533
1929,follow_sine,109.8481,99.5194,-0.0735,-0.0,0.0,47.6703,110 100 0 0,-0.02,False,True,0.0533
1930,follow_sine,109.8507,99.52,-0.0675,-0.0,0.0,47.8464,110 100 0 0,-0.0201,False,True,0.0532
1931,follow_sine,109.8533,99.5206,-0.0619,-0.0,0.0,48.0234,110 100 0 0,-0.0201,False,True,0.0529
1932,follow_sine,109.8558,99.5212,-0.0566,-0.0,0.0,48.2014,110 100 0 0,-0.0202,False,True,0.0529
1933,follow_sine,109.8584,99.5218,-0.0519,-0.0,0.0,48.3805,110 100 0 0,-0.0203,False,True,0.0527
1934,follow_sine,109.861,99.5225,-0.048,-0.0,0.0,48.5608,110 100 0 0,-0.0204,False,True,0.0526
1935,follow_sine,109.8635,99.5231,-0.0449,-0.0,0.0,48.7423,110 100 0 0,-0.0204,False,True,0.0524
1936,follow_sine,109.8661,99.5237,-0.0427,-0.0,0.0,48.9252,110 100 0 0,-0.0205,False,True,0.0523
1937,follow_sine,109.8686,99.5243,-0.0415,-0.0,0.0,49.1095,110 100 0 0,-0.0206,False,True,0.0523
1938,follow_sine,109.8711,99.5249,-0.0413,-0.0,0.0,49.2951,110 100 0 0,-0.0206,False,True,0.052
1939,follow_sine,109.8736,99.5255,-0.0422,-0.0,0.0,49.4821,110 100 0 0,-0.0207,False,True,0.0518
1940,follow_sine,109.8762,99.5261,-0.0441,-0.0,0.0,49.6704,110 100 0 0,-0.0208,False,True,0.0518
1941,follow_sine,109.8787,99.5268,-0.047,-0.0,0.0,49.86,110 100 0 0,-0.0208,False,True,0.0516
1942,follow_sine,109.8812,99.5274,-0.0508,-0.0,0.0,50.0507,110 100 0 0,-0.0209,False,True,0.0515
1943,follow_sine,109.8837,99.528,-0.0553,-0.0,0.0,50.2425,110 100 0 0,-0.021,False,True,0.0514
1944,follow_sine,109.8861,99.5286,-0.0605,-0.0,0.0,50.4352,110 100 0 0,-0.021,False,True,0.0512
1945,follow_sine,109.8886,99.5292,-0.0662,-0.0,0.0,50.6287,110 100 0 0,-0.0211,False,True,0.0511
1946,follow_sine,109.8911,99.5298,-0.0721,-0.0,0.0,50.8228,110 100 0 0,-0.0211,False,True,0.0509
1947,follow_sine,109.8936,99.5304,-0.0781,-0.0,0.0,51.0174,110 100 0 0,-0.0211,False,True,0.0508
1948,follow_sine,109.896,99.531,-0.0841,-0.0,0.0,51.2123,110 100 0 0,-0.0212,False,True,0.0506
1949,follow_sine,109.8985,99.5316,-0.0897,-0.0,0.0,51.4074,110 100 0 0,-0.0212,False,True,0.0506
1950,follow_sine,109.9009,99.5323,-0.095,-0.0,0.0,51.6026,110 100 0 0,-0.0212,False,True,0.0503
1951,follow_sine,109.9034,99.5329,-0.0996,-0.0,0.0,51.7976,110 100 0 0,-0.0211,False,True,0.0503
1952,follow_sine,109.9058,99.5335,-0.1035,-0.0,0.0,51.9925,110 100 0 0,-0.0211,False,True,0.0502
1953,follow_sine,109.9082,99.5341,-0.1066,-0.0,0.0,52.1871,110 100 0 0,-0.021,False,True,0.05
1954,follow_sine,109.9106,99.5347,-0.1087,-0.0,0.0,52.3814,110 100 0 0,-0.021,False,True,0.05
1955,follow_sine,109.913,99.5353,-0.1098,-0.0,0.0,52.5754,110 100 0 0,-0.0209,False,True,0.0497
1956,follow_sine,109.9155,99.5359,-0.1099,-0.0,0.0,52.769,110 100 0 0,-0.0208,False,True,0.0497
1957,follow_sine,109.9179,99.5365,-0.109,-0.0,0.0,52.9624,110 100 0 0,-0.0207,False,True,0.0494
1958,follow_sine,109.9202,99.5371,-0.107,-0.0,0.0,53.1554,110 100 0 0,-0.0207,False,True,0.0494
1959,follow_sine,109.9226,99.5378,-0.104,-0.0,0.0,53.3483,110 100 0 0,-0.0206,False,True,0.0493
1960,follow_sine,109.925,99.5384,-0.1002,-0.0,0.0,53.5411,110 100 0 0,-0.0206,False,True,0.0493
1961,follow_sine,109.9274,99.539,-0.0956,-0.0,0.0,53.7339,110 100 0 0,-0.0205,False,True,0.049
1962,follow_sine,109.9298,99.5396,-0.0904,-0.0,0.0,53.927,110 100 0 0,-0.0206,False,True,0.049
1963,follow_sine,109.9321,99.5402,-0.0847,-0.0,0.0,54.1203,110 100 0 0,-0.0206,False,True,0.0489
1964,follow_sine,109.9345,99.5408,-0.0787,-0.0,0.0,54.3141,110 100 0 0,-0.0206,False,True,0.0487
1965,follow_sine,109.9369,99.5414,-0.0727,-0.0,0.0,54.5086,110 100 0 0,-0.0207,False,True,0.0487
