step,seg,x,y,z,roll,pitch,yaw,action,reward,terminated,truncated,speed_xy
1,oito00,100.0,100.0,0.0,0.0,-0.0,-0.0,102.35 100.79 0 0,0.0,False,False,0.0
2,oito00,100.0001,100.0,-0.0012,-0.0,-0.0,-0.0032,102.35 100.79 0 0,-0.0001,False,False,0.002
3,oito00,100.0004,100.0,-0.0047,-0.0,-0.0,-0.0124,102.35 100.79 0 0,0.0001,False,False,0.0058
4,oito00,100.0009,100.0,-0.0104,-0.0,-0.0,-0.0276,102.35 100.79 0 0,0.0003,False,False,0.0095
5,oito00,100.0015,100.0,-0.0181,-0.0,-0.0,-0.049,102.35 100.79 0 0,0.0004,False,False,0.013
6,oito00,100.0023,100.0,-0.0275,-0.0,-0.0,-0.0765,102.35 100.79 0 0,0.0005,False,False,0.0168
7,oito00,100.0034,100.0,-0.0382,-0.0,-0.0,-0.1102,102.35 100.79 0 0,0.0005,False,False,0.0201
8,oito00,100.0045,100.0,-0.0499,-0.0,-0.0,-0.1501,102.35 100.79 0 0,0.0006,False,False,0.0237
9,oito00,100.0059,100.0,-0.0622,-0.0,-0.0,-0.1963,102.35 100.79 0 0,0.0006,False,False,0.0272
10,oito00,100.0074,100.0,-0.0746,-0.0,-0.0,-0.2488,102.35 100.79 0 0,0.0005,False,False,0.0304
11,oito01,100.0091,100.0,-0.0869,-0.0,-0.0,-0.3077,102.41 100.65 0 0,0.0005,False,False,0.0337
12,oito01,100.0109,100.0,-0.0985,-0.0,-0.0,-0.3724,102.41 100.65 0 0,0.0005,False,False,0.0368
13,oito01,100.0129,100.0,-0.1092,-0.0,-0.0,-0.4425,102.41 100.65 0 0,0.0005,False,False,0.0401
14,oito01,100.0151,100.0,-0.1187,-0.0,-0.0,-0.5179,102.41 100.65 0 0,0.0006,False,False,0.0432
15,oito01,100.0174,100.0,-0.1268,-0.0,-0.0,-0.5988,102.41 100.65 0 0,0.0007,False,False,0.0462
16,oito01,100.0199,99.9999,-0.1332,-0.0,-0.0,-0.6852,102.41 100.65 0 0,0.0008,False,False,0.0493
17,oito01,100.0225,99.9999,-0.1379,-0.0,-0.0,-0.7772,102.41 100.65 0 0,0.0009,False,False,0.0522
18,oito01,100.0252,99.9999,-0.1406,-0.0,-0.0,-0.8748,102.41 100.65 0 0,0.001,False,False,0.0551
19,oito01,100.0281,99.9999,-0.1414,-0.0,-0.0,-0.978,102.41 100.65 0 0,0.0011,False,False,0.0578
20,oito01,100.0312,99.9999,-0.1402,-0.0,-0.0,-1.087,102.41 100.65 0 0,0.0012,False,False,0.0606
21,oito02,100.0343,99.9998,-0.137,-0.0,-0.0,-1.2018,102.45 100.51 0 0,0.0012,False,False,0.0633
22,oito02,100.0376,99.9998,-0.1318,-0.0,-0.0,-1.3219,102.45 100.51 0 0,0.0013,False,False,0.0658
23,oito02,100.041,99.9997,-0.125,-0.0,-0.0,-1.4469,102.45 100.51 0 0,0.0015,False,False,0.0685
24,oito02,100.0446,99.9997,-0.1167,-0.0,-0.0,-1.5767,102.45 100.51 0 0,0.0015,False,False,0.071
25,oito02,100.0483,99.9996,-0.1072,-0.0,-0.0,-1.7116,102.45 100.51 0 0,0.0015,False,False,0.0736
26,oito02,100.0521,99.9996,-0.0969,-0.0,-0.0,-1.8515,102.45 100.51 0 0,0.0015,False,False,0.0758
27,oito02,100.056,99.9995,-0.086,-0.0,-0.0,-1.9965,102.45 100.51 0 0,0.0014,False,False,0.0781
28,oito02,100.06,99.9994,-0.075,-0.0,-0.0,-2.1467,102.45 100.51 0 0,0.0013,False,False,0.0804
29,oito02,100.0641,99.9994,-0.0643,-0.0,-0.0,-2.3022,102.45 100.51 0 0,0.0012,False,False,0.0827
30,oito02,100.0684,99.9993,-0.054,-0.0,-0.0,-2.463,102.45 100.51 0 0,0.0011,False,False,0.0849
31,oito03,100.0727,99.9992,-0.0445,-0.0,-0.0,-2.6293,102.47 100.36 0 0,0.001,False,False,0.0868
32,oito03,100.0772,99.9991,-0.0362,-0.0,-0.0,-2.8004,102.47 100.36 0 0,0.001,False,False,0.0891
33,oito03,100.0817,99.9989,-0.0291,-0.0,-0.0,-2.976,102.47 100.36 0 0,0.0009,False,False,0.091
34,oito03,100.0863,99.9988,-0.0234,-0.0,-0.0,-3.156,102.47 100.36 0 0,0.0009,False,False,0.0928
35,oito03,100.0911,99.9987,-0.0194,-0.0,-0.0,-3.3407,102.47 100.36 0 0,0.0009,False,False,0.095
36,oito03,100.0959,99.9985,-0.0171,-0.0,-0.0,-3.5301,102.47 100.36 0 0,0.0008,False,False,0.0966
37,oito03,100.1008,99.9983,-0.0165,-0.0,-0.0,-3.7242,102.47 100.36 0 0,0.0008,False,False,0.0985
38,oito03,100.1059,99.9982,-0.0178,-0.0,-0.0,-3.9231,102.47 100.36 0 0,0.0008,False,False,0.1002
39,oito03,100.1109,99.998,-0.0208,-0.0,-0.0,-4.1269,102.47 100.36 0 0,0.0007,False,False,0.1018
40,oito03,100.1161,99.9978,-0.0256,-0.0,-0.0,-4.3358,102.47 100.36 0 0,0.0006,False,False,0.1034
41,oito04,100.1214,99.9976,-0.0319,-0.0,-0.0,-4.5498,102.49 100.21 0 0,0.0005,False,False,0.1051
42,oito04,100.1267,99.9973,-0.0395,-0.0,-0.0,-4.7684,102.49 100.21 0 0,0.0005,False,False,0.1068
43,oito04,100.1321,99.9971,-0.0481,-0.0,-0.0,-4.991,102.49 100.21 0 0,0.0003,False,False,0.108
44,oito04,100.1376,99.9968,-0.0575,-0.0,-0.0,-5.2179,102.49 100.21 0 0,0.0002,False,False,0.1097
45,oito04,100.1431,99.9966,-0.0673,-0.0,-0.0,-5.4491,102.49 100.21 0 0,0.0001,False,False,0.1109
46,oito04,100.1487,99.9963,-0.0773,-0.0,-0.0,-5.6846,102.49 100.21 0 0,-0.0,False,False,0.1125
47,oito04,100.1544,99.996,-0.0871,-0.0,-0.0,-5.9246,102.49 100.21 0 0,-0.0003,False,False,0.1135
48,oito04,100.1601,99.9956,-0.0964,-0.0,-0.0,-6.1693,102.49 100.21 0 0,-0.0004,False,False,0.1151
49,oito04,100.1659,99.9953,-0.1049,-0.0,-0.0,-6.4185,102.49 100.21 0 0,-0.0006,False,False,0.1162
50,oito04,100.1718,99.9949,-0.1125,-0.0,-0.0,-6.6726,102.49 100.21 0 0,-0.0007,False,False,0.1174
51,oito05,100.1777,99.9946,-0.1189,-0.0,-0.0,-6.9315,102.5 100.06 0 0,-0.0009,False,False,0.1185
52,oito05,100.1837,99.9942,-0.1239,-0.0,-0.0,-7.1948,102.5 100.06 0 0,-0.0009,False,False,0.1197
53,oito05,100.1897,99.9938,-0.1275,-0.0,-0.0,-7.462,102.5 100.06 0 0,-0.001,False,False,0.1207
54,oito05,100.1958,99.9933,-0.1295,-0.0,-0.0,-7.7332,102.5 100.06 0 0,-0.0011,False,False,0.1219
55,oito05,100.2019,99.9929,-0.1298,-0.0,-0.0,-8.0084,102.5 100.06 0 0,-0.0012,False,False,0.1227
56,oito05,100.2081,99.9924,-0.1285,-0.0,-0.0,-8.2879,102.5 100.06 0 0,-0.0012,False,False,0.124
57,oito05,100.2143,99.9919,-0.1256,-0.0,-0.0,-8.5716,102.5 100.06 0 0,-0.0013,False,False,0.1247
58,oito05,100.2205,99.9914,-0.1211,-0.0,-0.0,-8.8598,102.5 100.06 0 0,-0.0014,False,False,0.1255
59,oito05,100.2269,99.9909,-0.1152,-0.0,-0.0,-9.1524,102.5 100.06 0 0,-0.0016,False,False,0.1266
60,oito05,100.2332,99.9903,-0.1082,-0.0,-0.0,-9.4497,102.5 100.06 0 0,-0.0018,False,False,0.1273
61,oito06,100.2396,99.9897,-0.1001,-0.0,-0.0,-9.7518,102.5 99.91 0 0,-0.002,False,False,0.1282
62,oito06,100.246,99.9892,-0.0914,-0.0,-0.0,-10.058,102.5 99.91 0 0,-0.0021,False,False,0.129
63,oito06,100.2525,99.9885,-0.0823,-0.0,-0.0,-10.368,102.5 99.91 0 0,-0.0023,False,False,0.1297
64,oito06,100.2589,99.9879,-0.0731,-0.0,-0.0,-10.6818,102.5 99.91 0 0,-0.0025,False,False,0.1305
65,oito06,100.2655,99.9872,-0.064,-0.0,-0.0,-10.9996,102.5 99.91 0 0,-0.0027,False,False,0.1311
66,oito06,100.272,99.9865,-0.0555,-0.0,-0.0,-11.3215,102.5 99.91 0 0,-0.0029,False,False,0.1318
67,oito06,100.2786,99.9858,-0.0476,-0.0,-0.0,-11.6476,102.5 99.91 0 0,-0.0032,False,False,0.1324
68,oito06,100.2852,99.9851,-0.0406,-0.0,-0.0,-11.9779,102.5 99.91 0 0,-0.0034,False,False,0.1331
69,oito06,100.2919,99.9844,-0.0348,-0.0,-0.0,-12.3127,102.5 99.91 0 0,-0.0036,False,False,0.1336
70,oito06,100.2985,99.9836,-0.0302,-0.0,-0.0,-12.6521,102.5 99.91 0 0,-0.0039,False,False,0.1341
71,oito07,100.3052,99.9828,-0.027,-0.0,-0.0,-12.9961,102.49 99.76 0 0,-0.0041,False,False,0.1348
72,oito07,100.3119,99.9819,-0.0253,-0.0,-0.0,-13.3443,102.49 99.76 0 0,-0.0043,False,False,0.1353
73,oito07,100.3187,99.9811,-0.0251,-0.0,-0.0,-13.6961,102.49 99.76 0 0,-0.0044,False,False,0.1356
74,oito07,100.3254,99.9802,-0.0264,-0.0,-0.0,-14.0516,102.49 99.76 0 0,-0.0046,False,False,0.1363
75,oito07,100.3322,99.9793,-0.0293,-0.0,-0.0,-14.4111,102.49 99.76 0 0,-0.0048,False,False,0.1365
76,oito07,100.339,99.9784,-0.0336,-0.0,-0.0,-14.7746,102.49 99.76 0 0,-0.0049,False,False,0.1372
77,oito07,100.3458,99.9775,-0.0392,-0.0,-0.0,-15.1422,102.49 99.76 0 0,-0.0052,False,False,0.1374
78,oito07,100.3526,99.9765,-0.0459,-0.0,-0.0,-15.5142,102.49 99.76 0 0,-0.0054,False,False,0.1378
79,oito07,100.3595,99.9755,-0.0535,-0.0,-0.0,-15.8905,102.49 99.76 0 0,-0.0057,False,False,0.1383
80,oito07,100.3663,99.9745,-0.0617,-0.0,-0.0,-16.2713,102.49 99.76 0 0,-0.006,False,False,0.1385
81,oito08,100.3732,99.9734,-0.0702,-0.0,-0.0,-16.6569,102.47 99.61 0 0,-0.0063,False,False,0.1388
82,oito08,100.38,99.9724,-0.0789,-0.0,-0.0,-17.0465,102.47 99.61 0 0,-0.0066,False,False,0.1393
83,oito08,100.3869,99.9713,-0.0873,-0.0,-0.0,-17.4397,102.47 99.61 0 0,-0.0068,False,False,0.1394
84,oito08,100.3938,99.9702,-0.0954,-0.0,-0.0,-17.8367,102.47 99.61 0 0,-0.0071,False,False,0.1398
85,oito08,100.4007,99.969,-0.1027,-0.0,-0.0,-18.2376,102.47 99.61 0 0,-0.0073,False,False,0.14
86,oito08,100.4076,99.9678,-0.1092,-0.0,-0.0,-18.6424,102.47 99.61 0 0,-0.0076,False,False,0.1402
87,oito08,100.4146,99.9666,-0.1146,-0.0,-0.0,-19.0515,102.47 99.61 0 0,-0.0078,False,False,0.1403
88,oito08,100.4215,99.9654,-0.1188,-0.0,-0.0,-19.4648,102.47 99.61 0 0,-0.0081,False,False,0.1407
89,oito08,100.4284,99.9642,-0.1218,-0.0,-0.0,-19.8825,102.47 99.61 0 0,-0.0083,False,False,0.1408
90,oito08,100.4353,99.9629,-0.1233,-0.0,-0.0,-20.3048,102.47 99.61 0 0,-0.0085,False,False,0.141
91,oito09,100.4423,99.9616,-0.1233,-0.0,-0.0,-20.7318,102.44 99.46 0 0,-0.0088,False,False,0.1411
92,oito09,100.4492,99.9603,-0.122,-0.0,-0.0,-21.1629,102.44 99.46 0 0,-0.009,False,False,0.1412
93,oito09,100.4562,99.959,-0.1191,-0.0,-0.0,-21.5976,102.44 99.46 0 0,-0.0091,False,False,0.1414
94,oito09,100.4631,99.9576,-0.115,-0.0,-0.0,-22.0361,102.44 99.46 0 0,-0.0093,False,False,0.1415
95,oito09,100.47,99.9562,-0.1096,-0.0,-0.0,-22.4785,102.44 99.46 0 0,-0.0096,False,False,0.1416
96,oito09,100.477,99.9548,-0.1032,-0.0,-0.0,-22.9249,102.44 99.46 0 0,-0.0099,False,False,0.1415
97,oito09,100.4839,99.9534,-0.0959,-0.0,-0.0,-23.3755,102.44 99.46 0 0,-0.0101,False,False,0.1418
98,oito09,100.4909,99.9519,-0.0881,-0.0,-0.0,-23.8304,102.44 99.46 0 0,-0.0104,False,False,0.1418
99,oito09,100.4978,99.9504,-0.08,-0.0,-0.0,-24.2898,102.44 99.46 0 0,-0.0108,False,False,0.1419
100,oito09,100.5047,99.9489,-0.0717,-0.0,-0.0,-24.7538,102.44 99.46 0 0,-0.0111,False,False,0.1418
101,oito10,100.5116,99.9474,-0.0637,-0.0,-0.0,-25.2226,102.4 99.32 0 0,-0.0115,False,False,0.1419
102,oito10,100.5186,99.9458,-0.0561,-0.0,-0.0,-25.6957,102.4 99.32 0 0,-0.0118,False,False,0.142
103,oito10,100.5255,99.9442,-0.0492,-0.0,-0.0,-26.1724,102.4 99.32 0 0,-0.0121,False,False,0.1418
104,oito10,100.5324,99.9426,-0.0431,-0.0,-0.0,-26.653,102.4 99.32 0 0,-0.0124,False,False,0.1419
105,oito10,100.5393,99.941,-0.038,-0.0,-0.0,-27.1376,102.4 99.32 0 0,-0.0127,False,False,0.1419
106,oito10,100.5462,99.9393,-0.0341,-0.0,-0.0,-27.6264,102.4 99.32 0 0,-0.013,False,False,0.1419
107,oito10,100.5531,99.9377,-0.0314,-0.0,-0.0,-28.1196,102.4 99.32 0 0,-0.0133,False,False,0.1418
108,oito10,100.56,99.936,-0.0301,-0.0,-0.0,-28.6172,102.4 99.32 0 0,-0.0136,False,False,0.1417
109,oito10,100.5668,99.9342,-0.0301,-0.0,-0.0,-29.1194,102.4 99.32 0 0,-0.0139,False,False,0.1417
110,oito10,100.5737,99.9325,-0.0316,-0.0,-0.0,-29.6265,102.4 99.32 0 0,-0.0142,False,False,0.1417
111,oito11,100.5806,99.9307,-0.0344,-0.0,-0.0,-30.1385,102.34 99.18 0 0,-0.0146,False,False,0.1415
112,oito11,100.5874,99.929,-0.0385,-0.0,-0.0,-30.6548,102.34 99.18 0 0,-0.0149,False,False,0.1415
113,oito11,100.5942,99.9272,-0.0437,-0.0,-0.0,-31.175,102.34 99.18 0 0,-0.0152,False,False,0.1414
114,oito11,100.6011,99.9253,-0.0499,-0.0,-0.0,-31.6991,102.34 99.18 0 0,-0.0155,False,False,0.1411
115,oito11,100.6079,99.9235,-0.0569,-0.0,-0.0,-32.2273,102.34 99.18 0 0,-0.0158,False,False,0.1412
116,oito11,100.6147,99.9216,-0.0644,-0.0,-0.0,-32.7599,102.34 99.18 0 0,-0.0162,False,False,0.1409
117,oito11,100.6214,99.9197,-0.0722,-0.0,-0.0,-33.2968,102.34 99.18 0 0,-0.0165,False,False,0.1408
118,oito11,100.6282,99.9178,-0.08,-0.0,-0.0,-33.8384,102.34 99.18 0 0,-0.0169,False,False,0.1408
119,oito11,100.635,99.9159,-0.0877,-0.0,-0.0,-34.3848,102.34 99.18 0 0,-0.0173,False,False,0.1404
120,oito11,100.6417,99.9139,-0.0949,-0.0,-0.0,-34.9361,102.34 99.18 0 0,-0.0177,False,False,0.1404
121,oito12,100.6484,99.912,-0.1015,-0.0,-0.0,-35.4925,102.27 99.05 0 0,-0.0182,False,False,0.1401
122,oito12,100.6551,99.91,-0.1073,-0.0,-0.0,-36.0534,102.27 99.05 0 0,-0.0184,False,False,0.14
123,oito12,100.6618,99.908,-0.1121,-0.0,-0.0,-36.6183,102.27 99.05 0 0,-0.0188,False,False,0.1397
124,oito12,100.6685,99.9059,-0.1158,-0.0,-0.0,-37.1873,102.27 99.05 0 0,-0.0191,False,False,0.1395
125,oito12,100.6752,99.9039,-0.1182,-0.0,-0.0,-37.7606,102.27 99.05 0 0,-0.0194,False,False,0.1393
126,oito12,100.6818,99.9018,-0.1194,-0.0,-0.0,-38.3383,102.27 99.05 0 0,-0.0197,False,False,0.1391
127,oito12,100.6884,99.8998,-0.1193,-0.0,-0.0,-38.9207,102.27 99.05 0 0,-0.02,False,False,0.1389
128,oito12,100.6951,99.8977,-0.1178,-0.0,-0.0,-39.508,102.27 99.05 0 0,-0.0203,False,False,0.1386
129,oito12,100.7016,99.8955,-0.115,-0.0,-0.0,-40.1002,102.27 99.05 0 0,-0.0206,False,False,0.1385
130,oito12,100.7082,99.8934,-0.111,-0.0,-0.0,-40.6975,102.27 99.05 0 0,-0.021,False,False,0.1382
131,oito13,100.7148,99.8913,-0.1059,-0.0,-0.0,-41.3002,102.18 98.93 0 0,-0.0214,False,False,0.138
132,oito13,100.7213,99.8891,-0.0998,-0.0,-0.0,-41.9076,102.18 98.93 0 0,-0.0217,False,False,0.1376
133,oito13,100.7278,99.8869,-0.0931,-0.0,-0.0,-42.5191,102.18 98.93 0 0,-0.0221,False,False,0.1374
134,oito13,100.7343,99.8847,-0.0858,-0.0,-0.0,-43.1349,102.18 98.93 0 0,-0.0225,False,False,0.1371
135,oito13,100.7408,99.8825,-0.0783,-0.0,-0.0,-43.7552,102.18 98.93 0 0,-0.0228,False,False,0.1369
136,oito13,100.7472,99.8803,-0.0707,-0.0,-0.0,-44.3801,102.18 98.93 0 0,-0.0233,False,False,0.1364
137,oito13,100.7537,99.878,-0.0634,-0.0,-0.0,-45.0098,102.18 98.93 0 0,-0.0237,False,False,0.1362
138,oito13,100.7601,99.8758,-0.0564,-0.0,-0.0,-45.6446,102.18 98.93 0 0,-0.0241,False,False,0.1359
139,oito13,100.7665,99.8735,-0.0501,-0.0,-0.0,-46.2845,102.18 98.93 0 0,-0.0246,False,False,0.1356
140,oito13,100.7728,99.8712,-0.0446,-0.0,-0.0,-46.9298,102.18 98.93 0 0,-0.025,False,False,0.1354
141,oito14,100.7792,99.8689,-0.04,-0.0,-0.0,-47.5807,102.06 98.84 0 0,-0.0255,False,False,0.1349
142,oito14,100.7855,99.8666,-0.0366,-0.0,-0.0,-48.2364,102.06 98.84 0 0,-0.0259,False,False,0.1345
143,oito14,100.7918,99.8643,-0.0343,-0.0,-0.0,-48.8965,102.06 98.84 0 0,-0.0262,False,False,0.1342
144,oito14,100.7981,99.8619,-0.0332,-0.0,-0.0,-49.5611,102.06 98.84 0 0,-0.0266,False,False,0.1339
145,oito14,100.8043,99.8596,-0.0335,-0.0,-0.0,-50.2304,102.06 98.84 0 0,-0.027,False,False,0.1335
146,oito14,100.8105,99.8572,-0.035,-0.0,-0.0,-50.9046,102.06 98.84 0 0,-0.0274,False,False,0.133
147,oito14,100.8167,99.8549,-0.0378,-0.0,-0.0,-51.5839,102.06 98.84 0 0,-0.0278,False,False,0.1325
148,oito14,100.8229,99.8525,-0.0418,-0.0,-0.0,-52.2684,102.06 98.84 0 0,-0.0282,False,False,0.1324
149,oito14,100.829,99.8501,-0.0468,-0.0,-0.0,-52.9583,102.06 98.84 0 0,-0.0287,False,False,0.1318
150,oito14,100.8351,99.8477,-0.0527,-0.0,-0.0,-53.6539,102.06 98.84 0 0,-0.0292,False,False,0.1314
151,oito15,100.8412,99.8453,-0.0593,-0.0,-0.0,-54.3554,101.93 98.77 0 0,-0.0296,False,False,0.1311
152,oito15,100.8473,99.8428,-0.0663,-0.0,-0.0,-55.0619,101.93 98.77 0 0,-0.0301,False,False,0.1305
153,oito15,100.8533,99.8404,-0.0736,-0.0,-0.0,-55.773,101.93 98.77 0 0,-0.0305,False,False,0.1301
154,oito15,100.8593,99.838,-0.081,-0.0,-0.0,-56.4889,101.93 98.77 0 0,-0.031,False,False,0.1296
155,oito15,100.8653,99.8355,-0.0881,-0.0,-0.0,-57.2097,101.93 98.77 0 0,-0.0314,False,False,0.1291
156,oito15,100.8713,99.8331,-0.0948,-0.0,-0.0,-57.9356,101.93 98.77 0 0,-0.0319,False,False,0.1288
157,oito15,100.8772,99.8306,-0.1009,-0.0,-0.0,-58.6669,101.93 98.77 0 0,-0.0324,False,False,0.1283
158,oito15,100.8831,99.8281,-0.1061,-0.0,-0.0,-59.4036,101.93 98.77 0 0,-0.0328,False,False,0.1278
159,oito15,100.8889,99.8256,-0.1105,-0.0,-0.0,-60.1461,101.93 98.77 0 0,-0.0333,False,False,0.1272
160,oito15,100.8948,99.8232,-0.1138,-0.0,-0.0,-60.8945,101.93 98.77 0 0,-0.0338,False,False,0.1267
161,oito16,100.9006,99.8207,-0.1159,-0.0,-0.0,-61.649,101.78 98.75 0 0,-0.0342,False,False,0.1263
162,oito16,100.9063,99.8182,-0.1168,-0.0,-0.0,-62.409,101.78 98.75 0 0,-0.0346,False,False,0.1257
163,oito16,100.9121,99.8157,-0.1165,-0.0,-0.0,-63.1739,101.78 98.75 0 0,-0.035,False,False,0.1251
164,oito16,100.9178,99.8132,-0.1149,-0.0,-0.0,-63.9438,101.78 98.75 0 0,-0.0354,False,False,0.1246
165,oito16,100.9234,99.8107,-0.1121,-0.0,-0.0,-64.719,101.78 98.75 0 0,-0.0358,False,False,0.1241
166,oito16,100.9291,99.8082,-0.1082,-0.0,-0.0,-65.4997,101.78 98.75 0 0,-0.0363,False,False,0.1235
167,oito16,100.9347,99.8057,-0.1032,-0.0,-0.0,-66.2861,101.78 98.75 0 0,-0.0368,False,False,0.1228
168,oito16,100.9403,99.8032,-0.0974,-0.0,-0.0,-67.0783,101.78 98.75 0 0,-0.0372,False,False,0.1225
169,oito16,100.9458,99.8006,-0.091,-0.0,-0.0,-67.8767,101.78 98.75 0 0,-0.0378,False,False,0.1218
170,oito16,100.9513,99.7981,-0.0841,-0.0,-0.0,-68.6813,101.78 98.75 0 0,-0.0384,False,False,0.1211
171,oito17,100.9568,99.7956,-0.077,-0.0,-0.0,-69.4924,101.63 98.76 0 0,-0.0389,False,False,0.1207
172,oito17,100.9623,99.7931,-0.0698,-0.0,-0.0,-70.3094,101.63 98.76 0 0,-0.0394,False,False,0.12
173,oito17,100.9677,99.7906,-0.0629,-0.0,-0.0,-71.1315,101.63 98.76 0 0,-0.0399,False,False,0.1194
174,oito17,100.9731,99.7881,-0.0564,-0.0,-0.0,-71.9591,101.63 98.76 0 0,-0.0405,False,False,0.1187
175,oito17,100.9784,99.7856,-0.0506,-0.0,-0.0,-72.7923,101.63 98.76 0 0,-0.041,False,False,0.1181
176,oito17,100.9837,99.7831,-0.0455,-0.0,-0.0,-73.6313,101.63 98.76 0 0,-0.0415,False,False,0.1174
177,oito17,100.989,99.7806,-0.0413,-0.0,-0.0,-74.4764,101.63 98.76 0 0,-0.042,False,False,0.1169
178,oito17,100.9943,99.7781,-0.0382,-0.0,-0.0,-75.3277,101.63 98.76 0 0,-0.0426,False,False,0.1162
179,oito17,100.9995,99.7756,-0.0362,-0.0,-0.0,-76.1855,101.63 98.76 0 0,-0.0431,False,False,0.1155
180,oito17,101.0046,99.7731,-0.0354,-0.0,-0.0,-77.0499,101.63 98.76 0 0,-0.0437,False,False,0.1149
181,oito18,101.0098,99.7706,-0.0358,-0.0,-0.0,-77.9212,101.49 98.81 0 0,-0.0442,False,False,0.1144
182,oito18,101.0149,99.7681,-0.0374,-0.0,-0.0,-78.7988,101.49 98.81 0 0,-0.0447,False,False,0.1137
183,oito18,101.02,99.7656,-0.0402,-0.0,-0.0,-79.682,101.49 98.81 0 0,-0.0452,False,False,0.1129
184,oito18,101.025,99.7632,-0.0442,-0.0,-0.0,-80.571,101.49 98.81 0 0,-0.0458,False,False,0.1121
185,oito18,101.03,99.7607,-0.0491,-0.0,-0.0,-81.4662,101.49 98.81 0 0,-0.0463,False,False,0.1116
186,oito18,101.035,99.7582,-0.0548,-0.0,-0.0,-82.3677,101.49 98.81 0 0,-0.0469,False,False,0.111
187,oito18,101.0399,99.7558,-0.0611,-0.0,-0.0,-83.2756,101.49 98.81 0 0,-0.0475,False,False,0.1101
188,oito18,101.0448,99.7534,-0.0679,-0.0,-0.0,-84.1903,101.49 98.81 0 0,-0.0481,False,False,0.1096
189,oito18,101.0497,99.7509,-0.0748,-0.0,-0.0,-85.1119,101.49 98.81 0 0,-0.0487,False,False,0.1088
190,oito18,101.0545,99.7485,-0.0818,-0.0,-0.0,-86.0406,101.49 98.81 0 0,-0.0493,False,False,0.1082
191,oito19,101.0593,99.7461,-0.0885,-0.0,-0.0,-86.9766,101.35 98.86 0 0,-0.05,False,False,0.1076
192,oito19,101.0641,99.7437,-0.0948,-0.0,-0.0,-87.9191,101.35 98.86 0 0,-0.0505,False,False,0.1069
193,oito19,101.0688,99.7413,-0.1005,-0.0,-0.0,-88.8673,101.35 98.86 0 0,-0.051,False,False,0.1062
194,oito19,101.0735,99.7389,-0.1055,-0.0,-0.0,-89.8213,101.35 98.86 0 0,-0.0515,False,False,0.1054
195,oito19,101.0782,99.7365,-0.1095,-0.0,-0.0,-90.7813,101.35 98.86 0 0,-0.052,False,False,0.105
196,oito19,101.0829,99.7341,-0.1125,-0.0,-0.0,-91.7477,101.35 98.86 0 0,-0.0526,False,False,0.1041
197,oito19,101.0875,99.7318,-0.1143,-0.0,-0.0,-92.7205,101.35 98.86 0 0,-0.0531,False,False,0.1034
198,oito19,101.092,99.7294,-0.1151,-0.0,-0.0,-93.7,101.35 98.86 0 0,-0.0536,False,False,0.1028
199,oito19,101.0966,99.7271,-0.1146,-0.0,-0.0,-94.6864,101.35 98.86 0 0,-0.0542,False,False,0.1021
200,oito19,101.1011,99.7248,-0.1129,-0.0,-0.0,-95.6799,101.35 98.86 0 0,-0.0547,False,False,0.1015
201,oito20,101.1056,99.7225,-0.11,-0.0,-0.0,-96.6807,101.22 98.94 0 0,-0.0553,False,False,0.1011
202,oito20,101.11,99.7201,-0.1061,-0.0,-0.0,-97.6878,101.22 98.94 0 0,-0.0557,False,False,0.1002
203,oito20,101.1144,99.7178,-0.1012,-0.0,-0.0,-98.7002,101.22 98.94 0 0,-0.0562,False,False,0.0996
204,oito20,101.1188,99.7156,-0.0956,-0.0,-0.0,-99.7181,101.22 98.94 0 0,-0.0567,False,False,0.0988
205,oito20,101.1232,99.7133,-0.0893,-0.0,-0.0,-100.7418,101.22 98.94 0 0,-0.0572,False,False,0.0982
206,oito20,101.1275,99.7111,-0.0827,-0.0,-0.0,-101.7714,101.22 98.94 0 0,-0.0577,False,False,0.0977
207,oito20,101.1318,99.7088,-0.0758,-0.0,-0.0,-102.8072,101.22 98.94 0 0,-0.0582,False,False,0.097
208,oito20,101.1361,99.7066,-0.069,-0.0,-0.0,-103.8493,101.22 98.94 0 0,-0.0588,False,False,0.0964
209,oito20,101.1403,99.7044,-0.0624,-0.0,-0.0,-104.8979,101.22 98.94 0 0,-0.0594,False,False,0.0959
210,oito20,101.1446,99.7022,-0.0563,-0.0,-0.0,-105.9534,101.22 98.94 0 0,-0.06,False,False,0.095
211,oito21,101.1488,99.7,-0.0508,-0.0,-0.0,-107.0158,101.09 99.02 0 0,-0.0606,False,False,0.0947
212,oito21,101.1529,99.6978,-0.046,-0.0,-0.0,-108.0836,101.09 99.02 0 0,-0.061,False,False,0.0939
213,oito21,101.1571,99.6956,-0.0421,-0.0,-0.0,-109.1555,101.09 99.02 0 0,-0.0613,False,False,0.0935
214,oito21,101.1612,99.6935,-0.0392,-0.0,-0.0,-110.2317,101.09 99.02 0 0,-0.0618,False,False,0.0928
215,oito21,101.1653,99.6913,-0.0375,-0.0,-0.0,-111.3124,101.09 99.02 0 0,-0.0621,False,False,0.0923
216,oito21,101.1693,99.6892,-0.0369,-0.0,-0.0,-112.3978,101.09 99.02 0 0,-0.0625,False,False,0.0917
217,oito21,101.1734,99.6871,-0.0374,-0.0,-0.0,-113.488,101.09 99.02 0 0,-0.063,False,False,0.0911
218,oito21,101.1774,99.685,-0.0392,-0.0,-0.0,-114.5834,101.09 99.02 0 0,-0.0634,False,False,0.0907
219,oito21,101.1814,99.6829,-0.0421,-0.0,-0.0,-115.684,101.09 99.02 0 0,-0.0638,False,False,0.0901
220,oito21,101.1853,99.6808,-0.046,-0.0,-0.0,-116.7902,101.09 99.02 0 0,-0.0643,False,False,0.0897
221,oito22,101.1893,99.6788,-0.0508,-0.0,-0.0,-117.9021,100.97 99.11 0 0,-0.0648,False,False,0.0891
222,oito22,101.1932,99.6767,-0.0564,-0.0,-0.0,-119.0178,100.97 99.11 0 0,-0.065,False,False,0.0885
223,oito22,101.1971,99.6747,-0.0626,-0.0,-0.0,-120.1356,100.97 99.11 0 0,-0.0652,False,False,0.0881
224,oito22,101.201,99.6727,-0.0692,-0.0,-0.0,-121.2557,100.97 99.11 0 0,-0.0655,False,False,0.0876
225,oito22,101.2049,99.6706,-0.0759,-0.0,-0.0,-122.3783,100.97 99.11 0 0,-0.0658,False,False,0.0873
226,oito22,101.2087,99.6686,-0.0826,-0.0,-0.0,-123.5037,100.97 99.11 0 0,-0.0661,False,False,0.0867
227,oito22,101.2125,99.6666,-0.089,-0.0,-0.0,-124.6321,100.97 99.11 0 0,-0.0664,False,False,0.0863
228,oito22,101.2163,99.6646,-0.0951,-0.0,-0.0,-125.7636,100.97 99.11 0 0,-0.0667,False,False,0.0859
229,oito22,101.2201,99.6627,-0.1005,-0.0,-0.0,-126.8985,100.97 99.11 0 0,-0.067,False,False,0.0854
230,oito22,101.2239,99.6607,-0.1051,-0.0,-0.0,-128.037,100.97 99.11 0 0,-0.0673,False,False,0.085
231,oito23,101.2277,99.6588,-0.1088,-0.0,-0.0,-129.1794,100.85 99.2 0 0,-0.0676,False,False,0.0847
232,oito23,101.2314,99.6568,-0.1116,-0.0,-0.0,-130.3233,100.85 99.2 0 0,-0.0676,False,False,0.0842
233,oito23,101.2351,99.6549,-0.1132,-0.0,-0.0,-131.4669,100.85 99.2 0 0,-0.0676,False,False,0.0838
234,oito23,101.2388,99.6529,-0.1138,-0.0,-0.0,-132.6104,100.85 99.2 0 0,-0.0677,False,False,0.0834
235,oito23,101.2425,99.651,-0.1131,-0.0,-0.0,-133.754,100.85 99.2 0 0,-0.0677,False,False,0.083
236,oito23,101.2461,99.6491,-0.1113,-0.0,-0.0,-134.8979,100.85 99.2 0 0,-0.0677,False,False,0.0827
237,oito23,101.2498,99.6472,-0.1084,-0.0,-0.0,-136.0425,100.85 99.2 0 0,-0.0678,False,False,0.0824
238,oito23,101.2534,99.6453,-0.1045,-0.0,-0.0,-137.1879,100.85 99.2 0 0,-0.0679,False,False,0.082
239,oito23,101.257,99.6433,-0.0997,-0.0,-0.0,-138.3345,100.85 99.2 0 0,-0.068,False,False,0.0816
240,oito23,101.2606,99.6415,-0.0941,-0.0,-0.0,-139.4823,100.85 99.2 0 0,-0.0681,False,False,0.0812
241,oito24,101.2642,99.6396,-0.088,-0.0,-0.0,-140.6318,100.74 99.3 0 0,-0.0683,False,False,0.0808
242,oito24,101.2677,99.6377,-0.0815,-0.0,-0.0,-141.7807,100.74 99.3 0 0,-0.0682,False,False,0.0805
243,oito24,101.2713,99.6358,-0.0748,-0.0,-0.0,-142.9273,100.74 99.3 0 0,-0.0681,False,False,0.0802
244,oito24,101.2748,99.6339,-0.0683,-0.0,-0.0,-144.0718,100.74 99.3 0 0,-0.0681,False,False,0.0799
245,oito24,101.2783,99.632,-0.0619,-0.0,-0.0,-145.2145,100.74 99.3 0 0,-0.0681,False,False,0.0795
246,oito24,101.2818,99.6301,-0.056,-0.0,-0.0,-146.3556,100.74 99.3 0 0,-0.0681,False,False,0.0791
247,oito24,101.2852,99.6283,-0.0507,-0.0,-0.0,-147.4955,100.74 99.3 0 0,-0.0681,False,False,0.0788
248,oito24,101.2887,99.6264,-0.0462,-0.0,-0.0,-148.6344,100.74 99.3 0 0,-0.0681,False,False,0.0784
249,oito24,101.2921,99.6245,-0.0426,-0.0,-0.0,-149.7727,100.74 99.3 0 0,-0.0681,False,False,0.0781
250,oito24,101.2955,99.6226,-0.04,-0.0,-0.0,-150.9105,100.74 99.3 0 0,-0.0681,False,False,0.0776
251,oito25,101.2989,99.6208,-0.0384,-0.0,-0.0,-152.0482,100.63 99.39 0 0,-0.0682,False,False,0.0774
252,oito25,101.3023,99.6189,-0.038,-0.0,-0.0,-153.1841,100.63 99.39 0 0,-0.068,False,False,0.0771
253,oito25,101.3056,99.617,-0.0387,-0.0,-0.0,-154.317,100.63 99.39 0 0,-0.0679,False,False,0.0764
254,oito25,101.3089,99.6152,-0.0406,-0.0,-0.0,-155.4471,100.63 99.39 0 0,-0.0677,False,False,0.0761
255,oito25,101.3122,99.6133,-0.0435,-0.0,-0.0,-156.5748,100.63 99.39 0 0,-0.0676,False,False,0.0757
256,oito25,101.3155,99.6114,-0.0474,-0.0,-0.0,-157.7003,100.63 99.39 0 0,-0.0676,False,False,0.0753
257,oito25,101.3187,99.6095,-0.0523,-0.0,-0.0,-158.8239,100.63 99.39 0 0,-0.0676,False,False,0.0747
258,oito25,101.3219,99.6076,-0.0578,-0.0,-0.0,-159.946,100.63 99.39 0 0,-0.0675,False,False,0.0744
259,oito25,101.3251,99.6058,-0.0639,-0.0,-0.0,-161.0668,100.63 99.39 0 0,-0.0676,False,False,0.074
260,oito25,101.3282,99.6039,-0.0703,-0.0,-0.0,-162.1868,100.63 99.39 0 0,-0.0676,False,False,0.0734
261,oito26,101.3314,99.602,-0.0769,-0.0,-0.0,-163.306,100.51 99.5 0 0,-0.0677,False,False,0.073
262,oito26,101.3345,99.6001,-0.0834,-0.0,-0.0,-164.4233,100.51 99.5 0 0,-0.0676,False,False,0.0723
263,oito26,101.3375,99.5982,-0.0896,-0.0,-0.0,-165.5374,100.51 99.5 0 0,-0.0675,False,False,0.0719
264,oito26,101.3405,99.5963,-0.0954,-0.0,-0.0,-166.6486,100.51 99.5 0 0,-0.0674,False,False,0.0713
265,oito26,101.3435,99.5945,-0.1005,-0.0,-0.0,-167.7573,100.51 99.5 0 0,-0.0674,False,False,0.0706
266,oito26,101.3465,99.5926,-0.105,-0.0,-0.0,-168.8637,100.51 99.5 0 0,-0.0673,False,False,0.07
267,oito26,101.3494,99.5907,-0.1085,-0.0,-0.0,-169.9683,100.51 99.5 0 0,-0.0673,False,False,0.0693
268,oito26,101.3522,99.5888,-0.111,-0.0,-0.0,-171.0714,100.51 99.5 0 0,-0.0673,False,False,0.0686
269,oito26,101.3551,99.5869,-0.1125,-0.0,-0.0,-172.1732,100.51 99.5 0 0,-0.0673,False,False,0.068
270,oito26,101.3578,99.585,-0.1128,-0.0,-0.0,-173.274,100.51 99.5 0 0,-0.0673,False,False,0.0672
271,oito27,101.3606,99.5831,-0.112,-0.0,-0.0,-174.3743,100.41 99.6 0 0,-0.0674,False,False,0.0667
272,oito27,101.3633,99.5813,-0.1101,-0.0,-0.0,-175.4731,100.41 99.6 0 0,-0.0673,False,False,0.0658
273,oito27,101.366,99.5794,-0.1071,-0.0,-0.0,-176.5698,100.41 99.6 0 0,-0.0673,False,False,0.0651
274,oito27,101.3685,99.5775,-0.1032,-0.0,-0.0,-177.6648,100.41 99.6 0 0,-0.0673,False,False,0.064
275,oito27,101.3711,99.5756,-0.0983,-0.0,-0.0,-178.7582,100.41 99.6 0 0,-0.0673,False,False,0.0632
276,oito27,101.3736,99.5738,-0.0928,-0.0,-0.0,-179.8506,100.41 99.6 0 0,-0.0674,False,False,0.0625
277,oito27,101.376,99.5719,-0.0868,-0.0,0.0,179.0578,100.41 99.6 0 0,-0.0675,False,False,0.0615
278,oito27,101.3784,99.57,-0.0804,-0.0,0.0,177.9668,100.41 99.6 0 0,-0.0677,False,False,0.0605
279,oito27,101.3808,99.5682,-0.0739,-0.0,0.0,176.8759,100.41 99.6 0 0,-0.0679,False,False,0.0596
280,oito27,101.383,99.5663,-0.0675,-0.0,0.0,175.7848,100.41 99.6 0 0,-0.0681,False,False,0.0586
281,oito28,101.3853,99.5645,-0.0614,-0.0,0.0,174.6932,100.3 99.7 0 0,-0.0684,False,False,0.0576
282,oito28,101.3874,99.5627,-0.0557,-0.0,0.0,173.6017,100.3 99.7 0 0,-0.0685,False,False,0.0566
283,oito28,101.3895,99.5609,-0.0506,-0.0,0.0,172.5107,100.3 99.7 0 0,-0.0687,False,False,0.0554
284,oito28,101.3916,99.5591,-0.0463,-0.0,0.0,171.4199,100.3 99.7 0 0,-0.0689,False,False,0.0543
285,oito28,101.3935,99.5573,-0.0429,-0.0,0.0,170.3289,100.3 99.7 0 0,-0.0692,False,False,0.0529
286,oito28,101.3954,99.5555,-0.0405,-0.0,0.0,169.2374,100.3 99.7 0 0,-0.0694,False,False,0.0518
287,oito28,101.3973,99.5538,-0.0391,-0.0,0.0,168.1451,100.3 99.7 0 0,-0.0697,False,False,0.0506
288,oito28,101.399,99.5521,-0.0388,-0.0,0.0,167.0517,100.3 99.7 0 0,-0.07,False,False,0.0493
289,oito28,101.4007,99.5504,-0.0397,-0.0,0.0,165.9569,100.3 99.7 0 0,-0.0703,False,False,0.0479
290,oito28,101.4023,99.5487,-0.0416,-0.0,0.0,164.8603,100.3 99.7 0 0,-0.0706,False,False,0.0468
291,oito29,101.4039,99.547,-0.0447,-0.0,0.0,163.7615,100.19 99.81 0 0,-0.071,False,False,0.0453
292,oito29,101.4053,99.5454,-0.0487,-0.0,0.0,162.6611,100.19 99.81 0 0,-0.0713,False,False,0.0441
293,oito29,101.4067,99.5438,-0.0535,-0.0,0.0,161.5594,100.19 99.81 0 0,-0.0717,False,False,0.0425
294,oito29,101.408,99.5422,-0.059,-0.0,0.0,160.456,100.19 99.81 0 0,-0.0721,False,False,0.041
295,oito29,101.4093,99.5406,-0.065,-0.0,0.0,159.3506,100.19 99.81 0 0,-0.0726,False,False,0.0393
296,oito29,101.4104,99.5391,-0.0713,-0.0,0.0,158.2429,100.19 99.81 0 0,-0.073,False,False,0.038
297,oito29,101.4115,99.5377,-0.0777,-0.0,0.0,157.1326,100.19 99.81 0 0,-0.0735,False,False,0.0362
298,oito29,101.4124,99.5362,-0.0841,-0.0,0.0,156.0192,100.19 99.81 0 0,-0.074,False,False,0.0348
299,oito29,101.4133,99.5348,-0.0902,-0.0,0.0,154.9026,100.19 99.81 0 0,-0.0746,False,False,0.0332
300,oito29,101.4141,99.5335,-0.0958,-0.0,0.0,153.7823,100.19 99.81 0 0,-0.0751,False,False,0.0316
301,oito30,101.4148,99.5321,-0.1007,-0.0,0.0,152.6581,100.09 99.91 0 0,-0.0757,False,False,0.03
302,oito30,101.4155,99.5309,-0.1049,-0.0,0.0,151.5302,100.09 99.91 0 0,-0.0762,False,False,0.0284
303,oito30,101.416,99.5296,-0.1083,-0.0,0.0,150.3987,100.09 99.91 0 0,-0.0767,False,False,0.0267
304,oito30,101.4165,99.5285,-0.1106,-0.0,0.0,149.2633,100.09 99.91 0 0,-0.0773,False,False,0.025
305,oito30,101.4168,99.5274,-0.1119,-0.0,0.0,148.1236,100.09 99.91 0 0,-0.0779,False,False,0.0234
306,oito30,101.4171,99.5263,-0.1121,-0.0,0.0,146.9794,100.09 99.91 0 0,-0.0785,False,False,0.0217
307,oito30,101.4172,99.5253,-0.1112,-0.0,0.0,145.8302,100.09 99.91 0 0,-0.0791,False,False,0.0201
308,oito30,101.4173,99.5244,-0.1091,-0.0,0.0,144.6758,100.09 99.91 0 0,-0.0797,False,False,0.0188
309,oito30,101.4173,99.5235,-0.1061,-0.0,0.0,143.5159,100.09 99.91 0 0,-0.0804,False,False,0.0172
310,oito30,101.4172,99.5227,-0.102,-0.0,0.0,142.3501,100.09 99.91 0 0,-0.0811,False,False,0.0162
311,oito31,101.417,99.522,-0.0972,-0.0,0.0,141.1781,99.98 100.02 0 0,-0.0818,False,False,0.0152
312,oito31,101.4167,99.5213,-0.0917,-0.0,0.0,140.0,99.98 100.02 0 0,-0.0825,False,False,0.0144
313,oito31,101.4163,99.5208,-0.0857,-0.0,0.0,138.8159,99.98 100.02 0 0,-0.0833,False,False,0.0139
314,oito31,101.4158,99.5203,-0.0794,-0.0,0.0,137.6256,99.98 100.02 0 0,-0.0841,False,False,0.0139
315,oito31,101.4152,99.5199,-0.0731,-0.0,0.0,136.4286,99.98 100.02 0 0,-0.085,False,False,0.0142
316,oito31,101.4145,99.5195,-0.0668,-0.0,0.0,135.2246,99.98 100.02 0 0,-0.0858,False,False,0.0151
317,oito31,101.4137,99.5193,-0.0608,-0.0,0.0,134.0134,99.98 100.02 0 0,-0.0867,False,False,0.016
318,oito31,101.4129,99.5192,-0.0553,-0.0,0.0,132.7945,99.98 100.02 0 0,-0.0876,False,False,0.0174
319,oito31,101.4119,99.5192,-0.0504,-0.0,0.0,131.5676,99.98 100.02 0 0,-0.0885,False,False,0.0191
320,oito31,101.4109,99.5193,-0.0463,-0.0,0.0,130.3324,99.98 100.02 0 0,-0.0894,False,False,0.021
321,oito32,101.4098,99.5195,-0.043,-0.0,0.0,129.0885,99.87 100.13 0 0,-0.0903,False,False,0.0228
322,oito32,101.4085,99.5198,-0.0408,-0.0,0.0,127.8361,99.87 100.13 0 0,-0.0912,False,False,0.025
323,oito32,101.4072,99.5202,-0.0396,-0.0,0.0,126.5751,99.87 100.13 0 0,-0.0921,False,False,0.0273
324,oito32,101.4059,99.5207,-0.0395,-0.0,0.0,125.3052,99.87 100.13 0 0,-0.0931,False,False,0.0297
325,oito32,101.4044,99.5214,-0.0405,-0.0,0.0,124.026,99.87 100.13 0 0,-0.094,False,False,0.0323
326,oito32,101.4029,99.5222,-0.0425,-0.0,0.0,122.7372,99.87 100.13 0 0,-0.095,False,False,0.0348
327,oito32,101.4012,99.5232,-0.0456,-0.0,0.0,121.4385,99.87 100.13 0 0,-0.096,False,False,0.0373
328,oito32,101.3996,99.5242,-0.0497,-0.0,0.0,120.1294,99.87 100.13 0 0,-0.097,False,False,0.04
329,oito32,101.3978,99.5254,-0.0545,-0.0,0.0,118.8097,99.87 100.13 0 0,-0.0981,False,False,0.0426
330,oito32,101.396,99.5268,-0.06,-0.0,0.0,117.4791,99.87 100.13 0 0,-0.0991,False,False,0.0453
331,oito33,101.3941,99.5283,-0.066,-0.0,0.0,116.137,99.77 100.23 0 0,-0.1002,False,False,0.0478
332,oito33,101.3922,99.5299,-0.0723,-0.0,0.0,114.7837,99.77 100.23 0 0,-0.1012,False,False,0.0505
333,oito33,101.3902,99.5317,-0.0786,-0.0,0.0,113.4188,99.77 100.23 0 0,-0.1024,False,False,0.0534
334,oito33,101.3882,99.5336,-0.0848,-0.0,0.0,112.0422,99.77 100.23 0 0,-0.1034,False,False,0.0559
335,oito33,101.3861,99.5357,-0.0907,-0.0,0.0,110.6534,99.77 100.23 0 0,-0.1045,False,False,0.0587
336,oito33,101.384,99.5379,-0.0962,-0.0,0.0,109.2521,99.77 100.23 0 0,-0.1056,False,False,0.0613
337,oito33,101.3818,99.5402,-0.101,-0.0,0.0,107.8379,99.77 100.23 0 0,-0.1067,False,False,0.0639
338,oito33,101.3796,99.5427,-0.105,-0.0,0.0,106.4105,99.77 100.23 0 0,-0.1078,False,False,0.0663
339,oito33,101.3774,99.5454,-0.1082,-0.0,0.0,104.9695,99.77 100.23 0 0,-0.1089,False,False,0.0689
340,oito33,101.3752,99.5482,-0.1103,-0.0,0.0,103.5146,99.77 100.23 0 0,-0.11,False,False,0.0712
341,oito34,101.3729,99.5511,-0.1115,-0.0,0.0,102.0453,99.66 100.34 0 0,-0.1111,False,False,0.0733
342,oito34,101.3707,99.5541,-0.1115,-0.0,0.0,100.5618,99.66 100.34 0 0,-0.1121,False,False,0.0757
343,oito34,101.3684,99.5573,-0.1104,-0.0,0.0,99.0637,99.66 100.34 0 0,-0.1132,False,False,0.078
344,oito34,101.3662,99.5606,-0.1083,-0.0,0.0,97.5509,99.66 100.34 0 0,-0.1143,False,False,0.08
345,oito34,101.3639,99.564,-0.1051,-0.0,0.0,96.0229,99.66 100.34 0 0,-0.1154,False,False,0.0821
346,oito34,101.3617,99.5676,-0.1011,-0.0,0.0,94.4793,99.66 100.34 0 0,-0.1165,False,False,0.084
347,oito34,101.3595,99.5713,-0.0962,-0.0,0.0,92.9199,99.66 100.34 0 0,-0.1176,False,False,0.0858
348,oito34,101.3573,99.5751,-0.0907,-0.0,0.0,91.3442,99.66 100.34 0 0,-0.1188,False,False,0.0876
349,oito34,101.3551,99.5789,-0.0847,-0.0,0.0,89.7519,99.66 100.34 0 0,-0.1199,False,False,0.0889
350,oito34,101.353,99.5829,-0.0785,-0.0,0.0,88.1426,99.66 100.34 0 0,-0.1211,False,False,0.0905
351,oito35,101.351,99.587,-0.0722,-0.0,0.0,86.5159,99.55 100.44 0 0,-0.1223,False,False,0.0916
352,oito35,101.3489,99.5912,-0.066,-0.0,0.0,84.8717,99.55 100.44 0 0,-0.1235,False,False,0.0929
353,oito35,101.347,99.5955,-0.0602,-0.0,0.0,83.2099,99.55 100.44 0 0,-0.1246,False,False,0.0941
354,oito35,101.3451,99.5998,-0.0548,-0.0,0.0,81.5301,99.55 100.44 0 0,-0.1258,False,False,0.0952
355,oito35,101.3432,99.6043,-0.0501,-0.0,0.0,79.8318,99.55 100.44 0 0,-0.127,False,False,0.0961
356,oito35,101.3415,99.6088,-0.0461,-0.0,0.0,78.1149,99.55 100.44 0 0,-0.1281,False,False,0.0968
357,oito35,101.3398,99.6134,-0.0431,-0.0,0.0,76.3788,99.55 100.44 0 0,-0.1293,False,False,0.0975
358,oito35,101.3382,99.618,-0.041,-0.0,0.0,74.6233,99.55 100.44 0 0,-0.1305,False,False,0.098
359,oito35,101.3367,99.6227,-0.0399,-0.0,0.0,72.8479,99.55 100.44 0 0,-0.1316,False,False,0.0983
360,oito35,101.3353,99.6274,-0.04,-0.0,0.0,71.0523,99.55 100.44 0 0,-0.1328,False,False,0.0986
361,oito36,101.334,99.6322,-0.0411,-0.0,0.0,69.2362,99.44 100.54 0 0,-0.1339,False,False,0.0988
362,oito36,101.3328,99.637,-0.0433,-0.0,0.0,67.3994,99.44 100.54 0 0,-0.1351,False,False,0.0988
363,oito36,101.3318,99.6418,-0.0465,-0.0,0.0,65.5417,99.44 100.54 0 0,-0.1362,False,False,0.0991
364,oito36,101.3308,99.6467,-0.0506,-0.0,0.0,63.6628,99.44 100.54 0 0,-0.1374,False,False,0.0991
365,oito36,101.33,99.6516,-0.0555,-0.0,0.0,61.7623,99.44 100.54 0 0,-0.1386,False,False,0.099
366,oito36,101.3293,99.6565,-0.061,-0.0,0.0,59.8399,99.44 100.54 0 0,-0.1398,False,False,0.0989
367,oito36,101.3288,99.6614,-0.067,-0.0,0.0,57.8952,99.44 100.54 0 0,-0.141,False,False,0.0987
368,oito36,101.3284,99.6663,-0.0732,-0.0,0.0,55.9278,99.44 100.54 0 0,-0.1422,False,False,0.0983
369,oito36,101.3281,99.6712,-0.0794,-0.0,0.0,53.9375,99.44 100.54 0 0,-0.1434,False,False,0.0981
370,oito36,101.328,99.6761,-0.0855,-0.0,0.0,51.9238,99.44 100.54 0 0,-0.1447,False,False,0.0977
371,oito37,101.3281,99.6809,-0.0913,-0.0,0.0,49.8865,99.33 100.64 0 0,-0.1459,False,False,0.0972
372,oito37,101.3283,99.6858,-0.0967,-0.0,0.0,47.8253,99.33 100.64 0 0,-0.1471,False,False,0.0968
373,oito37,101.3287,99.6906,-0.1013,-0.0,0.0,45.7401,99.33 100.64 0 0,-0.1483,False,False,0.0967
374,oito37,101.3292,99.6954,-0.1052,-0.0,0.0,43.6307,99.33 100.64 0 0,-0.1495,False,False,0.0963
375,oito37,101.3299,99.7001,-0.1082,-0.0,0.0,41.4965,99.33 100.64 0 0,-0.1507,False,False,0.0961
376,oito37,101.3308,99.7048,-0.1102,-0.0,0.0,39.3374,99.33 100.64 0 0,-0.1519,False,False,0.0958
377,oito37,101.3319,99.7095,-0.1112,-0.0,0.0,37.153,99.33 100.64 0 0,-0.1531,False,False,0.0955
378,oito37,101.3331,99.7141,-0.111,-0.0,0.0,34.9429,99.33 100.64 0 0,-0.1543,False,False,0.0953
379,oito37,101.3346,99.7186,-0.1098,-0.0,0.0,32.7069,99.33 100.64 0 0,-0.1556,False,False,0.0953
380,oito37,101.3362,99.7231,-0.1076,-0.0,0.0,30.4445,99.33 100.64 0 0,-0.1568,False,False,0.0951
381,oito38,101.3379,99.7275,-0.1043,-0.0,0.0,28.1556,99.22 100.74 0 0,-0.1581,False,False,0.095
382,oito38,101.3399,99.7318,-0.1002,-0.0,0.0,25.8399,99.22 100.74 0 0,-0.1594,False,False,0.0952
383,oito38,101.3421,99.7361,-0.0953,-0.0,0.0,23.4974,99.22 100.74 0 0,-0.1607,False,False,0.0954
384,oito38,101.3444,99.7403,-0.0898,-0.0,0.0,21.1276,99.22 100.74 0 0,-0.162,False,False,0.0958
385,oito38,101.3469,99.7444,-0.0838,-0.0,0.0,18.7304,99.22 100.74 0 0,-0.1633,False,False,0.0961
386,oito38,101.3496,99.7484,-0.0776,-0.0,0.0,16.3055,99.22 100.74 0 0,-0.1647,False,False,0.0966
387,oito38,101.3525,99.7523,-0.0714,-0.0,0.0,13.8524,99.22 100.74 0 0,-0.1662,False,False,0.0971
388,oito38,101.3556,99.7561,-0.0653,-0.0,0.0,11.371,99.22 100.74 0 0,-0.1676,False,False,0.0977
389,oito38,101.3588,99.7598,-0.0596,-0.0,0.0,8.8609,99.22 100.74 0 0,-0.1691,False,False,0.0984
390,oito38,101.3622,99.7634,-0.0543,-0.0,0.0,6.3219,99.22 100.74 0 0,-0.1706,False,False,0.099
391,oito39,101.3658,99.7668,-0.0497,-0.0,0.0,3.7536,99.1 100.84 0 0,-0.172,False,False,0.0998
392,oito39,101.3696,99.7702,-0.0459,-0.0,0.0,1.1561,99.1 100.84 0 0,-0.1735,False,False,0.1007
393,oito39,101.3735,99.7734,-0.043,-0.0,-0.0,-1.4709,99.1 100.84 0 0,-0.175,False,False,0.1018
394,oito39,101.3776,99.7765,-0.0411,-0.0,-0.0,-4.1277,99.1 100.84 0 0,-0.1765,False,False,0.1027
395,oito39,101.3818,99.7795,-0.0402,-0.0,-0.0,-6.8144,99.1 100.84 0 0,-0.1781,False,False,0.104
396,oito39,101.3863,99.7824,-0.0404,-0.0,-0.0,-9.5313,99.1 100.84 0 0,-0.1796,False,False,0.105
397,oito39,101.3908,99.7851,-0.0417,-0.0,-0.0,-12.2787,99.1 100.84 0 0,-0.1812,False,False,0.1062
398,oito39,101.3955,99.7876,-0.044,-0.0,-0.0,-15.0569,99.1 100.84 0 0,-0.1829,False,False,0.1072
399,oito39,101.4004,99.7901,-0.0473,-0.0,-0.0,-17.866,99.1 100.84 0 0,-0.1845,False,False,0.1084
400,oito39,101.4053,99.7923,-0.0515,-0.0,-0.0,-20.7063,99.1 100.84 0 0,-0.1862,False,True,0.1094
401,oito40,101.4104,99.7945,-0.0564,-0.0,-0.0,-23.5781,98.98 100.93 0 0,-0.188,False,True,0.1106
402,oito40,101.4157,99.7964,-0.0619,-0.0,-0.0,-26.4814,98.98 100.93 0 0,-0.1897,False,True,0.1116
403,oito40,101.421,99.7982,-0.0679,-0.0,-0.0,-29.355,98.98 100.93 0 0,-0.1834,False,True,0.113
404,oito40,101.4265,99.7999,-0.074,-0.0,-0.0,-32.1454,98.98 100.93 0 0,-0.1772,False,True,0.114
405,oito40,101.4321,99.8013,-0.0802,-0.0,-0.0,-34.8555,98.98 100.93 0 0,-0.1713,False,True,0.1152
406,oito40,101.4377,99.8026,-0.0863,-0.0,-0.0,-37.4879,98.98 100.93 0 0,-0.1656,False,True,0.1162
407,oito40,101.4435,99.8038,-0.092,-0.0,-0.0,-40.0452,98.98 100.93 0 0,-0.1601,False,True,0.1172
408,oito40,101.4493,99.8047,-0.0971,-0.0,-0.0,-42.5298,98.98 100.93 0 0,-0.1548,False,True,0.1182
409,oito40,101.4552,99.8055,-0.1017,-0.0,-0.0,-44.944,98.98 100.93 0 0,-0.1496,False,True,0.1192
410,oito40,101.4612,99.8062,-0.1054,-0.0,-0.0,-47.29,98.98 100.93 0 0,-0.1445,False,True,0.1201
411,oito41,101.4672,99.8066,-0.1082,-0.0,-0.0,-49.5699,98.86 101.02 0 0,-0.1397,False,True,0.1209
412,oito41,101.4733,99.8069,-0.1101,-0.0,-0.0,-51.7853,98.86 101.02 0 0,-0.1349,False,True,0.1218
413,oito41,101.4794,99.807,-0.1109,-0.0,-0.0,-53.9382,98.86 101.02 0 0,-0.1303,False,True,0.1227
414,oito41,101.4856,99.807,-0.1107,-0.0,-0.0,-56.0303,98.86 101.02 0 0,-0.1258,False,True,0.1235
415,oito41,101.4918,99.8067,-0.1093,-0.0,-0.0,-58.0632,98.86 101.02 0 0,-0.1214,False,True,0.1244
416,oito41,101.4981,99.8063,-0.1069,-0.0,-0.0,-60.0385,98.86 101.02 0 0,-0.1172,False,True,0.1253
417,oito41,101.5043,99.8057,-0.1036,-0.0,-0.0,-61.9578,98.86 101.02 0 0,-0.1131,False,True,0.126
418,oito41,101.5106,99.8049,-0.0994,-0.0,-0.0,-63.8224,98.86 101.02 0 0,-0.1091,False,True,0.1268
419,oito41,101.5169,99.804,-0.0944,-0.0,-0.0,-65.6338,98.86 101.02 0 0,-0.1053,False,True,0.1274
420,oito41,101.5232,99.8028,-0.0889,-0.0,-0.0,-67.3932,98.86 101.02 0 0,-0.1015,False,True,0.1283
421,oito42,101.5296,99.8016,-0.0829,-0.0,-0.0,-69.1019,98.73 101.09 0 0,-0.0979,False,True,0.129
422,oito42,101.5359,99.8001,-0.0768,-0.0,-0.0,-70.761,98.73 101.09 0 0,-0.0944,False,True,0.1297
423,oito42,101.5422,99.7984,-0.0706,-0.0,-0.0,-72.3717,98.73 101.09 0 0,-0.0909,False,True,0.1306
424,oito42,101.5485,99.7966,-0.0646,-0.0,-0.0,-73.935,98.73 101.09 0 0,-0.0875,False,True,0.1314
425,oito42,101.5548,99.7946,-0.059,-0.0,-0.0,-75.4518,98.73 101.09 0 0,-0.0843,False,True,0.1322
426,oito42,101.5611,99.7924,-0.0538,-0.0,-0.0,-76.9233,98.73 101.09 0 0,-0.081,False,True,0.133
427,oito42,101.5674,99.7901,-0.0494,-0.0,-0.0,-78.3503,98.73 101.09 0 0,-0.0779,False,True,0.1336
428,oito42,101.5736,99.7877,-0.0457,-0.0,-0.0,-79.7337,98.73 101.09 0 0,-0.0749,False,True,0.1343
429,oito42,101.5798,99.785,-0.043,-0.0,-0.0,-81.0743,98.73 101.09 0 0,-0.0719,False,True,0.135
430,oito42,101.586,99.7822,-0.0412,-0.0,-0.0,-82.3729,98.73 101.09 0 0,-0.0689,False,True,0.1355
431,oito43,101.5921,99.7793,-0.0404,-0.0,-0.0,-83.6303,98.6 101.16 0 0,-0.0661,False,True,0.1362
432,oito43,101.5983,99.7763,-0.0408,-0.0,-0.0,-84.8472,98.6 101.16 0 0,-0.0632,False,True,0.1367
433,oito43,101.6043,99.7731,-0.0422,-0.0,-0.0,-86.0242,98.6 101.16 0 0,-0.0605,False,True,0.1375
434,oito43,101.6104,99.7697,-0.0446,-0.0,-0.0,-87.162,98.6 101.16 0 0,-0.0578,False,True,0.1378
435,oito43,101.6164,99.7662,-0.048,-0.0,-0.0,-88.2611,98.6 101.16 0 0,-0.0551,False,True,0.1384
436,oito43,101.6223,99.7626,-0.0523,-0.0,-0.0,-89.3223,98.6 101.16 0 0,-0.0525,False,True,0.139
437,oito43,101.6282,99.7589,-0.0573,-0.0,-0.0,-90.346,98.6 101.16 0 0,-0.05,False,True,0.1392
438,oito43,101.634,99.7551,-0.0628,-0.0,-0.0,-91.3327,98.6 101.16 0 0,-0.0475,False,True,0.1396
439,oito43,101.6398,99.7512,-0.0687,-0.0,-0.0,-92.283,98.6 101.16 0 0,-0.0451,False,True,0.1399
440,oito43,101.6455,99.7471,-0.0749,-0.0,-0.0,-93.1973,98.6 101.16 0 0,-0.0427,False,True,0.1402
441,oito44,101.6512,99.743,-0.081,-0.0,-0.0,-94.0761,98.46 101.21 0 0,-0.0404,False,True,0.1403
442,oito44,101.6568,99.7388,-0.087,-0.0,-0.0,-94.9198,98.46 101.21 0 0,-0.0381,False,True,0.1405
443,oito44,101.6624,99.7344,-0.0926,-0.0,-0.0,-95.7287,98.46 101.21 0 0,-0.0358,False,True,0.1408
444,oito44,101.6678,99.73,-0.0977,-0.0,-0.0,-96.5034,98.46 101.21 0 0,-0.0336,False,True,0.1407
445,oito44,101.6733,99.7255,-0.1021,-0.0,-0.0,-97.244,98.46 101.21 0 0,-0.0313,False,True,0.141
446,oito44,101.6786,99.7209,-0.1056,-0.0,-0.0,-97.951,98.46 101.21 0 0,-0.0291,False,True,0.141
447,oito44,101.6839,99.7162,-0.1083,-0.0,-0.0,-98.6246,98.46 101.21 0 0,-0.0269,False,True,0.141
448,oito44,101.6891,99.7115,-0.11,-0.0,-0.0,-99.2651,98.46 101.21 0 0,-0.0247,False,True,0.1408
449,oito44,101.6942,99.7067,-0.1107,-0.0,-0.0,-99.8727,98.46 101.21 0 0,-0.0225,False,True,0.1408
450,oito44,101.6993,99.7018,-0.1103,-0.0,-0.0,-100.4476,98.46 101.21 0 0,-0.0204,False,True,0.1406
451,oito45,101.7043,99.6969,-0.1089,-0.0,-0.0,-100.99,98.31 101.24 0 0,-0.0183,False,True,0.1404
452,oito45,101.7092,99.6919,-0.1064,-0.0,-0.0,-101.5003,98.31 101.24 0 0,-0.0162,False,True,0.1402
453,oito45,101.714,99.6868,-0.1029,-0.0,-0.0,-101.9785,98.31 101.24 0 0,-0.0141,False,True,0.1401
454,oito45,101.7188,99.6817,-0.0986,-0.0,-0.0,-102.425,98.31 101.24 0 0,-0.012,False,True,0.1399
455,oito45,101.7235,99.6765,-0.0936,-0.0,-0.0,-102.8398,98.31 101.24 0 0,-0.01,False,True,0.1396
456,oito45,101.7281,99.6713,-0.088,-0.0,-0.0,-103.2229,98.31 101.24 0 0,-0.008,False,True,0.1394
457,oito45,101.7326,99.666,-0.0821,-0.0,-0.0,-103.5745,98.31 101.24 0 0,-0.006,False,True,0.1392
458,oito45,101.737,99.6606,-0.0759,-0.0,-0.0,-103.8945,98.31 101.24 0 0,-0.0041,False,True,0.1388
459,oito45,101.7414,99.6553,-0.0698,-0.0,-0.0,-104.1831,98.31 101.24 0 0,-0.0021,False,True,0.1384
460,oito45,101.7457,99.6498,-0.0639,-0.0,-0.0,-104.4403,98.31 101.24 0 0,-0.0002,False,True,0.1383
461,oito46,101.7499,99.6444,-0.0583,-0.0,-0.0,-104.6659,98.16 101.25 0 0,0.0018,False,True,0.1377
462,oito46,101.754,99.6389,-0.0533,-0.0,-0.0,-104.8603,98.16 101.25 0 0,0.0037,False,True,0.1375
463,oito46,101.758,99.6333,-0.049,-0.0,-0.0,-105.0233,98.16 101.25 0 0,0.0057,False,True,0.1373
464,oito46,101.762,99.6278,-0.0455,-0.0,-0.0,-105.1549,98.16 101.25 0 0,0.0076,False,True,0.137
465,oito46,101.7659,99.6221,-0.0428,-0.0,-0.0,-105.2551,98.16 101.25 0 0,0.0096,False,True,0.1367
466,oito46,101.7697,99.6165,-0.0412,-0.0,-0.0,-105.3237,98.16 101.25 0 0,0.0116,False,True,0.1365
467,oito46,101.7734,99.6107,-0.0406,-0.0,-0.0,-105.3606,98.16 101.25 0 0,0.0136,False,True,0.1362
468,oito46,101.777,99.605,-0.0411,-0.0,-0.0,-105.3656,98.16 101.25 0 0,0.0142,False,True,0.136
469,oito46,101.7806,99.5992,-0.0426,-0.0,-0.0,-105.3386,98.16 101.25 0 0,0.0118,False,True,0.1357
470,oito46,101.7841,99.5934,-0.0452,-0.0,-0.0,-105.2794,98.16 101.25 0 0,0.0093,False,True,0.1354
471,oito47,101.7875,99.5876,-0.0487,-0.0,-0.0,-105.1877,98.02 101.21 0 0,0.0068,False,True,0.1352
472,oito47,101.7908,99.5817,-0.053,-0.0,-0.0,-105.0637,98.02 101.21 0 0,0.0044,False,True,0.1351
473,oito47,101.7941,99.5758,-0.0581,-0.0,-0.0,-104.9073,98.02 101.21 0 0,0.0019,False,True,0.135
474,oito47,101.7973,99.5699,-0.0636,-0.0,-0.0,-104.7183,98.02 101.21 0 0,-0.0006,False,True,0.1349
475,oito47,101.8004,99.5639,-0.0696,-0.0,-0.0,-104.4966,98.02 101.21 0 0,-0.0032,False,True,0.1347
476,oito47,101.8035,99.5579,-0.0757,-0.0,-0.0,-104.2419,98.02 101.21 0 0,-0.0057,False,True,0.1347
477,oito47,101.8064,99.5518,-0.0818,-0.0,-0.0,-103.954,98.02 101.21 0 0,-0.0083,False,True,0.1346
478,oito47,101.8094,99.5458,-0.0877,-0.0,-0.0,-103.6328,98.02 101.21 0 0,-0.0108,False,True,0.1347
479,oito47,101.8122,99.5397,-0.0932,-0.0,-0.0,-103.2781,98.02 101.21 0 0,-0.0133,False,True,0.1347
480,oito47,101.815,99.5336,-0.0982,-0.0,-0.0,-102.8896,98.02 101.21 0 0,-0.0159,False,True,0.1347
481,oito48,101.8178,99.5274,-0.1024,-0.0,-0.0,-102.4672,97.89 101.13 0 0,-0.0184,False,True,0.1346
482,oito48,101.8204,99.5212,-0.1059,-0.0,-0.0,-102.0109,97.89 101.13 0 0,-0.0209,False,True,0.1348
483,oito48,101.8231,99.515,-0.1085,-0.0,-0.0,-101.5209,97.89 101.13 0 0,-0.0234,False,True,0.135
484,oito48,101.8257,99.5088,-0.11,-0.0,-0.0,-100.9969,97.89 101.13 0 0,-0.0259,False,True,0.135
485,oito48,101.8282,99.5025,-0.1106,-0.0,-0.0,-100.4387,97.89 101.13 0 0,-0.0284,False,True,0.1354
486,oito48,101.8308,99.4962,-0.11,-0.0,-0.0,-99.8461,97.89 101.13 0 0,-0.0308,False,True,0.1357
487,oito48,101.8332,99.4899,-0.1084,-0.0,-0.0,-99.219,97.89 101.13 0 0,-0.0333,False,True,0.1359
488,oito48,101.8357,99.4835,-0.1058,-0.0,-0.0,-98.5571,97.89 101.13 0 0,-0.0358,False,True,0.1361
489,oito48,101.8381,99.4772,-0.1022,-0.0,-0.0,-97.8603,97.89 101.13 0 0,-0.0383,False,True,0.1363
490,oito48,101.8405,99.4708,-0.0979,-0.0,-0.0,-97.1283,97.89 101.13 0 0,-0.0408,False,True,0.1367
491,oito49,101.8429,99.4643,-0.0928,-0.0,-0.0,-96.361,97.78 101.02 0 0,-0.0434,False,True,0.137
492,oito49,101.8453,99.4579,-0.0872,-0.0,-0.0,-95.5585,97.78 101.02 0 0,-0.0458,False,True,0.1373
493,oito49,101.8476,99.4514,-0.0812,-0.0,-0.0,-94.7209,97.78 101.02 0 0,-0.0483,False,True,0.1378
494,oito49,101.85,99.4449,-0.0751,-0.0,-0.0,-93.8481,97.78 101.02 0 0,-0.0509,False,True,0.1382
495,oito49,101.8524,99.4384,-0.069,-0.0,-0.0,-92.9397,97.78 101.02 0 0,-0.0533,False,True,0.1387
496,oito49,101.8548,99.4319,-0.0632,-0.0,-0.0,-91.9957,97.78 101.02 0 0,-0.0559,False,True,0.139
497,oito49,101.8572,99.4253,-0.0577,-0.0,-0.0,-91.0159,97.78 101.02 0 0,-0.0584,False,True,0.1396
498,oito49,101.8596,99.4188,-0.0528,-0.0,-0.0,-90.0,97.78 101.02 0 0,-0.0609,False,True,0.1399
499,oito49,101.862,99.4122,-0.0486,-0.0,-0.0,-88.948,97.78 101.02 0 0,-0.0633,False,True,0.1406
500,oito49,101.8645,99.4056,-0.0452,-0.0,-0.0,-87.8596,97.78 101.02 0 0,-0.0658,False,True,0.141
501,oito50,101.8671,99.399,-0.0427,-0.0,-0.0,-86.7346,97.7 100.9 0 0,-0.0682,False,True,0.1416
502,oito50,101.8697,99.3924,-0.0412,-0.0,-0.0,-85.5732,97.7 100.9 0 0,-0.0706,False,True,0.142
503,oito50,101.8723,99.3858,-0.0408,-0.0,-0.0,-84.3756,97.7 100.9 0 0,-0.073,False,True,0.1427
504,oito50,101.875,99.3791,-0.0414,-0.0,-0.0,-83.1414,97.7 100.9 0 0,-0.0754,False,True,0.1431
505,oito50,101.8778,99.3725,-0.043,-0.0,-0.0,-81.8706,97.7 100.9 0 0,-0.0777,False,True,0.1439
506,oito50,101.8807,99.3659,-0.0457,-0.0,-0.0,-80.563,97.7 100.9 0 0,-0.0801,False,True,0.1444
507,oito50,101.8836,99.3593,-0.0493,-0.0,-0.0,-79.2185,97.7 100.9 0 0,-0.0824,False,True,0.1452
508,oito50,101.8867,99.3526,-0.0537,-0.0,-0.0,-77.8368,97.7 100.9 0 0,-0.0848,False,True,0.1457
509,oito50,101.8898,99.346,-0.0588,-0.0,-0.0,-76.4179,97.7 100.9 0 0,-0.0871,False,True,0.1465
510,oito50,101.8931,99.3394,-0.0645,-0.0,-0.0,-74.9615,97.7 100.9 0 0,-0.0895,False,True,0.1471
511,oito51,101.8965,99.3328,-0.0704,-0.0,-0.0,-73.4675,97.63 100.76 0 0,-0.0918,False,True,0.148
512,oito51,101.9,99.3263,-0.0765,-0.0,-0.0,-71.9361,97.63 100.76 0 0,-0.0941,False,True,0.1488
513,oito51,101.9036,99.3197,-0.0826,-0.0,-0.0,-70.3676,97.63 100.76 0 0,-0.0964,False,True,0.1497
514,oito51,101.9074,99.3132,-0.0884,-0.0,-0.0,-68.7616,97.63 100.76 0 0,-0.0987,False,True,0.1506
515,oito51,101.9114,99.3067,-0.0938,-0.0,-0.0,-67.1182,97.63 100.76 0 0,-0.1009,False,True,0.1516
516,oito51,101.9154,99.3003,-0.0987,-0.0,-0.0,-65.437,97.63 100.76 0 0,-0.1031,False,True,0.1527
517,oito51,101.9197,99.2939,-0.1029,-0.0,-0.0,-63.7181,97.63 100.76 0 0,-0.1053,False,True,0.1537
518,oito51,101.9241,99.2875,-0.1062,-0.0,-0.0,-61.9613,97.63 100.76 0 0,-0.1075,False,True,0.1548
519,oito51,101.9287,99.2812,-0.1086,-0.0,-0.0,-60.1665,97.63 100.76 0 0,-0.1096,False,True,0.1562
520,oito51,101.9335,99.275,-0.11,-0.0,-0.0,-58.3335,97.63 100.76 0 0,-0.1117,False,True,0.1573
521,oito52,101.9384,99.2688,-0.1104,-0.0,-0.0,-56.4622,97.58 100.62 0 0,-0.1138,False,True,0.1588
522,oito52,101.9436,99.2626,-0.1097,-0.0,-0.0,-54.5529,97.58 100.62 0 0,-0.1159,False,True,0.1603
523,oito52,101.9489,99.2566,-0.108,-0.0,-0.0,-52.6056,97.58 100.62 0 0,-0.118,False,True,0.1616
524,oito52,101.9545,99.2506,-0.1053,-0.0,-0.0,-50.6204,97.58 100.62 0 0,-0.12,False,True,0.1634
525,oito52,101.9602,99.2446,-0.1016,-0.0,-0.0,-48.597,97.58 100.62 0 0,-0.1221,False,True,0.1651
526,oito52,101.9662,99.2388,-0.0971,-0.0,-0.0,-46.5355,97.58 100.62 0 0,-0.1242,False,True,0.1667
527,oito52,101.9724,99.2331,-0.092,-0.0,-0.0,-44.4356,97.58 100.62 0 0,-0.1262,False,True,0.1686
528,oito52,101.9788,99.2274,-0.0864,-0.0,-0.0,-42.2972,97.58 100.62 0 0,-0.1283,False,True,0.1705
529,oito52,101.9854,99.2219,-0.0804,-0.0,-0.0,-40.1204,97.58 100.62 0 0,-0.1305,False,True,0.1724
530,oito52,101.9922,99.2165,-0.0743,-0.0,-0.0,-37.905,97.58 100.62 0 0,-0.1326,False,True,0.1745
531,oito53,101.9992,99.2112,-0.0683,-0.0,-0.0,-35.6509,97.55 100.48 0 0,-0.1347,False,True,0.1766
532,oito53,102.0065,99.206,-0.0625,-0.0,-0.0,-33.3584,97.55 100.48 0 0,-0.1368,False,True,0.1787
533,oito53,102.014,99.2009,-0.0571,-0.0,-0.0,-31.0276,97.55 100.48 0 0,-0.1389,False,True,0.181
534,oito53,102.0217,99.196,-0.0523,-0.0,-0.0,-28.6585,97.55 100.48 0 0,-0.141,False,True,0.1832
535,oito53,102.0297,99.1912,-0.0482,-0.0,-0.0,-26.251,97.55 100.48 0 0,-0.143,False,True,0.1856
536,oito53,102.0378,99.1865,-0.0449,-0.0,-0.0,-23.805,97.55 100.48 0 0,-0.1451,False,True,0.1877
537,oito53,102.0462,99.182,-0.0425,-0.0,-0.0,-21.3204,97.55 100.48 0 0,-0.1472,False,True,0.1901
538,oito53,102.0548,99.1777,-0.0412,-0.0,-0.0,-18.7973,97.55 100.48 0 0,-0.1493,False,True,0.1924
539,oito53,102.0636,99.1735,-0.0409,-0.0,-0.0,-16.2355,97.55 100.48 0 0,-0.1514,False,True,0.1948
540,oito53,102.0726,99.1695,-0.0416,-0.0,-0.0,-13.6349,97.55 100.48 0 0,-0.1536,False,True,0.197
541,oito54,102.0818,99.1657,-0.0434,-0.0,-0.0,-11.057,97.52 100.33 0 0,-0.1476,False,True,0.1993
542,oito54,102.0912,99.162,-0.0462,-0.0,-0.0,-8.5558,97.52 100.33 0 0,-0.1417,False,True,0.2018
543,oito54,102.1008,99.1586,-0.0499,-0.0,-0.0,-6.1293,97.52 100.33 0 0,-0.1361,False,True,0.2039
544,oito54,102.1105,99.1553,-0.0545,-0.0,-0.0,-3.7752,97.52 100.33 0 0,-0.1306,False,True,0.206
545,oito54,102.1205,99.1522,-0.0596,-0.0,-0.0,-1.4914,97.52 100.33 0 0,-0.1253,False,True,0.2083
546,oito54,102.1306,99.1493,-0.0653,-0.0,0.0,0.724,97.52 100.33 0 0,-0.1202,False,True,0.2103
547,oito54,102.1409,99.1465,-0.0713,-0.0,0.0,2.8731,97.52 100.33 0 0,-0.1152,False,True,0.2124
548,oito54,102.1513,99.144,-0.0773,-0.0,0.0,4.9576,97.52 100.33 0 0,-0.1104,False,True,0.2142
549,oito54,102.1618,99.1416,-0.0834,-0.0,0.0,6.9791,97.52 100.33 0 0,-0.1057,False,True,0.2163
550,oito54,102.1725,99.1394,-0.0891,-0.0,0.0,8.9394,97.52 100.33 0 0,-0.1012,False,True,0.2179
551,oito55,102.1833,99.1374,-0.0945,-0.0,0.0,10.84,97.51 100.18 0 0,-0.0967,False,True,0.2198
552,oito55,102.1942,99.1355,-0.0992,-0.0,0.0,12.682,97.51 100.18 0 0,-0.0923,False,True,0.2216
553,oito55,102.2052,99.1339,-0.1033,-0.0,0.0,14.4665,97.51 100.18 0 0,-0.0881,False,True,0.223
554,oito55,102.2164,99.1324,-0.1065,-0.0,0.0,16.1949,97.51 100.18 0 0,-0.0839,False,True,0.2246
555,oito55,102.2276,99.1311,-0.1088,-0.0,0.0,17.8684,97.51 100.18 0 0,-0.0798,False,True,0.2261
556,oito55,102.2389,99.1299,-0.11,-0.0,0.0,19.4882,97.51 100.18 0 0,-0.0758,False,True,0.2274
557,oito55,102.2503,99.129,-0.1103,-0.0,0.0,21.0554,97.51 100.18 0 0,-0.0719,False,True,0.2288
558,oito55,102.2618,99.1282,-0.1095,-0.0,0.0,22.5711,97.51 100.18 0 0,-0.0681,False,True,0.2302
559,oito55,102.2733,99.1276,-0.1076,-0.0,0.0,24.0363,97.51 100.18 0 0,-0.0643,False,True,0.2312
560,oito55,102.285,99.1272,-0.1048,-0.0,0.0,25.452,97.51 100.18 0 0,-0.0607,False,True,0.2325
561,oito56,102.2966,99.1269,-0.101,-0.0,0.0,26.819,97.5 100.03 0 0,-0.0571,False,True,0.2335
562,oito56,102.3084,99.1268,-0.0964,-0.0,0.0,28.138,97.5 100.03 0 0,-0.0536,False,True,0.2347
563,oito56,102.3201,99.1269,-0.0912,-0.0,0.0,29.4094,97.5 100.03 0 0,-0.0502,False,True,0.2358
564,oito56,102.332,99.1272,-0.0855,-0.0,0.0,30.6341,97.5 100.03 0 0,-0.0468,False,True,0.2366
565,oito56,102.3438,99.1277,-0.0796,-0.0,0.0,31.8128,97.5 100.03 0 0,-0.0436,False,True,0.2376
566,oito56,102.3558,99.1283,-0.0735,-0.0,0.0,32.9461,97.5 100.03 0 0,-0.0404,False,True,0.2385
567,oito56,102.3677,99.1292,-0.0675,-0.0,0.0,34.0348,97.5 100.03 0 0,-0.0372,False,True,0.2394
568,oito56,102.3797,99.1302,-0.0618,-0.0,0.0,35.0793,97.5 100.03 0 0,-0.0341,False,True,0.2404
569,oito56,102.3917,99.1314,-0.0565,-0.0,0.0,36.0803,97.5 100.03 0 0,-0.0311,False,True,0.2412
570,oito56,102.4037,99.1327,-0.0517,-0.0,0.0,37.0384,97.5 100.03 0 0,-0.028,False,True,0.2421
571,oito57,102.4157,99.1343,-0.0478,-0.0,0.0,37.9539,97.5 99.88 0 0,-0.0251,False,True,0.2429
572,oito57,102.4278,99.1359,-0.0446,-0.0,0.0,38.8271,97.5 99.88 0 0,-0.0221,False,True,0.2438
573,oito57,102.4399,99.1378,-0.0424,-0.0,0.0,39.6582,97.5 99.88 0 0,-0.0191,False,True,0.2445
574,oito57,102.452,99.1398,-0.0412,-0.0,0.0,40.4475,97.5 99.88 0 0,-0.0162,False,True,0.2452
575,oito57,102.4641,99.142,-0.041,-0.0,0.0,41.1954,97.5 99.88 0 0,-0.0132,False,True,0.2462
576,oito57,102.4762,99.1443,-0.0419,-0.0,0.0,41.9022,97.5 99.88 0 0,-0.0104,False,True,0.2467
577,oito57,102.4884,99.1468,-0.0438,-0.0,0.0,42.5683,97.5 99.88 0 0,-0.0075,False,True,0.2476
578,oito57,102.5005,99.1494,-0.0467,-0.0,0.0,43.1938,97.5 99.88 0 0,-0.0047,False,True,0.2482
579,oito57,102.5126,99.1522,-0.0506,-0.0,0.0,43.7791,97.5 99.88 0 0,-0.0019,False,True,0.2491
580,oito57,102.5248,99.1551,-0.0552,-0.0,0.0,44.3243,97.5 99.88 0 0,0.0009,False,True,0.2497
581,oito58,102.5369,99.1581,-0.0604,-0.0,0.0,44.8297,97.51 99.73 0 0,0.0037,False,True,0.2504
582,oito58,102.5491,99.1612,-0.0661,-0.0,0.0,45.295,97.51 99.73 0 0,0.0065,False,True,0.2512
583,oito58,102.5612,99.1645,-0.0721,-0.0,0.0,45.7202,97.51 99.73 0 0,0.0092,False,True,0.2516
584,oito58,102.5734,99.1678,-0.0781,-0.0,0.0,46.1053,97.51 99.73 0 0,0.012,False,True,0.2523
585,oito58,102.5856,99.1713,-0.0841,-0.0,0.0,46.4504,97.51 99.73 0 0,0.0148,False,True,0.253
586,oito58,102.5977,99.1749,-0.0898,-0.0,0.0,46.7555,97.51 99.73 0 0,0.0175,False,True,0.2536
587,oito58,102.6099,99.1785,-0.0951,-0.0,0.0,47.0206,97.51 99.73 0 0,0.0203,False,True,0.2541
588,oito58,102.6221,99.1822,-0.0998,-0.0,0.0,47.2458,97.51 99.73 0 0,0.0231,False,True,0.2546
589,oito58,102.6343,99.1861,-0.1037,-0.0,0.0,47.4309,97.51 99.73 0 0,0.0259,False,True,0.2552
590,oito58,102.6464,99.1899,-0.1068,-0.0,0.0,47.5759,97.51 99.73 0 0,0.0288,False,True,0.2558
591,oito59,102.6586,99.1939,-0.1089,-0.0,0.0,47.6806,97.54 99.58 0 0,0.0317,False,True,0.2562
592,oito59,102.6708,99.1979,-0.1101,-0.0,0.0,47.7446,97.54 99.58 0 0,0.0346,False,True,0.2568
593,oito59,102.683,99.202,-0.1102,-0.0,0.0,47.7675,97.54 99.58 0 0,0.0376,False,True,0.2572
594,oito59,102.6952,99.2061,-0.1092,-0.0,0.0,47.7491,97.54 99.58 0 0,0.0353,False,True,0.2577
595,oito59,102.7074,99.2103,-0.1072,-0.0,0.0,47.6892,97.54 99.58 0 0,0.0325,False,True,0.2582
596,oito59,102.7197,99.2145,-0.1042,-0.0,0.0,47.5875,97.54 99.58 0 0,0.0297,False,True,0.2586
597,oito59,102.7319,99.2188,-0.1004,-0.0,0.0,47.4437,97.54 99.58 0 0,0.0268,False,True,0.2589
598,oito59,102.7441,99.2231,-0.0957,-0.0,0.0,47.2577,97.54 99.58 0 0,0.024,False,True,0.2595
599,oito59,102.7564,99.2274,-0.0905,-0.0,0.0,47.0293,97.54 99.58 0 0,0.0211,False,True,0.2599
600,oito59,102.7687,99.2317,-0.0848,-0.0,0.0,46.7581,97.54 99.58 0 0,0.0181,False,True,0.2604
601,oito60,102.781,99.2361,-0.0788,-0.0,0.0,46.444,97.57 99.44 0 0,0.0152,False,True,0.2609
602,oito60,102.7933,99.2404,-0.0727,-0.0,0.0,46.0865,97.57 99.44 0 0,0.0122,False,True,0.2613
603,oito60,102.8056,99.2448,-0.0667,-0.0,0.0,45.6851,97.57 99.44 0 0,0.0092,False,True,0.2616
604,oito60,102.818,99.2492,-0.0611,-0.0,0.0,45.2397,97.57 99.44 0 0,0.0062,False,True,0.2623
605,oito60,102.8304,99.2535,-0.0558,-0.0,0.0,44.7499,97.57 99.44 0 0,0.0032,False,True,0.2627
606,oito60,102.8428,99.2579,-0.0512,-0.0,0.0,44.2158,97.57 99.44 0 0,0.0002,False,True,0.2631
607,oito60,102.8552,99.2623,-0.0473,-0.0,0.0,43.6369,97.57 99.44 0 0,-0.0028,False,True,0.2636
608,oito60,102.8677,99.2666,-0.0443,-0.0,0.0,43.0132,97.57 99.44 0 0,-0.0058,False,True,0.2641
609,oito60,102.8802,99.271,-0.0422,-0.0,0.0,42.3445,97.57 99.44 0 0,-0.0087,False,True,0.2646
610,oito60,102.8927,99.2753,-0.0412,-0.0,0.0,41.6306,97.57 99.44 0 0,-0.0117,False,True,0.2652
611,oito61,102.9053,99.2796,-0.0411,-0.0,0.0,40.8712,97.61 99.29 0 0,-0.0147,False,True,0.2657
612,oito61,102.9179,99.2839,-0.0421,-0.0,0.0,40.0661,97.61 99.29 0 0,-0.0177,False,True,0.2663
613,oito61,102.9305,99.2881,-0.0442,-0.0,0.0,39.2147,97.61 99.29 0 0,-0.0206,False,True,0.2669
614,oito61,102.9432,99.2923,-0.0472,-0.0,0.0,38.317,97.61 99.29 0 0,-0.0237,False,True,0.2674
615,oito61,102.956,99.2964,-0.0512,-0.0,0.0,37.3727,97.61 99.29 0 0,-0.0267,False,True,0.268
616,oito61,102.9688,99.3005,-0.0559,-0.0,0.0,36.3818,97.61 99.29 0 0,-0.0297,False,True,0.2686
617,oito61,102.9816,99.3046,-0.0611,-0.0,0.0,35.3441,97.61 99.29 0 0,-0.0328,False,True,0.2691
618,oito61,102.9945,99.3086,-0.0669,-0.0,0.0,34.2596,97.61 99.29 0 0,-0.0358,False,True,0.2698
619,oito61,103.0074,99.3125,-0.0729,-0.0,0.0,33.128,97.61 99.29 0 0,-0.0388,False,True,0.2705
620,oito61,103.0204,99.3164,-0.0789,-0.0,0.0,31.9493,97.61 99.29 0 0,-0.0419,False,True,0.2714
621,oito62,103.0335,99.3202,-0.0849,-0.0,0.0,30.7234,97.67 99.15 0 0,-0.0449,False,True,0.2719
622,oito62,103.0466,99.324,-0.0905,-0.0,0.0,29.45,97.67 99.15 0 0,-0.0479,False,True,0.2727
623,oito62,103.0597,99.3276,-0.0957,-0.0,0.0,28.1287,97.67 99.15 0 0,-0.051,False,True,0.2732
624,oito62,103.073,99.3312,-0.1003,-0.0,0.0,26.7595,97.67 99.15 0 0,-0.054,False,True,0.2741
625,oito62,103.0863,99.3347,-0.1041,-0.0,0.0,25.3423,97.67 99.15 0 0,-0.057,False,True,0.2747
626,oito62,103.0996,99.3381,-0.1071,-0.0,0.0,23.8771,97.67 99.15 0 0,-0.0599,False,True,0.2754
627,oito62,103.113,99.3414,-0.1091,-0.0,0.0,22.3638,97.67 99.15 0 0,-0.0628,False,True,0.2763
628,oito62,103.1265,99.3446,-0.1101,-0.0,0.0,20.8024,97.67 99.15 0 0,-0.0657,False,True,0.2768
629,oito62,103.14,99.3477,-0.11,-0.0,0.0,19.1929,97.67 99.15 0 0,-0.0686,False,True,0.2777
630,oito62,103.1536,99.3507,-0.109,-0.0,0.0,17.5353,97.67 99.15 0 0,-0.0715,False,True,0.2784
631,oito63,103.1673,99.3536,-0.1068,-0.0,0.0,15.8295,97.75 99.03 0 0,-0.0743,False,True,0.2792
632,oito63,103.181,99.3563,-0.1037,-0.0,0.0,14.0753,97.75 99.03 0 0,-0.0772,False,True,0.2799
633,oito63,103.1948,99.3589,-0.0998,-0.0,0.0,12.2726,97.75 99.03 0 0,-0.0801,False,True,0.2806
634,oito63,103.2086,99.3614,-0.095,-0.0,0.0,10.4213,97.75 99.03 0 0,-0.083,False,True,0.2811
635,oito63,103.2225,99.3637,-0.0897,-0.0,0.0,8.5215,97.75 99.03 0 0,-0.0859,False,True,0.2819
636,oito63,103.2365,99.3659,-0.084,-0.0,0.0,6.5733,97.75 99.03 0 0,-0.0888,False,True,0.2824
637,oito63,103.2505,99.3679,-0.078,-0.0,0.0,4.5766,97.75 99.03 0 0,-0.0917,False,True,0.2832
638,oito63,103.2646,99.3697,-0.0719,-0.0,0.0,2.5316,97.75 99.03 0 0,-0.0946,False,True,0.2838
639,oito63,103.2787,99.3714,-0.066,-0.0,0.0,0.4996,97.75 99.03 0 0,-0.0894,False,True,0.2843
640,oito63,103.2928,99.3729,-0.0604,-0.0,-0.0,-1.4651,97.75 99.03 0 0,-0.0843,False,True,0.2849
641,oito64,103.3071,99.3742,-0.0552,-0.0,-0.0,-3.364,97.84 98.91 0 0,-0.0793,False,True,0.2855
642,oito64,103.3213,99.3753,-0.0507,-0.0,-0.0,-5.199,97.84 98.91 0 0,-0.0744,False,True,0.2861
643,oito64,103.3356,99.3763,-0.0469,-0.0,-0.0,-6.9717,97.84 98.91 0 0,-0.0696,False,True,0.2863
644,oito64,103.3499,99.3771,-0.044,-0.0,-0.0,-8.6835,97.84 98.91 0 0,-0.0648,False,True,0.2869
645,oito64,103.3643,99.3777,-0.0421,-0.0,-0.0,-10.3357,97.84 98.91 0 0,-0.0602,False,True,0.2871
646,oito64,103.3786,99.3782,-0.0411,-0.0,-0.0,-11.9294,97.84 98.91 0 0,-0.0556,False,True,0.2875
647,oito64,103.393,99.3785,-0.0413,-0.0,-0.0,-13.466,97.84 98.91 0 0,-0.0511,False,True,0.2878
648,oito64,103.4074,99.3786,-0.0424,-0.0,-0.0,-14.9464,97.84 98.91 0 0,-0.0467,False,True,0.2882
649,oito64,103.4219,99.3785,-0.0446,-0.0,-0.0,-16.3717,97.84 98.91 0 0,-0.0423,False,True,0.2884
650,oito64,103.4363,99.3783,-0.0478,-0.0,-0.0,-17.7429,97.84 98.91 0 0,-0.038,False,True,0.2889
651,oito65,103.4507,99.3778,-0.0518,-0.0,-0.0,-19.0608,97.96 98.82 0 0,-0.0338,False,True,0.2891
652,oito65,103.4652,99.3773,-0.0565,-0.0,-0.0,-20.3266,97.96 98.82 0 0,-0.0296,False,True,0.2894
653,oito65,103.4797,99.3765,-0.0619,-0.0,-0.0,-21.5412,97.96 98.82 0 0,-0.0255,False,True,0.2896
654,oito65,103.4941,99.3756,-0.0677,-0.0,-0.0,-22.7053,97.96 98.82 0 0,-0.0215,False,True,0.2896
655,oito65,103.5086,99.3745,-0.0737,-0.0,-0.0,-23.8196,97.96 98.82 0 0,-0.0176,False,True,0.2898
656,oito65,103.523,99.3732,-0.0797,-0.0,-0.0,-24.8849,97.96 98.82 0 0,-0.0136,False,True,0.2901
657,oito65,103.5375,99.3718,-0.0856,-0.0,-0.0,-25.9017,97.96 98.82 0 0,-0.0097,False,True,0.2903
658,oito65,103.5519,99.3702,-0.0912,-0.0,-0.0,-26.8706,97.96 98.82 0 0,-0.0058,False,True,0.2903
659,oito65,103.5663,99.3684,-0.0963,-0.0,-0.0,-27.7921,97.96 98.82 0 0,-0.0019,False,True,0.2906
660,oito65,103.5807,99.3665,-0.1008,-0.0,-0.0,-28.6667,97.96 98.82 0 0,0.0019,False,True,0.2909
661,oito66,103.5951,99.3645,-0.1045,-0.0,-0.0,-29.4949,98.1 98.77 0 0,0.0058,False,True,0.2911
662,oito66,103.6095,99.3623,-0.1073,-0.0,-0.0,-30.2771,98.1 98.77 0 0,0.0097,False,True,0.2912
663,oito66,103.6239,99.36,-0.1092,-0.0,-0.0,-31.014,98.1 98.77 0 0,0.0136,False,True,0.2914
664,oito66,103.6383,99.3575,-0.1101,-0.0,-0.0,-31.7057,98.1 98.77 0 0,0.0174,False,True,0.2913
665,oito66,103.6526,99.3549,-0.1099,-0.0,-0.0,-32.3526,98.1 98.77 0 0,0.0213,False,True,0.2915
666,oito66,103.6669,99.3522,-0.1087,-0.0,-0.0,-32.955,98.1 98.77 0 0,0.0252,False,True,0.2916
667,oito66,103.6813,99.3494,-0.1064,-0.0,-0.0,-33.5131,98.1 98.77 0 0,0.0291,False,True,0.2918
668,oito66,103.6955,99.3465,-0.1032,-0.0,-0.0,-34.027,98.1 98.77 0 0,0.033,False,True,0.2917
669,oito66,103.7098,99.3434,-0.0991,-0.0,-0.0,-34.497,98.1 98.77 0 0,0.0368,False,True,0.292
670,oito66,103.7241,99.3403,-0.0943,-0.0,-0.0,-34.9231,98.1 98.77 0 0,0.0407,False,True,0.2922
671,oito67,103.7383,99.3371,-0.089,-0.0,-0.0,-35.3055,98.25 98.75 0 0,0.0445,False,True,0.2923
672,oito67,103.7526,99.3337,-0.0832,-0.0,-0.0,-35.6442,98.25 98.75 0 0,0.0483,False,True,0.2924
673,oito67,103.7668,99.3303,-0.0772,-0.0,-0.0,-35.9394,98.25 98.75 0 0,0.0521,False,True,0.2923
674,oito67,103.781,99.3269,-0.0711,-0.0,-0.0,-36.191,98.25 98.75 0 0,0.056,False,True,0.2923
675,oito67,103.7952,99.3233,-0.0652,-0.0,-0.0,-36.399,98.25 98.75 0 0,0.0598,False,True,0.2924
676,oito67,103.8093,99.3197,-0.0597,-0.0,-0.0,-36.5633,98.25 98.75 0 0,0.0637,False,True,0.2924
677,oito67,103.8235,99.3161,-0.0546,-0.0,-0.0,-36.6838,98.25 98.75 0 0,0.0676,False,True,0.2923
678,oito67,103.8376,99.3123,-0.0502,-0.0,-0.0,-36.7604,98.25 98.75 0 0,0.0715,False,True,0.2925
679,oito67,103.8518,99.3086,-0.0465,-0.0,-0.0,-36.7928,98.25 98.75 0 0,0.0756,False,True,0.2925
680,oito67,103.8659,99.3048,-0.0438,-0.0,-0.0,-36.7809,98.25 98.75 0 0,0.075,False,True,0.2925
681,oito68,103.88,99.301,-0.0419,-0.0,-0.0,-36.7245,98.4 98.77 0 0,0.0729,False,True,0.2927
682,oito68,103.8941,99.2971,-0.0411,-0.0,-0.0,-36.6232,98.4 98.77 0 0,0.0708,False,True,0.2927
683,oito68,103.9082,99.2932,-0.0414,-0.0,-0.0,-36.4768,98.4 98.77 0 0,0.0688,False,True,0.2927
684,oito68,103.9223,99.2893,-0.0427,-0.0,-0.0,-36.285,98.4 98.77 0 0,0.0667,False,True,0.2926
685,oito68,103.9364,99.2854,-0.045,-0.0,-0.0,-36.0477,98.4 98.77 0 0,0.0646,False,True,0.2925
686,oito68,103.9505,99.2814,-0.0483,-0.0,-0.0,-35.7645,98.4 98.77 0 0,0.0626,False,True,0.2926
687,oito68,103.9646,99.2775,-0.0524,-0.0,-0.0,-35.4353,98.4 98.77 0 0,0.0606,False,True,0.2926
688,oito68,103.9787,99.2736,-0.0572,-0.0,-0.0,-35.0599,98.4 98.77 0 0,0.0585,False,True,0.2926
689,oito68,103.9928,99.2697,-0.0627,-0.0,-0.0,-34.6379,98.4 98.77 0 0,0.0565,False,True,0.2927
690,oito68,104.0069,99.2657,-0.0685,-0.0,-0.0,-34.1692,98.4 98.77 0 0,0.0544,False,True,0.2928
691,oito69,104.021,99.2618,-0.0745,-0.0,-0.0,-33.6537,98.54 98.82 0 0,0.0524,False,True,0.293
692,oito69,104.0352,99.258,-0.0805,-0.0,-0.0,-33.0909,98.54 98.82 0 0,0.0504,False,True,0.2929
693,oito69,104.0493,99.2541,-0.0864,-0.0,-0.0,-32.4808,98.54 98.82 0 0,0.0484,False,True,0.2931
694,oito69,104.0634,99.2503,-0.0919,-0.0,-0.0,-31.823,98.54 98.82 0 0,0.0465,False,True,0.2929
695,oito69,104.0776,99.2465,-0.0969,-0.0,-0.0,-31.1174,98.54 98.82 0 0,0.0446,False,True,0.293
696,oito69,104.0918,99.2427,-0.1013,-0.0,-0.0,-30.3639,98.54 98.82 0 0,0.0428,False,True,0.2931
697,oito69,104.1059,99.239,-0.1049,-0.0,-0.0,-29.5623,98.54 98.82 0 0,0.041,False,True,0.2932
698,oito69,104.1201,99.2354,-0.1076,-0.0,-0.0,-28.7125,98.54 98.82 0 0,0.0394,False,True,0.2934
699,oito69,104.1344,99.2318,-0.1094,-0.0,-0.0,-27.8142,98.54 98.82 0 0,0.0377,False,True,0.2936
700,oito69,104.1486,99.2282,-0.1101,-0.0,-0.0,-26.8674,98.54 98.82 0 0,0.0362,False,True,0.2938
701,oito70,104.1629,99.2247,-0.1098,-0.0,-0.0,-25.8719,98.68 98.88 0 0,0.0347,False,True,0.2939
702,oito70,104.1772,99.2213,-0.1084,-0.0,-0.0,-24.8275,98.68 98.88 0 0,0.0333,False,True,0.2942
703,oito70,104.1915,99.2179,-0.106,-0.0,-0.0,-23.7341,98.68 98.88 0 0,0.0318,False,True,0.2942
704,oito70,104.2059,99.2146,-0.1027,-0.0,-0.0,-22.5915,98.68 98.88 0 0,0.0305,False,True,0.2944
705,oito70,104.2203,99.2114,-0.0985,-0.0,-0.0,-21.3997,98.68 98.88 0 0,0.0291,False,True,0.2945
706,oito70,104.2346,99.2083,-0.0936,-0.0,-0.0,-20.1586,98.68 98.88 0 0,0.0277,False,True,0.2946
707,oito70,104.2491,99.2053,-0.0882,-0.0,-0.0,-18.868,98.68 98.88 0 0,0.0264,False,True,0.2948
708,oito70,104.2635,99.2024,-0.0824,-0.0,-0.0,-17.528,98.68 98.88 0 0,0.0252,False,True,0.2952
709,oito70,104.278,99.1995,-0.0764,-0.0,-0.0,-16.1384,98.68 98.88 0 0,0.0239,False,True,0.2952
710,oito70,104.2926,99.1968,-0.0703,-0.0,-0.0,-14.6993,98.68 98.88 0 0,0.0227,False,True,0.2956
711,oito71,104.3071,99.1942,-0.0645,-0.0,-0.0,-13.2106,98.81 98.95 0 0,0.0215,False,True,0.2959
712,oito71,104.3217,99.1917,-0.059,-0.0,-0.0,-11.6722,98.81 98.95 0 0,0.0203,False,True,0.296
713,oito71,104.3363,99.1894,-0.054,-0.0,-0.0,-10.0839,98.81 98.95 0 0,0.0192,False,True,0.2962
714,oito71,104.351,99.1871,-0.0497,-0.0,-0.0,-8.4458,98.81 98.95 0 0,0.0182,False,True,0.2964
715,oito71,104.3656,99.185,-0.0461,-0.0,-0.0,-6.7578,98.81 98.95 0 0,0.0173,False,True,0.2964
716,oito71,104.3803,99.1831,-0.0435,-0.0,-0.0,-5.0201,98.81 98.95 0 0,0.0165,False,True,0.2966
717,oito71,104.3951,99.1813,-0.0418,-0.0,-0.0,-3.2325,98.81 98.95 0 0,0.0157,False,True,0.2967
718,oito71,104.4098,99.1796,-0.0411,-0.0,-0.0,-1.3951,98.81 98.95 0 0,0.015,False,True,0.2969
719,oito71,104.4246,99.1781,-0.0415,-0.0,0.0,0.492,98.81 98.95 0 0,0.0144,False,True,0.297
720,oito71,104.4394,99.1768,-0.043,-0.0,0.0,2.4287,98.81 98.95 0 0,0.0139,False,True,0.2973
721,oito72,104.4542,99.1757,-0.0454,-0.0,0.0,4.3538,98.93 99.03 0 0,0.0215,False,True,0.2975
722,oito72,104.4691,99.1748,-0.0488,-0.0,0.0,6.2128,98.93 99.03 0 0,0.029,False,True,0.2974
723,oito72,104.4839,99.174,-0.053,-0.0,0.0,8.0076,98.93 99.03 0 0,0.0365,False,True,0.2975
724,oito72,104.4988,99.1734,-0.0579,-0.0,0.0,9.7394,98.93 99.03 0 0,0.0439,False,True,0.2975
725,oito72,104.5137,99.173,-0.0634,-0.0,0.0,11.4097,98.93 99.03 0 0,0.0512,False,True,0.2975
726,oito72,104.5285,99.1728,-0.0693,-0.0,0.0,13.0196,98.93 99.03 0 0,0.0584,False,True,0.2974
727,oito72,104.5434,99.1728,-0.0753,-0.0,0.0,14.5705,98.93 99.03 0 0,0.0656,False,True,0.2974
728,oito72,104.5583,99.1729,-0.0813,-0.0,0.0,16.0634,98.93 99.03 0 0,0.0728,False,True,0.2976
729,oito72,104.5732,99.1732,-0.0871,-0.0,0.0,17.4995,98.93 99.03 0 0,0.0799,False,True,0.2973
730,oito72,104.588,99.1737,-0.0926,-0.0,0.0,18.8796,98.93 99.03 0 0,0.0871,False,True,0.2976
731,oito73,104.6029,99.1744,-0.0975,-0.0,0.0,20.2048,99.05 99.12 0 0,0.0942,False,True,0.2974
732,oito73,104.6177,99.1753,-0.1018,-0.0,0.0,21.4761,99.05 99.12 0 0,0.1014,False,True,0.2974
733,oito73,104.6326,99.1763,-0.1053,-0.0,0.0,22.6944,99.05 99.12 0 0,0.1086,False,True,0.2974
734,oito73,104.6474,99.1775,-0.1079,-0.0,0.0,23.8606,99.05 99.12 0 0,0.1158,False,True,0.2973
735,oito73,104.6622,99.1789,-0.1095,-0.0,0.0,24.9753,99.05 99.12 0 0,0.1231,False,True,0.2972
736,oito73,104.6769,99.1804,-0.1101,-0.0,0.0,26.0393,99.05 99.12 0 0,0.1304,False,True,0.297
737,oito73,104.6917,99.1822,-0.1096,-0.0,0.0,27.0531,99.05 99.12 0 0,0.1377,False,True,0.2971
738,oito73,104.7064,99.184,-0.1081,-0.0,0.0,28.0174,99.05 99.12 0 0,0.1451,False,True,0.2972
739,oito73,104.7211,99.186,-0.1056,-0.0,0.0,28.9326,99.05 99.12 0 0,0.1524,False,True,0.297
740,oito73,104.7358,99.1882,-0.1022,-0.0,0.0,29.7994,99.05 99.12 0 0,0.1597,False,True,0.2971
741,oito74,104.7505,99.1905,-0.0979,-0.0,0.0,30.6181,99.17 99.22 0 0,0.167,False,True,0.2972
742,oito74,104.7652,99.193,-0.0929,-0.0,0.0,31.3893,99.17 99.22 0 0,0.1741,False,True,0.2971
743,oito74,104.7798,99.1956,-0.0874,-0.0,0.0,32.1136,99.17 99.22 0 0,0.1813,False,True,0.2971
744,oito74,104.7944,99.1983,-0.0816,-0.0,0.0,32.7912,99.17 99.22 0 0,0.1883,False,True,0.2969
745,oito74,104.809,99.2011,-0.0756,-0.0,0.0,33.4225,99.17 99.22 0 0,0.1953,False,True,0.2969
746,oito74,104.8235,99.2041,-0.0695,-0.0,0.0,34.0078,99.17 99.22 0 0,0.2021,False,True,0.2968
747,oito74,104.838,99.2072,-0.0637,-0.0,0.0,34.5472,99.17 99.22 0 0,0.209,False,True,0.2969
748,oito74,104.8525,99.2103,-0.0583,-0.0,0.0,35.0409,99.17 99.22 0 0,0.2158,False,True,0.2968
749,oito74,104.867,99.2136,-0.0534,-0.0,0.0,35.4892,99.17 99.22 0 0,0.2226,False,True,0.2969
750,oito74,104.8815,99.217,-0.0492,-0.0,0.0,35.892,99.17 99.22 0 0,0.2293,False,True,0.2969
751,oito75,104.8959,99.2204,-0.0458,-0.0,0.0,36.2495,99.28 99.31 0 0,0.236,False,True,0.2969
752,oito75,104.9103,99.224,-0.0432,-0.0,0.0,36.5618,99.28 99.31 0 0,0.2428,False,True,0.2969
753,oito75,104.9247,99.2276,-0.0417,-0.0,0.0,36.8292,99.28 99.31 0 0,0.2494,False,True,0.2968
754,oito75,104.9391,99.2312,-0.0412,-0.0,0.0,37.0515,99.28 99.31 0 0,0.2561,False,True,0.2967
755,oito75,104.9534,99.235,-0.0417,-0.0,0.0,37.2288,99.28 99.31 0 0,0.2627,False,True,0.2966
756,oito75,104.9678,99.2388,-0.0432,-0.0,0.0,37.3608,99.28 99.31 0 0,0.2693,False,True,0.2967
757,oito75,104.9821,99.2426,-0.0458,-0.0,0.0,37.4476,99.28 99.31 0 0,0.2757,False,True,0.2967
758,oito75,104.9964,99.2465,-0.0493,-0.0,0.0,37.4888,99.28 99.31 0 0,0.2821,False,True,0.2966
759,oito75,105.0107,99.2504,-0.0536,-0.0,0.0,37.4844,99.28 99.31 0 0,0.2846,False,True,0.2966
760,oito75,105.025,99.2544,-0.0586,-0.0,0.0,37.4339,99.28 99.31 0 0,0.2842,False,True,0.2968
761,oito76,105.0393,99.2584,-0.0642,-0.0,0.0,37.3373,99.4 99.41 0 0,0.2837,False,True,0.2968
762,oito76,105.0536,99.2624,-0.07,-0.0,0.0,37.1944,99.4 99.41 0 0,0.2829,False,True,0.2967
763,oito76,105.0679,99.2665,-0.0761,-0.0,0.0,37.0052,99.4 99.41 0 0,0.2819,False,True,0.2967
764,oito76,105.0821,99.2705,-0.0821,-0.0,0.0,36.7693,99.4 99.41 0 0,0.2808,False,True,0.2966
765,oito76,105.0964,99.2746,-0.0879,-0.0,0.0,36.4865,99.4 99.41 0 0,0.2795,False,True,0.2967
766,oito76,105.1107,99.2786,-0.0933,-0.0,0.0,36.1567,99.4 99.41 0 0,0.2781,False,True,0.2967
767,oito76,105.1249,99.2827,-0.0981,-0.0,0.0,35.7796,99.4 99.41 0 0,0.2765,False,True,0.2967
768,oito76,105.1392,99.2867,-0.1023,-0.0,0.0,35.355,99.4 99.41 0 0,0.2749,False,True,0.2968
769,oito76,105.1535,99.2908,-0.1057,-0.0,0.0,34.8826,99.4 99.41 0 0,0.2731,False,True,0.2967
770,oito76,105.1678,99.2948,-0.1081,-0.0,0.0,34.3624,99.4 99.41 0 0,0.2713,False,True,0.2971
771,oito77,105.1821,99.2988,-0.1096,-0.0,0.0,33.7939,99.51 99.52 0 0,0.2693,False,True,0.2972
772,oito77,105.1964,99.3028,-0.1101,-0.0,0.0,33.1774,99.51 99.52 0 0,0.2674,False,True,0.2971
773,oito77,105.2107,99.3068,-0.1095,-0.0,0.0,32.5128,99.51 99.52 0 0,0.2652,False,True,0.2974
774,oito77,105.2251,99.3107,-0.1078,-0.0,0.0,31.7998,99.51 99.52 0 0,0.263,False,True,0.2974
775,oito77,105.2394,99.3146,-0.1052,-0.0,0.0,31.0384,99.51 99.52 0 0,0.2605,False,True,0.2975
776,oito77,105.2538,99.3184,-0.1016,-0.0,0.0,30.2284,99.51 99.52 0 0,0.2579,False,True,0.2977
777,oito77,105.2682,99.3222,-0.0973,-0.0,0.0,29.3696,99.51 99.52 0 0,0.255,False,True,0.2979
778,oito77,105.2826,99.326,-0.0922,-0.0,0.0,28.4619,99.51 99.52 0 0,0.2518,False,True,0.2981
779,oito77,105.2971,99.3296,-0.0867,-0.0,0.0,27.5051,99.51 99.52 0 0,0.2483,False,True,0.2984
780,oito77,105.3116,99.3333,-0.0808,-0.0,0.0,26.4992,99.51 99.52 0 0,0.2446,False,True,0.2987
781,oito78,105.3261,99.3368,-0.0748,-0.0,0.0,25.4441,99.62 99.62 0 0,0.2406,False,True,0.299
782,oito78,105.3407,99.3403,-0.0688,-0.0,0.0,24.3397,99.62 99.62 0 0,0.2363,False,True,0.2993
783,oito78,105.3552,99.3437,-0.063,-0.0,0.0,23.1862,99.62 99.62 0 0,0.2319,False,True,0.2994
784,oito78,105.3698,99.347,-0.0576,-0.0,0.0,21.9835,99.62 99.62 0 0,0.2271,False,True,0.2997
785,oito78,105.3845,99.3503,-0.0528,-0.0,0.0,20.7315,99.62 99.62 0 0,0.2223,False,True,0.2999
786,oito78,105.3992,99.3534,-0.0487,-0.0,0.0,19.4302,99.62 99.62 0 0,0.2173,False,True,0.3003
787,oito78,105.4139,99.3565,-0.0454,-0.0,0.0,18.0794,99.62 99.62 0 0,0.2122,False,True,0.3004
788,oito78,105.4286,99.3594,-0.043,-0.0,0.0,16.6791,99.62 99.62 0 0,0.2069,False,True,0.301
789,oito78,105.4434,99.3623,-0.0416,-0.0,0.0,15.2293,99.62 99.62 0 0,0.2016,False,True,0.3011
790,oito78,105.4582,99.365,-0.0412,-0.0,0.0,13.73,99.62 99.62 0 0,0.1962,False,True,0.3016
791,oito79,105.4731,99.3676,-0.0418,-0.0,0.0,12.181,99.72 99.72 0 0,0.1906,False,True,0.3019
792,oito79,105.488,99.3701,-0.0435,-0.0,0.0,10.5827,99.72 99.72 0 0,0.185,False,True,0.3023
793,oito79,105.503,99.3724,-0.0462,-0.0,0.0,8.9351,99.72 99.72 0 0,0.1792,False,True,0.3024
794,oito79,105.5179,99.3746,-0.0499,-0.0,0.0,7.2383,99.72 99.72 0 0,0.1733,False,True,0.3028
795,oito79,105.533,99.3767,-0.0543,-0.0,0.0,5.4922,99.72 99.72 0 0,0.1672,False,True,0.3031
796,oito79,105.548,99.3786,-0.0594,-0.0,0.0,3.6969,99.72 99.72 0 0,0.1609,False,True,0.3033
797,oito79,105.5631,99.3804,-0.0649,-0.0,0.0,1.8524,99.72 99.72 0 0,0.1545,False,True,0.3037
798,oito79,105.5782,99.3819,-0.0708,-0.0,-0.0,-0.0413,99.72 99.72 0 0,0.148,False,True,0.3038
799,oito79,105.5933,99.3833,-0.0769,-0.0,-0.0,-1.984,99.72 99.72 0 0,0.1414,False,True,0.3042
800,oito79,105.6085,99.3846,-0.0829,-0.0,-0.0,-3.9759,99.72 99.72 0 0,0.1348,False,True,0.3045
801,oito80,105.6237,99.3856,-0.0886,-0.0,-0.0,-5.9555,99.83 99.83 0 0,0.1362,False,True,0.3046
802,oito80,105.6389,99.3864,-0.0939,-0.0,-0.0,-7.8682,99.83 99.83 0 0,0.1376,False,True,0.3049
803,oito80,105.6542,99.387,-0.0987,-0.0,-0.0,-9.7154,99.83 99.83 0 0,0.1389,False,True,0.305
804,oito80,105.6694,99.3875,-0.1028,-0.0,-0.0,-11.4986,99.83 99.83 0 0,0.1401,False,True,0.305
805,oito80,105.6847,99.3877,-0.106,-0.0,-0.0,-13.2193,99.83 99.83 0 0,0.1413,False,True,0.3051
806,oito80,105.6999,99.3877,-0.1084,-0.0,-0.0,-14.8788,99.83 99.83 0 0,0.1424,False,True,0.3052
807,oito80,105.7152,99.3876,-0.1097,-0.0,-0.0,-16.4783,99.83 99.83 0 0,0.1435,False,True,0.3053
808,oito80,105.7304,99.3872,-0.11,-0.0,-0.0,-18.019,99.83 99.83 0 0,0.1446,False,True,0.3053
809,oito80,105.7457,99.3866,-0.1093,-0.0,-0.0,-19.502,99.83 99.83 0 0,0.1456,False,True,0.3055
810,oito80,105.761,99.3859,-0.1075,-0.0,-0.0,-20.9285,99.83 99.83 0 0,0.1466,False,True,0.3054
811,oito81,105.7762,99.3849,-0.1048,-0.0,-0.0,-22.2993,99.94 99.94 0 0,0.1474,False,True,0.3056
812,oito81,105.7915,99.3838,-0.1011,-0.0,-0.0,-23.6153,99.94 99.94 0 0,0.1482,False,True,0.3057
813,oito81,105.8067,99.3824,-0.0966,-0.0,-0.0,-24.8771,99.94 99.94 0 0,0.1489,False,True,0.3056
814,oito81,105.8219,99.3809,-0.0915,-0.0,-0.0,-26.0856,99.94 99.94 0 0,0.1493,False,True,0.3057
815,oito81,105.8371,99.3792,-0.0859,-0.0,-0.0,-27.2415,99.94 99.94 0 0,0.1497,False,True,0.3057
816,oito81,105.8522,99.3773,-0.08,-0.0,-0.0,-28.3455,99.94 99.94 0 0,0.1499,False,True,0.3057
817,oito81,105.8674,99.3752,-0.074,-0.0,-0.0,-29.3984,99.94 99.94 0 0,0.1499,False,True,0.3057
818,oito81,105.8825,99.3729,-0.068,-0.0,-0.0,-30.4007,99.94 99.94 0 0,0.1499,False,True,0.3059
819,oito81,105.8976,99.3705,-0.0623,-0.0,-0.0,-31.353,99.94 99.94 0 0,0.1498,False,True,0.3059
820,oito81,105.9127,99.3679,-0.057,-0.0,-0.0,-32.256,99.94 99.94 0 0,0.1496,False,True,0.306
821,oito82,105.9278,99.3652,-0.0522,-0.0,-0.0,-33.1099,100.09 100.09 0 0,0.1494,False,True,0.3061
822,oito82,105.9428,99.3623,-0.0482,-0.0,-0.0,-33.9151,100.09 100.09 0 0,0.1492,False,True,0.3061
823,oito82,105.9578,99.3593,-0.045,-0.0,-0.0,-34.6717,100.09 100.09 0 0,0.149,False,True,0.3062
824,oito82,105.9728,99.3561,-0.0428,-0.0,-0.0,-35.38,100.09 100.09 0 0,0.1489,False,True,0.306
825,oito82,105.9877,99.3529,-0.0415,-0.0,-0.0,-36.0404,100.09 100.09 0 0,0.1487,False,True,0.306
826,oito82,106.0026,99.3495,-0.0412,-0.0,-0.0,-36.6532,100.09 100.09 0 0,0.1485,False,True,0.306
827,oito82,106.0175,99.3459,-0.042,-0.0,-0.0,-37.2186,100.09 100.09 0 0,0.1483,False,True,0.306
828,oito82,106.0324,99.3423,-0.0439,-0.0,-0.0,-37.7369,100.09 100.09 0 0,0.1481,False,True,0.306
829,oito82,106.0472,99.3386,-0.0467,-0.0,-0.0,-38.2081,100.09 100.09 0 0,0.1478,False,True,0.306
830,oito82,106.062,99.3348,-0.0504,-0.0,-0.0,-38.6325,100.09 100.09 0 0,0.1475,False,True,0.306
831,oito83,106.0768,99.3308,-0.0549,-0.0,-0.0,-39.0101,100.2 100.2 0 0,0.1471,False,True,0.306
832,oito83,106.0916,99.3268,-0.0601,-0.0,-0.0,-39.3408,100.2 100.2 0 0,0.1467,False,True,0.306
833,oito83,106.1063,99.3228,-0.0657,-0.0,-0.0,-39.6245,100.2 100.2 0 0,0.1462,False,True,0.306
834,oito83,106.1211,99.3186,-0.0716,-0.0,-0.0,-39.861,100.2 100.2 0 0,0.1458,False,True,0.3059
835,oito83,106.1358,99.3144,-0.0777,-0.0,-0.0,-40.0504,100.2 100.2 0 0,0.1453,False,True,0.3059
836,oito83,106.1505,99.3102,-0.0836,-0.0,-0.0,-40.1926,100.2 100.2 0 0,0.1448,False,True,0.3058
837,oito83,106.1651,99.3059,-0.0893,-0.0,-0.0,-40.2875,100.2 100.2 0 0,0.1444,False,True,0.3058
838,oito83,106.1798,99.3015,-0.0946,-0.0,-0.0,-40.3348,100.2 100.2 0 0,0.144,False,True,0.3058
839,oito83,106.1944,99.2971,-0.0993,-0.0,-0.0,-40.3344,100.2 100.2 0 0,0.1405,False,True,0.3059
840,oito83,106.2091,99.2927,-0.1032,-0.0,-0.0,-40.286,100.2 100.2 0 0,0.1335,False,True,0.3059
841,oito84,106.2237,99.2883,-0.1064,-0.0,-0.0,-40.1893,100.31 100.31 0 0,0.1267,False,True,0.3059
842,oito84,106.2383,99.2838,-0.1086,-0.0,-0.0,-40.044,100.31 100.31 0 0,0.1198,False,True,0.3059
843,oito84,106.253,99.2793,-0.1098,-0.0,-0.0,-39.8496,100.31 100.31 0 0,0.113,False,True,0.3059
844,oito84,106.2676,99.2748,-0.11,-0.0,-0.0,-39.6058,100.31 100.31 0 0,0.1062,False,True,0.3059
845,oito84,106.2822,99.2703,-0.1091,-0.0,-0.0,-39.3123,100.31 100.31 0 0,0.0994,False,True,0.306
846,oito84,106.2968,99.2658,-0.1072,-0.0,-0.0,-38.9691,100.31 100.31 0 0,0.0927,False,True,0.3061
847,oito84,106.3114,99.2613,-0.1043,-0.0,-0.0,-38.5758,100.31 100.31 0 0,0.0859,False,True,0.3061
848,oito84,106.3261,99.2568,-0.1006,-0.0,-0.0,-38.1323,100.31 100.31 0 0,0.0791,False,True,0.3062
849,oito84,106.3407,99.2523,-0.096,-0.0,-0.0,-37.6382,100.31 100.31 0 0,0.0722,False,True,0.3062
850,oito84,106.3554,99.2479,-0.0908,-0.0,-0.0,-37.0936,100.31 100.31 0 0,0.0653,False,True,0.3066
851,oito85,106.3701,99.2434,-0.0851,-0.0,-0.0,-36.4981,100.42 100.41 0 0,0.0584,False,True,0.3067
852,oito85,106.3848,99.239,-0.0792,-0.0,-0.0,-35.8514,100.42 100.41 0 0,0.0514,False,True,0.3068
853,oito85,106.3995,99.2346,-0.0732,-0.0,-0.0,-35.1531,100.42 100.41 0 0,0.0444,False,True,0.307
854,oito85,106.4142,99.2303,-0.0672,-0.0,-0.0,-34.4032,100.42 100.41 0 0,0.0374,False,True,0.3072
855,oito85,106.429,99.226,-0.0616,-0.0,-0.0,-33.6015,100.42 100.41 0 0,0.0304,False,True,0.3075
856,oito85,106.4437,99.2218,-0.0563,-0.0,-0.0,-32.7478,100.42 100.41 0 0,0.0235,False,True,0.3077
857,oito85,106.4586,99.2176,-0.0517,-0.0,-0.0,-31.842,100.42 100.41 0 0,0.0166,False,True,0.3078
858,oito85,106.4734,99.2134,-0.0478,-0.0,-0.0,-30.884,100.42 100.41 0 0,0.0097,False,True,0.3082
859,oito85,106.4883,99.2094,-0.0447,-0.0,-0.0,-29.8737,100.42 100.41 0 0,0.0029,False,True,0.3086
860,oito85,106.5032,99.2053,-0.0425,-0.0,-0.0,-28.8111,100.42 100.41 0 0,-0.0039,False,True,0.3091
861,oito86,106.5182,99.2014,-0.0414,-0.0,-0.0,-27.696,100.52 100.51 0 0,-0.0106,False,True,0.3094
862,oito86,106.5332,99.1975,-0.0413,-0.0,-0.0,-26.5281,100.52 100.51 0 0,-0.0173,False,True,0.3098
863,oito86,106.5482,99.1938,-0.0422,-0.0,-0.0,-25.3074,100.52 100.51 0 0,-0.024,False,True,0.3102
864,oito86,106.5633,99.1901,-0.0442,-0.0,-0.0,-24.0337,100.52 100.51 0 0,-0.0306,False,True,0.3105
865,oito86,106.5784,99.1865,-0.0471,-0.0,-0.0,-22.707,100.52 100.51 0 0,-0.0372,False,True,0.311
866,oito86,106.5936,99.183,-0.051,-0.0,-0.0,-21.3273,100.52 100.51 0 0,-0.0438,False,True,0.3114
867,oito86,106.6088,99.1796,-0.0556,-0.0,-0.0,-19.8945,100.52 100.51 0 0,-0.0504,False,True,0.3119
868,oito86,106.6241,99.1763,-0.0608,-0.0,-0.0,-18.4088,100.52 100.51 0 0,-0.057,False,True,0.3124
869,oito86,106.6394,99.1732,-0.0665,-0.0,-0.0,-16.8701,100.52 100.51 0 0,-0.0635,False,True,0.313
870,oito86,106.6548,99.1701,-0.0724,-0.0,-0.0,-15.2784,100.52 100.51 0 0,-0.07,False,True,0.3134
871,oito87,106.6702,99.1672,-0.0785,-0.0,-0.0,-13.6337,100.64 100.61 0 0,-0.0765,False,True,0.3139
872,oito87,106.6857,99.1645,-0.0844,-0.0,-0.0,-11.936,100.64 100.61 0 0,-0.083,False,True,0.3145
873,oito87,106.7012,99.1619,-0.09,-0.0,-0.0,-10.2465,100.64 100.61 0 0,-0.0812,False,True,0.3149
874,oito87,106.7168,99.1594,-0.0952,-0.0,-0.0,-8.6197,100.64 100.61 0 0,-0.0794,False,True,0.3152
875,oito87,106.7324,99.1571,-0.0998,-0.0,-0.0,-7.0543,100.64 100.61 0 0,-0.0777,False,True,0.3158
876,oito87,106.7481,99.1549,-0.1037,-0.0,-0.0,-5.5492,100.64 100.61 0 0,-0.0759,False,True,0.316
877,oito87,106.7638,99.1528,-0.1067,-0.0,-0.0,-4.1033,100.64 100.61 0 0,-0.0741,False,True,0.3167
878,oito87,106.7795,99.1509,-0.1088,-0.0,-0.0,-2.7156,100.64 100.61 0 0,-0.0722,False,True,0.3169
879,oito87,106.7953,99.1492,-0.1099,-0.0,-0.0,-1.385,100.64 100.61 0 0,-0.0704,False,True,0.3172
880,oito87,106.8111,99.1475,-0.1099,-0.0,-0.0,-0.1108,100.64 100.61 0 0,-0.0686,False,True,0.3179
881,oito88,106.8269,99.146,-0.1089,-0.0,0.0,1.108,100.75 100.71 0 0,-0.0667,False,True,0.3181
882,oito88,106.8428,99.1446,-0.1069,-0.0,0.0,2.2723,100.75 100.71 0 0,-0.0649,False,True,0.3186
883,oito88,106.8587,99.1434,-0.1039,-0.0,0.0,3.383,100.75 100.71 0 0,-0.063,False,True,0.3187
884,oito88,106.8746,99.1422,-0.1,-0.0,0.0,4.4409,100.75 100.71 0 0,-0.0612,False,True,0.319
885,oito88,106.8905,99.1412,-0.0953,-0.0,0.0,5.4465,100.75 100.71 0 0,-0.0594,False,True,0.3192
886,oito88,106.9064,99.1403,-0.0901,-0.0,0.0,6.4005,100.75 100.71 0 0,-0.0576,False,True,0.3196
887,oito88,106.9224,99.1395,-0.0844,-0.0,0.0,7.3033,100.75 100.71 0 0,-0.0559,False,True,0.3197
888,oito88,106.9384,99.1389,-0.0784,-0.0,0.0,8.1555,100.75 100.71 0 0,-0.0541,False,True,0.3199
889,oito88,106.9544,99.1383,-0.0724,-0.0,0.0,8.9576,100.75 100.71 0 0,-0.0524,False,True,0.3203
890,oito88,106.9704,99.1379,-0.0665,-0.0,0.0,9.7098,100.75 100.71 0 0,-0.0506,False,True,0.3206
891,oito89,106.9865,99.1376,-0.0608,-0.0,0.0,10.4127,100.86 100.81 0 0,-0.0488,False,True,0.3207
892,oito89,107.0025,99.1373,-0.0557,-0.0,0.0,11.0666,100.86 100.81 0 0,-0.047,False,True,0.3211
893,oito89,107.0186,99.1372,-0.0511,-0.0,0.0,11.672,100.86 100.81 0 0,-0.0451,False,True,0.3211
894,oito89,107.0346,99.1372,-0.0473,-0.0,0.0,12.2293,100.86 100.81 0 0,-0.0433,False,True,0.3214
895,oito89,107.0507,99.1373,-0.0444,-0.0,0.0,12.7385,100.86 100.81 0 0,-0.0413,False,True,0.3215
896,oito89,107.0668,99.1375,-0.0423,-0.0,0.0,13.1998,100.86 100.81 0 0,-0.0393,False,True,0.3215
897,oito89,107.0829,99.1378,-0.0413,-0.0,0.0,13.6134,100.86 100.81 0 0,-0.0373,False,True,0.3219
898,oito89,107.099,99.1382,-0.0413,-0.0,0.0,13.9793,100.86 100.81 0 0,-0.0352,False,True,0.3221
899,oito89,107.1151,99.1386,-0.0424,-0.0,0.0,14.2976,100.86 100.81 0 0,-0.033,False,True,0.3223
900,oito89,107.1312,99.1392,-0.0445,-0.0,0.0,14.5683,100.86 100.81 0 0,-0.0309,False,True,0.3226
901,oito90,107.1473,99.1399,-0.0476,-0.0,0.0,14.7913,100.98 100.9 0 0,-0.0287,False,True,0.3228
902,oito90,107.1634,99.1406,-0.0515,-0.0,0.0,14.9667,100.98 100.9 0 0,-0.0265,False,True,0.3229
903,oito90,107.1796,99.1414,-0.0562,-0.0,0.0,15.0947,100.98 100.9 0 0,-0.0243,False,True,0.3231
904,oito90,107.1957,99.1423,-0.0615,-0.0,0.0,15.175,100.98 100.9 0 0,-0.0221,False,True,0.3234
905,oito90,107.2119,99.1432,-0.0673,-0.0,0.0,15.2074,100.98 100.9 0 0,-0.0198,False,True,0.3234
906,oito90,107.228,99.1442,-0.0732,-0.0,0.0,15.1918,100.98 100.9 0 0,-0.0228,False,True,0.3238
907,oito90,107.2442,99.1453,-0.0793,-0.0,0.0,15.1278,100.98 100.9 0 0,-0.0272,False,True,0.3239
908,oito90,107.2604,99.1464,-0.0852,-0.0,0.0,15.0153,100.98 100.9 0 0,-0.0316,False,True,0.3243
909,oito90,107.2765,99.1476,-0.0908,-0.0,0.0,14.8539,100.98 100.9 0 0,-0.036,False,True,0.3245
910,oito90,107.2927,99.1488,-0.0959,-0.0,0.0,14.6433,100.98 100.9 0 0,-0.0403,False,True,0.3248
911,oito91,107.3089,99.15,-0.1004,-0.0,0.0,14.3834,101.1 100.99 0 0,-0.0446,False,True,0.325
912,oito91,107.3252,99.1513,-0.1041,-0.0,0.0,14.0741,101.1 100.99 0 0,-0.0488,False,True,0.3254
913,oito91,107.3414,99.1526,-0.107,-0.0,0.0,13.7152,101.1 100.99 0 0,-0.053,False,True,0.3256
914,oito91,107.3576,99.1539,-0.109,-0.0,0.0,13.3067,101.1 100.99 0 0,-0.0572,False,True,0.3258
915,oito91,107.3739,99.1552,-0.1099,-0.0,0.0,12.8481,101.1 100.99 0 0,-0.0614,False,True,0.3261
916,oito91,107.3901,99.1565,-0.1098,-0.0,0.0,12.3394,101.1 100.99 0 0,-0.0655,False,True,0.3262
917,oito91,107.4064,99.1578,-0.1087,-0.0,0.0,11.7804,101.1 100.99 0 0,-0.0696,False,True,0.3265
918,oito91,107.4227,99.1591,-0.1065,-0.0,0.0,11.1708,101.1 100.99 0 0,-0.0738,False,True,0.327
919,oito91,107.439,99.1604,-0.1034,-0.0,0.0,10.5105,101.1 100.99 0 0,-0.0779,False,True,0.3271
920,oito91,107.4553,99.1617,-0.0994,-0.0,0.0,9.7992,101.1 100.99 0 0,-0.082,False,True,0.3275
921,oito92,107.4717,99.1629,-0.0947,-0.0,0.0,9.0369,101.23 101.07 0 0,-0.0862,False,True,0.3279
922,oito92,107.4881,99.1641,-0.0893,-0.0,0.0,8.2236,101.23 101.07 0 0,-0.0904,False,True,0.3282
923,oito92,107.5044,99.1653,-0.0836,-0.0,0.0,7.3591,101.23 101.07 0 0,-0.0945,False,True,0.3284
924,oito92,107.5208,99.1663,-0.0776,-0.0,0.0,6.4436,101.23 101.07 0 0,-0.0987,False,True,0.3286
925,oito92,107.5372,99.1674,-0.0716,-0.0,0.0,5.4767,101.23 101.07 0 0,-0.1028,False,True,0.3287
926,oito92,107.5537,99.1683,-0.0657,-0.0,0.0,4.4584,101.23 101.07 0 0,-0.107,False,True,0.3292
927,oito92,107.5701,99.1692,-0.0601,-0.0,0.0,3.3885,101.23 101.07 0 0,-0.1111,False,True,0.3293
928,oito92,107.5866,99.17,-0.055,-0.0,0.0,2.2671,101.23 101.07 0 0,-0.1152,False,True,0.3297
929,oito92,107.6031,99.1707,-0.0506,-0.0,0.0,1.094,101.23 101.07 0 0,-0.1193,False,True,0.3299
930,oito92,107.6196,99.1712,-0.0469,-0.0,-0.0,-0.1309,101.23 101.07 0 0,-0.1234,False,True,0.3303
931,oito93,107.6361,99.1717,-0.044,-0.0,-0.0,-1.4076,101.36 101.14 0 0,-0.1274,False,True,0.3306
932,oito93,107.6526,99.1721,-0.0422,-0.0,-0.0,-2.736,101.36 101.14 0 0,-0.1314,False,True,0.3307
933,oito93,107.6692,99.1723,-0.0413,-0.0,-0.0,-4.1161,101.36 101.14 0 0,-0.1354,False,True,0.331
934,oito93,107.6857,99.1723,-0.0414,-0.0,-0.0,-5.5478,101.36 101.14 0 0,-0.1393,False,True,0.331
935,oito93,107.7023,99.1722,-0.0426,-0.0,-0.0,-7.0312,101.36 101.14 0 0,-0.1432,False,True,0.3313
936,oito93,107.7188,99.1719,-0.0449,-0.0,-0.0,-8.5662,101.36 101.14 0 0,-0.1471,False,True,0.3315
937,oito93,107.7354,99.1715,-0.0481,-0.0,-0.0,-10.1529,101.36 101.14 0 0,-0.151,False,True,0.3317
938,oito93,107.752,99.1708,-0.0521,-0.0,-0.0,-11.7913,101.36 101.14 0 0,-0.1548,False,True,0.332
939,oito93,107.7686,99.17,-0.0569,-0.0,-0.0,-13.4813,101.36 101.14 0 0,-0.1587,False,True,0.332
940,oito93,107.7852,99.1689,-0.0623,-0.0,-0.0,-15.2229,101.36 101.14 0 0,-0.1625,False,True,0.3324
941,oito94,107.8018,99.1677,-0.068,-0.0,-0.0,-17.0161,101.5 101.2 0 0,-0.1664,False,True,0.3326
942,oito94,107.8183,99.1661,-0.074,-0.0,-0.0,-18.8606,101.5 101.2 0 0,-0.1701,False,True,0.3327
943,oito94,107.8349,99.1644,-0.08,-0.0,-0.0,-20.695,101.5 101.2 0 0,-0.1658,False,True,0.333
944,oito94,107.8514,99.1624,-0.0859,-0.0,-0.0,-22.4648,101.5 101.2 0 0,-0.1614,False,True,0.3329
945,oito94,107.8679,99.1602,-0.0915,-0.0,-0.0,-24.1714,101.5 101.2 0 0,-0.1572,False,True,0.3331
946,oito94,107.8844,99.1577,-0.0965,-0.0,-0.0,-25.8161,101.5 101.2 0 0,-0.153,False,True,0.3333
947,oito94,107.9008,99.155,-0.1009,-0.0,-0.0,-27.4002,101.5 101.2 0 0,-0.1489,False,True,0.3332
948,oito94,107.9172,99.1521,-0.1046,-0.0,-0.0,-28.9249,101.5 101.2 0 0,-0.1448,False,True,0.3335
949,oito94,107.9336,99.1489,-0.1073,-0.0,-0.0,-30.3913,101.5 101.2 0 0,-0.1408,False,True,0.3337
950,oito94,107.95,99.1456,-0.1092,-0.0,-0.0,-31.8004,101.5 101.2 0 0,-0.1368,False,True,0.3336
951,oito95,107.9663,99.1421,-0.11,-0.0,-0.0,-33.1532,101.64 101.24 0 0,-0.133,False,True,0.334
952,oito95,107.9826,99.1383,-0.1098,-0.0,-0.0,-34.4506,101.64 101.24 0 0,-0.1291,False,True,0.3338
953,oito95,107.9988,99.1344,-0.1085,-0.0,-0.0,-35.6933,101.64 101.24 0 0,-0.1252,False,True,0.3339
954,oito95,108.015,99.1303,-0.1062,-0.0,-0.0,-36.8822,101.64 101.24 0 0,-0.1215,False,True,0.3338
955,oito95,108.0311,99.1261,-0.1029,-0.0,-0.0,-38.0179,101.64 101.24 0 0,-0.1178,False,True,0.3335
956,oito95,108.0472,99.1217,-0.0988,-0.0,-0.0,-39.1012,101.64 101.24 0 0,-0.1141,False,True,0.3336
957,oito95,108.0632,99.1172,-0.094,-0.0,-0.0,-40.1328,101.64 101.24 0 0,-0.1105,False,True,0.3334
958,oito95,108.0792,99.1125,-0.0886,-0.0,-0.0,-41.1132,101.64 101.24 0 0,-0.107,False,True,0.3333
959,oito95,108.0952,99.1077,-0.0828,-0.0,-0.0,-42.0431,101.64 101.24 0 0,-0.1036,False,True,0.3331
960,oito95,108.1111,99.1027,-0.0768,-0.0,-0.0,-42.923,101.64 101.24 0 0,-0.1001,False,True,0.333
961,oito96,108.1269,99.0977,-0.0708,-0.0,-0.0,-43.7533,101.79 101.25 0 0,-0.0968,False,True,0.3328
962,oito96,108.1427,99.0925,-0.0649,-0.0,-0.0,-44.5343,101.79 101.25 0 0,-0.0934,False,True,0.3326
963,oito96,108.1585,99.0872,-0.0594,-0.0,-0.0,-45.2666,101.79 101.25 0 0,-0.09,False,True,0.3321
964,oito96,108.1742,99.0819,-0.0544,-0.0,-0.0,-45.9502,101.79 101.25 0 0,-0.0867,False,True,0.3318
965,oito96,108.1898,99.0765,-0.05,-0.0,-0.0,-46.5857,101.79 101.25 0 0,-0.0834,False,True,0.3313
966,oito96,108.2054,99.071,-0.0465,-0.0,-0.0,-47.1732,101.79 101.25 0 0,-0.0801,False,True,0.331
967,oito96,108.221,99.0654,-0.0437,-0.0,-0.0,-47.7129,101.79 101.25 0 0,-0.0768,False,True,0.3307
968,oito96,108.2365,99.0598,-0.042,-0.0,-0.0,-48.2052,101.79 101.25 0 0,-0.0735,False,True,0.3303
969,oito96,108.252,99.0541,-0.0412,-0.0,-0.0,-48.6501,101.79 101.25 0 0,-0.0702,False,True,0.3298
970,oito96,108.2675,99.0484,-0.0415,-0.0,-0.0,-49.0477,101.79 101.25 0 0,-0.0669,False,True,0.3294
971,oito97,108.2829,99.0426,-0.0429,-0.0,-0.0,-49.3982,101.94 101.22 0 0,-0.0637,False,True,0.3292
972,oito97,108.2982,99.0368,-0.0452,-0.0,-0.0,-49.7015,101.94 101.22 0 0,-0.0604,False,True,0.3286
973,oito97,108.3136,99.031,-0.0486,-0.0,-0.0,-49.9577,101.94 101.22 0 0,-0.0572,False,True,0.3282
974,oito97,108.3289,99.0251,-0.0527,-0.0,-0.0,-50.1666,101.94 101.22 0 0,-0.0539,False,True,0.3275
975,oito97,108.3441,99.0192,-0.0576,-0.0,-0.0,-50.3282,101.94 101.22 0 0,-0.0506,False,True,0.3271
976,oito97,108.3594,99.0133,-0.063,-0.0,-0.0,-50.4425,101.94 101.22 0 0,-0.0474,False,True,0.3266
977,oito97,108.3746,99.0074,-0.0688,-0.0,-0.0,-50.5092,101.94 101.22 0 0,-0.0442,False,True,0.3263
978,oito97,108.3897,99.0015,-0.0748,-0.0,-0.0,-50.5282,101.94 101.22 0 0,-0.0414,False,True,0.3258
979,oito97,108.4049,98.9956,-0.0808,-0.0,-0.0,-50.4992,101.94 101.22 0 0,-0.0449,False,True,0.3254
980,oito97,108.42,98.9896,-0.0867,-0.0,-0.0,-50.422,101.94 101.22 0 0,-0.0484,False,True,0.3251
981,oito98,108.4351,98.9837,-0.0921,-0.0,-0.0,-50.2964,102.07 101.16 0 0,-0.0519,False,True,0.3248
982,oito98,108.4502,98.9778,-0.0971,-0.0,-0.0,-50.1221,102.07 101.16 0 0,-0.0554,False,True,0.3245
983,oito98,108.4653,98.9719,-0.1014,-0.0,-0.0,-49.8989,102.07 101.16 0 0,-0.0589,False,True,0.3241
984,oito98,108.4804,98.966,-0.105,-0.0,-0.0,-49.6265,102.07 101.16 0 0,-0.0624,False,True,0.3237
985,oito98,108.4955,98.9601,-0.1076,-0.0,-0.0,-49.3048,102.07 101.16 0 0,-0.0659,False,True,0.3235
986,oito98,108.5106,98.9543,-0.1093,-0.0,-0.0,-48.9335,102.07 101.16 0 0,-0.0694,False,True,0.3232
987,oito98,108.5256,98.9485,-0.11,-0.0,-0.0,-48.5125,102.07 101.16 0 0,-0.073,False,True,0.323
988,oito98,108.5407,98.9427,-0.1096,-0.0,-0.0,-48.0414,102.07 101.16 0 0,-0.0765,False,True,0.3228
989,oito98,108.5558,98.9369,-0.1082,-0.0,-0.0,-47.5202,102.07 101.16 0 0,-0.0801,False,True,0.3229
990,oito98,108.5709,98.9312,-0.1058,-0.0,-0.0,-46.9485,102.07 101.16 0 0,-0.0837,False,True,0.3227
991,oito99,108.586,98.9255,-0.1024,-0.0,-0.0,-46.3264,102.19 101.06 0 0,-0.0874,False,True,0.3228
992,oito99,108.6011,98.9199,-0.0982,-0.0,-0.0,-45.6536,102.19 101.06 0 0,-0.0911,False,True,0.3229
993,oito99,108.6162,98.9143,-0.0933,-0.0,-0.0,-44.9301,102.19 101.06 0 0,-0.0947,False,True,0.3227
994,oito99,108.6314,98.9088,-0.0879,-0.0,-0.0,-44.1558,102.19 101.06 0 0,-0.0985,False,True,0.3227
995,oito99,108.6466,98.9033,-0.082,-0.0,-0.0,-43.3305,102.19 101.06 0 0,-0.1022,False,True,0.3229
996,oito99,108.6618,98.8979,-0.076,-0.0,-0.0,-42.4541,102.19 101.06 0 0,-0.106,False,True,0.3229
997,oito99,108.6771,98.8926,-0.07,-0.0,-0.0,-41.5264,102.19 101.06 0 0,-0.1098,False,True,0.3232
998,oito99,108.6923,98.8873,-0.0642,-0.0,-0.0,-40.5474,102.19 101.06 0 0,-0.1137,False,True,0.3235
999,oito99,108.7077,98.8821,-0.0587,-0.0,-0.0,-39.517,102.19 101.06 0 0,-0.1175,False,True,0.3236
1000,oito99,108.723,98.8769,-0.0538,-0.0,-0.0,-38.435,102.19 101.06 0 0,-0.1213,False,True,0.3242
1001,oito100,108.7385,98.8719,-0.0495,-0.0,-0.0,-37.3015,102.28 100.94 0 0,-0.1252,False,True,0.3246
1002,oito100,108.7539,98.8669,-0.0461,-0.0,-0.0,-36.1164,102.28 100.94 0 0,-0.129,False,True,0.3249
1003,oito100,108.7694,98.862,-0.0435,-0.0,-0.0,-34.8799,102.28 100.94 0 0,-0.1328,False,True,0.3254
1004,oito100,108.785,98.8572,-0.0418,-0.0,-0.0,-33.5918,102.28 100.94 0 0,-0.1366,False,True,0.3257
1005,oito100,108.8006,98.8525,-0.0412,-0.0,-0.0,-32.2522,102.28 100.94 0 0,-0.1405,False,True,0.3262
1006,oito100,108.8163,98.8479,-0.0417,-0.0,-0.0,-30.861,102.28 100.94 0 0,-0.1443,False,True,0.3267
1007,oito100,108.832,98.8435,-0.0431,-0.0,-0.0,-29.4182,102.28 100.94 0 0,-0.1481,False,True,0.3273
1008,oito100,108.8478,98.8391,-0.0456,-0.0,-0.0,-27.9238,102.28 100.94 0 0,-0.152,False,True,0.3278
1009,oito100,108.8637,98.8349,-0.0491,-0.0,-0.0,-26.3779,102.28 100.94 0 0,-0.1558,False,True,0.3286
1010,oito100,108.8797,98.8307,-0.0533,-0.0,-0.0,-24.7804,102.28 100.94 0 0,-0.1597,False,True,0.3292
1011,oito101,108.8957,98.8267,-0.0583,-0.0,-0.0,-23.1313,102.35 100.81 0 0,-0.1636,False,True,0.33
1012,oito101,108.9117,98.8229,-0.0637,-0.0,-0.0,-21.4309,102.35 100.81 0 0,-0.1674,False,True,0.3306
1013,oito101,108.9279,98.8192,-0.0696,-0.0,-0.0,-19.6793,102.35 100.81 0 0,-0.1713,False,True,0.3312
1014,oito101,108.9441,98.8156,-0.0756,-0.0,-0.0,-17.8767,102.35 100.81 0 0,-0.1751,False,True,0.3318
1015,oito101,108.9604,98.8122,-0.0816,-0.0,-0.0,-16.0229,102.35 100.81 0 0,-0.179,False,True,0.3325
1016,oito101,108.9767,98.809,-0.0874,-0.0,-0.0,-14.1795,102.35 100.81 0 0,-0.1747,False,True,0.3332
1017,oito101,108.9931,98.8059,-0.0928,-0.0,-0.0,-12.4009,102.35 100.81 0 0,-0.1705,False,True,0.3338
1018,oito101,109.0096,98.803,-0.0977,-0.0,-0.0,-10.6857,102.35 100.81 0 0,-0.1663,False,True,0.3345
1019,oito101,109.0261,98.8002,-0.102,-0.0,-0.0,-9.0325,102.35 100.81 0 0,-0.1622,False,True,0.3351
1020,oito101,109.0427,98.7976,-0.1054,-0.0,-0.0,-7.4402,102.35 100.81 0 0,-0.1582,False,True,0.3359
1021,oito102,109.0593,98.7952,-0.1079,-0.0,-0.0,-5.9075,102.4 100.67 0 0,-0.1543,False,True,0.3365
1022,oito102,109.076,98.7929,-0.1095,-0.0,-0.0,-4.4335,102.4 100.67 0 0,-0.1503,False,True,0.337
1023,oito102,109.0928,98.7908,-0.11,-0.0,-0.0,-3.0172,102.4 100.67 0 0,-0.1465,False,True,0.3376
1024,oito102,109.1096,98.7888,-0.1095,-0.0,-0.0,-1.6578,102.4 100.67 0 0,-0.1426,False,True,0.338
1025,oito102,109.1264,98.7869,-0.108,-0.0,-0.0,-0.3543,102.4 100.67 0 0,-0.1389,False,True,0.3385
1026,oito102,109.1432,98.7852,-0.1054,-0.0,0.0,0.8943,102.4 100.67 0 0,-0.1352,False,True,0.3389
1027,oito102,109.1601,98.7837,-0.1019,-0.0,0.0,2.0886,102.4 100.67 0 0,-0.1315,False,True,0.3394
1028,oito102,109.1771,98.7822,-0.0976,-0.0,0.0,3.2296,102.4 100.67 0 0,-0.1279,False,True,0.3399
1029,oito102,109.194,98.781,-0.0926,-0.0,0.0,4.3177,102.4 100.67 0 0,-0.1244,False,True,0.3403
1030,oito102,109.211,98.7798,-0.0871,-0.0,0.0,5.3539,102.4 100.67 0 0,-0.1209,False,True,0.3407
1031,oito103,109.2281,98.7788,-0.0813,-0.0,0.0,6.3385,102.44 100.52 0 0,-0.1174,False,True,0.341
1032,oito103,109.2451,98.7779,-0.0752,-0.0,0.0,7.2721,102.44 100.52 0 0,-0.114,False,True,0.3415
1033,oito103,109.2622,98.7771,-0.0692,-0.0,0.0,8.1549,102.44 100.52 0 0,-0.1106,False,True,0.3418
1034,oito103,109.2793,98.7765,-0.0635,-0.0,0.0,8.9875,102.44 100.52 0 0,-0.1072,False,True,0.342
1035,oito103,109.2964,98.776,-0.0581,-0.0,0.0,9.7703,102.44 100.52 0 0,-0.1038,False,True,0.3423
1036,oito103,109.3135,98.7756,-0.0532,-0.0,0.0,10.5036,102.44 100.52 0 0,-0.1005,False,True,0.3426
1037,oito103,109.3307,98.7754,-0.049,-0.0,0.0,11.1878,102.44 100.52 0 0,-0.0971,False,True,0.3429
1038,oito103,109.3478,98.7752,-0.0457,-0.0,0.0,11.8232,102.44 100.52 0 0,-0.0938,False,True,0.3432
1039,oito103,109.365,98.7752,-0.0432,-0.0,0.0,12.41,102.44 100.52 0 0,-0.0905,False,True,0.3433
1040,oito103,109.3822,98.7753,-0.0417,-0.0,0.0,12.9486,102.44 100.52 0 0,-0.0872,False,True,0.3438
1041,oito104,109.3994,98.7755,-0.0412,-0.0,0.0,13.439,102.47 100.38 0 0,-0.0839,False,True,0.3441
1042,oito104,109.4166,98.7758,-0.0418,-0.0,0.0,13.8812,102.47 100.38 0 0,-0.0805,False,True,0.3443
1043,oito104,109.4338,98.7763,-0.0434,-0.0,0.0,14.2753,102.47 100.38 0 0,-0.0772,False,True,0.3445
1044,oito104,109.451,98.7768,-0.046,-0.0,0.0,14.6211,102.47 100.38 0 0,-0.0739,False,True,0.3449
1045,oito104,109.4683,98.7775,-0.0496,-0.0,0.0,14.9189,102.47 100.38 0 0,-0.0705,False,True,0.3449
1046,oito104,109.4855,98.7782,-0.0539,-0.0,0.0,15.1685,102.47 100.38 0 0,-0.0673,False,True,0.3455
1047,oito104,109.5028,98.7791,-0.059,-0.0,0.0,15.37,102.47 100.38 0 0,-0.0639,False,True,0.3456
1048,oito104,109.5201,98.78,-0.0645,-0.0,0.0,15.5231,102.47 100.38 0 0,-0.0606,False,True,0.346
1049,oito104,109.5373,98.781,-0.0704,-0.0,0.0,15.6279,102.47 100.38 0 0,-0.0573,False,True,0.3462
1050,oito104,109.5546,98.7821,-0.0764,-0.0,0.0,15.684,102.47 100.38 0 0,-0.054,False,True,0.3468
1051,oito105,109.572,98.7833,-0.0824,-0.0,0.0,15.6914,102.49 100.23 0 0,-0.0528,False,True,0.3469
1052,oito105,109.5893,98.7845,-0.0881,-0.0,0.0,15.6496,102.49 100.23 0 0,-0.0564,False,True,0.3474
1053,oito105,109.6066,98.7858,-0.0935,-0.0,0.0,15.5581,102.49 100.23 0 0,-0.0599,False,True,0.3477
1054,oito105,109.624,98.7872,-0.0983,-0.0,0.0,15.4166,102.49 100.23 0 0,-0.0635,False,True,0.3479
1055,oito105,109.6413,98.7886,-0.1025,-0.0,0.0,15.225,102.49 100.23 0 0,-0.067,False,True,0.3484
1056,oito105,109.6587,98.7901,-0.1058,-0.0,0.0,14.9829,102.49 100.23 0 0,-0.0706,False,True,0.3487
1057,oito105,109.6761,98.7916,-0.1082,-0.0,0.0,14.6901,102.49 100.23 0 0,-0.0742,False,True,0.3492
1058,oito105,109.6935,98.7931,-0.1096,-0.0,0.0,14.3464,102.49 100.23 0 0,-0.0778,False,True,0.3496
1059,oito105,109.7109,98.7947,-0.11,-0.0,0.0,13.9515,102.49 100.23 0 0,-0.0814,False,True,0.3499
1060,oito105,109.7284,98.7963,-0.1094,-0.0,0.0,13.5052,102.49 100.23 0 0,-0.085,False,True,0.3504
1061,oito106,109.7458,98.7979,-0.1077,-0.0,0.0,13.0074,102.5 100.08 0 0,-0.0886,False,True,0.3509
1062,oito106,109.7633,98.7995,-0.105,-0.0,0.0,12.4575,102.5 100.08 0 0,-0.0923,False,True,0.3513
1063,oito106,109.7808,98.801,-0.1014,-0.0,0.0,11.8553,102.5 100.08 0 0,-0.096,False,True,0.3516
1064,oito106,109.7984,98.8026,-0.097,-0.0,0.0,11.2006,102.5 100.08 0 0,-0.0998,False,True,0.3522
1065,oito106,109.8159,98.8042,-0.0919,-0.0,0.0,10.4932,102.5 100.08 0 0,-0.1035,False,True,0.3526
1066,oito106,109.8335,98.8057,-0.0864,-0.0,0.0,9.733,102.5 100.08 0 0,-0.1073,False,True,0.353
1067,oito106,109.8512,98.8072,-0.0805,-0.0,0.0,8.9197,102.5 100.08 0 0,-0.1111,False,True,0.3536
1068,oito106,109.8688,98.8086,-0.0744,-0.0,0.0,8.0534,102.5 100.08 0 0,-0.1149,False,True,0.3539
1069,oito106,109.8865,98.81,-0.0685,-0.0,0.0,7.1338,102.5 100.08 0 0,-0.1188,False,True,0.3545
1070,oito106,109.9042,98.8113,-0.0627,-0.0,0.0,6.1608,102.5 100.08 0 0,-0.1226,False,True,0.355
1071,oito107,109.9219,98.8125,-0.0574,-0.0,0.0,5.1344,102.5 99.93 0 0,-0.1265,False,True,0.3555
1072,oito107,109.9396,98.8137,-0.0526,-0.0,0.0,4.0542,102.5 99.93 0 0,-0.1303,False,True,0.3558
1073,oito107,109.9574,98.8147,-0.0485,-0.0,0.0,2.9201,102.5 99.93 0 0,-0.1342,False,True,0.3565
1074,oito107,109.9753,98.8157,-0.0453,-0.0,0.0,1.7319,102.5 99.93 0 0,-0.1381,False,True,0.3568
1075,oito107,109.9931,98.8165,-0.0429,-0.0,0.0,0.4896,102.5 99.93 0 0,-0.142,False,True,0.3573
1076,oito107,110.011,98.8172,-0.0416,-0.0,-0.0,-0.8068,102.5 99.93 0 0,-0.1458,True,True,0.3578
1077,oito107,110.0289,98.8178,-0.0412,-0.0,-0.0,-2.1573,102.5 99.93 0 0,-0.1497,True,True,0.3583
1078,oito107,110.0468,98.8182,-0.042,-0.0,-0.0,-3.562,102.5 99.93 0 0,-0.1535,True,True,0.3587
1079,oito107,110.0648,98.8185,-0.0437,-0.0,-0.0,-5.0208,102.5 99.93 0 0,-0.1574,True,True,0.3591
1080,oito107,110.0827,98.8186,-0.0465,-0.0,-0.0,-6.5338,102.5 99.93 0 0,-0.1612,True,True,0.3597
