step,seg,x,y,z,roll,pitch,yaw,action,reward,terminated,truncated,speed_xy
1,oito00,100.0,100.0,0.0,0.0,-0.0,-0.0,102.35 100.79 0 0,0.0,False,False,0.0
2,oito00,100.0001,100.0,-0.0012,-0.0,0.0,0.0032,102.35 100.79 0 0,-0.0001,False,False,0.002
3,oito00,100.0004,100.0,-0.0047,-0.0,0.0,0.0123,102.35 100.79 0 0,0.0001,False,False,0.0058
4,oito00,100.0009,100.0,-0.0104,-0.0,0.0,0.0271,102.35 100.79 0 0,0.0003,False,False,0.0095
5,oito00,100.0015,100.0,-0.0181,-0.0,0.0,0.0475,102.35 100.79 0 0,0.0005,False,False,0.013
6,oito00,100.0023,100.0,-0.0275,-0.0,0.0,0.0733,102.35 100.79 0 0,0.0007,False,False,0.0168
7,oito00,100.0034,100.0,-0.0382,-0.0,0.0,0.1043,102.35 100.79 0 0,0.0008,False,False,0.0201
8,oito00,100.0045,100.0,-0.0499,-0.0,0.0,0.1402,102.35 100.79 0 0,0.0009,False,False,0.0237
9,oito00,100.0059,100.0,-0.0622,-0.0,0.0,0.1809,102.35 100.79 0 0,0.001,False,False,0.0272
10,oito00,100.0074,100.0,-0.0746,-0.0,0.0,0.2262,102.35 100.79 0 0,0.0011,False,False,0.0304
11,oito01,100.0091,100.0,-0.0869,-0.0,0.0,0.2757,102.41 100.65 0 0,0.0012,False,False,0.0337
12,oito01,100.0109,100.0,-0.0985,-0.0,0.0,0.3286,102.41 100.65 0 0,0.0014,False,False,0.0368
13,oito01,100.0129,100.0,-0.1092,-0.0,0.0,0.3841,102.41 100.65 0 0,0.0016,False,False,0.0401
14,oito01,100.0151,100.0,-0.1187,-0.0,0.0,0.4421,102.41 100.65 0 0,0.0019,False,False,0.0432
15,oito01,100.0174,100.0,-0.1268,-0.0,0.0,0.5024,102.41 100.65 0 0,0.0022,False,False,0.0462
16,oito01,100.0199,100.0,-0.1332,-0.0,0.0,0.5647,102.41 100.65 0 0,0.0025,False,False,0.0493
17,oito01,100.0225,100.0001,-0.1379,-0.0,0.0,0.629,102.41 100.65 0 0,0.0029,False,False,0.0522
18,oito01,100.0252,100.0001,-0.1406,-0.0,0.0,0.695,102.41 100.65 0 0,0.0033,False,False,0.0551
19,oito01,100.0281,100.0001,-0.1414,-0.0,0.0,0.7626,102.41 100.65 0 0,0.0037,False,False,0.0578
20,oito01,100.0312,100.0001,-0.1402,-0.0,0.0,0.8317,102.41 100.65 0 0,0.004,False,False,0.0606
21,oito02,100.0343,100.0001,-0.137,-0.0,0.0,0.9023,102.45 100.51 0 0,0.0044,False,False,0.0633
22,oito02,100.0376,100.0002,-0.1318,-0.0,0.0,0.9736,102.45 100.51 0 0,0.0048,False,False,0.0658
23,oito02,100.041,100.0002,-0.125,-0.0,0.0,1.0452,102.45 100.51 0 0,0.0053,False,False,0.0685
24,oito02,100.0446,100.0002,-0.1167,-0.0,0.0,1.1171,102.45 100.51 0 0,0.0056,False,False,0.071
25,oito02,100.0483,100.0003,-0.1072,-0.0,0.0,1.1893,102.45 100.51 0 0,0.006,False,False,0.0736
26,oito02,100.0521,100.0003,-0.0969,-0.0,0.0,1.2618,102.45 100.51 0 0,0.0063,False,False,0.0758
27,oito02,100.056,100.0004,-0.086,-0.0,0.0,1.3347,102.45 100.51 0 0,0.0065,False,False,0.0781
28,oito02,100.06,100.0004,-0.075,-0.0,0.0,1.4082,102.45 100.51 0 0,0.0068,False,False,0.0804
29,oito02,100.0641,100.0005,-0.0643,-0.0,0.0,1.4821,102.45 100.51 0 0,0.007,False,False,0.0827
30,oito02,100.0684,100.0005,-0.054,-0.0,0.0,1.5567,102.45 100.51 0 0,0.0072,False,False,0.0848
31,oito03,100.0727,100.0006,-0.0445,-0.0,0.0,1.6319,102.47 100.36 0 0,0.0074,False,False,0.087
32,oito03,100.0772,100.0007,-0.0362,-0.0,0.0,1.7073,102.47 100.36 0 0,0.0077,False,False,0.089
33,oito03,100.0817,100.0008,-0.0291,-0.0,0.0,1.7822,102.47 100.36 0 0,0.008,False,False,0.091
34,oito03,100.0864,100.0009,-0.0234,-0.0,0.0,1.8568,102.47 100.36 0 0,0.0083,False,False,0.0929
35,oito03,100.0911,100.0009,-0.0194,-0.0,0.0,1.9312,102.47 100.36 0 0,0.0086,False,False,0.0948
36,oito03,100.0959,100.001,-0.0171,-0.0,0.0,2.0053,102.47 100.36 0 0,0.0089,False,False,0.0968
37,oito03,100.1009,100.0011,-0.0165,-0.0,0.0,2.0793,102.47 100.36 0 0,0.0092,False,False,0.0984
38,oito03,100.1059,100.0012,-0.0178,-0.0,0.0,2.153,102.47 100.36 0 0,0.0095,False,False,0.1001
39,oito03,100.1109,100.0014,-0.0208,-0.0,0.0,2.2264,102.47 100.36 0 0,0.0098,False,False,0.1018
40,oito03,100.1161,100.0015,-0.0256,-0.0,0.0,2.2997,102.47 100.36 0 0,0.0101,False,False,0.1035
41,oito04,100.1214,100.0016,-0.0319,-0.0,0.0,2.3726,102.49 100.21 0 0,0.0103,False,False,0.1052
42,oito04,100.1267,100.0017,-0.0395,-0.0,0.0,2.4445,102.49 100.21 0 0,0.0106,False,False,0.1065
43,oito04,100.1321,100.0019,-0.0481,-0.0,0.0,2.5148,102.49 100.21 0 0,0.0109,False,False,0.1081
44,oito04,100.1376,100.002,-0.0575,-0.0,0.0,2.5835,102.49 100.21 0 0,0.0112,False,False,0.1096
45,oito04,100.1431,100.0022,-0.0673,-0.0,0.0,2.6505,102.49 100.21 0 0,0.0115,False,False,0.111
46,oito04,100.1487,100.0023,-0.0773,-0.0,0.0,2.7159,102.49 100.21 0 0,0.0117,False,False,0.1124
47,oito04,100.1544,100.0025,-0.0871,-0.0,0.0,2.7794,102.49 100.21 0 0,0.012,False,False,0.1137
48,oito04,100.1602,100.0027,-0.0964,-0.0,0.0,2.8413,102.49 100.21 0 0,0.0123,False,False,0.115
49,oito04,100.166,100.0028,-0.1049,-0.0,0.0,2.9013,102.49 100.21 0 0,0.0125,False,False,0.1162
50,oito04,100.1718,100.003,-0.1125,-0.0,0.0,2.9595,102.49 100.21 0 0,0.0128,False,False,0.1172
51,oito05,100.1778,100.0032,-0.1189,-0.0,0.0,3.016,102.5 100.06 0 0,0.0131,False,False,0.1186
52,oito05,100.1837,100.0034,-0.1239,-0.0,0.0,3.07,102.5 100.06 0 0,0.0135,False,False,0.1197
53,oito05,100.1898,100.0036,-0.1275,-0.0,0.0,3.1211,102.5 100.06 0 0,0.0139,False,False,0.1206
54,oito05,100.1959,100.0038,-0.1295,-0.0,0.0,3.1694,102.5 100.06 0 0,0.0143,False,False,0.1218
55,oito05,100.202,100.004,-0.1298,-0.0,0.0,3.2149,102.5 100.06 0 0,0.0147,False,False,0.1228
56,oito05,100.2082,100.0042,-0.1285,-0.0,0.0,3.2578,102.5 100.06 0 0,0.0151,False,False,0.1238
57,oito05,100.2144,100.0045,-0.1256,-0.0,0.0,3.2982,102.5 100.06 0 0,0.0155,False,False,0.1247
58,oito05,100.2207,100.0047,-0.1211,-0.0,0.0,3.3362,102.5 100.06 0 0,0.0158,False,False,0.1255
59,oito05,100.227,100.0049,-0.1152,-0.0,0.0,3.3718,102.5 100.06 0 0,0.0161,False,False,0.1264
60,oito05,100.2334,100.0052,-0.1082,-0.0,0.0,3.4053,102.5 100.06 0 0,0.0164,False,False,0.1273
61,oito06,100.2398,100.0054,-0.1001,-0.0,0.0,3.4367,102.5 99.91 0 0,0.0166,False,False,0.1281
62,oito06,100.2462,100.0057,-0.0914,-0.0,0.0,3.4655,102.5 99.91 0 0,0.0169,False,False,0.1289
63,oito06,100.2527,100.0059,-0.0823,-0.0,0.0,3.4913,102.5 99.91 0 0,0.0172,False,False,0.1296
64,oito06,100.2592,100.0062,-0.0731,-0.0,0.0,3.5141,102.5 99.91 0 0,0.0175,False,False,0.1304
65,oito06,100.2657,100.0064,-0.064,-0.0,0.0,3.5341,102.5 99.91 0 0,0.0177,False,False,0.131
66,oito06,100.2723,100.0067,-0.0555,-0.0,0.0,3.5514,102.5 99.91 0 0,0.018,False,False,0.1318
67,oito06,100.2789,100.007,-0.0476,-0.0,0.0,3.5662,102.5 99.91 0 0,0.0182,False,False,0.1323
68,oito06,100.2856,100.0073,-0.0406,-0.0,0.0,3.5785,102.5 99.91 0 0,0.0184,False,False,0.133
69,oito06,100.2923,100.0076,-0.0348,-0.0,0.0,3.5884,102.5 99.91 0 0,0.0186,False,False,0.1335
70,oito06,100.299,100.0078,-0.0302,-0.0,0.0,3.596,102.5 99.91 0 0,0.0189,False,False,0.1341
71,oito07,100.3057,100.0081,-0.027,-0.0,0.0,3.6014,102.49 99.76 0 0,0.0191,False,False,0.1347
72,oito07,100.3124,100.0084,-0.0253,-0.0,0.0,3.604,102.49 99.76 0 0,0.0194,False,False,0.135
73,oito07,100.3192,100.0087,-0.0251,-0.0,0.0,3.6032,102.49 99.76 0 0,0.0194,False,False,0.1356
74,oito07,100.326,100.009,-0.0264,-0.0,0.0,3.5991,102.49 99.76 0 0,0.0193,False,False,0.1361
75,oito07,100.3328,100.0093,-0.0293,-0.0,0.0,3.5919,102.49 99.76 0 0,0.0191,False,False,0.1366
76,oito07,100.3397,100.0097,-0.0336,-0.0,0.0,3.5816,102.49 99.76 0 0,0.019,False,False,0.1369
77,oito07,100.3465,100.01,-0.0392,-0.0,0.0,3.5684,102.49 99.76 0 0,0.0189,False,False,0.1373
78,oito07,100.3534,100.0103,-0.0459,-0.0,0.0,3.5523,102.49 99.76 0 0,0.0187,False,False,0.1376
79,oito07,100.3603,100.0106,-0.0535,-0.0,0.0,3.5334,102.49 99.76 0 0,0.0185,False,False,0.1381
80,oito07,100.3672,100.0109,-0.0617,-0.0,0.0,3.5119,102.49 99.76 0 0,0.0184,False,False,0.1384
81,oito08,100.3741,100.0112,-0.0702,-0.0,0.0,3.4878,102.47 99.61 0 0,0.0182,False,False,0.1385
82,oito08,100.3811,100.0116,-0.0789,-0.0,0.0,3.4606,102.47 99.61 0 0,0.0179,False,False,0.139
83,oito08,100.388,100.0119,-0.0873,-0.0,0.0,3.4298,102.47 99.61 0 0,0.0177,False,False,0.1393
84,oito08,100.395,100.0122,-0.0954,-0.0,0.0,3.3955,102.47 99.61 0 0,0.0174,False,False,0.1395
85,oito08,100.402,100.0125,-0.1027,-0.0,0.0,3.3579,102.47 99.61 0 0,0.0172,False,False,0.1398
86,oito08,100.409,100.0129,-0.1092,-0.0,0.0,3.3173,102.47 99.61 0 0,0.017,False,False,0.1399
87,oito08,100.416,100.0132,-0.1146,-0.0,0.0,3.2737,102.47 99.61 0 0,0.0169,False,False,0.1402
88,oito08,100.423,100.0135,-0.1188,-0.0,0.0,3.2273,102.47 99.61 0 0,0.0167,False,False,0.1404
89,oito08,100.43,100.0139,-0.1218,-0.0,0.0,3.1783,102.47 99.61 0 0,0.0166,False,False,0.1405
90,oito08,100.437,100.0142,-0.1233,-0.0,0.0,3.1268,102.47 99.61 0 0,0.0165,False,False,0.1407
91,oito09,100.444,100.0145,-0.1233,-0.0,0.0,3.0729,102.44 99.46 0 0,0.0164,False,False,0.1408
92,oito09,100.4511,100.0149,-0.122,-0.0,0.0,3.0161,102.44 99.46 0 0,0.0163,False,False,0.1411
93,oito09,100.4581,100.0152,-0.1191,-0.0,0.0,2.9557,102.44 99.46 0 0,0.0161,False,False,0.141
94,oito09,100.4652,100.0155,-0.115,-0.0,0.0,2.892,102.44 99.46 0 0,0.0159,False,False,0.1413
95,oito09,100.4723,100.0158,-0.1096,-0.0,0.0,2.8251,102.44 99.46 0 0,0.0158,False,False,0.1413
96,oito09,100.4793,100.0162,-0.1032,-0.0,0.0,2.7551,102.44 99.46 0 0,0.0156,False,False,0.1414
97,oito09,100.4864,100.0165,-0.0959,-0.0,0.0,2.682,102.44 99.46 0 0,0.0154,False,False,0.1416
98,oito09,100.4935,100.0168,-0.0881,-0.0,0.0,2.606,102.44 99.46 0 0,0.0152,False,False,0.1416
99,oito09,100.5005,100.0172,-0.08,-0.0,0.0,2.5272,102.44 99.46 0 0,0.0149,False,False,0.1416
100,oito09,100.5076,100.0175,-0.0717,-0.0,0.0,2.4454,102.44 99.46 0 0,0.0147,False,False,0.1416
101,oito10,100.5147,100.0178,-0.0637,-0.0,0.0,2.3609,102.4 99.32 0 0,0.0145,False,False,0.1417
102,oito10,100.5218,100.0181,-0.0561,-0.0,0.0,2.2729,102.4 99.32 0 0,0.0142,False,False,0.1417
103,oito10,100.5288,100.0184,-0.0492,-0.0,0.0,2.1809,102.4 99.32 0 0,0.0138,False,False,0.1416
104,oito10,100.5359,100.0187,-0.0431,-0.0,0.0,2.0849,102.4 99.32 0 0,0.0135,False,False,0.1417
105,oito10,100.543,100.0191,-0.038,-0.0,0.0,1.985,102.4 99.32 0 0,0.0133,False,False,0.1417
106,oito10,100.5501,100.0194,-0.0341,-0.0,0.0,1.8812,102.4 99.32 0 0,0.013,False,False,0.1417
107,oito10,100.5572,100.0197,-0.0314,-0.0,0.0,1.7738,102.4 99.32 0 0,0.0128,False,False,0.1417
108,oito10,100.5642,100.02,-0.0301,-0.0,0.0,1.6627,102.4 99.32 0 0,0.0125,False,False,0.1416
109,oito10,100.5713,100.0203,-0.0301,-0.0,0.0,1.5482,102.4 99.32 0 0,0.0123,False,False,0.1416
110,oito10,100.5784,100.0206,-0.0316,-0.0,0.0,1.4302,102.4 99.32 0 0,0.0121,False,False,0.1416
111,oito11,100.5854,100.0208,-0.0344,-0.0,0.0,1.3091,102.34 99.18 0 0,0.0118,False,False,0.1414
112,oito11,100.5925,100.0211,-0.0385,-0.0,0.0,1.1841,102.34 99.18 0 0,0.0115,False,False,0.1414
113,oito11,100.5996,100.0214,-0.0437,-0.0,0.0,1.0548,102.34 99.18 0 0,0.0113,False,False,0.1414
114,oito11,100.6066,100.0217,-0.0499,-0.0,0.0,0.9214,102.34 99.18 0 0,0.0109,False,False,0.1413
115,oito11,100.6137,100.0219,-0.0569,-0.0,0.0,0.7842,102.34 99.18 0 0,0.0106,False,False,0.1411
116,oito11,100.6207,100.0222,-0.0644,-0.0,0.0,0.6436,102.34 99.18 0 0,0.0104,False,False,0.1411
117,oito11,100.6278,100.0225,-0.0722,-0.0,0.0,0.4997,102.34 99.18 0 0,0.0101,False,False,0.1409
118,oito11,100.6348,100.0227,-0.08,-0.0,0.0,0.3529,102.34 99.18 0 0,0.0099,False,False,0.1409
119,oito11,100.6418,100.023,-0.0877,-0.0,0.0,0.2034,102.34 99.18 0 0,0.0096,False,False,0.1406
120,oito11,100.6489,100.0232,-0.0949,-0.0,0.0,0.0516,102.34 99.18 0 0,0.0095,False,False,0.1406
121,oito12,100.6559,100.0234,-0.1015,-0.0,-0.0,-0.1022,102.27 99.05 0 0,0.0093,False,False,0.1405
122,oito12,100.6629,100.0237,-0.1073,-0.0,-0.0,-0.2587,102.27 99.05 0 0,0.009,False,False,0.1403
123,oito12,100.6699,100.0239,-0.1121,-0.0,-0.0,-0.4181,102.27 99.05 0 0,0.0089,False,False,0.1403
124,oito12,100.6769,100.0241,-0.1158,-0.0,-0.0,-0.5803,102.27 99.05 0 0,0.0087,False,False,0.14
125,oito12,100.6839,100.0243,-0.1182,-0.0,-0.0,-0.745,102.27 99.05 0 0,0.0085,False,False,0.1398
126,oito12,100.6909,100.0245,-0.1194,-0.0,-0.0,-0.912,102.27 99.05 0 0,0.0084,False,False,0.1398
127,oito12,100.6979,100.0247,-0.1193,-0.0,-0.0,-1.0811,102.27 99.05 0 0,0.0083,False,False,0.1395
128,oito12,100.7048,100.0249,-0.1178,-0.0,-0.0,-1.2522,102.27 99.05 0 0,0.0082,False,False,0.1394
129,oito12,100.7118,100.0251,-0.115,-0.0,-0.0,-1.4252,102.27 99.05 0 0,0.0081,False,False,0.1394
130,oito12,100.7187,100.0252,-0.111,-0.0,-0.0,-1.5999,102.27 99.05 0 0,0.008,False,False,0.139
131,oito13,100.7257,100.0254,-0.1059,-0.0,-0.0,-1.7765,102.18 98.93 0 0,0.0079,False,False,0.1389
132,oito13,100.7326,100.0255,-0.0998,-0.0,-0.0,-1.9557,102.18 98.93 0 0,0.0076,False,False,0.1386
133,oito13,100.7395,100.0257,-0.0931,-0.0,-0.0,-2.1381,102.18 98.93 0 0,0.0074,False,False,0.1386
134,oito13,100.7464,100.0258,-0.0858,-0.0,-0.0,-2.3238,102.18 98.93 0 0,0.0071,False,False,0.1383
135,oito13,100.7533,100.0259,-0.0783,-0.0,-0.0,-2.5128,102.18 98.93 0 0,0.0068,False,False,0.1381
136,oito13,100.7602,100.0261,-0.0707,-0.0,-0.0,-2.7051,102.18 98.93 0 0,0.0065,False,False,0.1378
137,oito13,100.7671,100.0262,-0.0634,-0.0,-0.0,-2.9007,102.18 98.93 0 0,0.0062,False,False,0.1378
138,oito13,100.774,100.0263,-0.0564,-0.0,-0.0,-3.0996,102.18 98.93 0 0,0.0059,False,False,0.1373
139,oito13,100.7809,100.0264,-0.0501,-0.0,-0.0,-3.3019,102.18 98.93 0 0,0.0057,False,False,0.1373
140,oito13,100.7877,100.0264,-0.0446,-0.0,-0.0,-3.5075,102.18 98.93 0 0,0.0054,False,False,0.137
141,oito14,100.7946,100.0265,-0.04,-0.0,-0.0,-3.7166,102.06 98.84 0 0,0.0051,False,False,0.1369
142,oito14,100.8014,100.0266,-0.0366,-0.0,-0.0,-3.9297,102.06 98.84 0 0,0.0047,False,False,0.1366
143,oito14,100.8082,100.0266,-0.0343,-0.0,-0.0,-4.1477,102.06 98.84 0 0,0.0044,False,False,0.1363
144,oito14,100.815,100.0267,-0.0332,-0.0,-0.0,-4.3704,102.06 98.84 0 0,0.004,False,False,0.1361
145,oito14,100.8218,100.0267,-0.0335,-0.0,-0.0,-4.5975,102.06 98.84 0 0,0.0037,False,False,0.1357
146,oito14,100.8286,100.0267,-0.035,-0.0,-0.0,-4.829,102.06 98.84 0 0,0.0034,False,False,0.1355
147,oito14,100.8353,100.0267,-0.0378,-0.0,-0.0,-5.0645,102.06 98.84 0 0,0.0031,False,False,0.1353
148,oito14,100.8421,100.0267,-0.0418,-0.0,-0.0,-5.3039,102.06 98.84 0 0,0.0028,False,False,0.1349
149,oito14,100.8488,100.0267,-0.0468,-0.0,-0.0,-5.5468,102.06 98.84 0 0,0.0026,False,False,0.1347
150,oito14,100.8555,100.0266,-0.0527,-0.0,-0.0,-5.7928,102.06 98.84 0 0,0.0023,False,False,0.1344
151,oito15,100.8622,100.0266,-0.0593,-0.0,-0.0,-6.0417,101.93 98.77 0 0,0.0021,False,False,0.1341
152,oito15,100.8689,100.0266,-0.0663,-0.0,-0.0,-6.2939,101.93 98.77 0 0,0.0017,False,False,0.1338
153,oito15,100.8756,100.0265,-0.0736,-0.0,-0.0,-6.5496,101.93 98.77 0 0,0.0014,False,False,0.1335
154,oito15,100.8823,100.0264,-0.081,-0.0,-0.0,-6.8086,101.93 98.77 0 0,0.0011,False,False,0.1332
155,oito15,100.8889,100.0263,-0.0881,-0.0,-0.0,-7.0703,101.93 98.77 0 0,0.0009,False,False,0.1329
156,oito15,100.8955,100.0262,-0.0948,-0.0,-0.0,-7.3342,101.93 98.77 0 0,0.0007,False,False,0.1325
157,oito15,100.9021,100.0261,-0.1009,-0.0,-0.0,-7.6001,101.93 98.77 0 0,0.0005,False,False,0.1323
158,oito15,100.9087,100.026,-0.1061,-0.0,-0.0,-7.8675,101.93 98.77 0 0,0.0004,False,False,0.1319
159,oito15,100.9153,100.0258,-0.1105,-0.0,-0.0,-8.1361,101.93 98.77 0 0,0.0003,False,False,0.1316
160,oito15,100.9219,100.0257,-0.1138,-0.0,-0.0,-8.4057,101.93 98.77 0 0,0.0002,False,False,0.1313
161,oito16,100.9284,100.0255,-0.1159,-0.0,-0.0,-8.676,101.78 98.75 0 0,0.0002,False,False,0.1311
162,oito16,100.935,100.0253,-0.1168,-0.0,-0.0,-8.9476,101.78 98.75 0 0,0.0,False,False,0.1305
163,oito16,100.9415,100.0251,-0.1165,-0.0,-0.0,-9.2212,101.78 98.75 0 0,-0.0001,False,False,0.1302
164,oito16,100.9479,100.0249,-0.1149,-0.0,-0.0,-9.4966,101.78 98.75 0 0,-0.0002,False,False,0.1298
165,oito16,100.9544,100.0247,-0.1121,-0.0,-0.0,-9.7737,101.78 98.75 0 0,-0.0003,False,False,0.1295
166,oito16,100.9609,100.0245,-0.1082,-0.0,-0.0,-10.0525,101.78 98.75 0 0,-0.0005,False,False,0.129
167,oito16,100.9673,100.0242,-0.1032,-0.0,-0.0,-10.3329,101.78 98.75 0 0,-0.0006,False,False,0.1286
168,oito16,100.9737,100.024,-0.0974,-0.0,-0.0,-10.6152,101.78 98.75 0 0,-0.0008,False,False,0.1281
169,oito16,100.9801,100.0237,-0.091,-0.0,-0.0,-10.8992,101.78 98.75 0 0,-0.001,False,False,0.1278
170,oito16,100.9864,100.0234,-0.0841,-0.0,-0.0,-11.1852,101.78 98.75 0 0,-0.0012,False,False,0.1275
171,oito17,100.9928,100.0231,-0.077,-0.0,-0.0,-11.4734,101.63 98.76 0 0,-0.0014,False,False,0.1271
172,oito17,100.9991,100.0228,-0.0698,-0.0,-0.0,-11.7646,101.63 98.76 0 0,-0.0018,False,False,0.1265
173,oito17,101.0054,100.0225,-0.0629,-0.0,-0.0,-12.0598,101.63 98.76 0 0,-0.0021,False,False,0.1262
174,oito17,101.0117,100.0221,-0.0564,-0.0,-0.0,-12.359,101.63 98.76 0 0,-0.0025,False,False,0.1258
175,oito17,101.0179,100.0218,-0.0506,-0.0,-0.0,-12.6622,101.63 98.76 0 0,-0.0029,False,False,0.1252
176,oito17,101.0242,100.0214,-0.0455,-0.0,-0.0,-12.9697,101.63 98.76 0 0,-0.0032,False,False,0.1247
177,oito17,101.0304,100.021,-0.0413,-0.0,-0.0,-13.2812,101.63 98.76 0 0,-0.0036,False,False,0.1243
178,oito17,101.0365,100.0207,-0.0382,-0.0,-0.0,-13.5969,101.63 98.76 0 0,-0.0039,False,False,0.1238
179,oito17,101.0427,100.0202,-0.0362,-0.0,-0.0,-13.9167,101.63 98.76 0 0,-0.0043,False,False,0.1234
180,oito17,101.0488,100.0198,-0.0354,-0.0,-0.0,-14.2404,101.63 98.76 0 0,-0.0046,False,False,0.123
181,oito18,101.0549,100.0194,-0.0358,-0.0,-0.0,-14.5679,101.49 98.81 0 0,-0.0049,False,False,0.1225
182,oito18,101.061,100.019,-0.0374,-0.0,-0.0,-14.8998,101.49 98.81 0 0,-0.0053,False,False,0.1221
183,oito18,101.0671,100.0185,-0.0402,-0.0,-0.0,-15.2366,101.49 98.81 0 0,-0.0057,False,False,0.1215
184,oito18,101.0731,100.0181,-0.0442,-0.0,-0.0,-15.5779,101.49 98.81 0 0,-0.006,False,False,0.1211
185,oito18,101.0791,100.0176,-0.0491,-0.0,-0.0,-15.9233,101.49 98.81 0 0,-0.0064,False,False,0.1203
186,oito18,101.0851,100.0171,-0.0548,-0.0,-0.0,-16.2723,101.49 98.81 0 0,-0.0067,False,False,0.1199
187,oito18,101.091,100.0166,-0.0611,-0.0,-0.0,-16.6245,101.49 98.81 0 0,-0.007,False,False,0.1194
188,oito18,101.097,100.0161,-0.0679,-0.0,-0.0,-16.9794,101.49 98.81 0 0,-0.0073,False,False,0.1189
189,oito18,101.1029,100.0156,-0.0748,-0.0,-0.0,-17.3363,101.49 98.81 0 0,-0.0075,False,False,0.1184
190,oito18,101.1087,100.015,-0.0818,-0.0,-0.0,-17.6949,101.49 98.81 0 0,-0.0077,False,False,0.1178
191,oito19,101.1146,100.0145,-0.0885,-0.0,-0.0,-18.0547,101.35 98.86 0 0,-0.0078,False,False,0.1174
192,oito19,101.1204,100.0139,-0.0948,-0.0,-0.0,-18.4161,101.35 98.86 0 0,-0.0081,False,False,0.1168
193,oito19,101.1262,100.0133,-0.1005,-0.0,-0.0,-18.7796,101.35 98.86 0 0,-0.0083,False,False,0.1164
194,oito19,101.1319,100.0128,-0.1055,-0.0,-0.0,-19.1447,101.35 98.86 0 0,-0.0085,False,False,0.1158
195,oito19,101.1377,100.0122,-0.1095,-0.0,-0.0,-19.511,101.35 98.86 0 0,-0.0086,False,False,0.1151
196,oito19,101.1434,100.0116,-0.1125,-0.0,-0.0,-19.8782,101.35 98.86 0 0,-0.0087,False,False,0.1146
197,oito19,101.149,100.0109,-0.1143,-0.0,-0.0,-20.246,101.35 98.86 0 0,-0.0088,False,False,0.1142
198,oito19,101.1547,100.0103,-0.1151,-0.0,-0.0,-20.6142,101.35 98.86 0 0,-0.0088,False,False,0.1135
199,oito19,101.1603,100.0097,-0.1146,-0.0,-0.0,-20.9826,101.35 98.86 0 0,-0.0088,False,False,0.1132
200,oito19,101.1659,100.009,-0.1129,-0.0,-0.0,-21.3513,101.35 98.86 0 0,-0.0089,False,False,0.1126
201,oito20,101.1715,100.0084,-0.11,-0.0,-0.0,-21.7202,101.22 98.94 0 0,-0.0089,False,False,0.112
202,oito20,101.177,100.0077,-0.1061,-0.0,-0.0,-22.0904,101.22 98.94 0 0,-0.0091,False,False,0.1116
203,oito20,101.1825,100.0071,-0.1012,-0.0,-0.0,-22.4631,101.22 98.94 0 0,-0.0094,False,False,0.1108
204,oito20,101.188,100.0064,-0.0956,-0.0,-0.0,-22.8382,101.22 98.94 0 0,-0.0096,False,False,0.1104
205,oito20,101.1934,100.0057,-0.0893,-0.0,-0.0,-23.2159,101.22 98.94 0 0,-0.0099,False,False,0.1097
206,oito20,101.1988,100.005,-0.0827,-0.0,-0.0,-23.5964,101.22 98.94 0 0,-0.0102,False,False,0.1092
207,oito20,101.2042,100.0043,-0.0758,-0.0,-0.0,-23.9798,101.22 98.94 0 0,-0.0105,False,False,0.1086
208,oito20,101.2096,100.0036,-0.069,-0.0,-0.0,-24.3663,101.22 98.94 0 0,-0.0108,False,False,0.1081
209,oito20,101.2149,100.0029,-0.0624,-0.0,-0.0,-24.7561,101.22 98.94 0 0,-0.0112,False,False,0.1076
210,oito20,101.2202,100.0021,-0.0563,-0.0,-0.0,-25.1493,101.22 98.94 0 0,-0.0115,False,False,0.1071
211,oito21,101.2255,100.0014,-0.0508,-0.0,-0.0,-25.5462,101.09 99.02 0 0,-0.0119,False,False,0.1065
212,oito21,101.2307,100.0006,-0.046,-0.0,-0.0,-25.9481,101.09 99.02 0 0,-0.0124,False,False,0.106
213,oito21,101.2359,99.9999,-0.0421,-0.0,-0.0,-26.3562,101.09 99.02 0 0,-0.0129,False,False,0.1054
214,oito21,101.2411,99.9991,-0.0392,-0.0,-0.0,-26.7704,101.09 99.02 0 0,-0.0134,False,False,0.1049
215,oito21,101.2463,99.9984,-0.0375,-0.0,-0.0,-27.1906,101.09 99.02 0 0,-0.0139,False,False,0.1043
216,oito21,101.2514,99.9976,-0.0369,-0.0,-0.0,-27.6165,101.09 99.02 0 0,-0.0143,False,False,0.1039
217,oito21,101.2565,99.9968,-0.0374,-0.0,-0.0,-28.048,101.09 99.02 0 0,-0.0148,False,False,0.1033
218,oito21,101.2616,99.996,-0.0392,-0.0,-0.0,-28.4846,101.09 99.02 0 0,-0.0152,False,False,0.1027
219,oito21,101.2667,99.9952,-0.0421,-0.0,-0.0,-28.926,101.09 99.02 0 0,-0.0156,False,False,0.1023
220,oito21,101.2717,99.9944,-0.046,-0.0,-0.0,-29.3718,101.09 99.02 0 0,-0.0159,False,False,0.1017
221,oito22,101.2767,99.9936,-0.0508,-0.0,-0.0,-29.8214,100.97 99.11 0 0,-0.0162,False,False,0.1013
222,oito22,101.2816,99.9928,-0.0564,-0.0,-0.0,-30.2758,100.97 99.11 0 0,-0.0167,False,False,0.1008
223,oito22,101.2866,99.9919,-0.0626,-0.0,-0.0,-30.7354,100.97 99.11 0 0,-0.0172,False,False,0.1002
224,oito22,101.2915,99.9911,-0.0692,-0.0,-0.0,-31.1996,100.97 99.11 0 0,-0.0176,False,False,0.0997
225,oito22,101.2964,99.9903,-0.0759,-0.0,-0.0,-31.6675,100.97 99.11 0 0,-0.0179,False,False,0.0992
226,oito22,101.3013,99.9894,-0.0826,-0.0,-0.0,-32.1385,100.97 99.11 0 0,-0.0182,False,False,0.0988
227,oito22,101.3061,99.9886,-0.089,-0.0,-0.0,-32.6117,100.97 99.11 0 0,-0.0184,False,False,0.0982
228,oito22,101.3109,99.9877,-0.0951,-0.0,-0.0,-33.0866,100.97 99.11 0 0,-0.0186,False,False,0.0978
229,oito22,101.3157,99.9868,-0.1005,-0.0,-0.0,-33.5625,100.97 99.11 0 0,-0.0187,False,False,0.0972
230,oito22,101.3205,99.9859,-0.1051,-0.0,-0.0,-34.0389,100.97 99.11 0 0,-0.0188,False,False,0.097
231,oito23,101.3252,99.9851,-0.1088,-0.0,-0.0,-34.5152,100.85 99.2 0 0,-0.0188,False,False,0.0964
232,oito23,101.3299,99.9842,-0.1116,-0.0,-0.0,-34.9927,100.85 99.2 0 0,-0.019,False,False,0.0962
233,oito23,101.3346,99.9833,-0.1132,-0.0,-0.0,-35.4725,100.85 99.2 0 0,-0.0192,False,False,0.0956
234,oito23,101.3393,99.9824,-0.1138,-0.0,-0.0,-35.954,100.85 99.2 0 0,-0.0193,False,False,0.0951
235,oito23,101.3439,99.9814,-0.1131,-0.0,-0.0,-36.4371,100.85 99.2 0 0,-0.0194,False,False,0.0947
236,oito23,101.3486,99.9805,-0.1113,-0.0,-0.0,-36.9216,100.85 99.2 0 0,-0.0195,False,False,0.0944
237,oito23,101.3532,99.9796,-0.1084,-0.0,-0.0,-37.4075,100.85 99.2 0 0,-0.0196,False,False,0.0938
238,oito23,101.3577,99.9787,-0.1045,-0.0,-0.0,-37.8947,100.85 99.2 0 0,-0.0197,False,False,0.0936
239,oito23,101.3623,99.9777,-0.0997,-0.0,-0.0,-38.3833,100.85 99.2 0 0,-0.0199,False,False,0.0932
240,oito23,101.3669,99.9768,-0.0941,-0.0,-0.0,-38.8735,100.85 99.2 0 0,-0.02,False,False,0.0929
241,oito24,101.3714,99.9758,-0.088,-0.0,-0.0,-39.3656,100.74 99.3 0 0,-0.0203,False,False,0.0924
242,oito24,101.3759,99.9748,-0.0815,-0.0,-0.0,-39.8613,100.74 99.3 0 0,-0.0207,False,False,0.0922
243,oito24,101.3804,99.9738,-0.0748,-0.0,-0.0,-40.3623,100.74 99.3 0 0,-0.0211,False,False,0.0918
244,oito24,101.3848,99.9729,-0.0683,-0.0,-0.0,-40.8686,100.74 99.3 0 0,-0.0216,False,False,0.0914
245,oito24,101.3893,99.9719,-0.0619,-0.0,-0.0,-41.3803,100.74 99.3 0 0,-0.022,False,False,0.0912
246,oito24,101.3937,99.9708,-0.056,-0.0,-0.0,-41.8976,100.74 99.3 0 0,-0.0225,False,False,0.0908
247,oito24,101.3981,99.9698,-0.0507,-0.0,-0.0,-42.4205,100.74 99.3 0 0,-0.0229,False,False,0.0906
248,oito24,101.4025,99.9688,-0.0462,-0.0,-0.0,-42.9491,100.74 99.3 0 0,-0.0234,False,False,0.0903
249,oito24,101.4069,99.9678,-0.0426,-0.0,-0.0,-43.4834,100.74 99.3 0 0,-0.0239,False,False,0.0898
250,oito24,101.4113,99.9667,-0.04,-0.0,-0.0,-44.0232,100.74 99.3 0 0,-0.0242,False,False,0.0897
251,oito25,101.4156,99.9657,-0.0384,-0.0,-0.0,-44.5685,100.63 99.39 0 0,-0.0247,False,False,0.0893
252,oito25,101.4199,99.9646,-0.038,-0.0,-0.0,-45.1204,100.63 99.39 0 0,-0.0252,False,False,0.0893
253,oito25,101.4242,99.9635,-0.0387,-0.0,-0.0,-45.6798,100.63 99.39 0 0,-0.0257,False,False,0.089
254,oito25,101.4286,99.9624,-0.0406,-0.0,-0.0,-46.2461,100.63 99.39 0 0,-0.0262,False,False,0.0888
255,oito25,101.4328,99.9613,-0.0435,-0.0,-0.0,-46.8188,100.63 99.39 0 0,-0.0267,False,False,0.0885
256,oito25,101.4371,99.9602,-0.0474,-0.0,-0.0,-47.3971,100.63 99.39 0 0,-0.0271,False,False,0.0883
257,oito25,101.4414,99.9591,-0.0523,-0.0,-0.0,-47.9802,100.63 99.39 0 0,-0.0274,False,False,0.0882
258,oito25,101.4456,99.9579,-0.0578,-0.0,-0.0,-48.5673,100.63 99.39 0 0,-0.0277,False,False,0.0881
259,oito25,101.4499,99.9568,-0.0639,-0.0,-0.0,-49.1576,100.63 99.39 0 0,-0.0279,False,False,0.0878
260,oito25,101.4541,99.9556,-0.0703,-0.0,-0.0,-49.7501,100.63 99.39 0 0,-0.0281,False,False,0.0876
261,oito26,101.4583,99.9544,-0.0769,-0.0,-0.0,-50.3441,100.51 99.5 0 0,-0.0282,False,False,0.0877
262,oito26,101.4625,99.9532,-0.0834,-0.0,-0.0,-50.94,100.51 99.5 0 0,-0.0285,False,False,0.0873
263,oito26,101.4667,99.952,-0.0896,-0.0,-0.0,-51.5384,100.51 99.5 0 0,-0.0286,False,False,0.0874
264,oito26,101.4709,99.9507,-0.0954,-0.0,-0.0,-52.1383,100.51 99.5 0 0,-0.0288,False,False,0.0872
265,oito26,101.475,99.9495,-0.1005,-0.0,-0.0,-52.7389,100.51 99.5 0 0,-0.0288,False,False,0.0872
266,oito26,101.4792,99.9482,-0.105,-0.0,-0.0,-53.3394,100.51 99.5 0 0,-0.0288,False,False,0.087
267,oito26,101.4834,99.9469,-0.1085,-0.0,-0.0,-53.9393,100.51 99.5 0 0,-0.0287,False,False,0.0871
268,oito26,101.4875,99.9456,-0.111,-0.0,-0.0,-54.538,100.51 99.5 0 0,-0.0286,False,False,0.0869
269,oito26,101.4916,99.9443,-0.1125,-0.0,-0.0,-55.1353,100.51 99.5 0 0,-0.0284,False,False,0.0871
270,oito26,101.4958,99.9429,-0.1128,-0.0,-0.0,-55.7308,100.51 99.5 0 0,-0.0283,False,False,0.0869
271,oito27,101.4999,99.9415,-0.112,-0.0,-0.0,-56.3244,100.41 99.6 0 0,-0.0281,False,False,0.0869
272,oito27,101.504,99.9401,-0.1101,-0.0,-0.0,-56.9174,100.41 99.6 0 0,-0.0281,False,False,0.0867
273,oito27,101.5081,99.9387,-0.1071,-0.0,-0.0,-57.5108,100.41 99.6 0 0,-0.028,False,False,0.087
274,oito27,101.5122,99.9373,-0.1032,-0.0,-0.0,-58.1046,100.41 99.6 0 0,-0.0281,False,False,0.0868
275,oito27,101.5163,99.9358,-0.0983,-0.0,-0.0,-58.699,100.41 99.6 0 0,-0.0281,False,False,0.0868
276,oito27,101.5204,99.9343,-0.0928,-0.0,-0.0,-59.2942,100.41 99.6 0 0,-0.0281,False,False,0.087
277,oito27,101.5245,99.9328,-0.0868,-0.0,-0.0,-59.8906,100.41 99.6 0 0,-0.0282,False,False,0.087
278,oito27,101.5285,99.9313,-0.0804,-0.0,-0.0,-60.4884,100.41 99.6 0 0,-0.0284,False,False,0.087
279,oito27,101.5326,99.9298,-0.0739,-0.0,-0.0,-61.0881,100.41 99.6 0 0,-0.0285,False,False,0.087
280,oito27,101.5367,99.9282,-0.0675,-0.0,-0.0,-61.6899,100.41 99.6 0 0,-0.0287,False,False,0.0871
281,oito28,101.5407,99.9266,-0.0614,-0.0,-0.0,-62.2942,100.3 99.7 0 0,-0.029,False,False,0.0871
282,oito28,101.5448,99.925,-0.0557,-0.0,-0.0,-62.9023,100.3 99.7 0 0,-0.0293,False,False,0.0872
283,oito28,101.5488,99.9233,-0.0506,-0.0,-0.0,-63.5154,100.3 99.7 0 0,-0.0297,False,False,0.0873
284,oito28,101.5528,99.9217,-0.0463,-0.0,-0.0,-64.1333,100.3 99.7 0 0,-0.03,False,False,0.0876
285,oito28,101.5569,99.9199,-0.0429,-0.0,-0.0,-64.7562,100.3 99.7 0 0,-0.0304,False,False,0.0875
286,oito28,101.5609,99.9182,-0.0405,-0.0,-0.0,-65.384,100.3 99.7 0 0,-0.0307,False,False,0.0877
287,oito28,101.5649,99.9165,-0.0391,-0.0,-0.0,-66.0165,100.3 99.7 0 0,-0.031,False,False,0.0879
288,oito28,101.5689,99.9147,-0.0388,-0.0,-0.0,-66.6535,100.3 99.7 0 0,-0.0313,False,False,0.0879
289,oito28,101.573,99.9128,-0.0397,-0.0,-0.0,-67.2945,100.3 99.7 0 0,-0.0315,False,False,0.0882
290,oito28,101.577,99.911,-0.0416,-0.0,-0.0,-67.9393,100.3 99.7 0 0,-0.0317,False,False,0.0882
291,oito29,101.581,99.9091,-0.0447,-0.0,-0.0,-68.5871,100.19 99.81 0 0,-0.0319,False,False,0.0883
292,oito29,101.585,99.9072,-0.0487,-0.0,-0.0,-69.2383,100.19 99.81 0 0,-0.0322,False,False,0.0885
293,oito29,101.5889,99.9053,-0.0535,-0.0,-0.0,-69.8928,100.19 99.81 0 0,-0.0324,False,False,0.0888
294,oito29,101.5929,99.9033,-0.059,-0.0,-0.0,-70.5499,100.19 99.81 0 0,-0.0325,False,False,0.089
295,oito29,101.5969,99.9013,-0.065,-0.0,-0.0,-71.2085,100.19 99.81 0 0,-0.0326,False,False,0.0891
296,oito29,101.6009,99.8992,-0.0713,-0.0,-0.0,-71.8678,100.19 99.81 0 0,-0.0326,False,False,0.0893
297,oito29,101.6048,99.8971,-0.0777,-0.0,-0.0,-72.5269,100.19 99.81 0 0,-0.0326,False,False,0.0895
298,oito29,101.6088,99.895,-0.0841,-0.0,-0.0,-73.1848,100.19 99.81 0 0,-0.0325,False,False,0.0896
299,oito29,101.6127,99.8929,-0.0902,-0.0,-0.0,-73.8409,100.19 99.81 0 0,-0.0324,False,False,0.09
300,oito29,101.6167,99.8907,-0.0958,-0.0,-0.0,-74.4942,100.19 99.81 0 0,-0.0322,False,False,0.0899
301,oito30,101.6206,99.8885,-0.1007,-0.0,-0.0,-75.1442,100.09 99.91 0 0,-0.0319,False,False,0.0902
302,oito30,101.6245,99.8862,-0.1049,-0.0,-0.0,-75.7912,100.09 99.91 0 0,-0.0317,False,False,0.0906
303,oito30,101.6284,99.884,-0.1083,-0.0,-0.0,-76.4351,100.09 99.91 0 0,-0.0315,False,False,0.0906
304,oito30,101.6324,99.8816,-0.1106,-0.0,-0.0,-77.0757,100.09 99.91 0 0,-0.0312,False,False,0.0909
305,oito30,101.6363,99.8793,-0.1119,-0.0,-0.0,-77.7127,100.09 99.91 0 0,-0.0309,False,False,0.0911
306,oito30,101.6401,99.8769,-0.1121,-0.0,-0.0,-78.3461,100.09 99.91 0 0,-0.0306,False,False,0.0914
307,oito30,101.644,99.8744,-0.1112,-0.0,-0.0,-78.9758,100.09 99.91 0 0,-0.0303,False,False,0.0915
308,oito30,101.6479,99.872,-0.1091,-0.0,-0.0,-79.602,100.09 99.91 0 0,-0.03,False,False,0.0918
309,oito30,101.6517,99.8695,-0.1061,-0.0,-0.0,-80.2249,100.09 99.91 0 0,-0.0297,False,False,0.092
310,oito30,101.6556,99.8669,-0.102,-0.0,-0.0,-80.8449,100.09 99.91 0 0,-0.0295,False,False,0.0921
311,oito31,101.6594,99.8644,-0.0972,-0.0,-0.0,-81.4624,99.98 100.02 0 0,-0.0294,False,False,0.0923
312,oito31,101.6632,99.8618,-0.0917,-0.0,-0.0,-82.0784,99.98 100.02 0 0,-0.0293,False,False,0.0926
313,oito31,101.6671,99.8591,-0.0857,-0.0,-0.0,-82.694,99.98 100.02 0 0,-0.0293,False,False,0.0927
314,oito31,101.6709,99.8564,-0.0794,-0.0,-0.0,-83.3096,99.98 100.02 0 0,-0.0293,False,False,0.0931
315,oito31,101.6746,99.8537,-0.0731,-0.0,-0.0,-83.9257,99.98 100.02 0 0,-0.0294,False,False,0.0932
316,oito31,101.6784,99.8509,-0.0668,-0.0,-0.0,-84.5427,99.98 100.02 0 0,-0.0295,False,False,0.0935
317,oito31,101.6822,99.8481,-0.0608,-0.0,-0.0,-85.161,99.98 100.02 0 0,-0.0297,False,False,0.0938
318,oito31,101.6859,99.8453,-0.0553,-0.0,-0.0,-85.781,99.98 100.02 0 0,-0.0299,False,False,0.0939
319,oito31,101.6896,99.8424,-0.0504,-0.0,-0.0,-86.403,99.98 100.02 0 0,-0.0301,False,False,0.094
320,oito31,101.6933,99.8395,-0.0463,-0.0,-0.0,-87.0272,99.98 100.02 0 0,-0.0302,False,False,0.0943
321,oito32,101.697,99.8365,-0.043,-0.0,-0.0,-87.6537,99.87 100.13 0 0,-0.0304,False,False,0.0944
322,oito32,101.7007,99.8335,-0.0408,-0.0,-0.0,-88.2833,99.87 100.13 0 0,-0.0307,False,False,0.0946
323,oito32,101.7043,99.8305,-0.0396,-0.0,-0.0,-88.9161,99.87 100.13 0 0,-0.0309,False,False,0.0948
324,oito32,101.7079,99.8274,-0.0395,-0.0,-0.0,-89.5521,99.87 100.13 0 0,-0.0312,False,False,0.0951
325,oito32,101.7115,99.8243,-0.0405,-0.0,-0.0,-90.1909,99.87 100.13 0 0,-0.0314,False,False,0.0952
326,oito32,101.7151,99.8212,-0.0425,-0.0,-0.0,-90.8322,99.87 100.13 0 0,-0.0315,False,False,0.0956
327,oito32,101.7187,99.818,-0.0456,-0.0,-0.0,-91.4753,99.87 100.13 0 0,-0.0317,False,False,0.0956
328,oito32,101.7222,99.8147,-0.0497,-0.0,-0.0,-92.1199,99.87 100.13 0 0,-0.0318,False,False,0.0957
329,oito32,101.7257,99.8115,-0.0545,-0.0,-0.0,-92.7651,99.87 100.13 0 0,-0.0319,False,False,0.0959
330,oito32,101.7292,99.8082,-0.06,-0.0,-0.0,-93.4103,99.87 100.13 0 0,-0.0319,False,False,0.096
331,oito33,101.7327,99.8048,-0.066,-0.0,-0.0,-94.0547,99.77 100.23 0 0,-0.0319,False,False,0.0961
332,oito33,101.7361,99.8014,-0.0723,-0.0,-0.0,-94.6981,99.77 100.23 0 0,-0.0319,False,False,0.0961
333,oito33,101.7395,99.798,-0.0786,-0.0,-0.0,-95.3399,99.77 100.23 0 0,-0.0319,False,False,0.0965
334,oito33,101.7428,99.7946,-0.0848,-0.0,-0.0,-95.9794,99.77 100.23 0 0,-0.0318,False,False,0.0965
335,oito33,101.7461,99.7911,-0.0907,-0.0,-0.0,-96.616,99.77 100.23 0 0,-0.0317,False,False,0.0966
336,oito33,101.7494,99.7875,-0.0962,-0.0,-0.0,-97.249,99.77 100.23 0 0,-0.0315,False,False,0.0967
337,oito33,101.7527,99.7839,-0.101,-0.0,-0.0,-97.8778,99.77 100.23 0 0,-0.0312,False,False,0.0969
338,oito33,101.7559,99.7803,-0.105,-0.0,-0.0,-98.5021,99.77 100.23 0 0,-0.031,False,False,0.0968
339,oito33,101.7591,99.7767,-0.1082,-0.0,-0.0,-99.1216,99.77 100.23 0 0,-0.0307,False,False,0.0968
340,oito33,101.7622,99.773,-0.1103,-0.0,-0.0,-99.736,99.77 100.23 0 0,-0.0304,False,False,0.0969
341,oito34,101.7654,99.7693,-0.1115,-0.0,-0.0,-100.3453,99.66 100.34 0 0,-0.0301,False,False,0.097
342,oito34,101.7684,99.7655,-0.1115,-0.0,-0.0,-100.95,99.66 100.34 0 0,-0.0298,False,False,0.0969
343,oito34,101.7714,99.7617,-0.1104,-0.0,-0.0,-101.5504,99.66 100.34 0 0,-0.0296,False,False,0.097
344,oito34,101.7744,99.7579,-0.1083,-0.0,-0.0,-102.1467,99.66 100.34 0 0,-0.0294,False,False,0.0971
345,oito34,101.7773,99.754,-0.1051,-0.0,-0.0,-102.7393,99.66 100.34 0 0,-0.0292,False,False,0.0972
346,oito34,101.7802,99.7501,-0.1011,-0.0,-0.0,-103.3285,99.66 100.34 0 0,-0.029,False,False,0.0971
347,oito34,101.7831,99.7461,-0.0962,-0.0,-0.0,-103.9147,99.66 100.34 0 0,-0.029,False,False,0.0971
348,oito34,101.7858,99.7422,-0.0907,-0.0,-0.0,-104.4984,99.66 100.34 0 0,-0.0289,False,False,0.0971
349,oito34,101.7886,99.7382,-0.0847,-0.0,-0.0,-105.0801,99.66 100.34 0 0,-0.029,False,False,0.0971
350,oito34,101.7913,99.7341,-0.0785,-0.0,-0.0,-105.6604,99.66 100.34 0 0,-0.029,False,False,0.097
351,oito35,101.7939,99.73,-0.0722,-0.0,-0.0,-106.2397,99.55 100.44 0 0,-0.0291,False,False,0.0969
352,oito35,101.7964,99.7259,-0.066,-0.0,-0.0,-106.8188,99.55 100.44 0 0,-0.0293,False,False,0.0969
353,oito35,101.799,99.7218,-0.0602,-0.0,-0.0,-107.3984,99.55 100.44 0 0,-0.0296,False,False,0.097
354,oito35,101.8014,99.7176,-0.0548,-0.0,-0.0,-107.9789,99.55 100.44 0 0,-0.0298,False,False,0.0969
355,oito35,101.8038,99.7134,-0.0501,-0.0,-0.0,-108.5605,99.55 100.44 0 0,-0.0301,False,False,0.097
356,oito35,101.8061,99.7091,-0.0461,-0.0,-0.0,-109.1436,99.55 100.44 0 0,-0.0304,False,False,0.0968
357,oito35,101.8084,99.7048,-0.0431,-0.0,-0.0,-109.7282,99.55 100.44 0 0,-0.0307,False,False,0.0969
358,oito35,101.8106,99.7005,-0.041,-0.0,-0.0,-110.3145,99.55 100.44 0 0,-0.031,False,False,0.0967
359,oito35,101.8127,99.6962,-0.0399,-0.0,-0.0,-110.9024,99.55 100.44 0 0,-0.0313,False,False,0.0967
360,oito35,101.8147,99.6918,-0.04,-0.0,-0.0,-111.4919,99.55 100.44 0 0,-0.0315,False,False,0.0967
361,oito36,101.8167,99.6874,-0.0411,-0.0,-0.0,-112.0826,99.44 100.54 0 0,-0.0318,False,False,0.0965
362,oito36,101.8186,99.683,-0.0433,-0.0,-0.0,-112.6746,99.44 100.54 0 0,-0.0321,False,False,0.0964
363,oito36,101.8204,99.6785,-0.0465,-0.0,-0.0,-113.2677,99.44 100.54 0 0,-0.0324,False,False,0.0965
364,oito36,101.8221,99.674,-0.0506,-0.0,-0.0,-113.8613,99.44 100.54 0 0,-0.0326,False,False,0.0966
365,oito36,101.8238,99.6695,-0.0555,-0.0,-0.0,-114.455,99.44 100.54 0 0,-0.0328,False,False,0.0966
366,oito36,101.8253,99.6649,-0.061,-0.0,-0.0,-115.0481,99.44 100.54 0 0,-0.033,False,False,0.0965
367,oito36,101.8268,99.6603,-0.067,-0.0,-0.0,-115.6399,99.44 100.54 0 0,-0.0332,False,False,0.0966
368,oito36,101.8282,99.6557,-0.0732,-0.0,-0.0,-116.2299,99.44 100.54 0 0,-0.0334,False,False,0.0965
369,oito36,101.8295,99.651,-0.0794,-0.0,-0.0,-116.8173,99.44 100.54 0 0,-0.0335,False,False,0.0966
370,oito36,101.8307,99.6463,-0.0855,-0.0,-0.0,-117.4017,99.44 100.54 0 0,-0.0335,False,False,0.0967
371,oito37,101.8318,99.6416,-0.0913,-0.0,-0.0,-117.9824,99.33 100.64 0 0,-0.0336,False,False,0.0965
372,oito37,101.8327,99.6369,-0.0967,-0.0,-0.0,-118.5592,99.33 100.64 0 0,-0.0336,False,False,0.0967
373,oito37,101.8336,99.6321,-0.1013,-0.0,-0.0,-119.1318,99.33 100.64 0 0,-0.0336,False,False,0.097
374,oito37,101.8344,99.6273,-0.1052,-0.0,-0.0,-119.7,99.33 100.64 0 0,-0.0336,False,False,0.0971
375,oito37,101.8351,99.6225,-0.1082,-0.0,-0.0,-120.2634,99.33 100.64 0 0,-0.0335,False,False,0.0973
376,oito37,101.8356,99.6177,-0.1102,-0.0,-0.0,-120.8219,99.33 100.64 0 0,-0.0335,False,False,0.0977
377,oito37,101.8361,99.6128,-0.1112,-0.0,-0.0,-121.3756,99.33 100.64 0 0,-0.0334,False,False,0.0979
378,oito37,101.8364,99.6079,-0.111,-0.0,-0.0,-121.9244,99.33 100.64 0 0,-0.0334,False,False,0.0982
379,oito37,101.8365,99.603,-0.1098,-0.0,-0.0,-122.4686,99.33 100.64 0 0,-0.0334,False,False,0.0985
380,oito37,101.8366,99.598,-0.1076,-0.0,-0.0,-123.0083,99.33 100.64 0 0,-0.0334,False,False,0.0989
381,oito38,101.8366,99.5931,-0.1043,-0.0,-0.0,-123.544,99.22 100.74 0 0,-0.0335,False,False,0.0993
382,oito38,101.8364,99.5881,-0.1002,-0.0,-0.0,-124.076,99.22 100.74 0 0,-0.0336,False,False,0.1
383,oito38,101.836,99.5831,-0.0953,-0.0,-0.0,-124.6051,99.22 100.74 0 0,-0.0338,False,False,0.1005
384,oito38,101.8356,99.578,-0.0898,-0.0,-0.0,-125.1317,99.22 100.74 0 0,-0.0341,False,False,0.1015
385,oito38,101.8349,99.5729,-0.0838,-0.0,-0.0,-125.6561,99.22 100.74 0 0,-0.0344,False,False,0.1021
386,oito38,101.8342,99.5678,-0.0776,-0.0,-0.0,-126.179,99.22 100.74 0 0,-0.0348,False,False,0.1031
387,oito38,101.8333,99.5627,-0.0714,-0.0,-0.0,-126.7007,99.22 100.74 0 0,-0.0352,False,False,0.1039
388,oito38,101.8322,99.5576,-0.0653,-0.0,-0.0,-127.2217,99.22 100.74 0 0,-0.0356,False,False,0.105
389,oito38,101.831,99.5524,-0.0596,-0.0,-0.0,-127.7425,99.22 100.74 0 0,-0.0361,False,False,0.106
390,oito38,101.8296,99.5473,-0.0543,-0.0,-0.0,-128.2634,99.22 100.74 0 0,-0.0367,False,False,0.1071
391,oito39,101.828,99.5421,-0.0497,-0.0,-0.0,-128.7846,99.1 100.84 0 0,-0.0372,False,False,0.1084
392,oito39,101.8263,99.5368,-0.0459,-0.0,-0.0,-129.3067,99.1 100.84 0 0,-0.0378,False,False,0.1099
393,oito39,101.8244,99.5316,-0.043,-0.0,-0.0,-129.8298,99.1 100.84 0 0,-0.0384,False,False,0.1114
394,oito39,101.8224,99.5263,-0.0411,-0.0,-0.0,-130.354,99.1 100.84 0 0,-0.039,False,False,0.1131
395,oito39,101.8201,99.521,-0.0402,-0.0,-0.0,-130.8795,99.1 100.84 0 0,-0.0396,False,False,0.1149
396,oito39,101.8177,99.5157,-0.0404,-0.0,-0.0,-131.4059,99.1 100.84 0 0,-0.0402,False,False,0.1167
397,oito39,101.8151,99.5104,-0.0417,-0.0,-0.0,-131.9333,99.1 100.84 0 0,-0.0408,False,False,0.1187
398,oito39,101.8122,99.5051,-0.044,-0.0,-0.0,-132.4613,99.1 100.84 0 0,-0.0414,False,False,0.1207
399,oito39,101.8092,99.4997,-0.0473,-0.0,-0.0,-132.9897,99.1 100.84 0 0,-0.042,False,False,0.123
400,oito39,101.806,99.4943,-0.0515,-0.0,-0.0,-133.518,99.1 100.84 0 0,-0.0426,False,True,0.125
401,oito40,101.8026,99.489,-0.0564,-0.0,-0.0,-134.0458,98.98 100.93 0 0,-0.0432,False,True,0.1274
402,oito40,101.799,99.4836,-0.0619,-0.0,-0.0,-134.5726,98.98 100.93 0 0,-0.0438,False,True,0.1299
403,oito40,101.7952,99.4781,-0.0679,-0.0,-0.0,-135.0982,98.98 100.93 0 0,-0.0443,False,True,0.1327
404,oito40,101.7912,99.4727,-0.074,-0.0,-0.0,-135.6218,98.98 100.93 0 0,-0.0448,False,True,0.1355
405,oito40,101.7869,99.4672,-0.0802,-0.0,-0.0,-136.143,98.98 100.93 0 0,-0.0454,False,True,0.1384
406,oito40,101.7824,99.4618,-0.0863,-0.0,-0.0,-136.6613,98.98 100.93 0 0,-0.0459,False,True,0.1413
407,oito40,101.7777,99.4563,-0.092,-0.0,-0.0,-137.1763,98.98 100.93 0 0,-0.0463,False,True,0.1445
408,oito40,101.7728,99.4508,-0.0971,-0.0,-0.0,-137.6876,98.98 100.93 0 0,-0.0467,False,True,0.1476
409,oito40,101.7677,99.4453,-0.1017,-0.0,-0.0,-138.1948,98.98 100.93 0 0,-0.0472,False,True,0.1508
410,oito40,101.7623,99.4397,-0.1054,-0.0,-0.0,-138.6977,98.98 100.93 0 0,-0.0476,False,True,0.1543
411,oito41,101.7567,99.4342,-0.1082,-0.0,-0.0,-139.1961,98.86 101.02 0 0,-0.0479,False,True,0.1575
412,oito41,101.7508,99.4287,-0.1101,-0.0,-0.0,-139.6901,98.86 101.02 0 0,-0.0483,False,True,0.1613
413,oito41,101.7447,99.4231,-0.1109,-0.0,-0.0,-140.1796,98.86 101.02 0 0,-0.0487,False,True,0.1649
414,oito41,101.7384,99.4176,-0.1107,-0.0,-0.0,-140.6649,98.86 101.02 0 0,-0.0492,False,True,0.1688
415,oito41,101.7318,99.412,-0.1093,-0.0,-0.0,-141.1459,98.86 101.02 0 0,-0.0496,False,True,0.1727
416,oito41,101.7249,99.4064,-0.1069,-0.0,-0.0,-141.623,98.86 101.02 0 0,-0.05,False,True,0.1768
417,oito41,101.7178,99.4008,-0.1036,-0.0,-0.0,-142.0965,98.86 101.02 0 0,-0.0506,False,True,0.1808
418,oito41,101.7105,99.3952,-0.0994,-0.0,-0.0,-142.5667,98.86 101.02 0 0,-0.0511,False,True,0.1848
419,oito41,101.7029,99.3896,-0.0944,-0.0,-0.0,-143.034,98.86 101.02 0 0,-0.0517,False,True,0.1891
420,oito41,101.695,99.384,-0.0889,-0.0,-0.0,-143.4987,98.86 101.02 0 0,-0.0523,False,True,0.1931
421,oito42,101.6869,99.3783,-0.0829,-0.0,-0.0,-143.9615,98.73 101.09 0 0,-0.0531,False,True,0.1976
422,oito42,101.6785,99.3727,-0.0768,-0.0,-0.0,-144.4225,98.73 101.09 0 0,-0.0538,False,True,0.2018
423,oito42,101.6699,99.3671,-0.0706,-0.0,-0.0,-144.8824,98.73 101.09 0 0,-0.0546,False,True,0.2065
424,oito42,101.661,99.3615,-0.0646,-0.0,-0.0,-145.3415,98.73 101.09 0 0,-0.0554,False,True,0.211
425,oito42,101.6518,99.3558,-0.059,-0.0,-0.0,-145.8001,98.73 101.09 0 0,-0.0562,False,True,0.2156
426,oito42,101.6423,99.3502,-0.0538,-0.0,-0.0,-146.2587,98.73 101.09 0 0,-0.0571,False,True,0.2203
427,oito42,101.6326,99.3445,-0.0494,-0.0,-0.0,-146.7174,98.73 101.09 0 0,-0.058,False,True,0.2249
428,oito42,101.6226,99.3389,-0.0457,-0.0,-0.0,-147.1766,98.73 101.09 0 0,-0.0589,False,True,0.2297
429,oito42,101.6123,99.3332,-0.043,-0.0,-0.0,-147.6363,98.73 101.09 0 0,-0.0598,False,True,0.2344
430,oito42,101.6018,99.3276,-0.0412,-0.0,-0.0,-148.0968,98.73 101.09 0 0,-0.0607,False,True,0.2391
431,oito43,101.591,99.3219,-0.0404,-0.0,-0.0,-148.558,98.6 101.16 0 0,-0.0616,False,True,0.2441
432,oito43,101.5799,99.3163,-0.0408,-0.0,-0.0,-149.0198,98.6 101.16 0 0,-0.0625,False,True,0.2487
433,oito43,101.5685,99.3107,-0.0422,-0.0,-0.0,-149.4822,98.6 101.16 0 0,-0.0634,False,True,0.2539
434,oito43,101.5568,99.305,-0.0446,-0.0,-0.0,-149.9449,98.6 101.16 0 0,-0.0643,False,True,0.2589
435,oito43,101.5449,99.2994,-0.048,-0.0,-0.0,-150.4077,98.6 101.16 0 0,-0.0652,False,True,0.2637
436,oito43,101.5327,99.2938,-0.0523,-0.0,-0.0,-150.8703,98.6 101.16 0 0,-0.066,False,True,0.2688
437,oito43,101.5202,99.2882,-0.0573,-0.0,-0.0,-151.3323,98.6 101.16 0 0,-0.0668,False,True,0.2737
438,oito43,101.5075,99.2826,-0.0628,-0.0,-0.0,-151.7934,98.6 101.16 0 0,-0.0677,False,True,0.2788
439,oito43,101.4944,99.277,-0.0687,-0.0,-0.0,-152.2531,98.6 101.16 0 0,-0.0684,False,True,0.2836
440,oito43,101.4811,99.2714,-0.0749,-0.0,-0.0,-152.711,98.6 101.16 0 0,-0.0692,False,True,0.2887
441,oito44,101.4675,99.2658,-0.081,-0.0,-0.0,-153.1667,98.46 101.21 0 0,-0.0699,False,True,0.2936
442,oito44,101.4537,99.2603,-0.087,-0.0,-0.0,-153.6197,98.46 101.21 0 0,-0.0706,False,True,0.2985
443,oito44,101.4396,99.2547,-0.0926,-0.0,-0.0,-154.0697,98.46 101.21 0 0,-0.0713,False,True,0.3035
444,oito44,101.4251,99.2492,-0.0977,-0.0,-0.0,-154.5162,98.46 101.21 0 0,-0.0719,False,True,0.3087
445,oito44,101.4105,99.2437,-0.1021,-0.0,-0.0,-154.9591,98.46 101.21 0 0,-0.0725,False,True,0.3136
446,oito44,101.3955,99.2382,-0.1056,-0.0,-0.0,-155.3982,98.46 101.21 0 0,-0.0731,False,True,0.3187
447,oito44,101.3803,99.2327,-0.1083,-0.0,-0.0,-155.8334,98.46 101.21 0 0,-0.0737,False,True,0.3237
448,oito44,101.3648,99.2272,-0.11,-0.0,-0.0,-156.2647,98.46 101.21 0 0,-0.0742,False,True,0.3285
449,oito44,101.349,99.2218,-0.1107,-0.0,-0.0,-156.692,98.46 101.21 0 0,-0.0747,False,True,0.3333
450,oito44,101.333,99.2164,-0.1103,-0.0,-0.0,-157.1156,98.46 101.21 0 0,-0.0752,False,True,0.3382
451,oito45,101.3168,99.211,-0.1089,-0.0,-0.0,-157.5356,98.31 101.24 0 0,-0.0757,False,True,0.3428
452,oito45,101.3002,99.2056,-0.1064,-0.0,-0.0,-157.9519,98.31 101.24 0 0,-0.0763,False,True,0.3476
453,oito45,101.2834,99.2002,-0.1029,-0.0,-0.0,-158.3649,98.31 101.24 0 0,-0.0769,False,True,0.3526
454,oito45,101.2664,99.1949,-0.0986,-0.0,-0.0,-158.7748,98.31 101.24 0 0,-0.0775,False,True,0.3572
455,oito45,101.2491,99.1896,-0.0936,-0.0,-0.0,-159.1819,98.31 101.24 0 0,-0.0781,False,True,0.3619
456,oito45,101.2316,99.1843,-0.088,-0.0,-0.0,-159.5867,98.31 101.24 0 0,-0.0787,False,True,0.3666
457,oito45,101.2138,99.179,-0.0821,-0.0,-0.0,-159.9897,98.31 101.24 0 0,-0.0794,False,True,0.3711
458,oito45,101.1957,99.1737,-0.0759,-0.0,-0.0,-160.3911,98.31 101.24 0 0,-0.0801,False,True,0.3756
459,oito45,101.1775,99.1685,-0.0698,-0.0,-0.0,-160.7914,98.31 101.24 0 0,-0.0808,False,True,0.38
460,oito45,101.159,99.1633,-0.0639,-0.0,-0.0,-161.1909,98.31 101.24 0 0,-0.0816,False,True,0.3844
461,oito46,101.1402,99.1582,-0.0583,-0.0,-0.0,-161.5901,98.16 101.25 0 0,-0.0823,False,True,0.3887
462,oito46,101.1212,99.1531,-0.0533,-0.0,-0.0,-161.989,98.16 101.25 0 0,-0.0831,False,True,0.3931
463,oito46,101.102,99.148,-0.049,-0.0,-0.0,-162.3877,98.16 101.25 0 0,-0.0838,False,True,0.3972
464,oito46,101.0826,99.1429,-0.0455,-0.0,-0.0,-162.7864,98.16 101.25 0 0,-0.0845,False,True,0.4016
465,oito46,101.063,99.1379,-0.0428,-0.0,-0.0,-163.1853,98.16 101.25 0 0,-0.0853,False,True,0.4057
466,oito46,101.0431,99.1329,-0.0412,-0.0,-0.0,-163.5846,98.16 101.25 0 0,-0.086,False,True,0.4097
467,oito46,101.023,99.1279,-0.0406,-0.0,-0.0,-163.9843,98.16 101.25 0 0,-0.0867,False,True,0.4138
468,oito46,101.0027,99.123,-0.0411,-0.0,-0.0,-164.3843,98.16 101.25 0 0,-0.0874,False,True,0.4176
469,oito46,100.9822,99.1181,-0.0426,-0.0,-0.0,-164.7847,98.16 101.25 0 0,-0.088,False,True,0.4215
470,oito46,100.9615,99.1133,-0.0452,-0.0,-0.0,-165.1853,98.16 101.25 0 0,-0.0887,False,True,0.4253
471,oito47,100.9406,99.1085,-0.0487,-0.0,-0.0,-165.586,98.02 101.21 0 0,-0.0893,False,True,0.4288
472,oito47,100.9195,99.1037,-0.053,-0.0,-0.0,-165.9861,98.02 101.21 0 0,-0.0899,False,True,0.4325
473,oito47,100.8982,99.099,-0.0581,-0.0,-0.0,-166.3851,98.02 101.21 0 0,-0.0904,False,True,0.436
474,oito47,100.8767,99.0943,-0.0636,-0.0,-0.0,-166.7829,98.02 101.21 0 0,-0.0909,False,True,0.4395
475,oito47,100.8551,99.0897,-0.0696,-0.0,-0.0,-167.179,98.02 101.21 0 0,-0.0915,False,True,0.4431
476,oito47,100.8332,99.0851,-0.0757,-0.0,-0.0,-167.5732,98.02 101.21 0 0,-0.0919,False,True,0.4463
477,oito47,100.8112,99.0806,-0.0818,-0.0,-0.0,-167.9652,98.02 101.21 0 0,-0.0923,False,True,0.4496
478,oito47,100.789,99.0761,-0.0877,-0.0,-0.0,-168.3547,98.02 101.21 0 0,-0.0927,False,True,0.4528
479,oito47,100.7667,99.0717,-0.0932,-0.0,-0.0,-168.7415,98.02 101.21 0 0,-0.0931,False,True,0.4559
480,oito47,100.7441,99.0673,-0.0982,-0.0,-0.0,-169.1253,98.02 101.21 0 0,-0.0934,False,True,0.4589
481,oito48,100.7215,99.063,-0.1024,-0.0,-0.0,-169.5061,97.89 101.13 0 0,-0.0936,False,True,0.4616
482,oito48,100.6986,99.0587,-0.1059,-0.0,-0.0,-169.8833,97.89 101.13 0 0,-0.0939,False,True,0.4646
483,oito48,100.6756,99.0545,-0.1085,-0.0,-0.0,-170.2565,97.89 101.13 0 0,-0.094,False,True,0.4674
484,oito48,100.6525,99.0504,-0.11,-0.0,-0.0,-170.6257,97.89 101.13 0 0,-0.0942,False,True,0.4701
485,oito48,100.6292,99.0463,-0.1106,-0.0,-0.0,-170.9911,97.89 101.13 0 0,-0.0944,False,True,0.4727
486,oito48,100.6058,99.0422,-0.11,-0.0,-0.0,-171.3529,97.89 101.13 0 0,-0.0945,False,True,0.4752
487,oito48,100.5823,99.0382,-0.1084,-0.0,-0.0,-171.7111,97.89 101.13 0 0,-0.0947,False,True,0.4778
488,oito48,100.5586,99.0343,-0.1058,-0.0,-0.0,-172.0661,97.89 101.13 0 0,-0.0949,False,True,0.4802
489,oito48,100.5348,99.0304,-0.1022,-0.0,-0.0,-172.4181,97.89 101.13 0 0,-0.0951,False,True,0.4825
490,oito48,100.5108,99.0266,-0.0979,-0.0,-0.0,-172.7675,97.89 101.13 0 0,-0.0952,False,True,0.4846
491,oito49,100.4868,99.0228,-0.0928,-0.0,-0.0,-173.1147,97.78 101.02 0 0,-0.0955,False,True,0.4868
492,oito49,100.4626,99.0191,-0.0872,-0.0,-0.0,-173.4594,97.78 101.02 0 0,-0.0957,False,True,0.4888
493,oito49,100.4384,99.0154,-0.0812,-0.0,-0.0,-173.8017,97.78 101.02 0 0,-0.0959,False,True,0.4908
494,oito49,100.414,99.0119,-0.0751,-0.0,-0.0,-174.1421,97.78 101.02 0 0,-0.0961,False,True,0.4928
495,oito49,100.3895,99.0083,-0.069,-0.0,-0.0,-174.4808,97.78 101.02 0 0,-0.0964,False,True,0.4947
496,oito49,100.3649,99.0049,-0.0632,-0.0,-0.0,-174.8184,97.78 101.02 0 0,-0.0966,False,True,0.4963
497,oito49,100.3403,99.0015,-0.0577,-0.0,-0.0,-175.155,97.78 101.02 0 0,-0.0969,False,True,0.498
498,oito49,100.3155,98.9982,-0.0528,-0.0,-0.0,-175.4911,97.78 101.02 0 0,-0.0972,False,True,0.4998
499,oito49,100.2907,98.9949,-0.0486,-0.0,-0.0,-175.827,97.78 101.02 0 0,-0.0975,False,True,0.5012
500,oito49,100.2657,98.9917,-0.0452,-0.0,-0.0,-176.1627,97.78 101.02 0 0,-0.0978,False,True,0.5027
501,oito50,100.2407,98.9886,-0.0427,-0.0,-0.0,-176.4986,97.7 100.9 0 0,-0.098,False,True,0.5041
502,oito50,100.2156,98.9855,-0.0412,-0.0,-0.0,-176.8343,97.7 100.9 0 0,-0.0982,False,True,0.5054
503,oito50,100.1905,98.9825,-0.0408,-0.0,-0.0,-177.1696,97.7 100.9 0 0,-0.0984,False,True,0.5066
504,oito50,100.1653,98.9796,-0.0414,-0.0,-0.0,-177.5044,97.7 100.9 0 0,-0.0986,False,True,0.508
505,oito50,100.14,98.9768,-0.043,-0.0,-0.0,-177.8389,97.7 100.9 0 0,-0.0988,False,True,0.509
506,oito50,100.1146,98.974,-0.0457,-0.0,-0.0,-178.1728,97.7 100.9 0 0,-0.099,False,True,0.5101
507,oito50,100.0892,98.9713,-0.0493,-0.0,-0.0,-178.5063,97.7 100.9 0 0,-0.0991,False,True,0.511
508,oito50,100.0637,98.9687,-0.0537,-0.0,-0.0,-178.8391,97.7 100.9 0 0,-0.0993,False,True,0.512
509,oito50,100.0382,98.9661,-0.0588,-0.0,-0.0,-179.1711,97.7 100.9 0 0,-0.0994,False,True,0.5129
510,oito50,100.0126,98.9637,-0.0645,-0.0,-0.0,-179.5021,97.7 100.9 0 0,-0.0995,False,True,0.5137
511,oito51,99.987,98.9613,-0.0704,-0.0,-0.0,-179.8318,97.63 100.76 0 0,-0.0996,False,True,0.5145
512,oito51,99.9614,98.959,-0.0765,-0.0,0.0,179.8403,97.63 100.76 0 0,-0.0996,False,True,0.5152
513,oito51,99.9357,98.9568,-0.0826,-0.0,0.0,179.515,97.63 100.76 0 0,-0.0995,False,True,0.5157
514,oito51,99.91,98.9546,-0.0884,-0.0,0.0,179.1924,97.63 100.76 0 0,-0.0995,False,True,0.5164
515,oito51,99.8842,98.9526,-0.0938,-0.0,0.0,178.8726,97.63 100.76 0 0,-0.0994,False,True,0.5168
516,oito51,99.8584,98.9506,-0.0987,-0.0,0.0,178.5558,97.63 100.76 0 0,-0.0993,False,True,0.5172
517,oito51,99.8326,98.9487,-0.1029,-0.0,0.0,178.2419,97.63 100.76 0 0,-0.0991,False,True,0.5177
518,oito51,99.8068,98.9469,-0.1062,-0.0,0.0,177.931,97.63 100.76 0 0,-0.099,False,True,0.5181
519,oito51,99.7809,98.9452,-0.1086,-0.0,0.0,177.6231,97.63 100.76 0 0,-0.0989,False,True,0.5184
520,oito51,99.755,98.9436,-0.11,-0.0,0.0,177.3181,97.63 100.76 0 0,-0.0987,False,True,0.5186
521,oito52,99.7291,98.942,-0.1104,-0.0,0.0,177.016,97.58 100.62 0 0,-0.0985,False,True,0.519
522,oito52,99.7032,98.9406,-0.1097,-0.0,0.0,176.717,97.58 100.62 0 0,-0.0983,False,True,0.5191
523,oito52,99.6773,98.9392,-0.108,-0.0,0.0,176.4214,97.58 100.62 0 0,-0.0981,False,True,0.5191
524,oito52,99.6513,98.938,-0.1053,-0.0,0.0,176.129,97.58 100.62 0 0,-0.0979,False,True,0.5193
525,oito52,99.6254,98.9368,-0.1016,-0.0,0.0,175.8394,97.58 100.62 0 0,-0.0977,False,True,0.5192
526,oito52,99.5995,98.9357,-0.0971,-0.0,0.0,175.5524,97.58 100.62 0 0,-0.0975,False,True,0.5191
527,oito52,99.5735,98.9347,-0.092,-0.0,0.0,175.2675,97.58 100.62 0 0,-0.0974,False,True,0.5192
528,oito52,99.5476,98.9338,-0.0864,-0.0,0.0,174.9845,97.58 100.62 0 0,-0.0973,False,True,0.519
529,oito52,99.5217,98.9331,-0.0804,-0.0,0.0,174.703,97.58 100.62 0 0,-0.0972,False,True,0.5189
530,oito52,99.4958,98.9324,-0.0743,-0.0,0.0,174.4226,97.58 100.62 0 0,-0.0972,False,True,0.5187
531,oito53,99.4698,98.9318,-0.0683,-0.0,0.0,174.1431,97.55 100.48 0 0,-0.0971,False,True,0.5186
532,oito53,99.4439,98.9313,-0.0625,-0.0,0.0,173.8645,97.55 100.48 0 0,-0.097,False,True,0.5183
533,oito53,99.418,98.9309,-0.0571,-0.0,0.0,173.5871,97.55 100.48 0 0,-0.0969,False,True,0.5179
534,oito53,99.3921,98.9306,-0.0523,-0.0,0.0,173.3105,97.55 100.48 0 0,-0.0969,False,True,0.5176
535,oito53,99.3663,98.9305,-0.0482,-0.0,0.0,173.0344,97.55 100.48 0 0,-0.0968,False,True,0.5173
536,oito53,99.3404,98.9304,-0.0449,-0.0,0.0,172.7586,97.55 100.48 0 0,-0.0968,False,True,0.5168
537,oito53,99.3146,98.9305,-0.0425,-0.0,0.0,172.4829,97.55 100.48 0 0,-0.0967,False,True,0.5164
538,oito53,99.2888,98.9306,-0.0412,-0.0,0.0,172.2072,97.55 100.48 0 0,-0.0966,False,True,0.5159
539,oito53,99.263,98.9309,-0.0409,-0.0,0.0,171.9313,97.55 100.48 0 0,-0.0966,False,True,0.5156
540,oito53,99.2373,98.9313,-0.0416,-0.0,0.0,171.6551,97.55 100.48 0 0,-0.0965,False,True,0.515
541,oito54,99.2116,98.9319,-0.0434,-0.0,0.0,171.3787,97.52 100.33 0 0,-0.0965,False,True,0.5145
542,oito54,99.1859,98.9325,-0.0462,-0.0,0.0,171.1026,97.52 100.33 0 0,-0.0963,False,True,0.5141
543,oito54,99.1602,98.9333,-0.0499,-0.0,0.0,170.8274,97.52 100.33 0 0,-0.0962,False,True,0.5134
544,oito54,99.1346,98.9342,-0.0545,-0.0,0.0,170.5531,97.52 100.33 0 0,-0.096,False,True,0.5129
545,oito54,99.109,98.9352,-0.0596,-0.0,0.0,170.2798,97.52 100.33 0 0,-0.0959,False,True,0.5122
546,oito54,99.0835,98.9363,-0.0653,-0.0,0.0,170.0076,97.52 100.33 0 0,-0.0957,False,True,0.5114
547,oito54,99.058,98.9376,-0.0713,-0.0,0.0,169.7365,97.52 100.33 0 0,-0.0955,False,True,0.5109
548,oito54,99.0325,98.939,-0.0773,-0.0,0.0,169.4667,97.52 100.33 0 0,-0.0953,False,True,0.5103
549,oito54,99.007,98.9405,-0.0834,-0.0,0.0,169.1984,97.52 100.33 0 0,-0.0951,False,True,0.5095
550,oito54,98.9817,98.9422,-0.0891,-0.0,0.0,168.9315,97.52 100.33 0 0,-0.0949,False,True,0.5089
551,oito55,98.9563,98.944,-0.0945,-0.0,0.0,168.6662,97.51 100.18 0 0,-0.0947,False,True,0.5083
552,oito55,98.931,98.9459,-0.0992,-0.0,0.0,168.4031,97.51 100.18 0 0,-0.0944,False,True,0.5074
553,oito55,98.9058,98.9479,-0.1033,-0.0,0.0,168.1428,97.51 100.18 0 0,-0.0941,False,True,0.5067
554,oito55,98.8806,98.95,-0.1065,-0.0,0.0,167.8852,97.51 100.18 0 0,-0.0937,False,True,0.5058
555,oito55,98.8554,98.9523,-0.1088,-0.0,0.0,167.6303,97.51 100.18 0 0,-0.0934,False,True,0.505
556,oito55,98.8303,98.9547,-0.11,-0.0,0.0,167.3778,97.51 100.18 0 0,-0.093,False,True,0.5041
557,oito55,98.8053,98.9572,-0.1103,-0.0,0.0,167.1277,97.51 100.18 0 0,-0.0927,False,True,0.5033
558,oito55,98.7803,98.9598,-0.1095,-0.0,0.0,166.8799,97.51 100.18 0 0,-0.0924,False,True,0.5024
559,oito55,98.7554,98.9625,-0.1076,-0.0,0.0,166.6339,97.51 100.18 0 0,-0.0921,False,True,0.5016
560,oito55,98.7305,98.9653,-0.1048,-0.0,0.0,166.3898,97.51 100.18 0 0,-0.0918,False,True,0.5008
561,oito56,98.7057,98.9682,-0.101,-0.0,0.0,166.1471,97.5 100.03 0 0,-0.0915,False,True,0.4999
562,oito56,98.6809,98.9713,-0.0964,-0.0,0.0,165.9063,97.5 100.03 0 0,-0.0912,False,True,0.499
563,oito56,98.6562,98.9744,-0.0912,-0.0,0.0,165.6676,97.5 100.03 0 0,-0.0908,False,True,0.4979
564,oito56,98.6316,98.9776,-0.0855,-0.0,0.0,165.4308,97.5 100.03 0 0,-0.0906,False,True,0.4969
565,oito56,98.607,98.9809,-0.0796,-0.0,0.0,165.1954,97.5 100.03 0 0,-0.0903,False,True,0.4959
566,oito56,98.5825,98.9843,-0.0735,-0.0,0.0,164.9612,97.5 100.03 0 0,-0.0901,False,True,0.495
567,oito56,98.558,98.9878,-0.0675,-0.0,0.0,164.7276,97.5 100.03 0 0,-0.0899,False,True,0.4938
568,oito56,98.5336,98.9914,-0.0618,-0.0,0.0,164.4945,97.5 100.03 0 0,-0.0897,False,True,0.4927
569,oito56,98.5093,98.995,-0.0565,-0.0,0.0,164.2614,97.5 100.03 0 0,-0.0895,False,True,0.4918
570,oito56,98.4851,98.9988,-0.0517,-0.0,0.0,164.0282,97.5 100.03 0 0,-0.0894,False,True,0.4908
571,oito57,98.4609,99.0026,-0.0478,-0.0,0.0,163.7945,97.5 99.88 0 0,-0.0892,False,True,0.4897
572,oito57,98.4368,99.0065,-0.0446,-0.0,0.0,163.5608,97.5 99.88 0 0,-0.089,False,True,0.4885
573,oito57,98.4127,99.0104,-0.0424,-0.0,0.0,163.3277,97.5 99.88 0 0,-0.0887,False,True,0.4873
574,oito57,98.3888,99.0144,-0.0412,-0.0,0.0,163.0949,97.5 99.88 0 0,-0.0885,False,True,0.4861
575,oito57,98.3649,99.0185,-0.041,-0.0,0.0,162.8622,97.5 99.88 0 0,-0.0883,False,True,0.4849
576,oito57,98.341,99.0227,-0.0419,-0.0,0.0,162.6294,97.5 99.88 0 0,-0.0881,False,True,0.4835
577,oito57,98.3173,99.0269,-0.0438,-0.0,0.0,162.3964,97.5 99.88 0 0,-0.0879,False,True,0.4824
578,oito57,98.2936,99.0311,-0.0467,-0.0,0.0,162.1632,97.5 99.88 0 0,-0.0877,False,True,0.4811
579,oito57,98.27,99.0355,-0.0506,-0.0,0.0,161.9296,97.5 99.88 0 0,-0.0875,False,True,0.4798
580,oito57,98.2465,99.0398,-0.0552,-0.0,0.0,161.6957,97.5 99.88 0 0,-0.0873,False,True,0.4786
581,oito58,98.223,99.0443,-0.0604,-0.0,0.0,161.4615,97.51 99.73 0 0,-0.0872,False,True,0.4773
582,oito58,98.1997,99.0487,-0.0661,-0.0,0.0,161.2278,97.51 99.73 0 0,-0.0869,False,True,0.476
583,oito58,98.1764,99.0532,-0.0721,-0.0,0.0,160.9954,97.51 99.73 0 0,-0.0865,False,True,0.4745
584,oito58,98.1532,99.0578,-0.0781,-0.0,0.0,160.7642,97.51 99.73 0 0,-0.0862,False,True,0.4731
585,oito58,98.13,99.0624,-0.0841,-0.0,0.0,160.5343,97.51 99.73 0 0,-0.0859,False,True,0.4717
586,oito58,98.107,99.067,-0.0898,-0.0,0.0,160.3056,97.51 99.73 0 0,-0.0856,False,True,0.4702
587,oito58,98.084,99.0717,-0.0951,-0.0,0.0,160.078,97.51 99.73 0 0,-0.0853,False,True,0.4687
588,oito58,98.0611,99.0764,-0.0998,-0.0,0.0,159.8513,97.51 99.73 0 0,-0.085,False,True,0.4673
589,oito58,98.0383,99.0812,-0.1037,-0.0,0.0,159.6254,97.51 99.73 0 0,-0.0847,False,True,0.4659
590,oito58,98.0156,99.086,-0.1068,-0.0,0.0,159.4003,97.51 99.73 0 0,-0.0845,False,True,0.4645
591,oito59,97.993,99.0908,-0.1089,-0.0,0.0,159.1757,97.54 99.58 0 0,-0.0842,False,True,0.463
592,oito59,97.9704,99.0956,-0.1101,-0.0,0.0,158.9524,97.54 99.58 0 0,-0.0838,False,True,0.4615
593,oito59,97.9479,99.1005,-0.1102,-0.0,0.0,158.7309,97.54 99.58 0 0,-0.0834,False,True,0.4598
594,oito59,97.9255,99.1054,-0.1092,-0.0,0.0,158.5109,97.54 99.58 0 0,-0.083,False,True,0.4582
595,oito59,97.9033,99.1103,-0.1072,-0.0,0.0,158.2919,97.54 99.58 0 0,-0.0827,False,True,0.4565
596,oito59,97.8811,99.1152,-0.1042,-0.0,0.0,158.0735,97.54 99.58 0 0,-0.0824,False,True,0.4548
597,oito59,97.8589,99.1201,-0.1004,-0.0,0.0,157.8551,97.54 99.58 0 0,-0.0821,False,True,0.4533
598,oito59,97.8369,99.1251,-0.0957,-0.0,0.0,157.6363,97.54 99.58 0 0,-0.0819,False,True,0.4517
599,oito59,97.815,99.1301,-0.0905,-0.0,0.0,157.4165,97.54 99.58 0 0,-0.0817,False,True,0.45
600,oito59,97.7931,99.1351,-0.0848,-0.0,0.0,157.1952,97.54 99.58 0 0,-0.0816,False,True,0.4484
601,oito60,97.7713,99.1401,-0.0788,-0.0,0.0,156.9717,97.57 99.44 0 0,-0.0816,False,True,0.4467
602,oito60,97.7496,99.1451,-0.0727,-0.0,0.0,156.7465,97.57 99.44 0 0,-0.0814,False,True,0.4452
603,oito60,97.7281,99.1501,-0.0667,-0.0,0.0,156.5198,97.57 99.44 0 0,-0.0813,False,True,0.4433
604,oito60,97.7066,99.1552,-0.0611,-0.0,0.0,156.2907,97.57 99.44 0 0,-0.0812,False,True,0.4415
605,oito60,97.6852,99.1603,-0.0558,-0.0,0.0,156.0583,97.57 99.44 0 0,-0.0812,False,True,0.4398
606,oito60,97.6639,99.1653,-0.0512,-0.0,0.0,155.8217,97.57 99.44 0 0,-0.0813,False,True,0.4381
607,oito60,97.6427,99.1704,-0.0473,-0.0,0.0,155.5797,97.57 99.44 0 0,-0.0814,False,True,0.4362
608,oito60,97.6215,99.1755,-0.0443,-0.0,0.0,155.3315,97.57 99.44 0 0,-0.0816,False,True,0.4346
609,oito60,97.6005,99.1806,-0.0422,-0.0,0.0,155.076,97.57 99.44 0 0,-0.0819,False,True,0.4329
610,oito60,97.5796,99.1857,-0.0412,-0.0,0.0,154.8122,97.57 99.44 0 0,-0.0822,False,True,0.431
611,oito61,97.5587,99.1908,-0.0411,-0.0,0.0,154.5389,97.61 99.29 0 0,-0.0827,False,True,0.4296
612,oito61,97.5379,99.196,-0.0421,-0.0,0.0,154.2511,97.61 99.29 0 0,-0.0837,False,True,0.4276
613,oito61,97.5173,99.2011,-0.0442,-0.0,0.0,153.9432,97.61 99.29 0 0,-0.0849,False,True,0.4259
614,oito61,97.4967,99.2063,-0.0472,-0.0,0.0,153.6132,97.61 99.29 0 0,-0.0862,False,True,0.4241
615,oito61,97.4762,99.2115,-0.0512,-0.0,0.0,153.2599,97.61 99.29 0 0,-0.0876,False,True,0.4223
616,oito61,97.4559,99.2167,-0.0559,-0.0,0.0,152.8825,97.61 99.29 0 0,-0.089,False,True,0.4206
617,oito61,97.4356,99.2219,-0.0611,-0.0,0.0,152.4808,97.61 99.29 0 0,-0.0905,False,True,0.4189
618,oito61,97.4154,99.2271,-0.0669,-0.0,0.0,152.0551,97.61 99.29 0 0,-0.0919,False,True,0.4173
619,oito61,97.3953,99.2324,-0.0729,-0.0,0.0,151.6059,97.61 99.29 0 0,-0.0933,False,True,0.4158
620,oito61,97.3753,99.2377,-0.0789,-0.0,0.0,151.134,97.61 99.29 0 0,-0.0946,False,True,0.4142
621,oito62,97.3553,99.243,-0.0849,-0.0,0.0,150.6405,97.67 99.15 0 0,-0.0958,False,True,0.4128
622,oito62,97.3355,99.2484,-0.0905,-0.0,0.0,150.1221,97.67 99.15 0 0,-0.0976,False,True,0.4113
623,oito62,97.3157,99.2538,-0.0957,-0.0,0.0,149.5764,97.67 99.15 0 0,-0.0992,False,True,0.4099
624,oito62,97.296,99.2593,-0.1003,-0.0,0.0,149.006,97.67 99.15 0 0,-0.1006,False,True,0.4088
625,oito62,97.2764,99.2648,-0.1041,-0.0,0.0,148.4131,97.67 99.15 0 0,-0.1019,False,True,0.4073
626,oito62,97.2569,99.2703,-0.1071,-0.0,0.0,147.7999,97.67 99.15 0 0,-0.103,False,True,0.4063
627,oito62,97.2374,99.276,-0.1091,-0.0,0.0,147.1684,97.67 99.15 0 0,-0.104,False,True,0.405
628,oito62,97.218,99.2816,-0.1101,-0.0,0.0,146.5204,97.67 99.15 0 0,-0.1048,False,True,0.4037
629,oito62,97.1987,99.2873,-0.11,-0.0,0.0,145.8575,97.67 99.15 0 0,-0.1056,False,True,0.4028
630,oito62,97.1795,99.2931,-0.109,-0.0,0.0,145.1812,97.67 99.15 0 0,-0.1063,False,True,0.4015
631,oito63,97.1603,99.2989,-0.1068,-0.0,0.0,144.4924,97.75 99.03 0 0,-0.1068,False,True,0.4002
632,oito63,97.1413,99.3048,-0.1037,-0.0,0.0,143.791,97.75 99.03 0 0,-0.1076,False,True,0.3993
633,oito63,97.1223,99.3107,-0.0998,-0.0,0.0,143.0765,97.75 99.03 0 0,-0.1083,False,True,0.3982
634,oito63,97.1033,99.3167,-0.095,-0.0,0.0,142.3497,97.75 99.03 0 0,-0.1089,False,True,0.3973
635,oito63,97.0845,99.3228,-0.0897,-0.0,0.0,141.6115,97.75 99.03 0 0,-0.1095,False,True,0.3963
636,oito63,97.0657,99.3289,-0.084,-0.0,0.0,140.8623,97.75 99.03 0 0,-0.1101,False,True,0.3954
637,oito63,97.047,99.3351,-0.078,-0.0,0.0,140.1025,97.75 99.03 0 0,-0.1106,False,True,0.3942
638,oito63,97.0283,99.3414,-0.0719,-0.0,0.0,139.3324,97.75 99.03 0 0,-0.1111,False,True,0.3935
639,oito63,97.0097,99.3477,-0.066,-0.0,0.0,138.5524,97.75 99.03 0 0,-0.1116,False,True,0.3923
640,oito63,96.9912,99.3541,-0.0604,-0.0,0.0,137.7625,97.75 99.03 0 0,-0.1121,False,True,0.3913
641,oito64,96.9728,99.3605,-0.0552,-0.0,0.0,136.963,97.84 98.91 0 0,-0.1126,False,True,0.3903
642,oito64,96.9545,99.367,-0.0507,-0.0,0.0,136.1533,97.84 98.91 0 0,-0.1131,False,True,0.3893
643,oito64,96.9362,99.3736,-0.0469,-0.0,0.0,135.3332,97.84 98.91 0 0,-0.1137,False,True,0.3884
644,oito64,96.918,99.3802,-0.044,-0.0,0.0,134.503,97.84 98.91 0 0,-0.1142,False,True,0.3875
645,oito64,96.8998,99.3869,-0.0421,-0.0,0.0,133.6633,97.84 98.91 0 0,-0.1146,False,True,0.3867
646,oito64,96.8818,99.3936,-0.0411,-0.0,0.0,132.8147,97.84 98.91 0 0,-0.115,False,True,0.3855
647,oito64,96.8638,99.4005,-0.0413,-0.0,0.0,131.9578,97.84 98.91 0 0,-0.1154,False,True,0.3847
648,oito64,96.8459,99.4074,-0.0424,-0.0,0.0,131.0937,97.84 98.91 0 0,-0.1156,False,True,0.3836
649,oito64,96.8281,99.4143,-0.0446,-0.0,0.0,130.223,97.84 98.91 0 0,-0.1158,False,True,0.3824
650,oito64,96.8104,99.4213,-0.0478,-0.0,0.0,129.347,97.84 98.91 0 0,-0.1159,False,True,0.3813
651,oito65,96.7927,99.4284,-0.0518,-0.0,0.0,128.4667,97.96 98.82 0 0,-0.1159,False,True,0.3802
652,oito65,96.7751,99.4355,-0.0565,-0.0,0.0,127.5831,97.96 98.82 0 0,-0.1159,False,True,0.3792
653,oito65,96.7577,99.4427,-0.0619,-0.0,0.0,126.6974,97.96 98.82 0 0,-0.1158,False,True,0.378
654,oito65,96.7403,99.4499,-0.0677,-0.0,0.0,125.8107,97.96 98.82 0 0,-0.1156,False,True,0.3769
655,oito65,96.723,99.4572,-0.0737,-0.0,0.0,124.9245,97.96 98.82 0 0,-0.1153,False,True,0.3758
656,oito65,96.7057,99.4646,-0.0797,-0.0,0.0,124.0398,97.96 98.82 0 0,-0.1149,False,True,0.3746
657,oito65,96.6886,99.472,-0.0856,-0.0,0.0,123.158,97.96 98.82 0 0,-0.1145,False,True,0.3733
658,oito65,96.6716,99.4795,-0.0912,-0.0,0.0,122.2801,97.96 98.82 0 0,-0.1139,False,True,0.372
659,oito65,96.6546,99.487,-0.0963,-0.0,0.0,121.4069,97.96 98.82 0 0,-0.1133,False,True,0.3708
660,oito65,96.6378,99.4946,-0.1008,-0.0,0.0,120.5392,97.96 98.82 0 0,-0.1126,False,True,0.3692
661,oito66,96.621,99.5022,-0.1045,-0.0,0.0,119.6776,98.1 98.77 0 0,-0.1119,False,True,0.3679
662,oito66,96.6044,99.5098,-0.1073,-0.0,0.0,118.8227,98.1 98.77 0 0,-0.1111,False,True,0.3664
663,oito66,96.5879,99.5176,-0.1092,-0.0,0.0,117.9747,98.1 98.77 0 0,-0.1104,False,True,0.3651
664,oito66,96.5714,99.5253,-0.1101,-0.0,0.0,117.1338,98.1 98.77 0 0,-0.1096,False,True,0.3637
665,oito66,96.5551,99.5331,-0.1099,-0.0,0.0,116.2997,98.1 98.77 0 0,-0.1088,False,True,0.3622
666,oito66,96.5388,99.5409,-0.1087,-0.0,0.0,115.4723,98.1 98.77 0 0,-0.1081,False,True,0.3607
667,oito66,96.5227,99.5488,-0.1064,-0.0,0.0,114.6511,98.1 98.77 0 0,-0.1073,False,True,0.3591
668,oito66,96.5066,99.5567,-0.1032,-0.0,0.0,113.8357,98.1 98.77 0 0,-0.1066,False,True,0.3574
669,oito66,96.4907,99.5646,-0.0991,-0.0,0.0,113.0253,98.1 98.77 0 0,-0.106,False,True,0.3559
670,oito66,96.4749,99.5726,-0.0943,-0.0,0.0,112.2193,98.1 98.77 0 0,-0.1054,False,True,0.354
671,oito67,96.4592,99.5806,-0.089,-0.0,0.0,111.4169,98.25 98.75 0 0,-0.1049,False,True,0.3522
672,oito67,96.4436,99.5886,-0.0832,-0.0,0.0,110.6177,98.25 98.75 0 0,-0.1044,False,True,0.3506
673,oito67,96.4282,99.5967,-0.0772,-0.0,0.0,109.8211,98.25 98.75 0 0,-0.1039,False,True,0.3489
674,oito67,96.4128,99.6048,-0.0711,-0.0,0.0,109.0262,98.25 98.75 0 0,-0.1035,False,True,0.347
675,oito67,96.3976,99.6129,-0.0652,-0.0,0.0,108.2323,98.25 98.75 0 0,-0.1031,False,True,0.3454
676,oito67,96.3825,99.621,-0.0597,-0.0,0.0,107.4388,98.25 98.75 0 0,-0.1028,False,True,0.3433
677,oito67,96.3675,99.6292,-0.0546,-0.0,0.0,106.6451,98.25 98.75 0 0,-0.1025,False,True,0.3415
678,oito67,96.3526,99.6374,-0.0502,-0.0,0.0,105.8507,98.25 98.75 0 0,-0.1022,False,True,0.3396
679,oito67,96.3378,99.6456,-0.0465,-0.0,0.0,105.0551,98.25 98.75 0 0,-0.102,False,True,0.3376
680,oito67,96.3232,99.6538,-0.0438,-0.0,0.0,104.2583,98.25 98.75 0 0,-0.1017,False,True,0.3356
681,oito68,96.3087,99.6621,-0.0419,-0.0,0.0,103.46,98.4 98.77 0 0,-0.1014,False,True,0.3334
682,oito68,96.2944,99.6703,-0.0411,-0.0,0.0,102.6606,98.4 98.77 0 0,-0.1011,False,True,0.3314
683,oito68,96.2801,99.6786,-0.0414,-0.0,0.0,101.8607,98.4 98.77 0 0,-0.1008,False,True,0.3293
684,oito68,96.266,99.6869,-0.0427,-0.0,0.0,101.0603,98.4 98.77 0 0,-0.1004,False,True,0.3272
685,oito68,96.2521,99.6953,-0.045,-0.0,0.0,100.26,98.4 98.77 0 0,-0.1,False,True,0.325
686,oito68,96.2383,99.7036,-0.0483,-0.0,0.0,99.4602,98.4 98.77 0 0,-0.0995,False,True,0.3228
687,oito68,96.2246,99.712,-0.0524,-0.0,0.0,98.6615,98.4 98.77 0 0,-0.099,False,True,0.3204
688,oito68,96.2111,99.7203,-0.0572,-0.0,0.0,97.8647,98.4 98.77 0 0,-0.0985,False,True,0.3181
689,oito68,96.1977,99.7287,-0.0627,-0.0,0.0,97.0704,98.4 98.77 0 0,-0.0979,False,True,0.3159
690,oito68,96.1844,99.7371,-0.0685,-0.0,0.0,96.2794,98.4 98.77 0 0,-0.0972,False,True,0.3134
691,oito69,96.1714,99.7455,-0.0745,-0.0,0.0,95.4926,98.54 98.82 0 0,-0.0965,False,True,0.311
692,oito69,96.1584,99.7539,-0.0805,-0.0,0.0,94.7112,98.54 98.82 0 0,-0.0956,False,True,0.3085
693,oito69,96.1456,99.7623,-0.0864,-0.0,0.0,93.936,98.54 98.82 0 0,-0.0947,False,True,0.3061
694,oito69,96.133,99.7707,-0.0919,-0.0,0.0,93.1677,98.54 98.82 0 0,-0.0938,False,True,0.3035
695,oito69,96.1205,99.7791,-0.0969,-0.0,0.0,92.4068,98.54 98.82 0 0,-0.0928,False,True,0.3011
696,oito69,96.1082,99.7875,-0.1013,-0.0,0.0,91.6536,98.54 98.82 0 0,-0.0918,False,True,0.2985
697,oito69,96.096,99.796,-0.1049,-0.0,0.0,90.9084,98.54 98.82 0 0,-0.0908,False,True,0.2958
698,oito69,96.084,99.8044,-0.1076,-0.0,0.0,90.1712,98.54 98.82 0 0,-0.0898,False,True,0.2932
699,oito69,96.0722,99.8128,-0.1094,-0.0,0.0,89.4421,98.54 98.82 0 0,-0.0887,False,True,0.2906
700,oito69,96.0605,99.8212,-0.1101,-0.0,0.0,88.7209,98.54 98.82 0 0,-0.0877,False,True,0.2877
701,oito70,96.049,99.8296,-0.1098,-0.0,0.0,88.0074,98.68 98.88 0 0,-0.0867,False,True,0.2851
702,oito70,96.0376,99.8379,-0.1084,-0.0,0.0,87.3014,98.68 98.88 0 0,-0.0857,False,True,0.2823
703,oito70,96.0264,99.8463,-0.106,-0.0,0.0,86.603,98.68 98.88 0 0,-0.0847,False,True,0.2796
704,oito70,96.0154,99.8547,-0.1027,-0.0,0.0,85.9114,98.68 98.88 0 0,-0.0837,False,True,0.277
705,oito70,96.0045,99.863,-0.0985,-0.0,0.0,85.2261,98.68 98.88 0 0,-0.0828,False,True,0.2741
706,oito70,95.9938,99.8714,-0.0936,-0.0,0.0,84.5462,98.68 98.88 0 0,-0.082,False,True,0.2714
707,oito70,95.9833,99.8797,-0.0882,-0.0,0.0,83.871,98.68 98.88 0 0,-0.0812,False,True,0.2686
708,oito70,95.973,99.8881,-0.0824,-0.0,0.0,83.1998,98.68 98.88 0 0,-0.0804,False,True,0.2657
709,oito70,95.9628,99.8964,-0.0764,-0.0,0.0,82.5319,98.68 98.88 0 0,-0.0797,False,True,0.2628
710,oito70,95.9528,99.9046,-0.0703,-0.0,0.0,81.8665,98.68 98.88 0 0,-0.0791,False,True,0.26
711,oito71,95.9429,99.9129,-0.0645,-0.0,0.0,81.2029,98.81 98.95 0 0,-0.0785,False,True,0.2571
712,oito71,95.9332,99.9212,-0.059,-0.0,0.0,80.541,98.81 98.95 0 0,-0.0779,False,True,0.2543
713,oito71,95.9237,99.9294,-0.054,-0.0,0.0,79.8805,98.81 98.95 0 0,-0.0773,False,True,0.2514
714,oito71,95.9144,99.9376,-0.0497,-0.0,0.0,79.2209,98.81 98.95 0 0,-0.0768,False,True,0.2485
715,oito71,95.9053,99.9458,-0.0461,-0.0,0.0,78.5618,98.81 98.95 0 0,-0.0762,False,True,0.2457
716,oito71,95.8963,99.954,-0.0435,-0.0,0.0,77.9029,98.81 98.95 0 0,-0.0757,False,True,0.2428
717,oito71,95.8875,99.9622,-0.0418,-0.0,0.0,77.2441,98.81 98.95 0 0,-0.0752,False,True,0.2399
718,oito71,95.8789,99.9703,-0.0411,-0.0,0.0,76.5853,98.81 98.95 0 0,-0.0746,False,True,0.237
719,oito71,95.8705,99.9785,-0.0415,-0.0,0.0,75.9266,98.81 98.95 0 0,-0.0741,False,True,0.2341
720,oito71,95.8623,99.9865,-0.043,-0.0,0.0,75.2681,98.81 98.95 0 0,-0.0735,False,True,0.2311
721,oito72,95.8542,99.9946,-0.0454,-0.0,0.0,74.6101,98.93 99.03 0 0,-0.0729,False,True,0.2282
722,oito72,95.8463,100.0027,-0.0488,-0.0,0.0,73.9533,98.93 99.03 0 0,-0.0723,False,True,0.2253
723,oito72,95.8386,100.0107,-0.053,-0.0,0.0,73.2985,98.93 99.03 0 0,-0.0716,False,True,0.2223
724,oito72,95.8311,100.0187,-0.0579,-0.0,0.0,72.6462,98.93 99.03 0 0,-0.0709,False,True,0.2197
725,oito72,95.8238,100.0267,-0.0634,-0.0,0.0,71.9968,98.93 99.03 0 0,-0.0701,False,True,0.2165
726,oito72,95.8166,100.0346,-0.0693,-0.0,0.0,71.351,98.93 99.03 0 0,-0.0693,False,True,0.2137
727,oito72,95.8097,100.0426,-0.0753,-0.0,0.0,70.7093,98.93 99.03 0 0,-0.0684,False,True,0.2107
728,oito72,95.8029,100.0505,-0.0813,-0.0,0.0,70.0721,98.93 99.03 0 0,-0.0675,False,True,0.2079
729,oito72,95.7964,100.0583,-0.0871,-0.0,0.0,69.4402,98.93 99.03 0 0,-0.0666,False,True,0.205
730,oito72,95.79,100.0662,-0.0926,-0.0,0.0,68.8138,98.93 99.03 0 0,-0.0657,False,True,0.2022
731,oito73,95.7838,100.074,-0.0975,-0.0,0.0,68.1934,99.05 99.12 0 0,-0.0647,False,True,0.1991
732,oito73,95.7778,100.0817,-0.1018,-0.0,0.0,67.5796,99.05 99.12 0 0,-0.0636,False,True,0.1963
733,oito73,95.772,100.0895,-0.1053,-0.0,0.0,66.9728,99.05 99.12 0 0,-0.0626,False,True,0.1937
734,oito73,95.7664,100.0972,-0.1079,-0.0,0.0,66.3732,99.05 99.12 0 0,-0.0615,False,True,0.1907
735,oito73,95.7609,100.1049,-0.1095,-0.0,0.0,65.7807,99.05 99.12 0 0,-0.0604,False,True,0.188
736,oito73,95.7557,100.1125,-0.1101,-0.0,0.0,65.1951,99.05 99.12 0 0,-0.0593,False,True,0.1853
737,oito73,95.7507,100.1201,-0.1096,-0.0,0.0,64.6161,99.05 99.12 0 0,-0.0583,False,True,0.1824
738,oito73,95.7458,100.1277,-0.1081,-0.0,0.0,64.0436,99.05 99.12 0 0,-0.0573,False,True,0.1798
739,oito73,95.7412,100.1352,-0.1056,-0.0,0.0,63.477,99.05 99.12 0 0,-0.0563,False,True,0.177
740,oito73,95.7367,100.1427,-0.1022,-0.0,0.0,62.9159,99.05 99.12 0 0,-0.0553,False,True,0.1745
741,oito74,95.7324,100.1502,-0.0979,-0.0,0.0,62.3599,99.17 99.22 0 0,-0.0544,False,True,0.1718
742,oito74,95.7284,100.1576,-0.0929,-0.0,0.0,61.8086,99.17 99.22 0 0,-0.0535,False,True,0.1692
743,oito74,95.7245,100.165,-0.0874,-0.0,0.0,61.2619,99.17 99.22 0 0,-0.0526,False,True,0.1669
744,oito74,95.7208,100.1723,-0.0816,-0.0,0.0,60.7192,99.17 99.22 0 0,-0.0518,False,True,0.1644
745,oito74,95.7173,100.1796,-0.0756,-0.0,0.0,60.1797,99.17 99.22 0 0,-0.051,False,True,0.162
746,oito74,95.714,100.1869,-0.0695,-0.0,0.0,59.643,99.17 99.22 0 0,-0.0503,False,True,0.1597
747,oito74,95.7109,100.1941,-0.0637,-0.0,0.0,59.1084,99.17 99.22 0 0,-0.0496,False,True,0.1574
748,oito74,95.708,100.2013,-0.0583,-0.0,0.0,58.5756,99.17 99.22 0 0,-0.0489,False,True,0.1552
749,oito74,95.7053,100.2085,-0.0534,-0.0,0.0,58.044,99.17 99.22 0 0,-0.0482,False,True,0.1529
750,oito74,95.7028,100.2156,-0.0492,-0.0,0.0,57.5133,99.17 99.22 0 0,-0.0476,False,True,0.1509
751,oito75,95.7004,100.2226,-0.0458,-0.0,0.0,56.9832,99.28 99.31 0 0,-0.047,False,True,0.1487
752,oito75,95.6983,100.2297,-0.0432,-0.0,0.0,56.4538,99.28 99.31 0 0,-0.0463,False,True,0.1468
753,oito75,95.6964,100.2366,-0.0417,-0.0,0.0,55.9252,99.28 99.31 0 0,-0.0457,False,True,0.145
754,oito75,95.6947,100.2436,-0.0412,-0.0,0.0,55.3973,99.28 99.31 0 0,-0.045,False,True,0.1432
755,oito75,95.6931,100.2505,-0.0417,-0.0,0.0,54.8702,99.28 99.31 0 0,-0.0444,False,True,0.1416
756,oito75,95.6918,100.2574,-0.0432,-0.0,0.0,54.3439,99.28 99.31 0 0,-0.0437,False,True,0.1399
757,oito75,95.6907,100.2642,-0.0458,-0.0,0.0,53.8186,99.28 99.31 0 0,-0.0431,False,True,0.1383
758,oito75,95.6897,100.271,-0.0493,-0.0,0.0,53.2947,99.28 99.31 0 0,-0.0423,False,True,0.1369
759,oito75,95.689,100.2777,-0.0536,-0.0,0.0,52.7723,99.28 99.31 0 0,-0.0416,False,True,0.1354
760,oito75,95.6885,100.2844,-0.0586,-0.0,0.0,52.252,99.28 99.31 0 0,-0.0409,False,True,0.1342
761,oito76,95.6881,100.291,-0.0642,-0.0,0.0,51.734,99.4 99.41 0 0,-0.0401,False,True,0.1331
762,oito76,95.688,100.2977,-0.07,-0.0,0.0,51.2192,99.4 99.41 0 0,-0.0393,False,True,0.1322
763,oito76,95.688,100.3042,-0.0761,-0.0,0.0,50.7082,99.4 99.41 0 0,-0.0384,False,True,0.1311
764,oito76,95.6883,100.3107,-0.0821,-0.0,0.0,50.2014,99.4 99.41 0 0,-0.0375,False,True,0.1304
765,oito76,95.6888,100.3172,-0.0879,-0.0,0.0,49.6993,99.4 99.41 0 0,-0.0366,False,True,0.1299
766,oito76,95.6894,100.3236,-0.0933,-0.0,0.0,49.202,99.4 99.41 0 0,-0.0356,False,True,0.1292
767,oito76,95.6903,100.33,-0.0981,-0.0,0.0,48.7099,99.4 99.41 0 0,-0.0347,False,True,0.1289
768,oito76,95.6914,100.3363,-0.1023,-0.0,0.0,48.2232,99.4 99.41 0 0,-0.0337,False,True,0.1285
769,oito76,95.6927,100.3426,-0.1057,-0.0,0.0,47.7419,99.4 99.41 0 0,-0.0327,False,True,0.1283
770,oito76,95.6941,100.3489,-0.1081,-0.0,0.0,47.2662,99.4 99.41 0 0,-0.0317,False,True,0.1282
771,oito77,95.6958,100.3551,-0.1096,-0.0,0.0,46.7959,99.51 99.52 0 0,-0.0307,False,True,0.1282
772,oito77,95.6977,100.3612,-0.1101,-0.0,0.0,46.3314,99.51 99.52 0 0,-0.0296,False,True,0.1285
773,oito77,95.6997,100.3673,-0.1095,-0.0,0.0,45.8727,99.51 99.52 0 0,-0.0286,False,True,0.1287
774,oito77,95.702,100.3734,-0.1078,-0.0,0.0,45.4196,99.51 99.52 0 0,-0.0277,False,True,0.1293
775,oito77,95.7045,100.3794,-0.1052,-0.0,0.0,44.9718,99.51 99.52 0 0,-0.0267,False,True,0.1299
776,oito77,95.7071,100.3853,-0.1016,-0.0,0.0,44.5288,99.51 99.52 0 0,-0.0258,False,True,0.1305
777,oito77,95.71,100.3912,-0.0973,-0.0,0.0,44.0903,99.51 99.52 0 0,-0.0249,False,True,0.1312
778,oito77,95.713,100.3971,-0.0922,-0.0,0.0,43.6558,99.51 99.52 0 0,-0.024,False,True,0.1321
779,oito77,95.7162,100.4029,-0.0867,-0.0,0.0,43.2249,99.51 99.52 0 0,-0.0232,False,True,0.133
780,oito77,95.7196,100.4087,-0.0808,-0.0,0.0,42.7971,99.51 99.52 0 0,-0.0225,False,True,0.134
781,oito78,95.7232,100.4144,-0.0748,-0.0,0.0,42.3719,99.62 99.62 0 0,-0.0218,False,True,0.1351
782,oito78,95.727,100.4201,-0.0688,-0.0,0.0,41.9493,99.62 99.62 0 0,-0.021,False,True,0.1362
783,oito78,95.7309,100.4257,-0.063,-0.0,0.0,41.5291,99.62 99.62 0 0,-0.0203,False,True,0.1377
784,oito78,95.7351,100.4313,-0.0576,-0.0,0.0,41.1109,99.62 99.62 0 0,-0.0197,False,True,0.139
785,oito78,95.7394,100.4368,-0.0528,-0.0,0.0,40.6943,99.62 99.62 0 0,-0.019,False,True,0.1406
786,oito78,95.7439,100.4423,-0.0487,-0.0,0.0,40.279,99.62 99.62 0 0,-0.0184,False,True,0.1419
787,oito78,95.7486,100.4478,-0.0454,-0.0,0.0,39.8647,99.62 99.62 0 0,-0.0178,False,True,0.1434
788,oito78,95.7534,100.4532,-0.043,-0.0,0.0,39.4514,99.62 99.62 0 0,-0.0173,False,True,0.1449
789,oito78,95.7584,100.4585,-0.0416,-0.0,0.0,39.0389,99.62 99.62 0 0,-0.0167,False,True,0.1467
790,oito78,95.7636,100.4638,-0.0412,-0.0,0.0,38.627,99.62 99.62 0 0,-0.0162,False,True,0.148
791,oito79,95.7689,100.4691,-0.0418,-0.0,0.0,38.2159,99.72 99.72 0 0,-0.0156,False,True,0.1498
792,oito79,95.7744,100.4743,-0.0435,-0.0,0.0,37.806,99.72 99.72 0 0,-0.015,False,True,0.1513
793,oito79,95.7801,100.4794,-0.0462,-0.0,0.0,37.3975,99.72 99.72 0 0,-0.0144,False,True,0.1533
794,oito79,95.7859,100.4846,-0.0499,-0.0,0.0,36.9906,99.72 99.72 0 0,-0.0138,False,True,0.155
795,oito79,95.7919,100.4896,-0.0543,-0.0,0.0,36.5856,99.72 99.72 0 0,-0.0132,False,True,0.1565
796,oito79,95.798,100.4947,-0.0594,-0.0,0.0,36.1827,99.72 99.72 0 0,-0.0126,False,True,0.1585
797,oito79,95.8043,100.4996,-0.0649,-0.0,0.0,35.7823,99.72 99.72 0 0,-0.012,False,True,0.1602
798,oito79,95.8107,100.5046,-0.0708,-0.0,0.0,35.3845,99.72 99.72 0 0,-0.0113,False,True,0.1619
799,oito79,95.8173,100.5095,-0.0769,-0.0,0.0,34.9897,99.72 99.72 0 0,-0.0107,False,True,0.1637
800,oito79,95.824,100.5143,-0.0829,-0.0,0.0,34.5981,99.72 99.72 0 0,-0.01,False,True,0.1654
801,oito80,95.8308,100.5191,-0.0886,-0.0,0.0,34.2101,99.83 99.83 0 0,-0.0094,False,True,0.167
802,oito80,95.8378,100.5238,-0.0939,-0.0,0.0,33.8262,99.83 99.83 0 0,-0.0087,False,True,0.1688
803,oito80,95.8449,100.5285,-0.0987,-0.0,0.0,33.4469,99.83 99.83 0 0,-0.0079,False,True,0.1707
804,oito80,95.8521,100.5332,-0.1028,-0.0,0.0,33.0722,99.83 99.83 0 0,-0.0072,False,True,0.1722
805,oito80,95.8595,100.5378,-0.106,-0.0,0.0,32.7022,99.83 99.83 0 0,-0.0065,False,True,0.174
806,oito80,95.867,100.5424,-0.1084,-0.0,0.0,32.337,99.83 99.83 0 0,-0.0057,False,True,0.1757
807,oito80,95.8746,100.547,-0.1097,-0.0,0.0,31.9764,99.83 99.83 0 0,-0.005,False,True,0.1774
808,oito80,95.8824,100.5514,-0.11,-0.0,0.0,31.6205,99.83 99.83 0 0,-0.0043,False,True,0.1791
809,oito80,95.8902,100.5559,-0.1093,-0.0,0.0,31.269,99.83 99.83 0 0,-0.0036,False,True,0.1806
810,oito80,95.8982,100.5603,-0.1075,-0.0,0.0,30.9218,99.83 99.83 0 0,-0.003,False,True,0.1822
811,oito81,95.9063,100.5647,-0.1048,-0.0,0.0,30.5786,99.94 99.94 0 0,-0.0024,False,True,0.1837
812,oito81,95.9145,100.569,-0.1011,-0.0,0.0,30.2395,99.94 99.94 0 0,-0.0017,False,True,0.1853
813,oito81,95.9228,100.5733,-0.0966,-0.0,0.0,29.9044,99.94 99.94 0 0,-0.0011,False,True,0.1869
814,oito81,95.9312,100.5775,-0.0915,-0.0,0.0,29.5729,99.94 99.94 0 0,-0.0005,False,True,0.1884
815,oito81,95.9397,100.5817,-0.0859,-0.0,0.0,29.2448,99.94 99.94 0 0,-0.0,False,True,0.1898
816,oito81,95.9483,100.5859,-0.08,-0.0,0.0,28.9197,99.94 99.94 0 0,0.0005,False,True,0.1914
817,oito81,95.957,100.59,-0.074,-0.0,0.0,28.5972,99.94 99.94 0 0,0.001,False,True,0.1929
818,oito81,95.9658,100.5941,-0.068,-0.0,0.0,28.2769,99.94 99.94 0 0,0.0014,False,True,0.194
819,oito81,95.9747,100.5982,-0.0623,-0.0,0.0,27.9586,99.94 99.94 0 0,0.0018,False,True,0.1956
820,oito81,95.9837,100.6022,-0.057,-0.0,0.0,27.642,99.94 99.94 0 0,0.0022,False,True,0.1969
821,oito82,95.9928,100.6062,-0.0522,-0.0,0.0,27.3268,100.09 100.09 0 0,0.0025,False,True,0.198
822,oito82,96.0019,100.6101,-0.0482,-0.0,0.0,27.0131,100.09 100.09 0 0,0.0029,False,True,0.1994
823,oito82,96.0112,100.6141,-0.045,-0.0,0.0,26.7013,100.09 100.09 0 0,0.0033,False,True,0.2008
824,oito82,96.0205,100.6179,-0.0428,-0.0,0.0,26.391,100.09 100.09 0 0,0.0036,False,True,0.2021
825,oito82,96.0299,100.6218,-0.0415,-0.0,0.0,26.0822,100.09 100.09 0 0,0.004,False,True,0.2033
826,oito82,96.0394,100.6256,-0.0412,-0.0,0.0,25.7748,100.09 100.09 0 0,0.0043,False,True,0.2046
827,oito82,96.049,100.6294,-0.042,-0.0,0.0,25.4689,100.09 100.09 0 0,0.0047,False,True,0.2059
828,oito82,96.0586,100.6331,-0.0439,-0.0,0.0,25.1643,100.09 100.09 0 0,0.005,False,True,0.2069
829,oito82,96.0683,100.6368,-0.0467,-0.0,0.0,24.8612,100.09 100.09 0 0,0.0054,False,True,0.2081
830,oito82,96.0781,100.6405,-0.0504,-0.0,0.0,24.5597,100.09 100.09 0 0,0.0057,False,True,0.2089
831,oito83,96.088,100.6441,-0.0549,-0.0,0.0,24.26,100.2 100.2 0 0,0.006,False,True,0.2102
832,oito83,96.0979,100.6477,-0.0601,-0.0,0.0,23.9625,100.2 100.2 0 0,0.0064,False,True,0.2111
833,oito83,96.1079,100.6513,-0.0657,-0.0,0.0,23.6676,100.2 100.2 0 0,0.0068,False,True,0.2123
834,oito83,96.1179,100.6548,-0.0716,-0.0,0.0,23.3755,100.2 100.2 0 0,0.0072,False,True,0.2133
835,oito83,96.1281,100.6584,-0.0777,-0.0,0.0,23.0863,100.2 100.2 0 0,0.0076,False,True,0.2142
836,oito83,96.1382,100.6618,-0.0836,-0.0,0.0,22.8004,100.2 100.2 0 0,0.008,False,True,0.2153
837,oito83,96.1485,100.6653,-0.0893,-0.0,0.0,22.5177,100.2 100.2 0 0,0.0084,False,True,0.2161
838,oito83,96.1588,100.6687,-0.0946,-0.0,0.0,22.2385,100.2 100.2 0 0,0.0088,False,True,0.2169
839,oito83,96.1691,100.6721,-0.0993,-0.0,0.0,21.9629,100.2 100.2 0 0,0.0092,False,True,0.2177
840,oito83,96.1795,100.6755,-0.1032,-0.0,0.0,21.6908,100.2 100.2 0 0,0.0097,False,True,0.2187
841,oito84,96.19,100.6788,-0.1064,-0.0,0.0,21.4224,100.31 100.31 0 0,0.01,False,True,0.2192
842,oito84,96.2005,100.6821,-0.1086,-0.0,0.0,21.158,100.31 100.31 0 0,0.0105,False,True,0.2201
843,oito84,96.211,100.6853,-0.1098,-0.0,0.0,20.8977,100.31 100.31 0 0,0.011,False,True,0.2209
844,oito84,96.2216,100.6886,-0.11,-0.0,0.0,20.6415,100.31 100.31 0 0,0.0114,False,True,0.2218
845,oito84,96.2323,100.6918,-0.1091,-0.0,0.0,20.3892,100.31 100.31 0 0,0.0119,False,True,0.2225
846,oito84,96.243,100.695,-0.1072,-0.0,0.0,20.1406,100.31 100.31 0 0,0.0123,False,True,0.2231
847,oito84,96.2537,100.6982,-0.1043,-0.0,0.0,19.8956,100.31 100.31 0 0,0.0127,False,True,0.2239
848,oito84,96.2645,100.7013,-0.1006,-0.0,0.0,19.654,100.31 100.31 0 0,0.013,False,True,0.2244
849,oito84,96.2753,100.7044,-0.096,-0.0,0.0,19.4154,100.31 100.31 0 0,0.0134,False,True,0.2251
850,oito84,96.2861,100.7075,-0.0908,-0.0,0.0,19.1798,100.31 100.31 0 0,0.0137,False,True,0.2256
851,oito85,96.297,100.7105,-0.0851,-0.0,0.0,18.9468,100.42 100.41 0 0,0.014,False,True,0.2261
852,oito85,96.308,100.7136,-0.0792,-0.0,0.0,18.7164,100.42 100.41 0 0,0.0143,False,True,0.2267
853,oito85,96.3189,100.7166,-0.0732,-0.0,0.0,18.4886,100.42 100.41 0 0,0.0145,False,True,0.2274
854,oito85,96.3299,100.7195,-0.0672,-0.0,0.0,18.2631,100.42 100.41 0 0,0.0148,False,True,0.228
855,oito85,96.341,100.7225,-0.0616,-0.0,0.0,18.0398,100.42 100.41 0 0,0.015,False,True,0.2286
856,oito85,96.352,100.7254,-0.0563,-0.0,0.0,17.8183,100.42 100.41 0 0,0.0152,False,True,0.2289
857,oito85,96.3631,100.7283,-0.0517,-0.0,0.0,17.5986,100.42 100.41 0 0,0.0154,False,True,0.2295
858,oito85,96.3743,100.7312,-0.0478,-0.0,0.0,17.3803,100.42 100.41 0 0,0.0156,False,True,0.23
859,oito85,96.3854,100.7341,-0.0447,-0.0,0.0,17.1635,100.42 100.41 0 0,0.0158,False,True,0.2303
860,oito85,96.3966,100.7369,-0.0425,-0.0,0.0,16.9479,100.42 100.41 0 0,0.016,False,True,0.2308
861,oito86,96.4078,100.7397,-0.0414,-0.0,0.0,16.7335,100.52 100.51 0 0,0.0161,False,True,0.231
862,oito86,96.419,100.7425,-0.0413,-0.0,0.0,16.5205,100.52 100.51 0 0,0.0164,False,True,0.2316
863,oito86,96.4303,100.7453,-0.0422,-0.0,0.0,16.3091,100.52 100.51 0 0,0.0165,False,True,0.2319
864,oito86,96.4416,100.7481,-0.0442,-0.0,0.0,16.0993,100.52 100.51 0 0,0.0167,False,True,0.2323
865,oito86,96.4529,100.7508,-0.0471,-0.0,0.0,15.8911,100.52 100.51 0 0,0.0169,False,True,0.2328
866,oito86,96.4642,100.7535,-0.051,-0.0,0.0,15.6846,100.52 100.51 0 0,0.0171,False,True,0.2329
867,oito86,96.4756,100.7562,-0.0556,-0.0,0.0,15.4799,100.52 100.51 0 0,0.0173,False,True,0.2335
868,oito86,96.487,100.7588,-0.0608,-0.0,0.0,15.277,100.52 100.51 0 0,0.0175,False,True,0.2337
869,oito86,96.4984,100.7615,-0.0665,-0.0,0.0,15.0761,100.52 100.51 0 0,0.0177,False,True,0.234
870,oito86,96.5098,100.7641,-0.0724,-0.0,0.0,14.8773,100.52 100.51 0 0,0.0179,False,True,0.2342
871,oito87,96.5212,100.7667,-0.0785,-0.0,0.0,14.6806,100.64 100.61 0 0,0.0181,False,True,0.2344
872,oito87,96.5326,100.7693,-0.0844,-0.0,0.0,14.4865,100.64 100.61 0 0,0.0183,False,True,0.2346
873,oito87,96.5441,100.7718,-0.09,-0.0,0.0,14.2952,100.64 100.61 0 0,0.0186,False,True,0.235
874,oito87,96.5556,100.7744,-0.0952,-0.0,0.0,14.1069,100.64 100.61 0 0,0.0189,False,True,0.2353
875,oito87,96.5671,100.7769,-0.0998,-0.0,0.0,13.9215,100.64 100.61 0 0,0.0191,False,True,0.2355
876,oito87,96.5786,100.7794,-0.1037,-0.0,0.0,13.7392,100.64 100.61 0 0,0.0194,False,True,0.2359
877,oito87,96.5902,100.7819,-0.1067,-0.0,0.0,13.5598,100.64 100.61 0 0,0.0197,False,True,0.2361
878,oito87,96.6017,100.7843,-0.1088,-0.0,0.0,13.3834,100.64 100.61 0 0,0.0199,False,True,0.2362
879,oito87,96.6133,100.7868,-0.1099,-0.0,0.0,13.2099,100.64 100.61 0 0,0.0202,False,True,0.2365
880,oito87,96.6249,100.7892,-0.1099,-0.0,0.0,13.0392,100.64 100.61 0 0,0.0205,False,True,0.2367
881,oito88,96.6365,100.7916,-0.1089,-0.0,0.0,12.8714,100.75 100.71 0 0,0.0207,False,True,0.2367
882,oito88,96.6481,100.794,-0.1069,-0.0,0.0,12.7064,100.75 100.71 0 0,0.021,False,True,0.237
883,oito88,96.6597,100.7964,-0.1039,-0.0,0.0,12.5444,100.75 100.71 0 0,0.0212,False,True,0.2372
884,oito88,96.6713,100.7987,-0.1,-0.0,0.0,12.3853,100.75 100.71 0 0,0.0215,False,True,0.2374
885,oito88,96.683,100.8011,-0.0953,-0.0,0.0,12.2288,100.75 100.71 0 0,0.0217,False,True,0.2375
886,oito88,96.6946,100.8034,-0.0901,-0.0,0.0,12.0748,100.75 100.71 0 0,0.0219,False,True,0.2378
887,oito88,96.7063,100.8057,-0.0844,-0.0,0.0,11.9231,100.75 100.71 0 0,0.0221,False,True,0.238
888,oito88,96.718,100.808,-0.0784,-0.0,0.0,11.7735,100.75 100.71 0 0,0.0223,False,True,0.2381
889,oito88,96.7297,100.8103,-0.0724,-0.0,0.0,11.6259,100.75 100.71 0 0,0.0224,False,True,0.2382
890,oito88,96.7413,100.8125,-0.0665,-0.0,0.0,11.48,100.75 100.71 0 0,0.0225,False,True,0.2381
891,oito89,96.7531,100.8148,-0.0608,-0.0,0.0,11.3358,100.86 100.81 0 0,0.0227,False,True,0.2383
892,oito89,96.7648,100.817,-0.0557,-0.0,0.0,11.1932,100.86 100.81 0 0,0.0228,False,True,0.2384
893,oito89,96.7765,100.8192,-0.0511,-0.0,0.0,11.0525,100.86 100.81 0 0,0.0229,False,True,0.2385
894,oito89,96.7882,100.8214,-0.0473,-0.0,0.0,10.9134,100.86 100.81 0 0,0.0231,False,True,0.2388
895,oito89,96.8,100.8236,-0.0444,-0.0,0.0,10.7759,100.86 100.81 0 0,0.0232,False,True,0.2389
896,oito89,96.8117,100.8258,-0.0423,-0.0,0.0,10.6399,100.86 100.81 0 0,0.0233,False,True,0.239
897,oito89,96.8235,100.8279,-0.0413,-0.0,0.0,10.5053,100.86 100.81 0 0,0.0235,False,True,0.2389
898,oito89,96.8352,100.8301,-0.0413,-0.0,0.0,10.372,100.86 100.81 0 0,0.0236,False,True,0.2391
899,oito89,96.847,100.8322,-0.0424,-0.0,0.0,10.2401,100.86 100.81 0 0,0.0237,False,True,0.2393
900,oito89,96.8588,100.8343,-0.0445,-0.0,0.0,10.1094,100.86 100.81 0 0,0.0238,False,True,0.2391
901,oito90,96.8705,100.8364,-0.0476,-0.0,0.0,9.9802,100.98 100.9 0 0,0.0239,False,True,0.2393
902,oito90,96.8823,100.8385,-0.0515,-0.0,0.0,9.8524,100.98 100.9 0 0,0.0241,False,True,0.2393
903,oito90,96.8941,100.8406,-0.0562,-0.0,0.0,9.7265,100.98 100.9 0 0,0.0242,False,True,0.2394
904,oito90,96.9059,100.8426,-0.0615,-0.0,0.0,9.6024,100.98 100.9 0 0,0.0244,False,True,0.2396
905,oito90,96.9177,100.8447,-0.0673,-0.0,0.0,9.4802,100.98 100.9 0 0,0.0245,False,True,0.2396
906,oito90,96.9295,100.8467,-0.0732,-0.0,0.0,9.3598,100.98 100.9 0 0,0.0246,False,True,0.2397
907,oito90,96.9413,100.8487,-0.0793,-0.0,0.0,9.2415,100.98 100.9 0 0,0.0248,False,True,0.2398
908,oito90,96.9532,100.8508,-0.0852,-0.0,0.0,9.1251,100.98 100.9 0 0,0.0249,False,True,0.2399
909,oito90,96.965,100.8527,-0.0908,-0.0,0.0,9.0107,100.98 100.9 0 0,0.0251,False,True,0.2398
910,oito90,96.9768,100.8547,-0.0959,-0.0,0.0,8.8984,100.98 100.9 0 0,0.0252,False,True,0.2398
911,oito91,96.9886,100.8567,-0.1004,-0.0,0.0,8.7881,101.1 100.99 0 0,0.0254,False,True,0.2398
912,oito91,97.0005,100.8587,-0.1041,-0.0,0.0,8.6801,101.1 100.99 0 0,0.0256,False,True,0.2399
913,oito91,97.0123,100.8606,-0.107,-0.0,0.0,8.5746,101.1 100.99 0 0,0.0258,False,True,0.2402
914,oito91,97.0242,100.8625,-0.109,-0.0,0.0,8.4714,101.1 100.99 0 0,0.026,False,True,0.2401
915,oito91,97.036,100.8645,-0.1099,-0.0,0.0,8.3707,101.1 100.99 0 0,0.0261,False,True,0.2401
916,oito91,97.0479,100.8664,-0.1098,-0.0,0.0,8.2722,101.1 100.99 0 0,0.0264,False,True,0.2403
917,oito91,97.0597,100.8683,-0.1087,-0.0,0.0,8.1759,101.1 100.99 0 0,0.0265,False,True,0.2403
918,oito91,97.0716,100.8702,-0.1065,-0.0,0.0,8.0817,101.1 100.99 0 0,0.0267,False,True,0.2403
919,oito91,97.0835,100.8721,-0.1034,-0.0,0.0,7.9896,101.1 100.99 0 0,0.0269,False,True,0.2404
920,oito91,97.0953,100.8739,-0.0994,-0.0,0.0,7.8994,101.1 100.99 0 0,0.027,False,True,0.2402
921,oito92,97.1072,100.8758,-0.0947,-0.0,0.0,7.811,101.23 101.07 0 0,0.0271,False,True,0.2403
922,oito92,97.1191,100.8776,-0.0893,-0.0,0.0,7.7245,101.23 101.07 0 0,0.0273,False,True,0.2403
923,oito92,97.131,100.8795,-0.0836,-0.0,0.0,7.6399,101.23 101.07 0 0,0.0275,False,True,0.2406
924,oito92,97.1429,100.8813,-0.0776,-0.0,0.0,7.5572,101.23 101.07 0 0,0.0276,False,True,0.2405
925,oito92,97.1548,100.8831,-0.0716,-0.0,0.0,7.4762,101.23 101.07 0 0,0.0277,False,True,0.2407
926,oito92,97.1666,100.885,-0.0657,-0.0,0.0,7.3967,101.23 101.07 0 0,0.0278,False,True,0.2406
927,oito92,97.1786,100.8868,-0.0601,-0.0,0.0,7.3187,101.23 101.07 0 0,0.0279,False,True,0.2407
928,oito92,97.1905,100.8885,-0.055,-0.0,0.0,7.2422,101.23 101.07 0 0,0.028,False,True,0.2407
929,oito92,97.2024,100.8903,-0.0506,-0.0,0.0,7.1669,101.23 101.07 0 0,0.0281,False,True,0.2409
930,oito92,97.2143,100.8921,-0.0469,-0.0,0.0,7.0928,101.23 101.07 0 0,0.0281,False,True,0.2407
931,oito93,97.2262,100.8939,-0.044,-0.0,0.0,7.0199,101.36 101.14 0 0,0.0282,False,True,0.2408
932,oito93,97.2381,100.8956,-0.0422,-0.0,0.0,6.9482,101.36 101.14 0 0,0.0283,False,True,0.2406
933,oito93,97.25,100.8974,-0.0413,-0.0,0.0,6.8779,101.36 101.14 0 0,0.0284,False,True,0.2409
934,oito93,97.2619,100.8991,-0.0414,-0.0,0.0,6.8089,101.36 101.14 0 0,0.0286,False,True,0.241
935,oito93,97.2738,100.9009,-0.0426,-0.0,0.0,6.7411,101.36 101.14 0 0,0.0287,False,True,0.2411
936,oito93,97.2858,100.9026,-0.0449,-0.0,0.0,6.6746,101.36 101.14 0 0,0.0288,False,True,0.2411
937,oito93,97.2977,100.9043,-0.0481,-0.0,0.0,6.6093,101.36 101.14 0 0,0.0288,False,True,0.2411
938,oito93,97.3097,100.906,-0.0521,-0.0,0.0,6.5453,101.36 101.14 0 0,0.029,False,True,0.2412
939,oito93,97.3216,100.9077,-0.0569,-0.0,0.0,6.4824,101.36 101.14 0 0,0.029,False,True,0.2412
940,oito93,97.3335,100.9094,-0.0623,-0.0,0.0,6.4208,101.36 101.14 0 0,0.0291,False,True,0.2412
941,oito94,97.3455,100.9111,-0.068,-0.0,0.0,6.3604,101.5 101.2 0 0,0.0292,False,True,0.2412
942,oito94,97.3574,100.9128,-0.074,-0.0,0.0,6.3014,101.5 101.2 0 0,0.0293,False,True,0.2413
943,oito94,97.3694,100.9145,-0.08,-0.0,0.0,6.2439,101.5 101.2 0 0,0.0294,False,True,0.2413
944,oito94,97.3813,100.9161,-0.0859,-0.0,0.0,6.1879,101.5 101.2 0 0,0.0295,False,True,0.2416
945,oito94,97.3933,100.9178,-0.0915,-0.0,0.0,6.1334,101.5 101.2 0 0,0.0296,False,True,0.2416
946,oito94,97.4053,100.9194,-0.0965,-0.0,0.0,6.0803,101.5 101.2 0 0,0.0297,False,True,0.2417
947,oito94,97.4172,100.9211,-0.1009,-0.0,0.0,6.0287,101.5 101.2 0 0,0.0298,False,True,0.2417
948,oito94,97.4292,100.9227,-0.1046,-0.0,0.0,5.9785,101.5 101.2 0 0,0.0299,False,True,0.2418
949,oito94,97.4412,100.9244,-0.1073,-0.0,0.0,5.9298,101.5 101.2 0 0,0.03,False,True,0.2418
950,oito94,97.4532,100.926,-0.1092,-0.0,0.0,5.8824,101.5 101.2 0 0,0.0302,False,True,0.2418
951,oito95,97.4651,100.9276,-0.11,-0.0,0.0,5.8364,101.64 101.24 0 0,0.0303,False,True,0.2417
952,oito95,97.4771,100.9292,-0.1098,-0.0,0.0,5.7918,101.64 101.24 0 0,0.0304,False,True,0.2417
953,oito95,97.4891,100.9308,-0.1085,-0.0,0.0,5.7486,101.64 101.24 0 0,0.0305,False,True,0.242
954,oito95,97.5011,100.9324,-0.1062,-0.0,0.0,5.7067,101.64 101.24 0 0,0.0306,False,True,0.242
955,oito95,97.5131,100.934,-0.1029,-0.0,0.0,5.6661,101.64 101.24 0 0,0.0308,False,True,0.2423
956,oito95,97.5251,100.9356,-0.0988,-0.0,0.0,5.6268,101.64 101.24 0 0,0.0309,False,True,0.2423
957,oito95,97.5371,100.9372,-0.094,-0.0,0.0,5.5886,101.64 101.24 0 0,0.031,False,True,0.2423
958,oito95,97.5492,100.9388,-0.0886,-0.0,0.0,5.5515,101.64 101.24 0 0,0.0311,False,True,0.2424
959,oito95,97.5612,100.9404,-0.0828,-0.0,0.0,5.5155,101.64 101.24 0 0,0.0311,False,True,0.2425
960,oito95,97.5732,100.9419,-0.0768,-0.0,0.0,5.4805,101.64 101.24 0 0,0.0312,False,True,0.2424
961,oito96,97.5852,100.9435,-0.0708,-0.0,0.0,5.4464,101.79 101.25 0 0,0.0312,False,True,0.2424
962,oito96,97.5972,100.945,-0.0649,-0.0,0.0,5.4132,101.79 101.25 0 0,0.0313,False,True,0.2425
963,oito96,97.6093,100.9466,-0.0594,-0.0,0.0,5.3808,101.79 101.25 0 0,0.0313,False,True,0.2426
964,oito96,97.6213,100.9482,-0.0544,-0.0,0.0,5.3491,101.79 101.25 0 0,0.0314,False,True,0.2428
965,oito96,97.6334,100.9497,-0.05,-0.0,0.0,5.3182,101.79 101.25 0 0,0.0315,False,True,0.2429
966,oito96,97.6454,100.9512,-0.0465,-0.0,0.0,5.288,101.79 101.25 0 0,0.0315,False,True,0.2431
967,oito96,97.6575,100.9528,-0.0437,-0.0,0.0,5.2585,101.79 101.25 0 0,0.0316,False,True,0.243
968,oito96,97.6695,100.9543,-0.042,-0.0,0.0,5.2296,101.79 101.25 0 0,0.0316,False,True,0.2432
969,oito96,97.6816,100.9558,-0.0412,-0.0,0.0,5.2013,101.79 101.25 0 0,0.0317,False,True,0.2432
970,oito96,97.6936,100.9574,-0.0415,-0.0,0.0,5.1737,101.79 101.25 0 0,0.0317,False,True,0.2431
971,oito97,97.7057,100.9589,-0.0429,-0.0,0.0,5.1466,101.94 101.22 0 0,0.0318,False,True,0.2433
972,oito97,97.7178,100.9604,-0.0452,-0.0,0.0,5.1199,101.94 101.22 0 0,0.0318,False,True,0.2433
973,oito97,97.7299,100.9619,-0.0486,-0.0,0.0,5.0937,101.94 101.22 0 0,0.0318,False,True,0.2434
974,oito97,97.742,100.9634,-0.0527,-0.0,0.0,5.0678,101.94 101.22 0 0,0.0319,False,True,0.2436
975,oito97,97.754,100.9649,-0.0576,-0.0,0.0,5.0423,101.94 101.22 0 0,0.0319,False,True,0.2437
976,oito97,97.7662,100.9664,-0.063,-0.0,0.0,5.0173,101.94 101.22 0 0,0.032,False,True,0.244
977,oito97,97.7783,100.9679,-0.0688,-0.0,0.0,4.9926,101.94 101.22 0 0,0.032,False,True,0.2438
978,oito97,97.7904,100.9694,-0.0748,-0.0,0.0,4.9683,101.94 101.22 0 0,0.032,False,True,0.244
979,oito97,97.8025,100.9709,-0.0808,-0.0,0.0,4.9445,101.94 101.22 0 0,0.032,False,True,0.2441
980,oito97,97.8146,100.9724,-0.0867,-0.0,0.0,4.9211,101.94 101.22 0 0,0.032,False,True,0.244
981,oito98,97.8267,100.9738,-0.0921,-0.0,0.0,4.8981,102.07 101.16 0 0,0.0321,False,True,0.2441
982,oito98,97.8388,100.9753,-0.0971,-0.0,0.0,4.8753,102.07 101.16 0 0,0.0321,False,True,0.2441
983,oito98,97.8509,100.9768,-0.1014,-0.0,0.0,4.8527,102.07 101.16 0 0,0.0321,False,True,0.2444
984,oito98,97.8631,100.9782,-0.105,-0.0,0.0,4.8303,102.07 101.16 0 0,0.0321,False,True,0.2444
985,oito98,97.8752,100.9797,-0.1076,-0.0,0.0,4.808,102.07 101.16 0 0,0.0322,False,True,0.2445
986,oito98,97.8874,100.9812,-0.1093,-0.0,0.0,4.7859,102.07 101.16 0 0,0.0322,False,True,0.2447
987,oito98,97.8995,100.9826,-0.11,-0.0,0.0,4.764,102.07 101.16 0 0,0.0322,False,True,0.2447
988,oito98,97.9117,100.9841,-0.1096,-0.0,0.0,4.7422,102.07 101.16 0 0,0.0323,False,True,0.2448
989,oito98,97.9238,100.9855,-0.1082,-0.0,0.0,4.7206,102.07 101.16 0 0,0.0323,False,True,0.2446
990,oito98,97.936,100.987,-0.1058,-0.0,0.0,4.6992,102.07 101.16 0 0,0.0323,False,True,0.2448
991,oito99,97.9481,100.9884,-0.1024,-0.0,0.0,4.6778,102.19 101.06 0 0,0.0323,False,True,0.2448
992,oito99,97.9603,100.9899,-0.0982,-0.0,0.0,4.6564,102.19 101.06 0 0,0.0323,False,True,0.2448
993,oito99,97.9724,100.9913,-0.0933,-0.0,0.0,4.6347,102.19 101.06 0 0,0.0323,False,True,0.2449
994,oito99,97.9846,100.9927,-0.0879,-0.0,0.0,4.6126,102.19 101.06 0 0,0.0323,False,True,0.2449
995,oito99,97.9968,100.9942,-0.082,-0.0,0.0,4.5902,102.19 101.06 0 0,0.0323,False,True,0.2451
996,oito99,98.0089,100.9956,-0.076,-0.0,0.0,4.5675,102.19 101.06 0 0,0.0323,False,True,0.2452
997,oito99,98.0211,100.997,-0.07,-0.0,0.0,4.5445,102.19 101.06 0 0,0.0322,False,True,0.2452
998,oito99,98.0333,100.9984,-0.0642,-0.0,0.0,4.5211,102.19 101.06 0 0,0.0322,False,True,0.2452
999,oito99,98.0455,100.9998,-0.0587,-0.0,0.0,4.4974,102.19 101.06 0 0,0.0321,False,True,0.2452
1000,oito99,98.0576,101.0013,-0.0538,-0.0,0.0,4.4734,102.19 101.06 0 0,0.0321,False,True,0.2452
1001,oito100,98.0698,101.0027,-0.0495,-0.0,0.0,4.449,102.28 100.94 0 0,0.032,False,True,0.245
1002,oito100,98.082,101.0041,-0.0461,-0.0,0.0,4.424,102.28 100.94 0 0,0.032,False,True,0.2451
1003,oito100,98.0942,101.0055,-0.0435,-0.0,0.0,4.3982,102.28 100.94 0 0,0.0319,False,True,0.2453
1004,oito100,98.1063,101.0069,-0.0418,-0.0,0.0,4.3715,102.28 100.94 0 0,0.0319,False,True,0.2451
1005,oito100,98.1185,101.0082,-0.0412,-0.0,0.0,4.344,102.28 100.94 0 0,0.0318,False,True,0.2453
1006,oito100,98.1307,101.0096,-0.0417,-0.0,0.0,4.3158,102.28 100.94 0 0,0.0318,False,True,0.2453
1007,oito100,98.1429,101.011,-0.0431,-0.0,0.0,4.2868,102.28 100.94 0 0,0.0317,False,True,0.2451
1008,oito100,98.1551,101.0124,-0.0456,-0.0,0.0,4.257,102.28 100.94 0 0,0.0317,False,True,0.2452
1009,oito100,98.1673,101.0138,-0.0491,-0.0,0.0,4.2266,102.28 100.94 0 0,0.0316,False,True,0.2451
1010,oito100,98.1794,101.0151,-0.0533,-0.0,0.0,4.1955,102.28 100.94 0 0,0.0315,False,True,0.2451
1011,oito101,98.1916,101.0165,-0.0583,-0.0,0.0,4.1638,102.35 100.81 0 0,0.0315,False,True,0.2449
1012,oito101,98.2038,101.0179,-0.0637,-0.0,0.0,4.1313,102.35 100.81 0 0,0.0314,False,True,0.2449
1013,oito101,98.2159,101.0192,-0.0696,-0.0,0.0,4.0976,102.35 100.81 0 0,0.0313,False,True,0.2449
1014,oito101,98.2281,101.0206,-0.0756,-0.0,0.0,4.0629,102.35 100.81 0 0,0.0312,False,True,0.2449
1015,oito101,98.2403,101.0219,-0.0816,-0.0,0.0,4.0273,102.35 100.81 0 0,0.0311,False,True,0.2449
1016,oito101,98.2524,101.0233,-0.0874,-0.0,0.0,3.9908,102.35 100.81 0 0,0.031,False,True,0.2447
1017,oito101,98.2646,101.0246,-0.0928,-0.0,0.0,3.9535,102.35 100.81 0 0,0.0309,False,True,0.2447
1018,oito101,98.2768,101.0259,-0.0977,-0.0,0.0,3.9154,102.35 100.81 0 0,0.0309,False,True,0.2447
1019,oito101,98.2889,101.0273,-0.102,-0.0,0.0,3.8766,102.35 100.81 0 0,0.0308,False,True,0.2444
1020,oito101,98.301,101.0286,-0.1054,-0.0,0.0,3.8371,102.35 100.81 0 0,0.0307,False,True,0.2444
1021,oito102,98.3132,101.0299,-0.1079,-0.0,0.0,3.7971,102.4 100.67 0 0,0.0307,False,True,0.2444
1022,oito102,98.3253,101.0312,-0.1095,-0.0,0.0,3.7562,102.4 100.67 0 0,0.0306,False,True,0.244
1023,oito102,98.3375,101.0325,-0.11,-0.0,0.0,3.7141,102.4 100.67 0 0,0.0305,False,True,0.244
1024,oito102,98.3496,101.0338,-0.1095,-0.0,0.0,3.671,102.4 100.67 0 0,0.0305,False,True,0.244
1025,oito102,98.3617,101.0351,-0.108,-0.0,0.0,3.6268,102.4 100.67 0 0,0.0304,False,True,0.2438
1026,oito102,98.3738,101.0364,-0.1054,-0.0,0.0,3.5817,102.4 100.67 0 0,0.0303,False,True,0.2437
1027,oito102,98.3859,101.0377,-0.1019,-0.0,0.0,3.5357,102.4 100.67 0 0,0.0303,False,True,0.2437
1028,oito102,98.398,101.039,-0.0976,-0.0,0.0,3.4887,102.4 100.67 0 0,0.0302,False,True,0.2435
1029,oito102,98.4101,101.0403,-0.0926,-0.0,0.0,3.4409,102.4 100.67 0 0,0.0301,False,True,0.2432
1030,oito102,98.4222,101.0415,-0.0871,-0.0,0.0,3.3921,102.4 100.67 0 0,0.03,False,True,0.2432
1031,oito103,98.4343,101.0428,-0.0813,-0.0,0.0,3.3425,102.44 100.52 0 0,0.0299,False,True,0.2429
1032,oito103,98.4464,101.0441,-0.0752,-0.0,0.0,3.2917,102.44 100.52 0 0,0.0298,False,True,0.2429
1033,oito103,98.4585,101.0453,-0.0692,-0.0,0.0,3.2394,102.44 100.52 0 0,0.0296,False,True,0.2425
1034,oito103,98.4705,101.0465,-0.0635,-0.0,0.0,3.1855,102.44 100.52 0 0,0.0295,False,True,0.2425
1035,oito103,98.4826,101.0478,-0.0581,-0.0,0.0,3.1302,102.44 100.52 0 0,0.0294,False,True,0.2424
1036,oito103,98.4946,101.049,-0.0532,-0.0,0.0,3.0735,102.44 100.52 0 0,0.0292,False,True,0.2422
1037,oito103,98.5067,101.0502,-0.049,-0.0,0.0,3.0153,102.44 100.52 0 0,0.0291,False,True,0.242
1038,oito103,98.5187,101.0515,-0.0457,-0.0,0.0,2.9558,102.44 100.52 0 0,0.029,False,True,0.2419
1039,oito103,98.5307,101.0527,-0.0432,-0.0,0.0,2.8949,102.44 100.52 0 0,0.0289,False,True,0.2417
1040,oito103,98.5427,101.0539,-0.0417,-0.0,0.0,2.8326,102.44 100.52 0 0,0.0287,False,True,0.2414
1041,oito104,98.5547,101.0551,-0.0412,-0.0,0.0,2.7691,102.47 100.38 0 0,0.0286,False,True,0.2412
1042,oito104,98.5667,101.0562,-0.0418,-0.0,0.0,2.7039,102.47 100.38 0 0,0.0285,False,True,0.241
1043,oito104,98.5787,101.0574,-0.0434,-0.0,0.0,2.637,102.47 100.38 0 0,0.0283,False,True,0.2409
1044,oito104,98.5907,101.0586,-0.046,-0.0,0.0,2.5684,102.47 100.38 0 0,0.0282,False,True,0.2406
1045,oito104,98.6026,101.0598,-0.0496,-0.0,0.0,2.4981,102.47 100.38 0 0,0.028,False,True,0.2405
1046,oito104,98.6146,101.0609,-0.0539,-0.0,0.0,2.4262,102.47 100.38 0 0,0.0279,False,True,0.2402
1047,oito104,98.6265,101.0621,-0.059,-0.0,0.0,2.3529,102.47 100.38 0 0,0.0278,False,True,0.2402
1048,oito104,98.6385,101.0632,-0.0645,-0.0,0.0,2.2783,102.47 100.38 0 0,0.0276,False,True,0.2397
1049,oito104,98.6504,101.0643,-0.0704,-0.0,0.0,2.2025,102.47 100.38 0 0,0.0275,False,True,0.2397
1050,oito104,98.6623,101.0654,-0.0764,-0.0,0.0,2.1255,102.47 100.38 0 0,0.0274,False,True,0.2392
1051,oito105,98.6742,101.0666,-0.0824,-0.0,0.0,2.0475,102.49 100.23 0 0,0.0273,False,True,0.2392
1052,oito105,98.6861,101.0677,-0.0881,-0.0,0.0,1.9683,102.49 100.23 0 0,0.0271,False,True,0.2389
1053,oito105,98.698,101.0688,-0.0935,-0.0,0.0,1.8876,102.49 100.23 0 0,0.027,False,True,0.2387
1054,oito105,98.7099,101.0698,-0.0983,-0.0,0.0,1.8055,102.49 100.23 0 0,0.0268,False,True,0.2384
1055,oito105,98.7217,101.0709,-0.1025,-0.0,0.0,1.7223,102.49 100.23 0 0,0.0267,False,True,0.2382
1056,oito105,98.7336,101.072,-0.1058,-0.0,0.0,1.638,102.49 100.23 0 0,0.0267,False,True,0.2381
1057,oito105,98.7455,101.073,-0.1082,-0.0,0.0,1.5526,102.49 100.23 0 0,0.0266,False,True,0.2379
1058,oito105,98.7573,101.0741,-0.1096,-0.0,0.0,1.4664,102.49 100.23 0 0,0.0265,False,True,0.2376
1059,oito105,98.7691,101.0751,-0.11,-0.0,0.0,1.3793,102.49 100.23 0 0,0.0264,False,True,0.2373
1060,oito105,98.7809,101.0761,-0.1094,-0.0,0.0,1.2914,102.49 100.23 0 0,0.0264,False,True,0.2371
1061,oito106,98.7927,101.0772,-0.1077,-0.0,0.0,1.2027,102.5 100.08 0 0,0.0263,False,True,0.2368
1062,oito106,98.8045,101.0782,-0.105,-0.0,0.0,1.113,102.5 100.08 0 0,0.0262,False,True,0.2366
1063,oito106,98.8163,101.0792,-0.1014,-0.0,0.0,1.0219,102.5 100.08 0 0,0.0261,False,True,0.2363
1064,oito106,98.828,101.0802,-0.097,-0.0,0.0,0.9295,102.5 100.08 0 0,0.026,False,True,0.2361
1065,oito106,98.8398,101.0811,-0.0919,-0.0,0.0,0.8358,102.5 100.08 0 0,0.0258,False,True,0.2358
1066,oito106,98.8515,101.0821,-0.0864,-0.0,0.0,0.7407,102.5 100.08 0 0,0.0257,False,True,0.2356
1067,oito106,98.8633,101.0831,-0.0805,-0.0,0.0,0.6444,102.5 100.08 0 0,0.0256,False,True,0.2355
1068,oito106,98.875,101.084,-0.0744,-0.0,0.0,0.5468,102.5 100.08 0 0,0.0255,False,True,0.2351
1069,oito106,98.8867,101.0849,-0.0685,-0.0,0.0,0.4478,102.5 100.08 0 0,0.0253,False,True,0.2348
1070,oito106,98.8984,101.0859,-0.0627,-0.0,0.0,0.3476,102.5 100.08 0 0,0.0252,False,True,0.2345
1071,oito107,98.91,101.0868,-0.0574,-0.0,0.0,0.246,102.5 99.93 0 0,0.025,False,True,0.2343
1072,oito107,98.9217,101.0877,-0.0526,-0.0,0.0,0.1427,102.5 99.93 0 0,0.0248,False,True,0.234
1073,oito107,98.9334,101.0886,-0.0485,-0.0,0.0,0.0374,102.5 99.93 0 0,0.0247,False,True,0.2338
1074,oito107,98.945,101.0894,-0.0453,-0.0,-0.0,-0.0698,102.5 99.93 0 0,0.0245,False,True,0.2335
1075,oito107,98.9566,101.0903,-0.0429,-0.0,-0.0,-0.1791,102.5 99.93 0 0,0.0243,False,True,0.2333
1076,oito107,98.9683,101.0912,-0.0416,-0.0,-0.0,-0.2903,102.5 99.93 0 0,0.0242,False,True,0.233
1077,oito107,98.9799,101.092,-0.0412,-0.0,-0.0,-0.4032,102.5 99.93 0 0,0.024,False,True,0.2327
1078,oito107,98.9915,101.0928,-0.042,-0.0,-0.0,-0.518,102.5 99.93 0 0,0.0239,False,True,0.2325
1079,oito107,99.0031,101.0936,-0.0437,-0.0,-0.0,-0.6345,102.5 99.93 0 0,0.0237,False,True,0.2322
1080,oito107,99.0146,101.0944,-0.0465,-0.0,-0.0,-0.7525,102.5 99.93 0 0,0.0236,False,True,0.232
