step,seg,x,y,z,roll,pitch,yaw,action,reward,terminated,truncated,speed_xy
1,oito00,100.0,100.0,0.0,0.0,-0.0,-0.0,101.12 101 0 0,0.0,False,False,0.0
2,oito00,100.0001,100.0,-0.0012,-0.0,0.0,0.0071,101.12 101 0 0,-0.0007,False,False,0.0012
3,oito00,100.0002,100.0,-0.0047,-0.0,0.0,0.0275,101.12 101 0 0,-0.0013,False,False,0.0034
4,oito00,100.0005,100.0,-0.0104,-0.0,0.0,0.0609,101.12 101 0 0,-0.0017,False,False,0.0058
5,oito00,100.0009,100.0,-0.0181,-0.0,0.0,0.1067,101.12 101 0 0,-0.0023,False,False,0.0079
6,oito00,100.0014,100.0,-0.0275,-0.0,0.0,0.1647,101.12 101 0 0,-0.0028,False,False,0.0101
7,oito00,100.002,100.0,-0.0382,-0.0,0.0,0.2342,101.12 101 0 0,-0.0033,False,False,0.0124
8,oito00,100.0028,100.0,-0.0499,-0.0,0.0,0.3149,101.12 101 0 0,-0.0038,False,False,0.0143
9,oito00,100.0036,100.0,-0.0622,-0.0,0.0,0.4062,101.12 101 0 0,-0.0043,False,False,0.0163
10,oito00,100.0045,100.0,-0.0746,-0.0,0.0,0.5075,101.12 101 0 0,-0.0048,False,False,0.0185
11,oito01,100.0055,100.0,-0.0869,-0.0,0.0,0.6183,101.18 101.04 0 0,-0.0052,False,False,0.0204
12,oito01,100.0066,100.0,-0.0985,-0.0,0.0,0.7379,101.18 101.04 0 0,-0.0056,False,False,0.0224
13,oito01,100.0079,100.0,-0.1092,-0.0,0.0,0.8656,101.18 101.04 0 0,-0.0059,False,False,0.0244
14,oito01,100.0092,100.0,-0.1187,-0.0,0.0,1.0009,101.18 101.04 0 0,-0.0061,False,False,0.0266
15,oito01,100.0106,100.0001,-0.1268,-0.0,0.0,1.1432,101.18 101.04 0 0,-0.0063,False,False,0.0284
16,oito01,100.0121,100.0001,-0.1332,-0.0,0.0,1.292,101.18 101.04 0 0,-0.0064,False,False,0.0304
17,oito01,100.0137,100.0001,-0.1379,-0.0,0.0,1.4467,101.18 101.04 0 0,-0.0065,False,False,0.0324
18,oito01,100.0154,100.0001,-0.1406,-0.0,0.0,1.6069,101.18 101.04 0 0,-0.0065,False,False,0.034
19,oito01,100.0172,100.0001,-0.1414,-0.0,0.0,1.7722,101.18 101.04 0 0,-0.0065,False,False,0.0359
20,oito01,100.0191,100.0002,-0.1402,-0.0,0.0,1.9421,101.18 101.04 0 0,-0.0065,False,False,0.0377
21,oito02,100.0211,100.0002,-0.137,-0.0,0.0,2.1166,101.24 101.08 0 0,-0.0064,False,False,0.0395
22,oito02,100.0232,100.0003,-0.1318,-0.0,0.0,2.2952,101.24 101.08 0 0,-0.0064,False,False,0.0412
23,oito02,100.0253,100.0003,-0.125,-0.0,0.0,2.4777,101.24 101.08 0 0,-0.0063,False,False,0.043
24,oito02,100.0275,100.0004,-0.1167,-0.0,0.0,2.664,101.24 101.08 0 0,-0.0063,False,False,0.0447
25,oito02,100.0299,100.0004,-0.1072,-0.0,0.0,2.854,101.24 101.08 0 0,-0.0063,False,False,0.0464
26,oito02,100.0323,100.0005,-0.0969,-0.0,0.0,3.0478,101.24 101.08 0 0,-0.0064,False,False,0.0481
27,oito02,100.0348,100.0005,-0.086,-0.0,0.0,3.2454,101.24 101.08 0 0,-0.0065,False,False,0.0498
28,oito02,100.0373,100.0006,-0.075,-0.0,0.0,3.4467,101.24 101.08 0 0,-0.0066,False,False,0.0514
29,oito02,100.04,100.0007,-0.0643,-0.0,0.0,3.652,101.24 101.08 0 0,-0.0067,False,False,0.053
30,oito02,100.0427,100.0008,-0.054,-0.0,0.0,3.8611,101.24 101.08 0 0,-0.0068,False,False,0.0544
31,oito03,100.0455,100.0009,-0.0445,-0.0,0.0,4.0743,101.31 101.11 0 0,-0.0069,False,False,0.056
32,oito03,100.0484,100.001,-0.0362,-0.0,0.0,4.2914,101.31 101.11 0 0,-0.007,False,False,0.0576
33,oito03,100.0513,100.0012,-0.0291,-0.0,0.0,4.5124,101.31 101.11 0 0,-0.0071,False,False,0.059
34,oito03,100.0543,100.0013,-0.0234,-0.0,0.0,4.7372,101.31 101.11 0 0,-0.0071,False,False,0.0606
35,oito03,100.0574,100.0014,-0.0194,-0.0,0.0,4.9659,101.31 101.11 0 0,-0.0072,False,False,0.062
36,oito03,100.0606,100.0016,-0.0171,-0.0,0.0,5.1983,101.31 101.11 0 0,-0.0072,False,False,0.0634
37,oito03,100.0638,100.0018,-0.0165,-0.0,0.0,5.4344,101.31 101.11 0 0,-0.0072,False,False,0.0649
38,oito03,100.0672,100.0019,-0.0178,-0.0,0.0,5.6741,101.31 101.11 0 0,-0.0072,False,False,0.0663
39,oito03,100.0705,100.0021,-0.0208,-0.0,0.0,5.9171,101.31 101.11 0 0,-0.0073,False,False,0.0676
40,oito03,100.074,100.0023,-0.0256,-0.0,0.0,6.1631,101.31 101.11 0 0,-0.0072,False,False,0.0689
41,oito04,100.0775,100.0026,-0.0319,-0.0,0.0,6.4119,101.38 101.15 0 0,-0.0072,False,False,0.0702
42,oito04,100.081,100.0028,-0.0395,-0.0,0.0,6.6629,101.38 101.15 0 0,-0.0072,False,False,0.0714
43,oito04,100.0847,100.003,-0.0481,-0.0,0.0,6.9158,101.38 101.15 0 0,-0.0072,False,False,0.0729
44,oito04,100.0884,100.0033,-0.0575,-0.0,0.0,7.1701,101.38 101.15 0 0,-0.0071,False,False,0.074
45,oito04,100.0921,100.0036,-0.0673,-0.0,0.0,7.4253,101.38 101.15 0 0,-0.007,False,False,0.0754
46,oito04,100.0959,100.0038,-0.0773,-0.0,0.0,7.681,101.38 101.15 0 0,-0.0069,False,False,0.0767
47,oito04,100.0998,100.0041,-0.0871,-0.0,0.0,7.9368,101.38 101.15 0 0,-0.0068,False,False,0.0777
48,oito04,100.1038,100.0045,-0.0964,-0.0,0.0,8.1922,101.38 101.15 0 0,-0.0067,False,False,0.0791
49,oito04,100.1078,100.0048,-0.1049,-0.0,0.0,8.447,101.38 101.15 0 0,-0.0065,False,False,0.0801
50,oito04,100.1118,100.0051,-0.1125,-0.0,0.0,8.7006,101.38 101.15 0 0,-0.0063,False,False,0.0813
51,oito05,100.1159,100.0055,-0.1189,-0.0,0.0,8.9529,101.44 101.18 0 0,-0.006,False,False,0.0823
52,oito05,100.1201,100.0059,-0.1239,-0.0,0.0,9.2036,101.44 101.18 0 0,-0.0057,False,False,0.0835
53,oito05,100.1243,100.0063,-0.1275,-0.0,0.0,9.4523,101.44 101.18 0 0,-0.0054,False,False,0.0846
54,oito05,100.1285,100.0067,-0.1295,-0.0,0.0,9.6991,101.44 101.18 0 0,-0.005,False,False,0.0857
55,oito05,100.1329,100.0071,-0.1298,-0.0,0.0,9.9438,101.44 101.18 0 0,-0.0047,False,False,0.0866
56,oito05,100.1372,100.0075,-0.1285,-0.0,0.0,10.1865,101.44 101.18 0 0,-0.0043,False,False,0.0879
57,oito05,100.1416,100.008,-0.1256,-0.0,0.0,10.4272,101.44 101.18 0 0,-0.004,False,False,0.0887
58,oito05,100.1461,100.0085,-0.1211,-0.0,0.0,10.6662,101.44 101.18 0 0,-0.0037,False,False,0.0898
59,oito05,100.1506,100.009,-0.1152,-0.0,0.0,10.9035,101.44 101.18 0 0,-0.0034,False,False,0.0907
60,oito05,100.1552,100.0095,-0.1082,-0.0,0.0,11.1394,101.44 101.18 0 0,-0.0032,False,False,0.0917
61,oito06,100.1598,100.01,-0.1001,-0.0,0.0,11.3742,101.51 101.2 0 0,-0.0031,False,False,0.0925
62,oito06,100.1644,100.0105,-0.0914,-0.0,0.0,11.6078,101.51 101.2 0 0,-0.0029,False,False,0.0934
63,oito06,100.1691,100.0111,-0.0823,-0.0,0.0,11.8405,101.51 101.2 0 0,-0.0027,False,False,0.0944
64,oito06,100.1738,100.0117,-0.0731,-0.0,0.0,12.0725,101.51 101.2 0 0,-0.0026,False,False,0.0953
65,oito06,100.1786,100.0123,-0.064,-0.0,0.0,12.3041,101.51 101.2 0 0,-0.0025,False,False,0.0961
66,oito06,100.1834,100.0129,-0.0555,-0.0,0.0,12.5356,101.51 101.2 0 0,-0.0025,False,False,0.0971
67,oito06,100.1882,100.0135,-0.0476,-0.0,0.0,12.7672,101.51 101.2 0 0,-0.0024,False,False,0.0979
68,oito06,100.1931,100.0142,-0.0406,-0.0,0.0,12.9991,101.51 101.2 0 0,-0.0024,False,False,0.0987
69,oito06,100.1981,100.0148,-0.0348,-0.0,0.0,13.2315,101.51 101.2 0 0,-0.0023,False,False,0.0995
70,oito06,100.203,100.0155,-0.0302,-0.0,0.0,13.4645,101.51 101.2 0 0,-0.0023,False,False,0.1003
71,oito07,100.208,100.0162,-0.027,-0.0,0.0,13.6983,101.59 101.23 0 0,-0.0023,False,False,0.1009
72,oito07,100.2131,100.0169,-0.0253,-0.0,0.0,13.9326,101.59 101.23 0 0,-0.0022,False,False,0.1017
73,oito07,100.2181,100.0177,-0.0251,-0.0,0.0,14.1674,101.59 101.23 0 0,-0.0021,False,False,0.1025
74,oito07,100.2232,100.0184,-0.0264,-0.0,0.0,14.4026,101.59 101.23 0 0,-0.002,False,False,0.1033
75,oito07,100.2284,100.0192,-0.0293,-0.0,0.0,14.6382,101.59 101.23 0 0,-0.0019,False,False,0.1042
76,oito07,100.2336,100.02,-0.0336,-0.0,0.0,14.874,101.59 101.23 0 0,-0.0018,False,False,0.1048
77,oito07,100.2388,100.0208,-0.0392,-0.0,0.0,15.1098,101.59 101.23 0 0,-0.0017,False,False,0.1055
78,oito07,100.244,100.0216,-0.0459,-0.0,0.0,15.3454,101.59 101.23 0 0,-0.0016,False,False,0.1061
79,oito07,100.2493,100.0225,-0.0535,-0.0,0.0,15.5806,101.59 101.23 0 0,-0.0015,False,False,0.1069
80,oito07,100.2546,100.0234,-0.0617,-0.0,0.0,15.8151,101.59 101.23 0 0,-0.0015,False,False,0.1075
81,oito08,100.2599,100.0242,-0.0702,-0.0,0.0,16.0487,101.66 101.24 0 0,-0.0013,False,False,0.1081
82,oito08,100.2653,100.0251,-0.0789,-0.0,0.0,16.2809,101.66 101.24 0 0,-0.0012,False,False,0.1088
83,oito08,100.2707,100.0261,-0.0873,-0.0,0.0,16.5112,101.66 101.24 0 0,-0.001,False,False,0.1094
84,oito08,100.2761,100.027,-0.0954,-0.0,0.0,16.7393,101.66 101.24 0 0,-0.0008,False,False,0.1101
85,oito08,100.2816,100.028,-0.1027,-0.0,0.0,16.9652,101.66 101.24 0 0,-0.0006,False,False,0.1108
86,oito08,100.2871,100.0289,-0.1092,-0.0,0.0,17.1886,101.66 101.24 0 0,-0.0004,False,False,0.1113
87,oito08,100.2926,100.0299,-0.1146,-0.0,0.0,17.4095,101.66 101.24 0 0,-0.0001,False,False,0.1118
88,oito08,100.2981,100.0309,-0.1188,-0.0,0.0,17.6276,101.66 101.24 0 0,0.0002,False,False,0.1124
89,oito08,100.3036,100.032,-0.1218,-0.0,0.0,17.843,101.66 101.24 0 0,0.0004,False,False,0.113
90,oito08,100.3092,100.033,-0.1233,-0.0,0.0,18.0558,101.66 101.24 0 0,0.0007,False,False,0.1133
91,oito09,100.3148,100.0341,-0.1233,-0.0,0.0,18.2658,101.73 101.25 0 0,0.001,False,False,0.114
92,oito09,100.3204,100.0351,-0.122,-0.0,0.0,18.473,101.73 101.25 0 0,0.0013,False,False,0.1145
93,oito09,100.3261,100.0362,-0.1191,-0.0,0.0,18.6775,101.73 101.25 0 0,0.0016,False,False,0.115
94,oito09,100.3317,100.0373,-0.115,-0.0,0.0,18.8792,101.73 101.25 0 0,0.0019,False,False,0.1155
95,oito09,100.3374,100.0385,-0.1096,-0.0,0.0,19.0785,101.73 101.25 0 0,0.0021,False,False,0.116
96,oito09,100.3431,100.0396,-0.1032,-0.0,0.0,19.2755,101.73 101.25 0 0,0.0023,False,False,0.1164
97,oito09,100.3489,100.0408,-0.0959,-0.0,0.0,19.4706,101.73 101.25 0 0,0.0025,False,False,0.1171
98,oito09,100.3546,100.042,-0.0881,-0.0,0.0,19.6638,101.73 101.25 0 0,0.0027,False,False,0.1174
99,oito09,100.3604,100.0431,-0.08,-0.0,0.0,19.8556,101.73 101.25 0 0,0.0028,False,False,0.1178
100,oito09,100.3662,100.0443,-0.0717,-0.0,0.0,20.0462,101.73 101.25 0 0,0.0029,False,False,0.1183
101,oito10,100.372,100.0456,-0.0637,-0.0,0.0,20.2357,101.81 101.25 0 0,0.0029,False,False,0.1185
102,oito10,100.3778,100.0468,-0.0561,-0.0,0.0,20.4241,101.81 101.25 0 0,0.003,False,False,0.1192
103,oito10,100.3837,100.0481,-0.0492,-0.0,0.0,20.6114,101.81 101.25 0 0,0.0031,False,False,0.1194
104,oito10,100.3895,100.0493,-0.0431,-0.0,0.0,20.7979,101.81 101.25 0 0,0.0031,False,False,0.1199
105,oito10,100.3954,100.0506,-0.038,-0.0,0.0,20.9835,101.81 101.25 0 0,0.0032,False,False,0.1204
106,oito10,100.4013,100.0519,-0.0341,-0.0,0.0,21.1686,101.81 101.25 0 0,0.0033,False,False,0.1208
107,oito10,100.4072,100.0532,-0.0314,-0.0,0.0,21.3532,101.81 101.25 0 0,0.0033,False,False,0.121
108,oito10,100.4131,100.0545,-0.0301,-0.0,0.0,21.5373,101.81 101.25 0 0,0.0034,False,False,0.1215
109,oito10,100.4191,100.0559,-0.0301,-0.0,0.0,21.7211,101.81 101.25 0 0,0.0035,False,False,0.1217
110,oito10,100.425,100.0572,-0.0316,-0.0,0.0,21.9045,101.81 101.25 0 0,0.0036,False,False,0.1222
111,oito11,100.431,100.0586,-0.0344,-0.0,0.0,22.0874,101.88 101.24 0 0,0.0036,False,False,0.1223
112,oito11,100.437,100.06,-0.0385,-0.0,0.0,22.2696,101.88 101.24 0 0,0.0038,False,False,0.1227
113,oito11,100.443,100.0614,-0.0437,-0.0,0.0,22.4506,101.88 101.24 0 0,0.0039,False,False,0.1231
114,oito11,100.449,100.0628,-0.0499,-0.0,0.0,22.6304,101.88 101.24 0 0,0.004,False,False,0.1233
115,oito11,100.455,100.0642,-0.0569,-0.0,0.0,22.809,101.88 101.24 0 0,0.0041,False,False,0.1237
116,oito11,100.461,100.0656,-0.0644,-0.0,0.0,22.986,101.88 101.24 0 0,0.0042,False,False,0.1239
117,oito11,100.4671,100.0671,-0.0722,-0.0,0.0,23.1615,101.88 101.24 0 0,0.0043,False,False,0.1243
118,oito11,100.4731,100.0685,-0.08,-0.0,0.0,23.3352,101.88 101.24 0 0,0.0044,False,False,0.1246
119,oito11,100.4792,100.07,-0.0877,-0.0,0.0,23.507,101.88 101.24 0 0,0.0045,False,False,0.1247
120,oito11,100.4852,100.0715,-0.0949,-0.0,0.0,23.6768,101.88 101.24 0 0,0.0046,False,False,0.125
121,oito12,100.4913,100.0729,-0.1015,-0.0,0.0,23.8446,101.96 101.22 0 0,0.0048,False,False,0.1252
122,oito12,100.4974,100.0744,-0.1073,-0.0,0.0,24.0098,101.96 101.22 0 0,0.005,False,False,0.1254
123,oito12,100.5035,100.076,-0.1121,-0.0,0.0,24.1721,101.96 101.22 0 0,0.0052,False,False,0.1258
124,oito12,100.5096,100.0775,-0.1158,-0.0,0.0,24.3316,101.96 101.22 0 0,0.0055,False,False,0.126
125,oito12,100.5157,100.079,-0.1182,-0.0,0.0,24.4882,101.96 101.22 0 0,0.0057,False,False,0.1262
126,oito12,100.5219,100.0806,-0.1194,-0.0,0.0,24.642,101.96 101.22 0 0,0.0059,False,False,0.1263
127,oito12,100.528,100.0821,-0.1193,-0.0,0.0,24.7931,101.96 101.22 0 0,0.0062,False,False,0.1266
128,oito12,100.5341,100.0837,-0.1178,-0.0,0.0,24.9416,101.96 101.22 0 0,0.0064,False,False,0.1268
129,oito12,100.5403,100.0853,-0.115,-0.0,0.0,25.0876,101.96 101.22 0 0,0.0067,False,False,0.1269
130,oito12,100.5465,100.0868,-0.111,-0.0,0.0,25.2313,101.96 101.22 0 0,0.0069,False,False,0.1272
131,oito13,100.5526,100.0884,-0.1059,-0.0,0.0,25.3728,102.02 101.19 0 0,0.007,False,False,0.1272
132,oito13,100.5588,100.09,-0.0998,-0.0,0.0,25.5119,102.02 101.19 0 0,0.0072,False,False,0.1274
133,oito13,100.565,100.0916,-0.0931,-0.0,0.0,25.6487,102.02 101.19 0 0,0.0074,False,False,0.1277
134,oito13,100.5711,100.0932,-0.0858,-0.0,0.0,25.7832,102.02 101.19 0 0,0.0075,False,False,0.1276
135,oito13,100.5773,100.0949,-0.0783,-0.0,0.0,25.9157,102.02 101.19 0 0,0.0076,False,False,0.1279
136,oito13,100.5835,100.0965,-0.0707,-0.0,0.0,26.0465,102.02 101.19 0 0,0.0077,False,False,0.128
137,oito13,100.5897,100.0981,-0.0634,-0.0,0.0,26.1756,102.02 101.19 0 0,0.0078,False,False,0.128
138,oito13,100.5959,100.0998,-0.0564,-0.0,0.0,26.3032,102.02 101.19 0 0,0.0079,False,False,0.1284
139,oito13,100.6021,100.1014,-0.0501,-0.0,0.0,26.4296,102.02 101.19 0 0,0.0079,False,False,0.1282
140,oito13,100.6083,100.1031,-0.0446,-0.0,0.0,26.5549,102.02 101.19 0 0,0.008,False,False,0.1284
141,oito14,100.6145,100.1048,-0.04,-0.0,0.0,26.6792,102.09 101.15 0 0,0.008,False,False,0.1284
142,oito14,100.6207,100.1064,-0.0366,-0.0,0.0,26.8021,102.09 101.15 0 0,0.0081,False,False,0.1285
143,oito14,100.6269,100.1081,-0.0343,-0.0,0.0,26.9235,102.09 101.15 0 0,0.0082,False,False,0.1286
144,oito14,100.6331,100.1098,-0.0332,-0.0,0.0,27.0435,102.09 101.15 0 0,0.0083,False,False,0.1287
145,oito14,100.6393,100.1115,-0.0335,-0.0,0.0,27.162,102.09 101.15 0 0,0.0084,False,False,0.1287
146,oito14,100.6455,100.1132,-0.035,-0.0,0.0,27.2791,102.09 101.15 0 0,0.0086,False,False,0.1289
147,oito14,100.6518,100.1149,-0.0378,-0.0,0.0,27.3949,102.09 101.15 0 0,0.0086,False,False,0.1287
148,oito14,100.658,100.1166,-0.0418,-0.0,0.0,27.5094,102.09 101.15 0 0,0.0087,False,False,0.129
149,oito14,100.6642,100.1183,-0.0468,-0.0,0.0,27.6225,102.09 101.15 0 0,0.0088,False,False,0.1289
150,oito14,100.6704,100.12,-0.0527,-0.0,0.0,27.7342,102.09 101.15 0 0,0.0089,False,False,0.129
151,oito15,100.6766,100.1217,-0.0593,-0.0,0.0,27.8446,102.15 101.1 0 0,0.0089,False,False,0.1289
152,oito15,100.6828,100.1234,-0.0663,-0.0,0.0,27.953,102.15 101.1 0 0,0.0091,False,False,0.129
153,oito15,100.6891,100.1251,-0.0736,-0.0,0.0,28.0591,102.15 101.1 0 0,0.0092,False,False,0.1291
154,oito15,100.6953,100.1269,-0.081,-0.0,0.0,28.1629,102.15 101.1 0 0,0.0093,False,False,0.1289
155,oito15,100.7015,100.1286,-0.0881,-0.0,0.0,28.2644,102.15 101.1 0 0,0.0095,False,False,0.1291
156,oito15,100.7077,100.1303,-0.0948,-0.0,0.0,28.3636,102.15 101.1 0 0,0.0096,False,False,0.129
157,oito15,100.7139,100.1321,-0.1009,-0.0,0.0,28.4604,102.15 101.1 0 0,0.0097,False,False,0.1289
158,oito15,100.7201,100.1338,-0.1061,-0.0,0.0,28.5549,102.15 101.1 0 0,0.0099,False,False,0.129
159,oito15,100.7263,100.1356,-0.1105,-0.0,0.0,28.6471,102.15 101.1 0 0,0.01,False,False,0.1289
160,oito15,100.7325,100.1373,-0.1138,-0.0,0.0,28.7371,102.15 101.1 0 0,0.0102,False,False,0.1288
161,oito16,100.7387,100.139,-0.1159,-0.0,0.0,28.8248,102.2 101.05 0 0,0.0104,False,False,0.1289
162,oito16,100.7449,100.1408,-0.1168,-0.0,0.0,28.9101,102.2 101.05 0 0,0.0106,False,False,0.1287
163,oito16,100.7511,100.1425,-0.1165,-0.0,0.0,28.9925,102.2 101.05 0 0,0.0108,False,False,0.1287
164,oito16,100.7573,100.1443,-0.1149,-0.0,0.0,29.0723,102.2 101.05 0 0,0.011,False,False,0.1286
165,oito16,100.7635,100.146,-0.1121,-0.0,0.0,29.1495,102.2 101.05 0 0,0.0112,False,False,0.1286
166,oito16,100.7697,100.1478,-0.1082,-0.0,0.0,29.2243,102.2 101.05 0 0,0.0114,False,False,0.1286
167,oito16,100.7759,100.1495,-0.1032,-0.0,0.0,29.2969,102.2 101.05 0 0,0.0115,False,False,0.1284
168,oito16,100.782,100.1513,-0.0974,-0.0,0.0,29.3673,102.2 101.05 0 0,0.0117,False,False,0.1283
169,oito16,100.7882,100.1531,-0.091,-0.0,0.0,29.4358,102.2 101.05 0 0,0.0118,False,False,0.1283
170,oito16,100.7944,100.1548,-0.0841,-0.0,0.0,29.5024,102.2 101.05 0 0,0.0119,False,False,0.1282
171,oito17,100.8005,100.1566,-0.077,-0.0,0.0,29.5672,102.24 100.99 0 0,0.0119,False,False,0.128
172,oito17,100.8067,100.1583,-0.0698,-0.0,0.0,29.6301,102.24 100.99 0 0,0.0121,False,False,0.128
173,oito17,100.8128,100.1601,-0.0629,-0.0,0.0,29.6907,102.24 100.99 0 0,0.0121,False,False,0.1279
174,oito17,100.819,100.1618,-0.0564,-0.0,0.0,29.7492,102.24 100.99 0 0,0.0122,False,False,0.1277
175,oito17,100.8251,100.1636,-0.0506,-0.0,0.0,29.8057,102.24 100.99 0 0,0.0123,False,False,0.1276
176,oito17,100.8312,100.1653,-0.0455,-0.0,0.0,29.8603,102.24 100.99 0 0,0.0124,False,False,0.1274
177,oito17,100.8374,100.1671,-0.0413,-0.0,0.0,29.9132,102.24 100.99 0 0,0.0125,False,False,0.1274
178,oito17,100.8435,100.1688,-0.0382,-0.0,0.0,29.9644,102.24 100.99 0 0,0.0126,False,False,0.1271
179,oito17,100.8496,100.1705,-0.0362,-0.0,0.0,30.014,102.24 100.99 0 0,0.0127,False,False,0.1271
180,oito17,100.8557,100.1723,-0.0354,-0.0,0.0,30.0621,102.24 100.99 0 0,0.0128,False,False,0.1269
181,oito18,100.8618,100.174,-0.0358,-0.0,0.0,30.1088,102.29 100.92 0 0,0.0128,False,False,0.1266
182,oito18,100.8679,100.1758,-0.0374,-0.0,0.0,30.1535,102.29 100.92 0 0,0.013,False,False,0.1266
183,oito18,100.8739,100.1775,-0.0402,-0.0,0.0,30.196,102.29 100.92 0 0,0.0132,False,False,0.1264
184,oito18,100.88,100.1792,-0.0442,-0.0,0.0,30.2362,102.29 100.92 0 0,0.0133,False,False,0.1262
185,oito18,100.8861,100.1809,-0.0491,-0.0,0.0,30.2742,102.29 100.92 0 0,0.0134,False,False,0.1262
186,oito18,100.8921,100.1827,-0.0548,-0.0,0.0,30.31,102.29 100.92 0 0,0.0135,False,False,0.1258
187,oito18,100.8982,100.1844,-0.0611,-0.0,0.0,30.3438,102.29 100.92 0 0,0.0136,False,False,0.1258
188,oito18,100.9042,100.1861,-0.0679,-0.0,0.0,30.3756,102.29 100.92 0 0,0.0137,False,False,0.1255
189,oito18,100.9102,100.1878,-0.0748,-0.0,0.0,30.4054,102.29 100.92 0 0,0.0137,False,False,0.1253
190,oito18,100.9163,100.1895,-0.0818,-0.0,0.0,30.4333,102.29 100.92 0 0,0.0138,False,False,0.1252
191,oito19,100.9223,100.1913,-0.0885,-0.0,0.0,30.4594,102.32 100.86 0 0,0.0139,False,False,0.125
192,oito19,100.9283,100.193,-0.0948,-0.0,0.0,30.4832,102.32 100.86 0 0,0.014,False,False,0.1248
193,oito19,100.9343,100.1947,-0.1005,-0.0,0.0,30.5045,102.32 100.86 0 0,0.0142,False,False,0.1245
194,oito19,100.9402,100.1964,-0.1055,-0.0,0.0,30.5233,102.32 100.86 0 0,0.0143,False,False,0.1243
195,oito19,100.9462,100.198,-0.1095,-0.0,0.0,30.5398,102.32 100.86 0 0,0.0145,False,False,0.1242
196,oito19,100.9522,100.1997,-0.1125,-0.0,0.0,30.5541,102.32 100.86 0 0,0.0146,False,False,0.124
197,oito19,100.9581,100.2014,-0.1143,-0.0,0.0,30.5662,102.32 100.86 0 0,0.0147,False,False,0.1237
198,oito19,100.9641,100.2031,-0.1151,-0.0,0.0,30.5762,102.32 100.86 0 0,0.0149,False,False,0.1236
199,oito19,100.97,100.2048,-0.1146,-0.0,0.0,30.5843,102.32 100.86 0 0,0.015,False,False,0.1232
200,oito19,100.9759,100.2064,-0.1129,-0.0,0.0,30.5906,102.32 100.86 0 0,0.0152,False,False,0.123
201,oito20,100.9818,100.2081,-0.11,-0.0,0.0,30.595,102.35 100.79 0 0,0.0153,False,False,0.1228
202,oito20,100.9877,100.2098,-0.1061,-0.0,0.0,30.5973,102.35 100.79 0 0,0.0155,False,False,0.1226
203,oito20,100.9936,100.2114,-0.1012,-0.0,0.0,30.597,102.35 100.79 0 0,0.0155,False,False,0.1223
204,oito20,100.9995,100.2131,-0.0956,-0.0,0.0,30.5943,102.35 100.79 0 0,0.0153,False,False,0.1222
205,oito20,101.0054,100.2147,-0.0893,-0.0,0.0,30.5893,102.35 100.79 0 0,0.0151,False,False,0.1219
206,oito20,101.0112,100.2163,-0.0827,-0.0,0.0,30.5821,102.35 100.79 0 0,0.0149,False,False,0.1215
207,oito20,101.0171,100.218,-0.0758,-0.0,0.0,30.5728,102.35 100.79 0 0,0.0147,False,False,0.1214
208,oito20,101.0229,100.2196,-0.069,-0.0,0.0,30.5614,102.35 100.79 0 0,0.0145,False,False,0.1212
209,oito20,101.0287,100.2212,-0.0624,-0.0,0.0,30.5481,102.35 100.79 0 0,0.0142,False,False,0.1209
210,oito20,101.0345,100.2228,-0.0563,-0.0,0.0,30.5329,102.35 100.79 0 0,0.0141,False,False,0.1205
211,oito21,101.0403,100.2244,-0.0508,-0.0,0.0,30.5159,102.38 100.72 0 0,0.0139,False,False,0.1204
212,oito21,101.0461,100.2261,-0.046,-0.0,0.0,30.4967,102.38 100.72 0 0,0.0136,False,False,0.12
213,oito21,101.0519,100.2276,-0.0421,-0.0,0.0,30.4748,102.38 100.72 0 0,0.0134,False,False,0.1198
214,oito21,101.0576,100.2292,-0.0392,-0.0,0.0,30.4504,102.38 100.72 0 0,0.0132,False,False,0.1195
215,oito21,101.0634,100.2308,-0.0375,-0.0,0.0,30.4235,102.38 100.72 0 0,0.013,False,False,0.1193
216,oito21,101.0691,100.2324,-0.0369,-0.0,0.0,30.3943,102.38 100.72 0 0,0.0128,False,False,0.119
217,oito21,101.0749,100.234,-0.0374,-0.0,0.0,30.3628,102.38 100.72 0 0,0.0126,False,False,0.1187
218,oito21,101.0806,100.2355,-0.0392,-0.0,0.0,30.3291,102.38 100.72 0 0,0.0125,False,False,0.1185
219,oito21,101.0863,100.2371,-0.0421,-0.0,0.0,30.2934,102.38 100.72 0 0,0.0123,False,False,0.1181
220,oito21,101.092,100.2386,-0.046,-0.0,0.0,30.2556,102.38 100.72 0 0,0.0122,False,False,0.118
221,oito22,101.0976,100.2402,-0.0508,-0.0,0.0,30.216,102.41 100.65 0 0,0.012,False,False,0.1177
222,oito22,101.1033,100.2417,-0.0564,-0.0,0.0,30.1741,102.41 100.65 0 0,0.0117,False,False,0.1173
223,oito22,101.109,100.2432,-0.0626,-0.0,0.0,30.1295,102.41 100.65 0 0,0.0115,False,False,0.1171
224,oito22,101.1146,100.2448,-0.0692,-0.0,0.0,30.0824,102.41 100.65 0 0,0.0113,False,False,0.1168
225,oito22,101.1202,100.2463,-0.0759,-0.0,0.0,30.0329,102.41 100.65 0 0,0.011,False,False,0.1165
226,oito22,101.1258,100.2478,-0.0826,-0.0,0.0,29.9812,102.41 100.65 0 0,0.0108,False,False,0.1163
227,oito22,101.1314,100.2493,-0.089,-0.0,0.0,29.9275,102.41 100.65 0 0,0.0106,False,False,0.116
228,oito22,101.137,100.2508,-0.0951,-0.0,0.0,29.8718,102.41 100.65 0 0,0.0104,False,False,0.1156
229,oito22,101.1426,100.2523,-0.1005,-0.0,0.0,29.8143,102.41 100.65 0 0,0.0103,False,False,0.1154
230,oito22,101.1482,100.2537,-0.1051,-0.0,0.0,29.7552,102.41 100.65 0 0,0.0101,False,False,0.1151
231,oito23,101.1537,100.2552,-0.1088,-0.0,0.0,29.6946,102.43 100.58 0 0,0.0101,False,False,0.1149
232,oito23,101.1592,100.2567,-0.1116,-0.0,0.0,29.6321,102.43 100.58 0 0,0.0098,False,False,0.1144
233,oito23,101.1648,100.2581,-0.1132,-0.0,0.0,29.5672,102.43 100.58 0 0,0.0097,False,False,0.1143
234,oito23,101.1703,100.2596,-0.1138,-0.0,0.0,29.5003,102.43 100.58 0 0,0.0096,False,False,0.1141
235,oito23,101.1758,100.261,-0.1131,-0.0,0.0,29.4313,102.43 100.58 0 0,0.0094,False,False,0.1135
236,oito23,101.1813,100.2624,-0.1113,-0.0,0.0,29.3604,102.43 100.58 0 0,0.0093,False,False,0.1134
237,oito23,101.1867,100.2639,-0.1084,-0.0,0.0,29.2877,102.43 100.58 0 0,0.0092,False,False,0.1131
238,oito23,101.1922,100.2653,-0.1045,-0.0,0.0,29.2133,102.43 100.58 0 0,0.0091,False,False,0.1127
239,oito23,101.1976,100.2667,-0.0997,-0.0,0.0,29.1372,102.43 100.58 0 0,0.0089,False,False,0.1125
240,oito23,101.2031,100.2681,-0.0941,-0.0,0.0,29.0595,102.43 100.58 0 0,0.0088,False,False,0.1122
241,oito24,101.2085,100.2695,-0.088,-0.0,0.0,28.9803,102.45 100.51 0 0,0.0087,False,False,0.1118
242,oito24,101.2139,100.2709,-0.0815,-0.0,0.0,28.899,102.45 100.51 0 0,0.0084,False,False,0.1115
243,oito24,101.2193,100.2722,-0.0748,-0.0,0.0,28.8151,102.45 100.51 0 0,0.0082,False,False,0.1113
244,oito24,101.2247,100.2736,-0.0683,-0.0,0.0,28.7288,102.45 100.51 0 0,0.0079,False,False,0.111
245,oito24,101.23,100.275,-0.0619,-0.0,0.0,28.64,102.45 100.51 0 0,0.0077,False,False,0.1107
246,oito24,101.2354,100.2763,-0.056,-0.0,0.0,28.5489,102.45 100.51 0 0,0.0075,False,False,0.1105
247,oito24,101.2407,100.2777,-0.0507,-0.0,0.0,28.4554,102.45 100.51 0 0,0.0073,False,False,0.11
248,oito24,101.246,100.279,-0.0462,-0.0,0.0,28.3597,102.45 100.51 0 0,0.0071,False,False,0.1098
249,oito24,101.2513,100.2803,-0.0426,-0.0,0.0,28.2617,102.45 100.51 0 0,0.0069,False,False,0.1095
250,oito24,101.2566,100.2817,-0.04,-0.0,0.0,28.1616,102.45 100.51 0 0,0.0067,False,False,0.1093
251,oito25,101.2619,100.283,-0.0384,-0.0,0.0,28.0594,102.46 100.43 0 0,0.0065,False,False,0.1088
252,oito25,101.2672,100.2843,-0.038,-0.0,0.0,27.9545,102.46 100.43 0 0,0.0063,False,False,0.1086
253,oito25,101.2725,100.2856,-0.0387,-0.0,0.0,27.8465,102.46 100.43 0 0,0.006,False,False,0.1083
254,oito25,101.2777,100.2869,-0.0406,-0.0,0.0,27.7355,102.46 100.43 0 0,0.0058,False,False,0.1079
255,oito25,101.2829,100.2881,-0.0435,-0.0,0.0,27.6216,102.46 100.43 0 0,0.0056,False,False,0.1078
256,oito25,101.2881,100.2894,-0.0474,-0.0,0.0,27.5051,102.46 100.43 0 0,0.0054,False,False,0.1073
257,oito25,101.2933,100.2907,-0.0523,-0.0,0.0,27.3861,102.46 100.43 0 0,0.0052,False,False,0.1071
258,oito25,101.2985,100.2919,-0.0578,-0.0,0.0,27.2648,102.46 100.43 0 0,0.005,False,False,0.1067
259,oito25,101.3037,100.2932,-0.0639,-0.0,0.0,27.1414,102.46 100.43 0 0,0.0048,False,False,0.1064
260,oito25,101.3089,100.2944,-0.0703,-0.0,0.0,27.0161,102.46 100.43 0 0,0.0046,False,False,0.1061
261,oito26,101.314,100.2956,-0.0769,-0.0,0.0,26.8892,102.47 100.36 0 0,0.0044,False,False,0.1059
262,oito26,101.3191,100.2969,-0.0834,-0.0,0.0,26.7602,102.47 100.36 0 0,0.0042,False,False,0.1056
263,oito26,101.3243,100.2981,-0.0896,-0.0,0.0,26.6288,102.47 100.36 0 0,0.0039,False,False,0.105
264,oito26,101.3294,100.2993,-0.0954,-0.0,0.0,26.4953,102.47 100.36 0 0,0.0037,False,False,0.1049
265,oito26,101.3345,100.3005,-0.1005,-0.0,0.0,26.3599,102.47 100.36 0 0,0.0036,False,False,0.1047
266,oito26,101.3395,100.3016,-0.105,-0.0,0.0,26.2227,102.47 100.36 0 0,0.0034,False,False,0.1042
267,oito26,101.3446,100.3028,-0.1085,-0.0,0.0,26.0841,102.47 100.36 0 0,0.0033,False,False,0.104
268,oito26,101.3496,100.304,-0.111,-0.0,0.0,25.9442,102.47 100.36 0 0,0.0032,False,False,0.1037
269,oito26,101.3547,100.3051,-0.1125,-0.0,0.0,25.8031,102.47 100.36 0 0,0.0032,False,False,0.1033
270,oito26,101.3597,100.3063,-0.1128,-0.0,0.0,25.6609,102.47 100.36 0 0,0.0031,False,False,0.103
271,oito27,101.3647,100.3074,-0.112,-0.0,0.0,25.5178,102.48 100.28 0 0,0.003,False,False,0.1027
272,oito27,101.3697,100.3086,-0.1101,-0.0,0.0,25.3731,102.48 100.28 0 0,0.0029,False,False,0.1025
273,oito27,101.3747,100.3097,-0.1071,-0.0,0.0,25.2263,102.48 100.28 0 0,0.0028,False,False,0.1021
274,oito27,101.3797,100.3108,-0.1032,-0.0,0.0,25.0774,102.48 100.28 0 0,0.0026,False,False,0.1018
275,oito27,101.3846,100.3119,-0.0983,-0.0,0.0,24.9265,102.48 100.28 0 0,0.0025,False,False,0.1015
276,oito27,101.3895,100.313,-0.0928,-0.0,0.0,24.7737,102.48 100.28 0 0,0.0023,False,False,0.1013
277,oito27,101.3945,100.3141,-0.0868,-0.0,0.0,24.6189,102.48 100.28 0 0,0.0021,False,False,0.1008
278,oito27,101.3994,100.3152,-0.0804,-0.0,0.0,24.4622,102.48 100.28 0 0,0.0019,False,False,0.1006
279,oito27,101.4043,100.3162,-0.0739,-0.0,0.0,24.3035,102.48 100.28 0 0,0.0018,False,False,0.1004
280,oito27,101.4092,100.3173,-0.0675,-0.0,0.0,24.1429,102.48 100.28 0 0,0.0015,False,False,0.0999
281,oito28,101.414,100.3184,-0.0614,-0.0,0.0,23.9803,102.49 100.21 0 0,0.0013,False,False,0.0998
282,oito28,101.4189,100.3194,-0.0557,-0.0,0.0,23.8151,102.49 100.21 0 0,0.0011,False,False,0.0994
283,oito28,101.4238,100.3204,-0.0506,-0.0,0.0,23.6467,102.49 100.21 0 0,0.0008,False,False,0.0991
284,oito28,101.4286,100.3215,-0.0463,-0.0,0.0,23.4752,102.49 100.21 0 0,0.0005,False,False,0.0989
285,oito28,101.4334,100.3225,-0.0429,-0.0,0.0,23.3006,102.49 100.21 0 0,0.0003,False,False,0.0986
286,oito28,101.4382,100.3235,-0.0405,-0.0,0.0,23.1229,102.49 100.21 0 0,0.0001,False,False,0.0984
287,oito28,101.443,100.3245,-0.0391,-0.0,0.0,22.9424,102.49 100.21 0 0,-0.0002,False,False,0.0979
288,oito28,101.4478,100.3255,-0.0388,-0.0,0.0,22.759,102.49 100.21 0 0,-0.0004,False,False,0.0977
289,oito28,101.4526,100.3265,-0.0397,-0.0,0.0,22.5729,102.49 100.21 0 0,-0.0006,False,False,0.0976
290,oito28,101.4573,100.3275,-0.0416,-0.0,0.0,22.3843,102.49 100.21 0 0,-0.0008,False,False,0.0972
291,oito29,101.4621,100.3285,-0.0447,-0.0,0.0,22.1934,102.5 100.14 0 0,-0.001,False,False,0.0969
292,oito29,101.4668,100.3294,-0.0487,-0.0,0.0,21.9996,102.5 100.14 0 0,-0.0012,False,False,0.0965
293,oito29,101.4715,100.3304,-0.0535,-0.0,0.0,21.8027,102.5 100.14 0 0,-0.0015,False,False,0.0964
294,oito29,101.4762,100.3313,-0.059,-0.0,0.0,21.6029,102.5 100.14 0 0,-0.0017,False,False,0.0962
295,oito29,101.4809,100.3323,-0.065,-0.0,0.0,21.4006,102.5 100.14 0 0,-0.0019,False,False,0.0958
296,oito29,101.4856,100.3332,-0.0713,-0.0,0.0,21.1961,102.5 100.14 0 0,-0.0021,False,False,0.0957
297,oito29,101.4903,100.3341,-0.0777,-0.0,0.0,20.9896,102.5 100.14 0 0,-0.0023,False,False,0.0953
298,oito29,101.495,100.335,-0.0841,-0.0,0.0,20.7814,102.5 100.14 0 0,-0.0025,False,False,0.095
299,oito29,101.4996,100.3359,-0.0902,-0.0,0.0,20.5719,102.5 100.14 0 0,-0.0026,False,False,0.0948
300,oito29,101.5043,100.3368,-0.0958,-0.0,0.0,20.3614,102.5 100.14 0 0,-0.0027,False,False,0.0947
301,oito30,101.5089,100.3377,-0.1007,-0.0,0.0,20.15,102.5 100.06 0 0,-0.0028,False,False,0.0943
302,oito30,101.5135,100.3386,-0.1049,-0.0,0.0,19.9373,102.5 100.06 0 0,-0.0029,False,False,0.094
303,oito30,101.5181,100.3395,-0.1083,-0.0,0.0,19.7228,102.5 100.06 0 0,-0.003,False,False,0.0938
304,oito30,101.5227,100.3403,-0.1106,-0.0,0.0,19.5067,102.5 100.06 0 0,-0.0031,False,False,0.0936
305,oito30,101.5273,100.3412,-0.1119,-0.0,0.0,19.2894,102.5 100.06 0 0,-0.0032,False,False,0.0933
306,oito30,101.5319,100.342,-0.1121,-0.0,0.0,19.0708,102.5 100.06 0 0,-0.0033,False,False,0.0931
307,oito30,101.5365,100.3429,-0.1112,-0.0,0.0,18.8512,102.5 100.06 0 0,-0.0033,False,False,0.0929
308,oito30,101.541,100.3437,-0.1091,-0.0,0.0,18.6306,102.5 100.06 0 0,-0.0034,False,False,0.0926
309,oito30,101.5456,100.3446,-0.1061,-0.0,0.0,18.409,102.5 100.06 0 0,-0.0034,False,False,0.0925
310,oito30,101.5501,100.3454,-0.102,-0.0,0.0,18.1864,102.5 100.06 0 0,-0.0035,False,False,0.0921
311,oito31,101.5546,100.3462,-0.0972,-0.0,0.0,17.9629,102.5 99.99 0 0,-0.0036,False,False,0.0919
312,oito31,101.5591,100.347,-0.0917,-0.0,0.0,17.7378,102.5 99.99 0 0,-0.0037,False,False,0.0917
313,oito31,101.5636,100.3478,-0.0857,-0.0,0.0,17.5103,102.5 99.99 0 0,-0.004,False,False,0.0914
314,oito31,101.5681,100.3486,-0.0794,-0.0,0.0,17.2805,102.5 99.99 0 0,-0.0041,False,False,0.0912
315,oito31,101.5726,100.3493,-0.0731,-0.0,0.0,17.0483,102.5 99.99 0 0,-0.0044,False,False,0.0911
316,oito31,101.5771,100.3501,-0.0668,-0.0,0.0,16.8137,102.5 99.99 0 0,-0.0046,False,False,0.0908
317,oito31,101.5816,100.3509,-0.0608,-0.0,0.0,16.5766,102.5 99.99 0 0,-0.0048,False,False,0.0907
318,oito31,101.586,100.3516,-0.0553,-0.0,0.0,16.3369,102.5 99.99 0 0,-0.005,False,False,0.0904
319,oito31,101.5905,100.3524,-0.0504,-0.0,0.0,16.0947,102.5 99.99 0 0,-0.0053,False,False,0.0902
320,oito31,101.5949,100.3531,-0.0463,-0.0,0.0,15.8499,102.5 99.99 0 0,-0.0055,False,False,0.0899
321,oito32,101.5993,100.3539,-0.043,-0.0,0.0,15.6025,102.5 99.91 0 0,-0.0057,False,False,0.0897
322,oito32,101.6037,100.3546,-0.0408,-0.0,0.0,15.3518,102.5 99.91 0 0,-0.006,False,False,0.0896
323,oito32,101.6082,100.3553,-0.0396,-0.0,0.0,15.0973,102.5 99.91 0 0,-0.0062,False,False,0.0894
324,oito32,101.6126,100.356,-0.0395,-0.0,0.0,14.839,102.5 99.91 0 0,-0.0065,False,False,0.0892
325,oito32,101.617,100.3567,-0.0405,-0.0,0.0,14.5772,102.5 99.91 0 0,-0.0067,False,False,0.089
326,oito32,101.6213,100.3574,-0.0425,-0.0,0.0,14.3121,102.5 99.91 0 0,-0.0069,False,False,0.089
327,oito32,101.6257,100.3581,-0.0456,-0.0,0.0,14.0439,102.5 99.91 0 0,-0.0072,False,False,0.0887
328,oito32,101.6301,100.3588,-0.0497,-0.0,0.0,13.7729,102.5 99.91 0 0,-0.0074,False,False,0.0883
329,oito32,101.6345,100.3595,-0.0545,-0.0,0.0,13.4994,102.5 99.91 0 0,-0.0076,False,False,0.0883
330,oito32,101.6388,100.3601,-0.06,-0.0,0.0,13.2236,102.5 99.91 0 0,-0.0077,False,False,0.0881
331,oito33,101.6432,100.3608,-0.066,-0.0,0.0,12.9461,102.49 99.84 0 0,-0.0079,False,False,0.088
332,oito33,101.6475,100.3615,-0.0723,-0.0,0.0,12.6664,102.49 99.84 0 0,-0.0081,False,False,0.0878
333,oito33,101.6518,100.3621,-0.0786,-0.0,0.0,12.3843,102.49 99.84 0 0,-0.0083,False,False,0.0876
334,oito33,101.6562,100.3627,-0.0848,-0.0,0.0,12.1004,102.49 99.84 0 0,-0.0085,False,False,0.0874
335,oito33,101.6605,100.3634,-0.0907,-0.0,0.0,11.8148,102.49 99.84 0 0,-0.0086,False,False,0.0873
336,oito33,101.6648,100.364,-0.0962,-0.0,0.0,11.5281,102.49 99.84 0 0,-0.0087,False,False,0.0872
337,oito33,101.6691,100.3646,-0.101,-0.0,0.0,11.2405,102.49 99.84 0 0,-0.0088,False,False,0.0869
338,oito33,101.6734,100.3652,-0.105,-0.0,0.0,10.9523,102.49 99.84 0 0,-0.0088,False,False,0.0869
339,oito33,101.6777,100.3658,-0.1082,-0.0,0.0,10.6639,102.49 99.84 0 0,-0.0088,False,False,0.0866
340,oito33,101.682,100.3664,-0.1103,-0.0,0.0,10.3753,102.49 99.84 0 0,-0.0088,False,False,0.0866
341,oito34,101.6863,100.367,-0.1115,-0.0,0.0,10.0867,102.49 99.76 0 0,-0.0088,False,False,0.0864
342,oito34,101.6905,100.3675,-0.1115,-0.0,0.0,9.7977,102.49 99.76 0 0,-0.0088,False,False,0.0862
343,oito34,101.6948,100.3681,-0.1104,-0.0,0.0,9.5076,102.49 99.76 0 0,-0.0088,False,False,0.0862
344,oito34,101.6991,100.3687,-0.1083,-0.0,0.0,9.2166,102.49 99.76 0 0,-0.0089,False,False,0.086
345,oito34,101.7033,100.3692,-0.1051,-0.0,0.0,8.9247,102.49 99.76 0 0,-0.0089,False,False,0.0858
346,oito34,101.7076,100.3698,-0.1011,-0.0,0.0,8.6319,102.49 99.76 0 0,-0.0089,False,False,0.0858
347,oito34,101.7118,100.3703,-0.0962,-0.0,0.0,8.3381,102.49 99.76 0 0,-0.009,False,False,0.0858
348,oito34,101.7161,100.3708,-0.0907,-0.0,0.0,8.0432,102.49 99.76 0 0,-0.0091,False,False,0.0855
349,oito34,101.7203,100.3714,-0.0847,-0.0,0.0,7.7472,102.49 99.76 0 0,-0.0092,False,False,0.0855
350,oito34,101.7246,100.3719,-0.0785,-0.0,0.0,7.4497,102.49 99.76 0 0,-0.0093,False,False,0.0855
351,oito35,101.7288,100.3724,-0.0722,-0.0,0.0,7.1508,102.48 99.69 0 0,-0.0094,False,False,0.0853
352,oito35,101.733,100.3729,-0.066,-0.0,0.0,6.8497,102.48 99.69 0 0,-0.0097,False,False,0.0851
353,oito35,101.7373,100.3734,-0.0602,-0.0,0.0,6.5457,102.48 99.69 0 0,-0.0099,False,False,0.0851
354,oito35,101.7415,100.3739,-0.0548,-0.0,0.0,6.2387,102.48 99.69 0 0,-0.0101,False,False,0.0851
355,oito35,101.7457,100.3744,-0.0501,-0.0,0.0,5.9288,102.48 99.69 0 0,-0.0104,False,False,0.0849
356,oito35,101.7499,100.3748,-0.0461,-0.0,0.0,5.6158,102.48 99.69 0 0,-0.0106,False,False,0.085
357,oito35,101.7541,100.3753,-0.0431,-0.0,0.0,5.2998,102.48 99.69 0 0,-0.0108,False,False,0.0847
358,oito35,101.7583,100.3757,-0.041,-0.0,0.0,4.9808,102.48 99.69 0 0,-0.011,False,False,0.0847
359,oito35,101.7626,100.3762,-0.0399,-0.0,0.0,4.6588,102.48 99.69 0 0,-0.0112,False,False,0.0847
360,oito35,101.7668,100.3766,-0.04,-0.0,0.0,4.334,102.48 99.69 0 0,-0.0114,False,False,0.0847
361,oito36,101.771,100.3771,-0.0411,-0.0,0.0,4.0065,102.47 99.61 0 0,-0.0116,False,False,0.0845
362,oito36,101.7752,100.3775,-0.0433,-0.0,0.0,3.6759,102.47 99.61 0 0,-0.0118,False,False,0.0844
363,oito36,101.7794,100.3779,-0.0465,-0.0,0.0,3.342,102.47 99.61 0 0,-0.012,False,False,0.0845
364,oito36,101.7836,100.3783,-0.0506,-0.0,0.0,3.0051,102.47 99.61 0 0,-0.0122,False,False,0.0845
365,oito36,101.7878,100.3787,-0.0555,-0.0,0.0,2.6655,102.47 99.61 0 0,-0.0124,False,False,0.0845
366,oito36,101.792,100.3791,-0.061,-0.0,0.0,2.3236,102.47 99.61 0 0,-0.0125,False,False,0.0843
367,oito36,101.7962,100.3795,-0.067,-0.0,0.0,1.98,102.47 99.61 0 0,-0.0126,False,False,0.0844
368,oito36,101.8004,100.3798,-0.0732,-0.0,0.0,1.6349,102.47 99.61 0 0,-0.0128,False,False,0.0843
369,oito36,101.8046,100.3802,-0.0794,-0.0,0.0,1.2889,102.47 99.61 0 0,-0.0128,False,False,0.0844
370,oito36,101.8088,100.3806,-0.0855,-0.0,0.0,0.9423,102.47 99.61 0 0,-0.0129,False,False,0.0842
371,oito37,101.813,100.3809,-0.0913,-0.0,0.0,0.5956,102.46 99.54 0 0,-0.0129,False,False,0.0842
372,oito37,101.8172,100.3812,-0.0967,-0.0,0.0,0.2485,102.46 99.54 0 0,-0.0129,False,False,0.0842
373,oito37,101.8214,100.3816,-0.1013,-0.0,-0.0,-0.0989,102.46 99.54 0 0,-0.0129,False,False,0.0842
374,oito37,101.8256,100.3819,-0.1052,-0.0,-0.0,-0.4464,102.46 99.54 0 0,-0.0129,False,False,0.0842
375,oito37,101.8298,100.3822,-0.1082,-0.0,-0.0,-0.7936,102.46 99.54 0 0,-0.0128,False,False,0.0843
376,oito37,101.834,100.3825,-0.1102,-0.0,-0.0,-1.1405,102.46 99.54 0 0,-0.0127,False,False,0.0843
377,oito37,101.8382,100.3828,-0.1112,-0.0,-0.0,-1.4867,102.46 99.54 0 0,-0.0127,False,False,0.0843
378,oito37,101.8424,100.3831,-0.111,-0.0,-0.0,-1.8323,102.46 99.54 0 0,-0.0126,False,False,0.0843
379,oito37,101.8466,100.3833,-0.1098,-0.0,-0.0,-2.1773,102.46 99.54 0 0,-0.0124,False,False,0.0842
380,oito37,101.8508,100.3836,-0.1076,-0.0,-0.0,-2.5215,102.46 99.54 0 0,-0.0124,False,False,0.0842
381,oito38,101.855,100.3839,-0.1043,-0.0,-0.0,-2.8652,102.44 99.46 0 0,-0.0123,False,False,0.0842
382,oito38,101.8592,100.3841,-0.1002,-0.0,-0.0,-3.209,102.44 99.46 0 0,-0.0123,False,False,0.0844
383,oito38,101.8634,100.3843,-0.0953,-0.0,-0.0,-3.5535,102.44 99.46 0 0,-0.0123,False,False,0.0844
384,oito38,101.8676,100.3846,-0.0898,-0.0,-0.0,-3.8989,102.44 99.46 0 0,-0.0124,False,False,0.0844
385,oito38,101.8718,100.3848,-0.0838,-0.0,-0.0,-4.2454,102.44 99.46 0 0,-0.0124,False,False,0.0845
386,oito38,101.8761,100.385,-0.0776,-0.0,-0.0,-4.5931,102.44 99.46 0 0,-0.0125,False,False,0.0845
387,oito38,101.8803,100.3852,-0.0714,-0.0,-0.0,-4.9421,102.44 99.46 0 0,-0.0126,False,False,0.0846
388,oito38,101.8845,100.3854,-0.0653,-0.0,-0.0,-5.2928,102.44 99.46 0 0,-0.0127,False,False,0.0846
389,oito38,101.8887,100.3856,-0.0596,-0.0,-0.0,-5.6453,102.44 99.46 0 0,-0.0129,False,False,0.0846
390,oito38,101.893,100.3857,-0.0543,-0.0,-0.0,-5.9997,102.44 99.46 0 0,-0.013,False,False,0.0847
391,oito39,101.8972,100.3859,-0.0497,-0.0,-0.0,-6.3562,102.42 99.39 0 0,-0.0132,False,False,0.0847
392,oito39,101.9014,100.386,-0.0459,-0.0,-0.0,-6.7153,102.42 99.39 0 0,-0.0134,False,False,0.0847
393,oito39,101.9057,100.3861,-0.043,-0.0,-0.0,-7.0775,102.42 99.39 0 0,-0.0136,False,False,0.0849
394,oito39,101.9099,100.3863,-0.0411,-0.0,-0.0,-7.4428,102.42 99.39 0 0,-0.0137,False,False,0.085
395,oito39,101.9142,100.3864,-0.0402,-0.0,-0.0,-7.811,102.42 99.39 0 0,-0.0139,False,False,0.085
396,oito39,101.9184,100.3865,-0.0404,-0.0,-0.0,-8.1821,102.42 99.39 0 0,-0.0141,False,False,0.0852
397,oito39,101.9227,100.3866,-0.0417,-0.0,-0.0,-8.5558,102.42 99.39 0 0,-0.0142,False,False,0.0853
398,oito39,101.927,100.3866,-0.044,-0.0,-0.0,-8.932,102.42 99.39 0 0,-0.0143,False,False,0.0853
399,oito39,101.9312,100.3867,-0.0473,-0.0,-0.0,-9.3104,102.42 99.39 0 0,-0.0145,False,False,0.0853
400,oito39,101.9355,100.3867,-0.0515,-0.0,-0.0,-9.6906,102.42 99.39 0 0,-0.0145,False,True,0.0855
401,oito40,101.9398,100.3868,-0.0564,-0.0,-0.0,-10.0722,102.4 99.32 0 0,-0.0146,False,True,0.0855
402,oito40,101.9441,100.3868,-0.0619,-0.0,-0.0,-10.4554,102.4 99.32 0 0,-0.0147,False,True,0.0856
403,oito40,101.9483,100.3868,-0.0679,-0.0,-0.0,-10.84,102.4 99.32 0 0,-0.0148,False,True,0.0858
404,oito40,101.9526,100.3868,-0.074,-0.0,-0.0,-11.2255,102.4 99.32 0 0,-0.0148,False,True,0.0859
405,oito40,101.9569,100.3868,-0.0802,-0.0,-0.0,-11.6115,102.4 99.32 0 0,-0.0149,False,True,0.0859
406,oito40,101.9613,100.3867,-0.0863,-0.0,-0.0,-11.9976,102.4 99.32 0 0,-0.0148,False,True,0.0862
407,oito40,101.9656,100.3867,-0.092,-0.0,-0.0,-12.3833,102.4 99.32 0 0,-0.0148,False,True,0.0861
408,oito40,101.9699,100.3866,-0.0971,-0.0,-0.0,-12.7683,102.4 99.32 0 0,-0.0147,False,True,0.0864
409,oito40,101.9742,100.3866,-0.1017,-0.0,-0.0,-13.1522,102.4 99.32 0 0,-0.0146,False,True,0.0864
410,oito40,101.9785,100.3865,-0.1054,-0.0,-0.0,-13.5348,102.4 99.32 0 0,-0.0144,False,True,0.0865
411,oito41,101.9828,100.3864,-0.1082,-0.0,-0.0,-13.9158,102.37 99.25 0 0,-0.0143,False,True,0.0867
412,oito41,101.9872,100.3862,-0.1101,-0.0,-0.0,-14.2955,102.37 99.25 0 0,-0.0141,False,True,0.0867
413,oito41,101.9915,100.3861,-0.1109,-0.0,-0.0,-14.6743,102.37 99.25 0 0,-0.014,False,True,0.0869
414,oito41,101.9959,100.386,-0.1107,-0.0,-0.0,-15.052,102.37 99.25 0 0,-0.0138,False,True,0.087
415,oito41,102.0002,100.3858,-0.1093,-0.0,-0.0,-15.4287,102.37 99.25 0 0,-0.0137,False,True,0.0872
416,oito41,102.0046,100.3856,-0.1069,-0.0,-0.0,-15.8043,102.37 99.25 0 0,-0.0135,False,True,0.0874
417,oito41,102.009,100.3854,-0.1036,-0.0,-0.0,-16.179,102.37 99.25 0 0,-0.0134,False,True,0.0875
418,oito41,102.0133,100.3852,-0.0994,-0.0,-0.0,-16.553,102.37 99.25 0 0,-0.0133,False,True,0.0875
419,oito41,102.0177,100.385,-0.0944,-0.0,-0.0,-16.9264,102.37 99.25 0 0,-0.0132,False,True,0.0879
420,oito41,102.0221,100.3847,-0.0889,-0.0,-0.0,-17.2995,102.37 99.25 0 0,-0.0131,False,True,0.0879
421,oito42,102.0265,100.3845,-0.0829,-0.0,-0.0,-17.6725,102.34 99.18 0 0,-0.0131,False,True,0.0879
422,oito42,102.0309,100.3842,-0.0768,-0.0,-0.0,-18.0461,102.34 99.18 0 0,-0.0132,False,True,0.0882
423,oito42,102.0353,100.3839,-0.0706,-0.0,-0.0,-18.4209,102.34 99.18 0 0,-0.0133,False,True,0.0884
424,oito42,102.0397,100.3836,-0.0646,-0.0,-0.0,-18.7971,102.34 99.18 0 0,-0.0134,False,True,0.0884
425,oito42,102.0441,100.3832,-0.059,-0.0,-0.0,-19.1748,102.34 99.18 0 0,-0.0134,False,True,0.0888
426,oito42,102.0486,100.3829,-0.0538,-0.0,-0.0,-19.5543,102.34 99.18 0 0,-0.0136,False,True,0.0889
427,oito42,102.053,100.3825,-0.0494,-0.0,-0.0,-19.9358,102.34 99.18 0 0,-0.0137,False,True,0.0891
428,oito42,102.0575,100.3821,-0.0457,-0.0,-0.0,-20.3193,102.34 99.18 0 0,-0.0138,False,True,0.0893
429,oito42,102.0619,100.3817,-0.043,-0.0,-0.0,-20.7048,102.34 99.18 0 0,-0.0139,False,True,0.0893
430,oito42,102.0664,100.3813,-0.0412,-0.0,-0.0,-21.0925,102.34 99.18 0 0,-0.014,False,True,0.0895
431,oito43,102.0708,100.3809,-0.0404,-0.0,-0.0,-21.4823,102.31 99.11 0 0,-0.014,False,True,0.0899
432,oito43,102.0753,100.3804,-0.0408,-0.0,-0.0,-21.8743,102.31 99.11 0 0,-0.0142,False,True,0.0899
433,oito43,102.0798,100.3799,-0.0422,-0.0,-0.0,-22.2689,102.31 99.11 0 0,-0.0143,False,True,0.0901
434,oito43,102.0843,100.3794,-0.0446,-0.0,-0.0,-22.6656,102.31 99.11 0 0,-0.0144,False,True,0.0904
435,oito43,102.0888,100.3789,-0.048,-0.0,-0.0,-23.0642,102.31 99.11 0 0,-0.0145,False,True,0.0905
436,oito43,102.0933,100.3784,-0.0523,-0.0,-0.0,-23.4645,102.31 99.11 0 0,-0.0145,False,True,0.0908
437,oito43,102.0978,100.3778,-0.0573,-0.0,-0.0,-23.8659,102.31 99.11 0 0,-0.0145,False,True,0.091
438,oito43,102.1023,100.3773,-0.0628,-0.0,-0.0,-24.2681,102.31 99.11 0 0,-0.0146,False,True,0.0911
439,oito43,102.1068,100.3766,-0.0687,-0.0,-0.0,-24.6707,102.31 99.11 0 0,-0.0145,False,True,0.0914
440,oito43,102.1114,100.376,-0.0749,-0.0,-0.0,-25.0732,102.31 99.11 0 0,-0.0145,False,True,0.0916
441,oito44,102.1159,100.3754,-0.081,-0.0,-0.0,-25.4752,102.27 99.05 0 0,-0.0144,False,True,0.0917
442,oito44,102.1205,100.3747,-0.087,-0.0,-0.0,-25.8767,102.27 99.05 0 0,-0.0144,False,True,0.0919
443,oito44,102.125,100.374,-0.0926,-0.0,-0.0,-26.2775,102.27 99.05 0 0,-0.0143,False,True,0.0923
444,oito44,102.1296,100.3733,-0.0977,-0.0,-0.0,-26.6774,102.27 99.05 0 0,-0.0142,False,True,0.0925
445,oito44,102.1342,100.3726,-0.1021,-0.0,-0.0,-27.0759,102.27 99.05 0 0,-0.014,False,True,0.0927
446,oito44,102.1388,100.3719,-0.1056,-0.0,-0.0,-27.4728,102.27 99.05 0 0,-0.0138,False,True,0.0929
447,oito44,102.1434,100.3711,-0.1083,-0.0,-0.0,-27.8679,102.27 99.05 0 0,-0.0136,False,True,0.0931
448,oito44,102.148,100.3703,-0.11,-0.0,-0.0,-28.261,102.27 99.05 0 0,-0.0134,False,True,0.0932
449,oito44,102.1526,100.3695,-0.1107,-0.0,-0.0,-28.6521,102.27 99.05 0 0,-0.0131,False,True,0.0936
450,oito44,102.1572,100.3687,-0.1103,-0.0,-0.0,-29.0413,102.27 99.05 0 0,-0.0129,False,True,0.0938
451,oito45,102.1618,100.3678,-0.1089,-0.0,-0.0,-29.4284,102.23 98.99 0 0,-0.0127,False,True,0.0939
452,oito45,102.1664,100.3669,-0.1064,-0.0,-0.0,-29.814,102.23 98.99 0 0,-0.0125,False,True,0.0942
453,oito45,102.1711,100.366,-0.1029,-0.0,-0.0,-30.1985,102.23 98.99 0 0,-0.0123,False,True,0.0944
454,oito45,102.1757,100.3651,-0.0986,-0.0,-0.0,-30.5821,102.23 98.99 0 0,-0.0122,False,True,0.0947
455,oito45,102.1804,100.3642,-0.0936,-0.0,-0.0,-30.965,102.23 98.99 0 0,-0.0121,False,True,0.095
456,oito45,102.185,100.3632,-0.088,-0.0,-0.0,-31.3474,102.23 98.99 0 0,-0.012,False,True,0.0952
457,oito45,102.1897,100.3622,-0.0821,-0.0,-0.0,-31.7296,102.23 98.99 0 0,-0.012,False,True,0.0955
458,oito45,102.1944,100.3612,-0.0759,-0.0,-0.0,-32.1119,102.23 98.99 0 0,-0.0119,False,True,0.0957
459,oito45,102.199,100.3602,-0.0698,-0.0,-0.0,-32.4945,102.23 98.99 0 0,-0.012,False,True,0.0958
460,oito45,102.2037,100.3591,-0.0639,-0.0,-0.0,-32.8778,102.23 98.99 0 0,-0.012,False,True,0.0961
461,oito46,102.2084,100.3581,-0.0583,-0.0,-0.0,-33.262,102.18 98.93 0 0,-0.012,False,True,0.0963
462,oito46,102.2131,100.357,-0.0533,-0.0,-0.0,-33.6476,102.18 98.93 0 0,-0.0121,False,True,0.0966
463,oito46,102.2178,100.3559,-0.049,-0.0,-0.0,-34.035,102.18 98.93 0 0,-0.0122,False,True,0.0968
464,oito46,102.2226,100.3547,-0.0455,-0.0,-0.0,-34.4246,102.18 98.93 0 0,-0.0123,False,True,0.0971
465,oito46,102.2273,100.3536,-0.0428,-0.0,-0.0,-34.8162,102.18 98.93 0 0,-0.0124,False,True,0.0974
466,oito46,102.232,100.3524,-0.0412,-0.0,-0.0,-35.2098,102.18 98.93 0 0,-0.0125,False,True,0.0976
467,oito46,102.2368,100.3512,-0.0406,-0.0,-0.0,-35.6056,102.18 98.93 0 0,-0.0126,False,True,0.0979
468,oito46,102.2415,100.3499,-0.0411,-0.0,-0.0,-36.0032,102.18 98.93 0 0,-0.0126,False,True,0.0981
469,oito46,102.2463,100.3487,-0.0426,-0.0,-0.0,-36.4026,102.18 98.93 0 0,-0.0127,False,True,0.0985
470,oito46,102.251,100.3474,-0.0452,-0.0,-0.0,-36.8036,102.18 98.93 0 0,-0.0127,False,True,0.0986
471,oito47,102.2558,100.3461,-0.0487,-0.0,-0.0,-37.2059,102.12 98.88 0 0,-0.0128,False,True,0.0988
472,oito47,102.2606,100.3448,-0.053,-0.0,-0.0,-37.6095,102.12 98.88 0 0,-0.0128,False,True,0.0991
473,oito47,102.2654,100.3434,-0.0581,-0.0,-0.0,-38.0145,102.12 98.88 0 0,-0.0129,False,True,0.0994
474,oito47,102.2701,100.342,-0.0636,-0.0,-0.0,-38.4203,102.12 98.88 0 0,-0.0129,False,True,0.0995
475,oito47,102.2749,100.3407,-0.0696,-0.0,-0.0,-38.8266,102.12 98.88 0 0,-0.0129,False,True,0.1
476,oito47,102.2798,100.3392,-0.0757,-0.0,-0.0,-39.2329,102.12 98.88 0 0,-0.0128,False,True,0.1002
477,oito47,102.2846,100.3378,-0.0818,-0.0,-0.0,-39.6387,102.12 98.88 0 0,-0.0128,False,True,0.1004
478,oito47,102.2894,100.3363,-0.0877,-0.0,-0.0,-40.0437,102.12 98.88 0 0,-0.0126,False,True,0.1008
479,oito47,102.2942,100.3348,-0.0932,-0.0,-0.0,-40.4475,102.12 98.88 0 0,-0.0125,False,True,0.1009
480,oito47,102.299,100.3333,-0.0982,-0.0,-0.0,-40.8497,102.12 98.88 0 0,-0.0124,False,True,0.101
481,oito48,102.3039,100.3318,-0.1024,-0.0,-0.0,-41.25,102.06 98.84 0 0,-0.0121,False,True,0.1015
482,oito48,102.3087,100.3302,-0.1059,-0.0,-0.0,-41.6486,102.06 98.84 0 0,-0.012,False,True,0.1016
483,oito48,102.3135,100.3287,-0.1085,-0.0,-0.0,-42.0456,102.06 98.84 0 0,-0.0118,False,True,0.1019
484,oito48,102.3184,100.3271,-0.11,-0.0,-0.0,-42.4408,102.06 98.84 0 0,-0.0115,False,True,0.1022
485,oito48,102.3232,100.3254,-0.1106,-0.0,-0.0,-42.8342,102.06 98.84 0 0,-0.0113,False,True,0.1023
486,oito48,102.3281,100.3238,-0.11,-0.0,-0.0,-43.2258,102.06 98.84 0 0,-0.0111,False,True,0.1027
487,oito48,102.333,100.3221,-0.1084,-0.0,-0.0,-43.6155,102.06 98.84 0 0,-0.0109,False,True,0.1029
488,oito48,102.3379,100.3204,-0.1058,-0.0,-0.0,-44.0035,102.06 98.84 0 0,-0.0107,False,True,0.103
489,oito48,102.3427,100.3187,-0.1022,-0.0,-0.0,-44.3901,102.06 98.84 0 0,-0.0105,False,True,0.1035
490,oito48,102.3476,100.317,-0.0979,-0.0,-0.0,-44.7753,102.06 98.84 0 0,-0.0103,False,True,0.1035
491,oito49,102.3525,100.3153,-0.0928,-0.0,-0.0,-45.1595,102 98.8 0 0,-0.0102,False,True,0.1039
492,oito49,102.3574,100.3135,-0.0872,-0.0,-0.0,-45.5432,102 98.8 0 0,-0.0102,False,True,0.104
493,oito49,102.3623,100.3117,-0.0812,-0.0,-0.0,-45.9269,102 98.8 0 0,-0.0102,False,True,0.1042
494,oito49,102.3672,100.3099,-0.0751,-0.0,-0.0,-46.3111,102 98.8 0 0,-0.0101,False,True,0.1047
495,oito49,102.3721,100.308,-0.069,-0.0,-0.0,-46.6958,102 98.8 0 0,-0.0102,False,True,0.1048
496,oito49,102.377,100.3062,-0.0632,-0.0,-0.0,-47.0814,102 98.8 0 0,-0.0102,False,True,0.1049
497,oito49,102.3819,100.3043,-0.0577,-0.0,-0.0,-47.4681,102 98.8 0 0,-0.0103,False,True,0.1053
498,oito49,102.3868,100.3024,-0.0528,-0.0,-0.0,-47.8561,102 98.8 0 0,-0.0104,False,True,0.1056
499,oito49,102.3918,100.3005,-0.0486,-0.0,-0.0,-48.2456,102 98.8 0 0,-0.0104,False,True,0.1057
500,oito49,102.3967,100.2985,-0.0452,-0.0,-0.0,-48.6366,102 98.8 0 0,-0.0105,False,True,0.1058
501,oito50,102.4016,100.2966,-0.0427,-0.0,-0.0,-49.0293,101.93 98.77 0 0,-0.0106,False,True,0.1061
502,oito50,102.4065,100.2946,-0.0412,-0.0,-0.0,-49.4241,101.93 98.77 0 0,-0.0107,False,True,0.1064
503,oito50,102.4115,100.2926,-0.0408,-0.0,-0.0,-49.8212,101.93 98.77 0 0,-0.0108,False,True,0.1066
504,oito50,102.4164,100.2905,-0.0414,-0.0,-0.0,-50.2205,101.93 98.77 0 0,-0.0109,False,True,0.1067
505,oito50,102.4214,100.2885,-0.043,-0.0,-0.0,-50.6218,101.93 98.77 0 0,-0.011,False,True,0.107
506,oito50,102.4263,100.2864,-0.0457,-0.0,-0.0,-51.0249,101.93 98.77 0 0,-0.011,False,True,0.1073
507,oito50,102.4313,100.2843,-0.0493,-0.0,-0.0,-51.4295,101.93 98.77 0 0,-0.011,False,True,0.1076
508,oito50,102.4362,100.2822,-0.0537,-0.0,-0.0,-51.8352,101.93 98.77 0 0,-0.0111,False,True,0.1076
509,oito50,102.4412,100.2801,-0.0588,-0.0,-0.0,-52.2417,101.93 98.77 0 0,-0.0111,False,True,0.1079
510,oito50,102.4461,100.2779,-0.0645,-0.0,-0.0,-52.6486,101.93 98.77 0 0,-0.0111,False,True,0.1081
511,oito51,102.4511,100.2758,-0.0704,-0.0,-0.0,-53.0554,101.85 98.76 0 0,-0.0111,False,True,0.1082
512,oito51,102.456,100.2736,-0.0765,-0.0,-0.0,-53.4622,101.85 98.76 0 0,-0.0111,False,True,0.1084
513,oito51,102.461,100.2714,-0.0826,-0.0,-0.0,-53.869,101.85 98.76 0 0,-0.011,False,True,0.1087
514,oito51,102.466,100.2691,-0.0884,-0.0,-0.0,-54.2752,101.85 98.76 0 0,-0.011,False,True,0.1087
515,oito51,102.4709,100.2669,-0.0938,-0.0,-0.0,-54.6805,101.85 98.76 0 0,-0.0109,False,True,0.1091
516,oito51,102.4759,100.2646,-0.0987,-0.0,-0.0,-55.0845,101.85 98.76 0 0,-0.0107,False,True,0.1092
517,oito51,102.4809,100.2623,-0.1029,-0.0,-0.0,-55.4869,101.85 98.76 0 0,-0.0106,False,True,0.1094
518,oito51,102.4858,100.26,-0.1062,-0.0,-0.0,-55.8876,101.85 98.76 0 0,-0.0104,False,True,0.1095
519,oito51,102.4908,100.2577,-0.1086,-0.0,-0.0,-56.2862,101.85 98.76 0 0,-0.0102,False,True,0.1097
520,oito51,102.4958,100.2553,-0.11,-0.0,-0.0,-56.6827,101.85 98.76 0 0,-0.0099,False,True,0.1099
521,oito52,102.5007,100.253,-0.1104,-0.0,-0.0,-57.0771,101.78 98.75 0 0,-0.0097,False,True,0.11
522,oito52,102.5057,100.2506,-0.1097,-0.0,-0.0,-57.4696,101.78 98.75 0 0,-0.0095,False,True,0.1102
523,oito52,102.5107,100.2482,-0.108,-0.0,-0.0,-57.8608,101.78 98.75 0 0,-0.0093,False,True,0.1104
524,oito52,102.5156,100.2458,-0.1053,-0.0,-0.0,-58.2506,101.78 98.75 0 0,-0.0091,False,True,0.1105
525,oito52,102.5206,100.2433,-0.1016,-0.0,-0.0,-58.6392,101.78 98.75 0 0,-0.009,False,True,0.1106
526,oito52,102.5256,100.2409,-0.0971,-0.0,-0.0,-59.0269,101.78 98.75 0 0,-0.0089,False,True,0.1108
527,oito52,102.5305,100.2384,-0.092,-0.0,-0.0,-59.4138,101.78 98.75 0 0,-0.0088,False,True,0.111
528,oito52,102.5355,100.2359,-0.0864,-0.0,-0.0,-59.8002,101.78 98.75 0 0,-0.0087,False,True,0.1111
529,oito52,102.5405,100.2334,-0.0804,-0.0,-0.0,-60.1864,101.78 98.75 0 0,-0.0087,False,True,0.1112
530,oito52,102.5454,100.2309,-0.0743,-0.0,-0.0,-60.5727,101.78 98.75 0 0,-0.0087,False,True,0.1114
531,oito53,102.5504,100.2284,-0.0683,-0.0,-0.0,-60.9593,101.71 98.75 0 0,-0.0088,False,True,0.1114
532,oito53,102.5553,100.2258,-0.0625,-0.0,-0.0,-61.3469,101.71 98.75 0 0,-0.0089,False,True,0.1116
533,oito53,102.5603,100.2232,-0.0571,-0.0,-0.0,-61.736,101.71 98.75 0 0,-0.009,False,True,0.1116
534,oito53,102.5653,100.2206,-0.0523,-0.0,-0.0,-62.1268,101.71 98.75 0 0,-0.0091,False,True,0.1119
535,oito53,102.5702,100.218,-0.0482,-0.0,-0.0,-62.5194,101.71 98.75 0 0,-0.0092,False,True,0.1119
536,oito53,102.5752,100.2154,-0.0449,-0.0,-0.0,-62.9139,101.71 98.75 0 0,-0.0093,False,True,0.1121
537,oito53,102.5801,100.2128,-0.0425,-0.0,-0.0,-63.3105,101.71 98.75 0 0,-0.0094,False,True,0.1122
538,oito53,102.5851,100.2101,-0.0412,-0.0,-0.0,-63.709,101.71 98.75 0 0,-0.0095,False,True,0.1122
539,oito53,102.59,100.2074,-0.0409,-0.0,-0.0,-64.1094,101.71 98.75 0 0,-0.0096,False,True,0.1123
540,oito53,102.5949,100.2048,-0.0416,-0.0,-0.0,-64.5116,101.71 98.75 0 0,-0.0097,False,True,0.1124
541,oito54,102.5999,100.202,-0.0434,-0.0,-0.0,-64.9154,101.63 98.76 0 0,-0.0097,False,True,0.1126
542,oito54,102.6048,100.1993,-0.0462,-0.0,-0.0,-65.3211,101.63 98.76 0 0,-0.0099,False,True,0.1125
543,oito54,102.6097,100.1966,-0.0499,-0.0,-0.0,-65.7286,101.63 98.76 0 0,-0.0099,False,True,0.1128
544,oito54,102.6146,100.1938,-0.0545,-0.0,-0.0,-66.1376,101.63 98.76 0 0,-0.01,False,True,0.1128
545,oito54,102.6196,100.1911,-0.0596,-0.0,-0.0,-66.5478,101.63 98.76 0 0,-0.0101,False,True,0.1129
546,oito54,102.6245,100.1883,-0.0653,-0.0,-0.0,-66.9586,101.63 98.76 0 0,-0.0101,False,True,0.113
547,oito54,102.6294,100.1855,-0.0713,-0.0,-0.0,-67.3696,101.63 98.76 0 0,-0.0101,False,True,0.113
548,oito54,102.6343,100.1826,-0.0773,-0.0,-0.0,-67.7804,101.63 98.76 0 0,-0.0101,False,True,0.1132
549,oito54,102.6392,100.1798,-0.0834,-0.0,-0.0,-68.1906,101.63 98.76 0 0,-0.0101,False,True,0.1131
550,oito54,102.6441,100.1769,-0.0891,-0.0,-0.0,-68.5997,101.63 98.76 0 0,-0.01,False,True,0.1132
551,oito55,102.6489,100.1741,-0.0945,-0.0,-0.0,-69.0074,101.56 98.78 0 0,-0.0098,False,True,0.1133
552,oito55,102.6538,100.1712,-0.0992,-0.0,-0.0,-69.4137,101.56 98.78 0 0,-0.0097,False,True,0.1133
553,oito55,102.6587,100.1683,-0.1033,-0.0,-0.0,-69.8186,101.56 98.78 0 0,-0.0096,False,True,0.1133
554,oito55,102.6636,100.1654,-0.1065,-0.0,-0.0,-70.222,101.56 98.78 0 0,-0.0094,False,True,0.1134
555,oito55,102.6684,100.1625,-0.1088,-0.0,-0.0,-70.6236,101.56 98.78 0 0,-0.0092,False,True,0.1135
556,oito55,102.6733,100.1595,-0.11,-0.0,-0.0,-71.0232,101.56 98.78 0 0,-0.009,False,True,0.1135
557,oito55,102.6781,100.1565,-0.1103,-0.0,-0.0,-71.4209,101.56 98.78 0 0,-0.0088,False,True,0.1134
558,oito55,102.6829,100.1536,-0.1095,-0.0,-0.0,-71.8167,101.56 98.78 0 0,-0.0086,False,True,0.1136
559,oito55,102.6878,100.1506,-0.1076,-0.0,-0.0,-72.2105,101.56 98.78 0 0,-0.0084,False,True,0.1136
560,oito55,102.6926,100.1476,-0.1048,-0.0,-0.0,-72.6026,101.56 98.78 0 0,-0.0082,False,True,0.1134
561,oito56,102.6974,100.1446,-0.101,-0.0,-0.0,-72.9931,101.49 98.81 0 0,-0.0081,False,True,0.1135
562,oito56,102.7022,100.1415,-0.0964,-0.0,-0.0,-73.3826,101.49 98.81 0 0,-0.008,False,True,0.1136
563,oito56,102.707,100.1385,-0.0912,-0.0,-0.0,-73.7718,101.49 98.81 0 0,-0.008,False,True,0.1136
564,oito56,102.7118,100.1354,-0.0855,-0.0,-0.0,-74.1608,101.49 98.81 0 0,-0.008,False,True,0.1136
565,oito56,102.7165,100.1323,-0.0796,-0.0,-0.0,-74.5499,101.49 98.81 0 0,-0.008,False,True,0.1135
566,oito56,102.7213,100.1293,-0.0735,-0.0,-0.0,-74.9395,101.49 98.81 0 0,-0.008,False,True,0.1136
567,oito56,102.7261,100.1262,-0.0675,-0.0,-0.0,-75.3296,101.49 98.81 0 0,-0.0081,False,True,0.1135
568,oito56,102.7308,100.123,-0.0618,-0.0,-0.0,-75.7207,101.49 98.81 0 0,-0.0082,False,True,0.1135
569,oito56,102.7355,100.1199,-0.0565,-0.0,-0.0,-76.1129,101.49 98.81 0 0,-0.0083,False,True,0.1135
570,oito56,102.7403,100.1168,-0.0517,-0.0,-0.0,-76.5063,101.49 98.81 0 0,-0.0084,False,True,0.1135
571,oito57,102.745,100.1136,-0.0478,-0.0,-0.0,-76.9013,101.42 98.83 0 0,-0.0085,False,True,0.1134
572,oito57,102.7497,100.1104,-0.0446,-0.0,-0.0,-77.2981,101.42 98.83 0 0,-0.0087,False,True,0.1134
573,oito57,102.7544,100.1073,-0.0424,-0.0,-0.0,-77.6972,101.42 98.83 0 0,-0.0088,False,True,0.1134
574,oito57,102.759,100.104,-0.0412,-0.0,-0.0,-78.0985,101.42 98.83 0 0,-0.009,False,True,0.1133
575,oito57,102.7637,100.1008,-0.041,-0.0,-0.0,-78.502,101.42 98.83 0 0,-0.009,False,True,0.1134
576,oito57,102.7683,100.0976,-0.0419,-0.0,-0.0,-78.9074,101.42 98.83 0 0,-0.0092,False,True,0.1131
577,oito57,102.773,100.0944,-0.0438,-0.0,-0.0,-79.3147,101.42 98.83 0 0,-0.0093,False,True,0.1133
578,oito57,102.7776,100.0911,-0.0467,-0.0,-0.0,-79.7235,101.42 98.83 0 0,-0.0093,False,True,0.1132
579,oito57,102.7822,100.0878,-0.0506,-0.0,-0.0,-80.1335,101.42 98.83 0 0,-0.0094,False,True,0.113
580,oito57,102.7868,100.0845,-0.0552,-0.0,-0.0,-80.5444,101.42 98.83 0 0,-0.0095,False,True,0.1131
581,oito58,102.7914,100.0812,-0.0604,-0.0,-0.0,-80.9558,101.35 98.86 0 0,-0.0095,False,True,0.1129
582,oito58,102.796,100.0779,-0.0661,-0.0,-0.0,-81.3677,101.35 98.86 0 0,-0.0096,False,True,0.113
583,oito58,102.8005,100.0746,-0.0721,-0.0,-0.0,-81.7799,101.35 98.86 0 0,-0.0096,False,True,0.1129
584,oito58,102.8051,100.0712,-0.0781,-0.0,-0.0,-82.192,101.35 98.86 0 0,-0.0096,False,True,0.1127
585,oito58,102.8096,100.0679,-0.0841,-0.0,-0.0,-82.6035,101.35 98.86 0 0,-0.0096,False,True,0.1127
586,oito58,102.8141,100.0645,-0.0898,-0.0,-0.0,-83.014,101.35 98.86 0 0,-0.0095,False,True,0.1127
587,oito58,102.8186,100.0611,-0.0951,-0.0,-0.0,-83.4231,101.35 98.86 0 0,-0.0094,False,True,0.1125
588,oito58,102.823,100.0577,-0.0998,-0.0,-0.0,-83.8305,101.35 98.86 0 0,-0.0093,False,True,0.1125
589,oito58,102.8275,100.0543,-0.1037,-0.0,-0.0,-84.2359,101.35 98.86 0 0,-0.0092,False,True,0.1123
590,oito58,102.8319,100.0508,-0.1068,-0.0,-0.0,-84.6391,101.35 98.86 0 0,-0.0089,False,True,0.1123
591,oito59,102.8364,100.0474,-0.1089,-0.0,-0.0,-85.0399,101.28 98.9 0 0,-0.0088,False,True,0.1121
592,oito59,102.8408,100.0439,-0.1101,-0.0,-0.0,-85.4387,101.28 98.9 0 0,-0.0086,False,True,0.112
593,oito59,102.8451,100.0404,-0.1102,-0.0,-0.0,-85.8357,101.28 98.9 0 0,-0.0084,False,True,0.1119
594,oito59,102.8495,100.0369,-0.1092,-0.0,-0.0,-86.231,101.28 98.9 0 0,-0.0082,False,True,0.1118
595,oito59,102.8539,100.0334,-0.1072,-0.0,-0.0,-86.6245,101.28 98.9 0 0,-0.008,False,True,0.1118
596,oito59,102.8582,100.0299,-0.1042,-0.0,-0.0,-87.0164,101.28 98.9 0 0,-0.0079,False,True,0.1116
597,oito59,102.8625,100.0264,-0.1004,-0.0,-0.0,-87.4069,101.28 98.9 0 0,-0.0078,False,True,0.1114
598,oito59,102.8668,100.0228,-0.0957,-0.0,-0.0,-87.7962,101.28 98.9 0 0,-0.0077,False,True,0.1113
599,oito59,102.871,100.0192,-0.0905,-0.0,-0.0,-88.1845,101.28 98.9 0 0,-0.0076,False,True,0.1111
600,oito59,102.8753,100.0157,-0.0848,-0.0,-0.0,-88.5721,101.28 98.9 0 0,-0.0076,False,True,0.111
601,oito60,102.8795,100.0121,-0.0788,-0.0,-0.0,-88.9593,101.22 98.94 0 0,-0.0076,False,True,0.111
602,oito60,102.8837,100.0085,-0.0727,-0.0,-0.0,-89.3467,101.22 98.94 0 0,-0.0077,False,True,0.1107
603,oito60,102.8879,100.0048,-0.0667,-0.0,-0.0,-89.7349,101.22 98.94 0 0,-0.0078,False,True,0.1105
604,oito60,102.892,100.0012,-0.0611,-0.0,-0.0,-90.124,101.22 98.94 0 0,-0.0079,False,True,0.1105
605,oito60,102.8961,99.9976,-0.0558,-0.0,-0.0,-90.5144,101.22 98.94 0 0,-0.0081,False,True,0.1102
606,oito60,102.9003,99.9939,-0.0512,-0.0,-0.0,-90.9061,101.22 98.94 0 0,-0.0082,False,True,0.1101
607,oito60,102.9043,99.9902,-0.0473,-0.0,-0.0,-91.2994,101.22 98.94 0 0,-0.0084,False,True,0.1099
608,oito60,102.9084,99.9865,-0.0443,-0.0,-0.0,-91.6942,101.22 98.94 0 0,-0.0085,False,True,0.1097
609,oito60,102.9124,99.9828,-0.0422,-0.0,-0.0,-92.0907,101.22 98.94 0 0,-0.0086,False,True,0.1096
610,oito60,102.9164,99.9791,-0.0412,-0.0,-0.0,-92.4889,101.22 98.94 0 0,-0.0088,False,True,0.1094
611,oito61,102.9204,99.9754,-0.0411,-0.0,-0.0,-92.8886,101.15 98.98 0 0,-0.0089,False,True,0.109
612,oito61,102.9244,99.9716,-0.0421,-0.0,-0.0,-93.29,101.15 98.98 0 0,-0.009,False,True,0.109
613,oito61,102.9283,99.9678,-0.0442,-0.0,-0.0,-93.6934,101.15 98.98 0 0,-0.0091,False,True,0.1088
614,oito61,102.9322,99.9641,-0.0472,-0.0,-0.0,-94.0983,101.15 98.98 0 0,-0.0093,False,True,0.1086
615,oito61,102.9361,99.9603,-0.0512,-0.0,-0.0,-94.5045,101.15 98.98 0 0,-0.0094,False,True,0.1084
616,oito61,102.9399,99.9565,-0.0559,-0.0,-0.0,-94.9117,101.15 98.98 0 0,-0.0095,False,True,0.1082
617,oito61,102.9437,99.9526,-0.0611,-0.0,-0.0,-95.3193,101.15 98.98 0 0,-0.0096,False,True,0.108
618,oito61,102.9475,99.9488,-0.0669,-0.0,-0.0,-95.7271,101.15 98.98 0 0,-0.0096,False,True,0.1077
619,oito61,102.9512,99.9449,-0.0729,-0.0,-0.0,-96.1346,101.15 98.98 0 0,-0.0096,False,True,0.1076
620,oito61,102.9549,99.9411,-0.0789,-0.0,-0.0,-96.5413,101.15 98.98 0 0,-0.0097,False,True,0.1073
621,oito62,102.9586,99.9372,-0.0849,-0.0,-0.0,-96.9468,101.09 99.02 0 0,-0.0097,False,True,0.107
622,oito62,102.9623,99.9333,-0.0905,-0.0,-0.0,-97.3511,101.09 99.02 0 0,-0.0096,False,True,0.107
623,oito62,102.9659,99.9294,-0.0957,-0.0,-0.0,-97.754,101.09 99.02 0 0,-0.0096,False,True,0.1066
624,oito62,102.9695,99.9254,-0.1003,-0.0,-0.0,-98.1553,101.09 99.02 0 0,-0.0095,False,True,0.1063
625,oito62,102.973,99.9215,-0.1041,-0.0,-0.0,-98.5546,101.09 99.02 0 0,-0.0094,False,True,0.1061
626,oito62,102.9765,99.9175,-0.1071,-0.0,-0.0,-98.9518,101.09 99.02 0 0,-0.0092,False,True,0.1059
627,oito62,102.98,99.9135,-0.1091,-0.0,-0.0,-99.3466,101.09 99.02 0 0,-0.0091,False,True,0.1055
628,oito62,102.9834,99.9095,-0.1101,-0.0,-0.0,-99.739,101.09 99.02 0 0,-0.0089,False,True,0.1054
629,oito62,102.9868,99.9055,-0.11,-0.0,-0.0,-100.129,101.09 99.02 0 0,-0.0087,False,True,0.1051
630,oito62,102.9902,99.9015,-0.109,-0.0,-0.0,-100.5166,101.09 99.02 0 0,-0.0085,False,True,0.1048
631,oito63,102.9935,99.8975,-0.1068,-0.0,-0.0,-100.902,101.03 99.06 0 0,-0.0084,False,True,0.1045
632,oito63,102.9968,99.8934,-0.1037,-0.0,-0.0,-101.2855,101.03 99.06 0 0,-0.0082,False,True,0.1044
633,oito63,103.0001,99.8894,-0.0998,-0.0,-0.0,-101.6675,101.03 99.06 0 0,-0.0082,False,True,0.104
634,oito63,103.0033,99.8853,-0.095,-0.0,-0.0,-102.0484,101.03 99.06 0 0,-0.0082,False,True,0.1037
635,oito63,103.0064,99.8812,-0.0897,-0.0,-0.0,-102.4283,101.03 99.06 0 0,-0.0082,False,True,0.1035
636,oito63,103.0095,99.8771,-0.084,-0.0,-0.0,-102.8075,101.03 99.06 0 0,-0.0082,False,True,0.1031
637,oito63,103.0126,99.873,-0.078,-0.0,-0.0,-103.1863,101.03 99.06 0 0,-0.0083,False,True,0.1029
638,oito63,103.0156,99.8688,-0.0719,-0.0,-0.0,-103.5649,101.03 99.06 0 0,-0.0084,False,True,0.1026
639,oito63,103.0186,99.8647,-0.066,-0.0,-0.0,-103.9436,101.03 99.06 0 0,-0.0085,False,True,0.1023
640,oito63,103.0216,99.8605,-0.0604,-0.0,-0.0,-104.3227,101.03 99.06 0 0,-0.0087,False,True,0.1019
641,oito64,103.0245,99.8563,-0.0552,-0.0,-0.0,-104.7024,100.97 99.11 0 0,-0.0088,False,True,0.1018
642,oito64,103.0273,99.8521,-0.0507,-0.0,-0.0,-105.0832,100.97 99.11 0 0,-0.009,False,True,0.1014
643,oito64,103.0301,99.8479,-0.0469,-0.0,-0.0,-105.4654,100.97 99.11 0 0,-0.0092,False,True,0.1011
644,oito64,103.0329,99.8437,-0.044,-0.0,-0.0,-105.8492,100.97 99.11 0 0,-0.0094,False,True,0.1009
645,oito64,103.0356,99.8395,-0.0421,-0.0,-0.0,-106.2347,100.97 99.11 0 0,-0.0096,False,True,0.1006
646,oito64,103.0382,99.8352,-0.0411,-0.0,-0.0,-106.6216,100.97 99.11 0 0,-0.0098,False,True,0.1002
647,oito64,103.0408,99.8309,-0.0413,-0.0,-0.0,-107.0101,100.97 99.11 0 0,-0.01,False,True,0.1
648,oito64,103.0434,99.8267,-0.0424,-0.0,-0.0,-107.3999,100.97 99.11 0 0,-0.0102,False,True,0.0998
649,oito64,103.0459,99.8224,-0.0446,-0.0,-0.0,-107.7909,100.97 99.11 0 0,-0.0103,False,True,0.0993
650,oito64,103.0483,99.8181,-0.0478,-0.0,-0.0,-108.1828,100.97 99.11 0 0,-0.0105,False,True,0.0991
651,oito65,103.0507,99.8137,-0.0518,-0.0,-0.0,-108.5754,100.91 99.15 0 0,-0.0106,False,True,0.0988
652,oito65,103.053,99.8094,-0.0565,-0.0,-0.0,-108.9685,100.91 99.15 0 0,-0.0108,False,True,0.0986
653,oito65,103.0553,99.805,-0.0619,-0.0,-0.0,-109.362,100.91 99.15 0 0,-0.011,False,True,0.0982
654,oito65,103.0575,99.8007,-0.0677,-0.0,-0.0,-109.7554,100.91 99.15 0 0,-0.0111,False,True,0.098
655,oito65,103.0597,99.7963,-0.0737,-0.0,-0.0,-110.1485,100.91 99.15 0 0,-0.0112,False,True,0.0977
656,oito65,103.0618,99.7919,-0.0797,-0.0,-0.0,-110.5407,100.91 99.15 0 0,-0.0113,False,True,0.0975
657,oito65,103.0638,99.7875,-0.0856,-0.0,-0.0,-110.9317,100.91 99.15 0 0,-0.0114,False,True,0.0972
658,oito65,103.0657,99.783,-0.0912,-0.0,-0.0,-111.3212,100.91 99.15 0 0,-0.0114,False,True,0.0969
659,oito65,103.0676,99.7786,-0.0963,-0.0,-0.0,-111.7087,100.91 99.15 0 0,-0.0114,False,True,0.0966
660,oito65,103.0695,99.7741,-0.1008,-0.0,-0.0,-112.094,100.91 99.15 0 0,-0.0114,False,True,0.0965
661,oito66,103.0712,99.7696,-0.1045,-0.0,-0.0,-112.4768,100.85 99.2 0 0,-0.0114,False,True,0.0961
662,oito66,103.0729,99.7652,-0.1073,-0.0,-0.0,-112.8574,100.85 99.2 0 0,-0.0113,False,True,0.096
663,oito66,103.0746,99.7607,-0.1092,-0.0,-0.0,-113.2357,100.85 99.2 0 0,-0.0113,False,True,0.0957
664,oito66,103.0761,99.7561,-0.1101,-0.0,-0.0,-113.6118,100.85 99.2 0 0,-0.0112,False,True,0.0955
665,oito66,103.0776,99.7516,-0.1099,-0.0,-0.0,-113.9855,100.85 99.2 0 0,-0.0111,False,True,0.0955
666,oito66,103.079,99.7471,-0.1087,-0.0,-0.0,-114.357,100.85 99.2 0 0,-0.0111,False,True,0.0952
667,oito66,103.0804,99.7425,-0.1064,-0.0,-0.0,-114.7263,100.85 99.2 0 0,-0.0111,False,True,0.0951
668,oito66,103.0816,99.7379,-0.1032,-0.0,-0.0,-115.0937,100.85 99.2 0 0,-0.0111,False,True,0.0948
669,oito66,103.0828,99.7333,-0.0991,-0.0,-0.0,-115.4591,100.85 99.2 0 0,-0.0111,False,True,0.0949
670,oito66,103.0839,99.7287,-0.0943,-0.0,-0.0,-115.823,100.85 99.2 0 0,-0.0112,False,True,0.0946
671,oito67,103.0849,99.7241,-0.089,-0.0,-0.0,-116.1855,100.79 99.25 0 0,-0.0113,False,True,0.0946
672,oito67,103.0859,99.7195,-0.0832,-0.0,-0.0,-116.5472,100.79 99.25 0 0,-0.0115,False,True,0.0945
673,oito67,103.0867,99.7148,-0.0772,-0.0,-0.0,-116.9085,100.79 99.25 0 0,-0.0117,False,True,0.0945
674,oito67,103.0875,99.7102,-0.0711,-0.0,-0.0,-117.2698,100.79 99.25 0 0,-0.0119,False,True,0.0945
675,oito67,103.0882,99.7055,-0.0652,-0.0,-0.0,-117.6313,100.79 99.25 0 0,-0.0122,False,True,0.0945
676,oito67,103.0888,99.7008,-0.0597,-0.0,-0.0,-117.9932,100.79 99.25 0 0,-0.0125,False,True,0.0945
677,oito67,103.0893,99.6961,-0.0546,-0.0,-0.0,-118.3557,100.79 99.25 0 0,-0.0128,False,True,0.0947
678,oito67,103.0898,99.6914,-0.0502,-0.0,-0.0,-118.7189,100.79 99.25 0 0,-0.0131,False,True,0.0947
679,oito67,103.0901,99.6867,-0.0465,-0.0,-0.0,-119.0831,100.79 99.25 0 0,-0.0135,False,True,0.095
680,oito67,103.0903,99.6819,-0.0438,-0.0,-0.0,-119.4483,100.79 99.25 0 0,-0.0138,False,True,0.0949
681,oito68,103.0905,99.6772,-0.0419,-0.0,-0.0,-119.8145,100.74 99.3 0 0,-0.0141,False,True,0.0953
682,oito68,103.0905,99.6724,-0.0411,-0.0,-0.0,-120.1819,100.74 99.3 0 0,-0.0145,False,True,0.0954
683,oito68,103.0904,99.6676,-0.0414,-0.0,-0.0,-120.5508,100.74 99.3 0 0,-0.0148,False,True,0.0958
684,oito68,103.0903,99.6628,-0.0427,-0.0,-0.0,-120.9209,100.74 99.3 0 0,-0.0152,False,True,0.096
685,oito68,103.09,99.658,-0.045,-0.0,-0.0,-121.2922,100.74 99.3 0 0,-0.0155,False,True,0.0964
686,oito68,103.0896,99.6532,-0.0483,-0.0,-0.0,-121.6642,100.74 99.3 0 0,-0.0159,False,True,0.0969
687,oito68,103.0892,99.6483,-0.0524,-0.0,-0.0,-122.0368,100.74 99.3 0 0,-0.0162,False,True,0.0974
688,oito68,103.0886,99.6435,-0.0572,-0.0,-0.0,-122.4097,100.74 99.3 0 0,-0.0165,False,True,0.0978
689,oito68,103.0879,99.6386,-0.0627,-0.0,-0.0,-122.7825,100.74 99.3 0 0,-0.0169,False,True,0.0984
690,oito68,103.087,99.6337,-0.0685,-0.0,-0.0,-123.1548,100.74 99.3 0 0,-0.0172,False,True,0.099
691,oito69,103.0861,99.6288,-0.0745,-0.0,-0.0,-123.5263,100.68 99.34 0 0,-0.0175,False,True,0.0996
692,oito69,103.0851,99.6239,-0.0805,-0.0,-0.0,-123.8968,100.68 99.34 0 0,-0.0178,False,True,0.1003
693,oito69,103.0839,99.619,-0.0864,-0.0,-0.0,-124.2661,100.68 99.34 0 0,-0.0181,False,True,0.1012
694,oito69,103.0826,99.6141,-0.0919,-0.0,-0.0,-124.6339,100.68 99.34 0 0,-0.0184,False,True,0.1021
695,oito69,103.0812,99.6091,-0.0969,-0.0,-0.0,-124.9998,100.68 99.34 0 0,-0.0186,False,True,0.103
696,oito69,103.0796,99.6041,-0.1013,-0.0,-0.0,-125.3637,100.68 99.34 0 0,-0.0188,False,True,0.1039
697,oito69,103.078,99.5992,-0.1049,-0.0,-0.0,-125.7253,100.68 99.34 0 0,-0.019,False,True,0.105
698,oito69,103.0762,99.5942,-0.1076,-0.0,-0.0,-126.0844,100.68 99.34 0 0,-0.0192,False,True,0.1061
699,oito69,103.0742,99.5892,-0.1094,-0.0,-0.0,-126.4409,100.68 99.34 0 0,-0.0194,False,True,0.1073
700,oito69,103.0722,99.5842,-0.1101,-0.0,-0.0,-126.7949,100.68 99.34 0 0,-0.0195,False,True,0.1084
701,oito70,103.0699,99.5791,-0.1098,-0.0,-0.0,-127.1462,100.63 99.39 0 0,-0.0197,False,True,0.1098
702,oito70,103.0676,99.5741,-0.1084,-0.0,-0.0,-127.4953,100.63 99.39 0 0,-0.0199,False,True,0.1111
703,oito70,103.0651,99.569,-0.106,-0.0,-0.0,-127.8424,100.63 99.39 0 0,-0.0201,False,True,0.1125
704,oito70,103.0625,99.564,-0.1027,-0.0,-0.0,-128.1876,100.63 99.39 0 0,-0.0204,False,True,0.1141
705,oito70,103.0597,99.5589,-0.0985,-0.0,-0.0,-128.5311,100.63 99.39 0 0,-0.0207,False,True,0.1157
706,oito70,103.0568,99.5538,-0.0936,-0.0,-0.0,-128.8732,100.63 99.39 0 0,-0.0211,False,True,0.1173
707,oito70,103.0538,99.5487,-0.0882,-0.0,-0.0,-129.2141,100.63 99.39 0 0,-0.0215,False,True,0.119
708,oito70,103.0506,99.5436,-0.0824,-0.0,-0.0,-129.5539,100.63 99.39 0 0,-0.0219,False,True,0.1207
709,oito70,103.0472,99.5385,-0.0764,-0.0,-0.0,-129.8931,100.63 99.39 0 0,-0.0224,False,True,0.1227
710,oito70,103.0437,99.5333,-0.0703,-0.0,-0.0,-130.2318,100.63 99.39 0 0,-0.0229,False,True,0.1244
711,oito71,103.04,99.5282,-0.0645,-0.0,-0.0,-130.5703,100.57 99.45 0 0,-0.0234,False,True,0.1264
712,oito71,103.0362,99.523,-0.059,-0.0,-0.0,-130.9091,100.57 99.45 0 0,-0.024,False,True,0.1285
713,oito71,103.0322,99.5178,-0.054,-0.0,-0.0,-131.2486,100.57 99.45 0 0,-0.0246,False,True,0.1305
714,oito71,103.0281,99.5126,-0.0497,-0.0,-0.0,-131.5889,100.57 99.45 0 0,-0.0252,False,True,0.1327
715,oito71,103.0238,99.5075,-0.0461,-0.0,-0.0,-131.9302,100.57 99.45 0 0,-0.0258,False,True,0.1348
716,oito71,103.0193,99.5022,-0.0435,-0.0,-0.0,-132.2725,100.57 99.45 0 0,-0.0264,False,True,0.1373
717,oito71,103.0147,99.497,-0.0418,-0.0,-0.0,-132.6158,100.57 99.45 0 0,-0.027,False,True,0.1394
718,oito71,103.0099,99.4918,-0.0411,-0.0,-0.0,-132.9603,100.57 99.45 0 0,-0.0276,False,True,0.1418
719,oito71,103.005,99.4865,-0.0415,-0.0,-0.0,-133.3056,100.57 99.45 0 0,-0.0283,False,True,0.1444
720,oito71,102.9998,99.4813,-0.043,-0.0,-0.0,-133.6519,100.57 99.45 0 0,-0.0289,False,True,0.1467
721,oito72,102.9946,99.476,-0.0454,-0.0,-0.0,-133.9989,100.51 99.5 0 0,-0.0295,False,True,0.1492
722,oito72,102.9891,99.4707,-0.0488,-0.0,-0.0,-134.3466,100.51 99.5 0 0,-0.0301,False,True,0.1519
723,oito72,102.9834,99.4655,-0.053,-0.0,-0.0,-134.6949,100.51 99.5 0 0,-0.0307,False,True,0.1546
724,oito72,102.9776,99.4602,-0.0579,-0.0,-0.0,-135.0435,100.51 99.5 0 0,-0.0314,False,True,0.1573
725,oito72,102.9716,99.4549,-0.0634,-0.0,-0.0,-135.3921,100.51 99.5 0 0,-0.032,False,True,0.16
726,oito72,102.9655,99.4495,-0.0693,-0.0,-0.0,-135.7404,100.51 99.5 0 0,-0.0326,False,True,0.1629
727,oito72,102.9591,99.4442,-0.0753,-0.0,-0.0,-136.088,100.51 99.5 0 0,-0.0332,False,True,0.1657
728,oito72,102.9526,99.4389,-0.0813,-0.0,-0.0,-136.4346,100.51 99.5 0 0,-0.0338,False,True,0.1685
729,oito72,102.9459,99.4335,-0.0871,-0.0,-0.0,-136.7799,100.51 99.5 0 0,-0.0344,False,True,0.1716
730,oito72,102.939,99.4282,-0.0926,-0.0,-0.0,-137.1235,100.51 99.5 0 0,-0.0349,False,True,0.1742
731,oito73,102.9319,99.4229,-0.0975,-0.0,-0.0,-137.4652,100.46 99.55 0 0,-0.0354,False,True,0.1774
732,oito73,102.9247,99.4175,-0.1018,-0.0,-0.0,-137.8051,100.46 99.55 0 0,-0.0359,False,True,0.1803
733,oito73,102.9172,99.4121,-0.1053,-0.0,-0.0,-138.1429,100.46 99.55 0 0,-0.0364,False,True,0.1835
734,oito73,102.9096,99.4067,-0.1079,-0.0,-0.0,-138.4787,100.46 99.55 0 0,-0.0369,False,True,0.1867
735,oito73,102.9018,99.4014,-0.1095,-0.0,-0.0,-138.8124,100.46 99.55 0 0,-0.0373,False,True,0.1896
736,oito73,102.8938,99.396,-0.1101,-0.0,-0.0,-139.1438,100.46 99.55 0 0,-0.0377,False,True,0.1929
737,oito73,102.8856,99.3906,-0.1096,-0.0,-0.0,-139.473,100.46 99.55 0 0,-0.0382,False,True,0.1961
738,oito73,102.8773,99.3852,-0.1081,-0.0,-0.0,-139.8002,100.46 99.55 0 0,-0.0386,False,True,0.1992
739,oito73,102.8687,99.3798,-0.1056,-0.0,-0.0,-140.1252,100.46 99.55 0 0,-0.0391,False,True,0.2025
740,oito73,102.86,99.3743,-0.1022,-0.0,-0.0,-140.4485,100.46 99.55 0 0,-0.0396,False,True,0.2057
741,oito74,102.851,99.3689,-0.0979,-0.0,-0.0,-140.77,100.41 99.6 0 0,-0.0401,False,True,0.2088
742,oito74,102.8419,99.3635,-0.0929,-0.0,-0.0,-141.0903,100.41 99.6 0 0,-0.0407,False,True,0.2121
743,oito74,102.8326,99.3581,-0.0874,-0.0,-0.0,-141.4097,100.41 99.6 0 0,-0.0414,False,True,0.2156
744,oito74,102.8231,99.3527,-0.0816,-0.0,-0.0,-141.7285,100.41 99.6 0 0,-0.042,False,True,0.2187
745,oito74,102.8134,99.3472,-0.0756,-0.0,-0.0,-142.0468,100.41 99.6 0 0,-0.0428,False,True,0.2222
746,oito74,102.8035,99.3418,-0.0695,-0.0,-0.0,-142.365,100.41 99.6 0 0,-0.0435,False,True,0.2255
747,oito74,102.7935,99.3363,-0.0637,-0.0,-0.0,-142.6833,100.41 99.6 0 0,-0.0442,False,True,0.2289
748,oito74,102.7832,99.3309,-0.0583,-0.0,-0.0,-143.0018,100.41 99.6 0 0,-0.045,False,True,0.2321
749,oito74,102.7728,99.3254,-0.0534,-0.0,-0.0,-143.3208,100.41 99.6 0 0,-0.0457,False,True,0.2355
750,oito74,102.7622,99.32,-0.0492,-0.0,-0.0,-143.6404,100.41 99.6 0 0,-0.0465,False,True,0.2388
751,oito75,102.7513,99.3146,-0.0458,-0.0,-0.0,-143.9608,100.35 99.65 0 0,-0.0472,False,True,0.2421
752,oito75,102.7403,99.3091,-0.0432,-0.0,-0.0,-144.2822,100.35 99.65 0 0,-0.048,False,True,0.2455
753,oito75,102.7292,99.3037,-0.0417,-0.0,-0.0,-144.6049,100.35 99.65 0 0,-0.0487,False,True,0.2488
754,oito75,102.7178,99.2982,-0.0412,-0.0,-0.0,-144.9286,100.35 99.65 0 0,-0.0495,False,True,0.2524
755,oito75,102.7062,99.2928,-0.0417,-0.0,-0.0,-145.2536,100.35 99.65 0 0,-0.0502,False,True,0.2556
756,oito75,102.6945,99.2873,-0.0432,-0.0,-0.0,-145.5796,100.35 99.65 0 0,-0.051,False,True,0.259
757,oito75,102.6825,99.2819,-0.0458,-0.0,-0.0,-145.9064,100.35 99.65 0 0,-0.0517,False,True,0.2624
758,oito75,102.6704,99.2764,-0.0493,-0.0,-0.0,-146.2339,100.35 99.65 0 0,-0.0524,False,True,0.2657
759,oito75,102.6581,99.271,-0.0536,-0.0,-0.0,-146.5619,100.35 99.65 0 0,-0.0532,False,True,0.269
760,oito75,102.6456,99.2656,-0.0586,-0.0,-0.0,-146.8901,100.35 99.65 0 0,-0.0538,False,True,0.2723
761,oito76,102.633,99.2601,-0.0642,-0.0,-0.0,-147.2182,100.3 99.7 0 0,-0.0545,False,True,0.2756
762,oito76,102.6201,99.2547,-0.07,-0.0,-0.0,-147.5462,100.3 99.7 0 0,-0.0552,False,True,0.2789
763,oito76,102.6071,99.2493,-0.0761,-0.0,-0.0,-147.8737,100.3 99.7 0 0,-0.0559,False,True,0.2822
764,oito76,102.5939,99.2439,-0.0821,-0.0,-0.0,-148.2006,100.3 99.7 0 0,-0.0566,False,True,0.2856
765,oito76,102.5805,99.2385,-0.0879,-0.0,-0.0,-148.5266,100.3 99.7 0 0,-0.0571,False,True,0.2887
766,oito76,102.5669,99.2331,-0.0933,-0.0,-0.0,-148.8513,100.3 99.7 0 0,-0.0577,False,True,0.292
767,oito76,102.5532,99.2277,-0.0981,-0.0,-0.0,-149.1746,100.3 99.7 0 0,-0.0583,False,True,0.2952
768,oito76,102.5393,99.2223,-0.1023,-0.0,-0.0,-149.4962,100.3 99.7 0 0,-0.0588,False,True,0.2983
769,oito76,102.5252,99.2169,-0.1057,-0.0,-0.0,-149.8159,100.3 99.7 0 0,-0.0593,False,True,0.3017
770,oito76,102.5109,99.2116,-0.1081,-0.0,-0.0,-150.1338,100.3 99.7 0 0,-0.0597,False,True,0.3046
771,oito77,102.4965,99.2062,-0.1096,-0.0,-0.0,-150.4497,100.24 99.76 0 0,-0.0602,False,True,0.3076
772,oito77,102.4819,99.2009,-0.1101,-0.0,-0.0,-150.7638,100.24 99.76 0 0,-0.0606,False,True,0.3109
773,oito77,102.4672,99.1955,-0.1095,-0.0,-0.0,-151.0763,100.24 99.76 0 0,-0.0611,False,True,0.314
774,oito77,102.4522,99.1902,-0.1078,-0.0,-0.0,-151.3872,100.24 99.76 0 0,-0.0615,False,True,0.317
775,oito77,102.4371,99.1849,-0.1052,-0.0,-0.0,-151.6968,100.24 99.76 0 0,-0.062,False,True,0.32
776,oito77,102.4219,99.1796,-0.1016,-0.0,-0.0,-152.005,100.24 99.76 0 0,-0.0625,False,True,0.3231
777,oito77,102.4065,99.1743,-0.0973,-0.0,-0.0,-152.3122,100.24 99.76 0 0,-0.063,False,True,0.3261
778,oito77,102.3909,99.169,-0.0922,-0.0,-0.0,-152.6185,100.24 99.76 0 0,-0.0635,False,True,0.3289
779,oito77,102.3752,99.1637,-0.0867,-0.0,-0.0,-152.9242,100.24 99.76 0 0,-0.0641,False,True,0.3318
780,oito77,102.3593,99.1584,-0.0808,-0.0,-0.0,-153.2294,100.24 99.76 0 0,-0.0647,False,True,0.3348
781,oito78,102.3432,99.1532,-0.0748,-0.0,-0.0,-153.5345,100.19 99.81 0 0,-0.0652,False,True,0.3374
782,oito78,102.327,99.148,-0.0688,-0.0,-0.0,-153.8399,100.19 99.81 0 0,-0.0659,False,True,0.3404
783,oito78,102.3107,99.1428,-0.063,-0.0,-0.0,-154.1458,100.19 99.81 0 0,-0.0665,False,True,0.3431
784,oito78,102.2942,99.1376,-0.0576,-0.0,-0.0,-154.4526,100.19 99.81 0 0,-0.0672,False,True,0.3459
785,oito78,102.2775,99.1324,-0.0528,-0.0,-0.0,-154.7604,100.19 99.81 0 0,-0.0678,False,True,0.3486
786,oito78,102.2608,99.1272,-0.0487,-0.0,-0.0,-155.0694,100.19 99.81 0 0,-0.0684,False,True,0.3513
787,oito78,102.2438,99.122,-0.0454,-0.0,-0.0,-155.3796,100.19 99.81 0 0,-0.0691,False,True,0.354
788,oito78,102.2268,99.1169,-0.043,-0.0,-0.0,-155.6912,100.19 99.81 0 0,-0.0697,False,True,0.3566
789,oito78,102.2096,99.1118,-0.0416,-0.0,-0.0,-156.0043,100.19 99.81 0 0,-0.0703,False,True,0.359
790,oito78,102.1922,99.1067,-0.0412,-0.0,-0.0,-156.3188,100.19 99.81 0 0,-0.0709,False,True,0.3615
791,oito79,102.1747,99.1016,-0.0418,-0.0,-0.0,-156.6346,100.14 99.86 0 0,-0.0715,False,True,0.364
792,oito79,102.1571,99.0966,-0.0435,-0.0,-0.0,-156.9519,100.14 99.86 0 0,-0.072,False,True,0.3664
793,oito79,102.1394,99.0915,-0.0462,-0.0,-0.0,-157.2707,100.14 99.86 0 0,-0.0726,False,True,0.3689
794,oito79,102.1215,99.0865,-0.0499,-0.0,-0.0,-157.5907,100.14 99.86 0 0,-0.0732,False,True,0.3713
795,oito79,102.1035,99.0815,-0.0543,-0.0,-0.0,-157.9118,100.14 99.86 0 0,-0.0737,False,True,0.3737
796,oito79,102.0854,99.0765,-0.0594,-0.0,-0.0,-158.2336,100.14 99.86 0 0,-0.0742,False,True,0.376
797,oito79,102.0671,99.0716,-0.0649,-0.0,-0.0,-158.556,100.14 99.86 0 0,-0.0747,False,True,0.3781
798,oito79,102.0487,99.0667,-0.0708,-0.0,-0.0,-158.8787,100.14 99.86 0 0,-0.0753,False,True,0.3805
799,oito79,102.0303,99.0618,-0.0769,-0.0,-0.0,-159.2014,100.14 99.86 0 0,-0.0757,False,True,0.3826
800,oito79,102.0116,99.0569,-0.0829,-0.0,-0.0,-159.5237,100.14 99.86 0 0,-0.0761,False,True,0.3847
801,oito80,101.9929,99.0521,-0.0886,-0.0,-0.0,-159.8455,100.09 99.91 0 0,-0.0765,False,True,0.3867
802,oito80,101.9741,99.0473,-0.0939,-0.0,-0.0,-160.1666,100.09 99.91 0 0,-0.0769,False,True,0.3888
803,oito80,101.9551,99.0425,-0.0987,-0.0,-0.0,-160.4869,100.09 99.91 0 0,-0.0772,False,True,0.3909
804,oito80,101.9361,99.0377,-0.1028,-0.0,-0.0,-160.8063,100.09 99.91 0 0,-0.0776,False,True,0.3929
805,oito80,101.9169,99.033,-0.106,-0.0,-0.0,-161.1245,100.09 99.91 0 0,-0.0779,False,True,0.395
806,oito80,101.8976,99.0283,-0.1084,-0.0,-0.0,-161.4416,100.09 99.91 0 0,-0.0781,False,True,0.3969
807,oito80,101.8782,99.0236,-0.1097,-0.0,-0.0,-161.7574,100.09 99.91 0 0,-0.0784,False,True,0.3987
808,oito80,101.8588,99.019,-0.11,-0.0,-0.0,-162.072,100.09 99.91 0 0,-0.0786,False,True,0.4005
809,oito80,101.8392,99.0144,-0.1093,-0.0,-0.0,-162.3853,100.09 99.91 0 0,-0.0788,False,True,0.4024
810,oito80,101.8195,99.0098,-0.1075,-0.0,-0.0,-162.6976,100.09 99.91 0 0,-0.0791,False,True,0.404
811,oito81,101.7997,99.0052,-0.1048,-0.0,-0.0,-163.009,100.03 99.97 0 0,-0.0793,False,True,0.4059
812,oito81,101.7799,99.0007,-0.1011,-0.0,-0.0,-163.3197,100.03 99.97 0 0,-0.0796,False,True,0.4073
813,oito81,101.7599,98.9962,-0.0966,-0.0,-0.0,-163.63,100.03 99.97 0 0,-0.0799,False,True,0.4093
814,oito81,101.7399,98.9918,-0.0915,-0.0,-0.0,-163.9403,100.03 99.97 0 0,-0.0802,False,True,0.4108
815,oito81,101.7197,98.9873,-0.0859,-0.0,-0.0,-164.2507,100.03 99.97 0 0,-0.0806,False,True,0.4126
816,oito81,101.6995,98.9829,-0.08,-0.0,-0.0,-164.5615,100.03 99.97 0 0,-0.0809,False,True,0.4139
817,oito81,101.6792,98.9786,-0.074,-0.0,-0.0,-164.873,100.03 99.97 0 0,-0.0813,False,True,0.4156
818,oito81,101.6588,98.9743,-0.068,-0.0,-0.0,-165.1854,100.03 99.97 0 0,-0.0817,False,True,0.4171
819,oito81,101.6383,98.97,-0.0623,-0.0,-0.0,-165.499,100.03 99.97 0 0,-0.0822,False,True,0.4186
820,oito81,101.6177,98.9657,-0.057,-0.0,-0.0,-165.814,100.03 99.97 0 0,-0.0826,False,True,0.4199
821,oito82,101.5971,98.9615,-0.0522,-0.0,-0.0,-166.1307,99.98 100.02 0 0,-0.083,False,True,0.4213
822,oito82,101.5764,98.9573,-0.0482,-0.0,-0.0,-166.4493,99.98 100.02 0 0,-0.0834,False,True,0.4226
823,oito82,101.5556,98.9532,-0.045,-0.0,-0.0,-166.77,99.98 100.02 0 0,-0.0838,False,True,0.424
824,oito82,101.5347,98.9491,-0.0428,-0.0,-0.0,-167.0929,99.98 100.02 0 0,-0.0843,False,True,0.4253
825,oito82,101.5138,98.945,-0.0415,-0.0,-0.0,-167.4182,99.98 100.02 0 0,-0.0847,False,True,0.4265
826,oito82,101.4928,98.941,-0.0412,-0.0,-0.0,-167.7457,99.98 100.02 0 0,-0.0851,False,True,0.4279
827,oito82,101.4717,98.937,-0.042,-0.0,-0.0,-168.0755,99.98 100.02 0 0,-0.0854,False,True,0.4289
828,oito82,101.4505,98.933,-0.0439,-0.0,-0.0,-168.4075,99.98 100.02 0 0,-0.0859,False,True,0.4303
829,oito82,101.4293,98.9291,-0.0467,-0.0,-0.0,-168.7417,99.98 100.02 0 0,-0.0862,False,True,0.4312
830,oito82,101.4081,98.9253,-0.0504,-0.0,-0.0,-169.0777,99.98 100.02 0 0,-0.0866,False,True,0.4323
831,oito83,101.3867,98.9215,-0.0549,-0.0,-0.0,-169.4155,99.93 100.07 0 0,-0.0869,False,True,0.4334
832,oito83,101.3653,98.9177,-0.0601,-0.0,-0.0,-169.7548,99.93 100.07 0 0,-0.0872,False,True,0.4344
833,oito83,101.3439,98.914,-0.0657,-0.0,-0.0,-170.0954,99.93 100.07 0 0,-0.0875,False,True,0.4355
834,oito83,101.3224,98.9103,-0.0716,-0.0,-0.0,-170.4371,99.93 100.07 0 0,-0.0878,False,True,0.4364
835,oito83,101.3008,98.9067,-0.0777,-0.0,-0.0,-170.7795,99.93 100.07 0 0,-0.0881,False,True,0.4374
836,oito83,101.2792,98.9031,-0.0836,-0.0,-0.0,-171.1225,99.93 100.07 0 0,-0.0884,False,True,0.4385
837,oito83,101.2575,98.8996,-0.0893,-0.0,-0.0,-171.4656,99.93 100.07 0 0,-0.0886,False,True,0.4392
838,oito83,101.2358,98.8961,-0.0946,-0.0,-0.0,-171.8087,99.93 100.07 0 0,-0.0887,False,True,0.4401
839,oito83,101.214,98.8927,-0.0993,-0.0,-0.0,-172.1516,99.93 100.07 0 0,-0.0889,False,True,0.441
840,oito83,101.1922,98.8893,-0.1032,-0.0,-0.0,-172.4941,99.93 100.07 0 0,-0.089,False,True,0.4418
841,oito84,101.1703,98.886,-0.1064,-0.0,-0.0,-172.836,99.87 100.13 0 0,-0.0891,False,True,0.4423
842,oito84,101.1484,98.8827,-0.1086,-0.0,-0.0,-173.1774,99.87 100.13 0 0,-0.0892,False,True,0.4432
843,oito84,101.1264,98.8795,-0.1098,-0.0,-0.0,-173.5183,99.87 100.13 0 0,-0.0893,False,True,0.4441
844,oito84,101.1044,98.8763,-0.11,-0.0,-0.0,-173.8585,99.87 100.13 0 0,-0.0894,False,True,0.4447
845,oito84,101.0823,98.8732,-0.1091,-0.0,-0.0,-174.1983,99.87 100.13 0 0,-0.0895,False,True,0.4455
846,oito84,101.0602,98.8701,-0.1072,-0.0,-0.0,-174.5377,99.87 100.13 0 0,-0.0896,False,True,0.4463
847,oito84,101.0381,98.8671,-0.1043,-0.0,-0.0,-174.8769,99.87 100.13 0 0,-0.0897,False,True,0.4469
848,oito84,101.0159,98.8642,-0.1006,-0.0,-0.0,-175.2162,99.87 100.13 0 0,-0.0898,False,True,0.4475
849,oito84,100.9937,98.8613,-0.096,-0.0,-0.0,-175.5557,99.87 100.13 0 0,-0.0899,False,True,0.4481
850,oito84,100.9715,98.8585,-0.0908,-0.0,-0.0,-175.8958,99.87 100.13 0 0,-0.0901,False,True,0.4487
851,oito85,100.9492,98.8557,-0.0851,-0.0,-0.0,-176.2368,99.82 100.18 0 0,-0.0903,False,True,0.4491
852,oito85,100.9268,98.853,-0.0792,-0.0,-0.0,-176.5789,99.82 100.18 0 0,-0.0905,False,True,0.4496
853,oito85,100.9045,98.8503,-0.0732,-0.0,-0.0,-176.9224,99.82 100.18 0 0,-0.0908,False,True,0.4502
854,oito85,100.8821,98.8477,-0.0672,-0.0,-0.0,-177.2677,99.82 100.18 0 0,-0.0911,False,True,0.4508
855,oito85,100.8597,98.8452,-0.0616,-0.0,-0.0,-177.615,99.82 100.18 0 0,-0.0913,False,True,0.4513
856,oito85,100.8372,98.8427,-0.0563,-0.0,-0.0,-177.9647,99.82 100.18 0 0,-0.0916,False,True,0.4518
857,oito85,100.8147,98.8403,-0.0517,-0.0,-0.0,-178.3169,99.82 100.18 0 0,-0.0919,False,True,0.4522
858,oito85,100.7922,98.838,-0.0478,-0.0,-0.0,-178.672,99.82 100.18 0 0,-0.0922,False,True,0.4525
859,oito85,100.7697,98.8357,-0.0447,-0.0,-0.0,-179.03,99.82 100.18 0 0,-0.0926,False,True,0.453
860,oito85,100.7471,98.8335,-0.0425,-0.0,-0.0,-179.3912,99.82 100.18 0 0,-0.0928,False,True,0.4532
861,oito86,100.7246,98.8314,-0.0414,-0.0,-0.0,-179.7556,99.77 100.23 0 0,-0.0932,False,True,0.4536
862,oito86,100.702,98.8294,-0.0413,-0.0,0.0,179.8769,99.77 100.23 0 0,-0.0934,False,True,0.454
863,oito86,100.6793,98.8274,-0.0422,-0.0,0.0,179.5062,99.77 100.23 0 0,-0.0937,False,True,0.4543
864,oito86,100.6567,98.8255,-0.0442,-0.0,0.0,179.1326,99.77 100.23 0 0,-0.094,False,True,0.4548
865,oito86,100.634,98.8236,-0.0471,-0.0,0.0,178.7561,99.77 100.23 0 0,-0.0943,False,True,0.455
866,oito86,100.6113,98.8219,-0.051,-0.0,0.0,178.3768,99.77 100.23 0 0,-0.0945,False,True,0.4553
867,oito86,100.5886,98.8202,-0.0556,-0.0,0.0,177.9951,99.77 100.23 0 0,-0.0948,False,True,0.4555
868,oito86,100.5659,98.8186,-0.0608,-0.0,0.0,177.6112,99.77 100.23 0 0,-0.095,False,True,0.4557
869,oito86,100.5431,98.8171,-0.0665,-0.0,0.0,177.2254,99.77 100.23 0 0,-0.0952,False,True,0.456
870,oito86,100.5203,98.8157,-0.0724,-0.0,0.0,176.8379,99.77 100.23 0 0,-0.0954,False,True,0.4562
871,oito87,100.4976,98.8144,-0.0785,-0.0,0.0,176.4491,99.71 100.29 0 0,-0.0955,False,True,0.4562
872,oito87,100.4748,98.8131,-0.0844,-0.0,0.0,176.0594,99.71 100.29 0 0,-0.0956,False,True,0.4564
873,oito87,100.452,98.812,-0.09,-0.0,0.0,175.6693,99.71 100.29 0 0,-0.0957,False,True,0.4567
874,oito87,100.4292,98.8109,-0.0952,-0.0,0.0,175.279,99.71 100.29 0 0,-0.0958,False,True,0.4569
875,oito87,100.4063,98.81,-0.0998,-0.0,0.0,174.8887,99.71 100.29 0 0,-0.0958,False,True,0.4571
876,oito87,100.3835,98.8091,-0.1037,-0.0,0.0,174.4986,99.71 100.29 0 0,-0.0958,False,True,0.4573
877,oito87,100.3606,98.8084,-0.1067,-0.0,0.0,174.1089,99.71 100.29 0 0,-0.0958,False,True,0.4574
878,oito87,100.3377,98.8077,-0.1088,-0.0,0.0,173.7195,99.71 100.29 0 0,-0.0958,False,True,0.4575
879,oito87,100.3149,98.8071,-0.1099,-0.0,0.0,173.3306,99.71 100.29 0 0,-0.0957,False,True,0.4574
880,oito87,100.292,98.8067,-0.1099,-0.0,0.0,172.9419,99.71 100.29 0 0,-0.0957,False,True,0.4577
881,oito88,100.2691,98.8064,-0.1089,-0.0,0.0,172.5535,99.66 100.34 0 0,-0.0957,False,True,0.4577
882,oito88,100.2462,98.8061,-0.1069,-0.0,0.0,172.1653,99.66 100.34 0 0,-0.0957,False,True,0.4578
883,oito88,100.2233,98.806,-0.1039,-0.0,0.0,171.7773,99.66 100.34 0 0,-0.0957,False,True,0.4579
884,oito88,100.2004,98.806,-0.1,-0.0,0.0,171.3892,99.66 100.34 0 0,-0.0957,False,True,0.4581
885,oito88,100.1775,98.8061,-0.0953,-0.0,0.0,171.0007,99.66 100.34 0 0,-0.0957,False,True,0.4581
886,oito88,100.1546,98.8064,-0.0901,-0.0,0.0,170.6113,99.66 100.34 0 0,-0.0958,False,True,0.4581
887,oito88,100.1317,98.8068,-0.0844,-0.0,0.0,170.2209,99.66 100.34 0 0,-0.0959,False,True,0.4583
888,oito88,100.1088,98.8073,-0.0784,-0.0,0.0,169.8289,99.66 100.34 0 0,-0.096,False,True,0.4582
889,oito88,100.0859,98.8079,-0.0724,-0.0,0.0,169.4351,99.66 100.34 0 0,-0.0962,False,True,0.4582
890,oito88,100.063,98.8087,-0.0665,-0.0,0.0,169.039,99.66 100.34 0 0,-0.0964,False,True,0.4583
891,oito89,100.0401,98.8096,-0.0608,-0.0,0.0,168.6403,99.61 100.39 0 0,-0.0966,False,True,0.4583
892,oito89,100.0172,98.8106,-0.0557,-0.0,0.0,168.2389,99.61 100.39 0 0,-0.0968,False,True,0.4584
893,oito89,99.9943,98.8118,-0.0511,-0.0,0.0,167.8346,99.61 100.39 0 0,-0.097,False,True,0.4584
894,oito89,99.9714,98.8131,-0.0473,-0.0,0.0,167.4273,99.61 100.39 0 0,-0.0972,False,True,0.4585
895,oito89,99.9486,98.8146,-0.0444,-0.0,0.0,167.0167,99.61 100.39 0 0,-0.0974,False,True,0.4586
896,oito89,99.9257,98.8162,-0.0423,-0.0,0.0,166.6026,99.61 100.39 0 0,-0.0977,False,True,0.4586
897,oito89,99.9028,98.818,-0.0413,-0.0,0.0,166.1849,99.61 100.39 0 0,-0.0979,False,True,0.4587
898,oito89,99.88,98.8199,-0.0413,-0.0,0.0,165.7637,99.61 100.39 0 0,-0.0981,False,True,0.4586
899,oito89,99.8571,98.822,-0.0424,-0.0,0.0,165.339,99.61 100.39 0 0,-0.0983,False,True,0.4587
900,oito89,99.8343,98.8242,-0.0445,-0.0,0.0,164.9108,99.61 100.39 0 0,-0.0985,False,True,0.4588
901,oito90,99.8115,98.8265,-0.0476,-0.0,0.0,164.4793,99.55 100.44 0 0,-0.0987,False,True,0.4588
902,oito90,99.7887,98.829,-0.0515,-0.0,0.0,164.045,99.55 100.44 0 0,-0.0988,False,True,0.4587
903,oito90,99.7659,98.8317,-0.0562,-0.0,0.0,163.6086,99.55 100.44 0 0,-0.099,False,True,0.459
904,oito90,99.7431,98.8345,-0.0615,-0.0,0.0,163.1702,99.55 100.44 0 0,-0.0991,False,True,0.4589
905,oito90,99.7203,98.8374,-0.0673,-0.0,0.0,162.7303,99.55 100.44 0 0,-0.0991,False,True,0.4589
906,oito90,99.6976,98.8405,-0.0732,-0.0,0.0,162.2891,99.55 100.44 0 0,-0.0992,False,True,0.4592
907,oito90,99.6749,98.8437,-0.0793,-0.0,0.0,161.847,99.55 100.44 0 0,-0.0992,False,True,0.4589
908,oito90,99.6522,98.8471,-0.0852,-0.0,0.0,161.4044,99.55 100.44 0 0,-0.0992,False,True,0.459
909,oito90,99.6295,98.8505,-0.0908,-0.0,0.0,160.9615,99.55 100.44 0 0,-0.0992,False,True,0.4591
910,oito90,99.6068,98.8542,-0.0959,-0.0,0.0,160.5188,99.55 100.44 0 0,-0.0991,False,True,0.4589
911,oito91,99.5842,98.8579,-0.1004,-0.0,0.0,160.0762,99.5 100.49 0 0,-0.099,False,True,0.4589
912,oito91,99.5616,98.8618,-0.1041,-0.0,0.0,159.6345,99.5 100.49 0 0,-0.0989,False,True,0.459
913,oito91,99.539,98.8658,-0.107,-0.0,0.0,159.1939,99.5 100.49 0 0,-0.0987,False,True,0.4589
914,oito91,99.5164,98.8699,-0.109,-0.0,0.0,158.7545,99.5 100.49 0 0,-0.0986,False,True,0.4589
915,oito91,99.4939,98.8742,-0.1099,-0.0,0.0,158.3163,99.5 100.49 0 0,-0.0984,False,True,0.4588
916,oito91,99.4713,98.8785,-0.1098,-0.0,0.0,157.8791,99.5 100.49 0 0,-0.0982,False,True,0.4587
917,oito91,99.4489,98.883,-0.1087,-0.0,0.0,157.4429,99.5 100.49 0 0,-0.0981,False,True,0.4587
918,oito91,99.4264,98.8876,-0.1065,-0.0,0.0,157.0073,99.5 100.49 0 0,-0.0979,False,True,0.4585
919,oito91,99.404,98.8923,-0.1034,-0.0,0.0,156.5721,99.5 100.49 0 0,-0.0978,False,True,0.4583
920,oito91,99.3816,98.8971,-0.0994,-0.0,0.0,156.137,99.5 100.49 0 0,-0.0977,False,True,0.4581
921,oito92,99.3592,98.902,-0.0947,-0.0,0.0,155.7016,99.44 100.54 0 0,-0.0977,False,True,0.458
922,oito92,99.3369,98.907,-0.0893,-0.0,0.0,155.2659,99.44 100.54 0 0,-0.0976,False,True,0.4578
923,oito92,99.3145,98.912,-0.0836,-0.0,0.0,154.8298,99.44 100.54 0 0,-0.0976,False,True,0.4576
924,oito92,99.2923,98.9172,-0.0776,-0.0,0.0,154.3929,99.44 100.54 0 0,-0.0976,False,True,0.4573
925,oito92,99.27,98.9225,-0.0716,-0.0,0.0,153.9547,99.44 100.54 0 0,-0.0976,False,True,0.4571
926,oito92,99.2478,98.9278,-0.0657,-0.0,0.0,153.5148,99.44 100.54 0 0,-0.0977,False,True,0.4567
927,oito92,99.2257,98.9333,-0.0601,-0.0,0.0,153.0727,99.44 100.54 0 0,-0.0978,False,True,0.4565
928,oito92,99.2035,98.9388,-0.055,-0.0,0.0,152.6281,99.44 100.54 0 0,-0.0979,False,True,0.4562
929,oito92,99.1814,98.9444,-0.0506,-0.0,0.0,152.1806,99.44 100.54 0 0,-0.098,False,True,0.4558
930,oito92,99.1594,98.95,-0.0469,-0.0,0.0,151.7299,99.44 100.54 0 0,-0.0982,False,True,0.4555
931,oito93,99.1374,98.9558,-0.044,-0.0,0.0,151.2759,99.39 100.59 0 0,-0.0983,False,True,0.4549
932,oito93,99.1154,98.9616,-0.0422,-0.0,0.0,150.8186,99.39 100.59 0 0,-0.0984,False,True,0.4547
933,oito93,99.0935,98.9675,-0.0413,-0.0,0.0,150.3584,99.39 100.59 0 0,-0.0985,False,True,0.4542
934,oito93,99.0716,98.9734,-0.0414,-0.0,0.0,149.8952,99.39 100.59 0 0,-0.0986,False,True,0.4537
935,oito93,99.0497,98.9794,-0.0426,-0.0,0.0,149.429,99.39 100.59 0 0,-0.0987,False,True,0.4534
936,oito93,99.0279,98.9855,-0.0449,-0.0,0.0,148.9599,99.39 100.59 0 0,-0.0988,False,True,0.4527
937,oito93,99.0061,98.9916,-0.0481,-0.0,0.0,148.4881,99.39 100.59 0 0,-0.0989,False,True,0.4524
938,oito93,98.9844,98.9978,-0.0521,-0.0,0.0,148.0138,99.39 100.59 0 0,-0.0989,False,True,0.4516
939,oito93,98.9627,99.0041,-0.0569,-0.0,0.0,147.5374,99.39 100.59 0 0,-0.099,False,True,0.4512
940,oito93,98.9411,99.0104,-0.0623,-0.0,0.0,147.0591,99.39 100.59 0 0,-0.0989,False,True,0.4506
941,oito94,98.9195,99.0168,-0.068,-0.0,0.0,146.5794,99.33 100.64 0 0,-0.0989,False,True,0.45
942,oito94,98.898,99.0232,-0.074,-0.0,0.0,146.0991,99.33 100.64 0 0,-0.0988,False,True,0.4493
943,oito94,98.8765,99.0297,-0.08,-0.0,0.0,145.6189,99.33 100.64 0 0,-0.0987,False,True,0.4487
944,oito94,98.8551,99.0363,-0.0859,-0.0,0.0,145.1392,99.33 100.64 0 0,-0.0985,False,True,0.4481
945,oito94,98.8337,99.0429,-0.0915,-0.0,0.0,144.6603,99.33 100.64 0 0,-0.0983,False,True,0.4473
946,oito94,98.8124,99.0495,-0.0965,-0.0,0.0,144.1825,99.33 100.64 0 0,-0.0981,False,True,0.4467
947,oito94,98.7912,99.0562,-0.1009,-0.0,0.0,143.706,99.33 100.64 0 0,-0.0979,False,True,0.4459
948,oito94,98.7699,99.0629,-0.1046,-0.0,0.0,143.2309,99.33 100.64 0 0,-0.0976,False,True,0.4452
949,oito94,98.7488,99.0697,-0.1073,-0.0,0.0,142.7575,99.33 100.64 0 0,-0.0974,False,True,0.4444
950,oito94,98.7277,99.0765,-0.1092,-0.0,0.0,142.2857,99.33 100.64 0 0,-0.0971,False,True,0.4436
951,oito95,98.7066,99.0834,-0.11,-0.0,0.0,141.8155,99.27 100.69 0 0,-0.0968,False,True,0.4428
952,oito95,98.6856,99.0903,-0.1098,-0.0,0.0,141.3472,99.27 100.69 0 0,-0.0965,False,True,0.4419
953,oito95,98.6647,99.0972,-0.1085,-0.0,0.0,140.881,99.27 100.69 0 0,-0.0962,False,True,0.4411
954,oito95,98.6438,99.1042,-0.1062,-0.0,0.0,140.4167,99.27 100.69 0 0,-0.0959,False,True,0.4404
955,oito95,98.623,99.1112,-0.1029,-0.0,0.0,139.9538,99.27 100.69 0 0,-0.0956,False,True,0.4394
956,oito95,98.6022,99.1183,-0.0988,-0.0,0.0,139.492,99.27 100.69 0 0,-0.0954,False,True,0.4385
957,oito95,98.5815,99.1254,-0.094,-0.0,0.0,139.0309,99.27 100.69 0 0,-0.0952,False,True,0.4376
958,oito95,98.5609,99.1325,-0.0886,-0.0,0.0,138.57,99.27 100.69 0 0,-0.095,False,True,0.4366
959,oito95,98.5403,99.1396,-0.0828,-0.0,0.0,138.1089,99.27 100.69 0 0,-0.0949,False,True,0.4357
960,oito95,98.5198,99.1468,-0.0768,-0.0,0.0,137.647,99.27 100.69 0 0,-0.0948,False,True,0.4348
961,oito96,98.4994,99.154,-0.0708,-0.0,0.0,137.184,99.22 100.74 0 0,-0.0948,False,True,0.4338
962,oito96,98.479,99.1613,-0.0649,-0.0,0.0,136.7198,99.22 100.74 0 0,-0.0947,False,True,0.4327
963,oito96,98.4586,99.1685,-0.0594,-0.0,0.0,136.2542,99.22 100.74 0 0,-0.0946,False,True,0.4319
964,oito96,98.4384,99.1758,-0.0544,-0.0,0.0,135.7868,99.22 100.74 0 0,-0.0946,False,True,0.4306
965,oito96,98.4182,99.1832,-0.05,-0.0,0.0,135.3174,99.22 100.74 0 0,-0.0946,False,True,0.4297
966,oito96,98.398,99.1905,-0.0465,-0.0,0.0,134.8456,99.22 100.74 0 0,-0.0946,False,True,0.4288
967,oito96,98.378,99.1979,-0.0437,-0.0,0.0,134.3712,99.22 100.74 0 0,-0.0946,False,True,0.4275
968,oito96,98.358,99.2054,-0.042,-0.0,0.0,133.894,99.22 100.74 0 0,-0.0946,False,True,0.4265
969,oito96,98.3381,99.2128,-0.0412,-0.0,0.0,133.4139,99.22 100.74 0 0,-0.0946,False,True,0.4255
970,oito96,98.3182,99.2203,-0.0415,-0.0,0.0,132.931,99.22 100.74 0 0,-0.0946,False,True,0.4242
971,oito97,98.2984,99.2278,-0.0429,-0.0,0.0,132.4453,99.16 100.79 0 0,-0.0946,False,True,0.4231
972,oito97,98.2787,99.2353,-0.0452,-0.0,0.0,131.9573,99.16 100.79 0 0,-0.0946,False,True,0.422
973,oito97,98.2591,99.2428,-0.0486,-0.0,0.0,131.4678,99.16 100.79 0 0,-0.0945,False,True,0.4208
974,oito97,98.2395,99.2504,-0.0527,-0.0,0.0,130.9768,99.16 100.79 0 0,-0.0944,False,True,0.4197
975,oito97,98.22,99.258,-0.0576,-0.0,0.0,130.4848,99.16 100.79 0 0,-0.0942,False,True,0.4184
976,oito97,98.2006,99.2656,-0.063,-0.0,0.0,129.9921,99.16 100.79 0 0,-0.0941,False,True,0.4172
977,oito97,98.1813,99.2733,-0.0688,-0.0,0.0,129.499,99.16 100.79 0 0,-0.0939,False,True,0.416
978,oito97,98.162,99.281,-0.0748,-0.0,0.0,129.006,99.16 100.79 0 0,-0.0937,False,True,0.4147
979,oito97,98.1428,99.2887,-0.0808,-0.0,0.0,128.5134,99.16 100.79 0 0,-0.0934,False,True,0.4134
980,oito97,98.1237,99.2964,-0.0867,-0.0,0.0,128.0217,99.16 100.79 0 0,-0.0931,False,True,0.4121
981,oito98,98.1047,99.3041,-0.0921,-0.0,0.0,127.5313,99.1 100.84 0 0,-0.0929,False,True,0.4108
982,oito98,98.0857,99.3119,-0.0971,-0.0,0.0,127.0427,99.1 100.84 0 0,-0.0925,False,True,0.4095
983,oito98,98.0669,99.3196,-0.1014,-0.0,0.0,126.5567,99.1 100.84 0 0,-0.0921,False,True,0.4081
984,oito98,98.0481,99.3274,-0.105,-0.0,0.0,126.0734,99.1 100.84 0 0,-0.0917,False,True,0.4069
985,oito98,98.0294,99.3352,-0.1076,-0.0,0.0,125.5929,99.1 100.84 0 0,-0.0912,False,True,0.4053
986,oito98,98.0107,99.3431,-0.1093,-0.0,0.0,125.1151,99.1 100.84 0 0,-0.0908,False,True,0.404
987,oito98,97.9922,99.3509,-0.11,-0.0,0.0,124.64,99.1 100.84 0 0,-0.0903,False,True,0.4026
988,oito98,97.9737,99.3588,-0.1096,-0.0,0.0,124.1675,99.1 100.84 0 0,-0.0899,False,True,0.4012
989,oito98,97.9554,99.3666,-0.1082,-0.0,0.0,123.6973,99.1 100.84 0 0,-0.0895,False,True,0.3998
990,oito98,97.9371,99.3745,-0.1058,-0.0,0.0,123.2292,99.1 100.84 0 0,-0.0891,False,True,0.3983
991,oito99,97.9189,99.3824,-0.1024,-0.0,0.0,122.7629,99.04 100.88 0 0,-0.0888,False,True,0.3969
992,oito99,97.9008,99.3904,-0.0982,-0.0,0.0,122.2984,99.04 100.88 0 0,-0.0884,False,True,0.3953
993,oito99,97.8827,99.3983,-0.0933,-0.0,0.0,121.8356,99.04 100.88 0 0,-0.088,False,True,0.3938
994,oito99,97.8648,99.4062,-0.0879,-0.0,0.0,121.374,99.04 100.88 0 0,-0.0877,False,True,0.3924
995,oito99,97.8469,99.4142,-0.082,-0.0,0.0,120.9131,99.04 100.88 0 0,-0.0874,False,True,0.3909
996,oito99,97.8292,99.4221,-0.076,-0.0,0.0,120.4525,99.04 100.88 0 0,-0.0872,False,True,0.3892
997,oito99,97.8115,99.4301,-0.07,-0.0,0.0,119.9916,99.04 100.88 0 0,-0.087,False,True,0.3878
998,oito99,97.7939,99.438,-0.0642,-0.0,0.0,119.5301,99.04 100.88 0 0,-0.0868,False,True,0.3862
999,oito99,97.7764,99.446,-0.0587,-0.0,0.0,119.0675,99.04 100.88 0 0,-0.0867,False,True,0.3846
1000,oito99,97.759,99.454,-0.0538,-0.0,0.0,118.6035,99.04 100.88 0 0,-0.0865,False,True,0.383
1001,oito100,97.7417,99.462,-0.0495,-0.0,0.0,118.1377,98.98 100.93 0 0,-0.0864,False,True,0.3814
1002,oito100,97.7245,99.47,-0.0461,-0.0,0.0,117.6703,98.98 100.93 0 0,-0.0863,False,True,0.3798
1003,oito100,97.7074,99.4781,-0.0435,-0.0,0.0,117.2013,98.98 100.93 0 0,-0.0861,False,True,0.3782
1004,oito100,97.6903,99.4861,-0.0418,-0.0,0.0,116.7308,98.98 100.93 0 0,-0.086,False,True,0.3766
1005,oito100,97.6734,99.4941,-0.0412,-0.0,0.0,116.2585,98.98 100.93 0 0,-0.0858,False,True,0.3749
1006,oito100,97.6565,99.5022,-0.0417,-0.0,0.0,115.7845,98.98 100.93 0 0,-0.0857,False,True,0.3733
1007,oito100,97.6398,99.5102,-0.0431,-0.0,0.0,115.3088,98.98 100.93 0 0,-0.0855,False,True,0.3716
1008,oito100,97.6231,99.5183,-0.0456,-0.0,0.0,114.8316,98.98 100.93 0 0,-0.0854,False,True,0.37
1009,oito100,97.6066,99.5263,-0.0491,-0.0,0.0,114.3531,98.98 100.93 0 0,-0.0851,False,True,0.3682
1010,oito100,97.5901,99.5344,-0.0533,-0.0,0.0,113.8735,98.98 100.93 0 0,-0.0849,False,True,0.3665
1011,oito101,97.5738,99.5425,-0.0583,-0.0,0.0,113.3933,98.92 100.97 0 0,-0.0847,False,True,0.3649
1012,oito101,97.5575,99.5505,-0.0637,-0.0,0.0,112.9131,98.92 100.97 0 0,-0.0844,False,True,0.363
1013,oito101,97.5414,99.5586,-0.0696,-0.0,0.0,112.4337,98.92 100.97 0 0,-0.0841,False,True,0.3614
1014,oito101,97.5253,99.5667,-0.0756,-0.0,0.0,111.9553,98.92 100.97 0 0,-0.0837,False,True,0.3596
1015,oito101,97.5094,99.5748,-0.0816,-0.0,0.0,111.4785,98.92 100.97 0 0,-0.0833,False,True,0.3577
1016,oito101,97.4935,99.5829,-0.0874,-0.0,0.0,111.0034,98.92 100.97 0 0,-0.0829,False,True,0.3559
1017,oito101,97.4778,99.591,-0.0928,-0.0,0.0,110.5305,98.92 100.97 0 0,-0.0825,False,True,0.3541
1018,oito101,97.4621,99.5991,-0.0977,-0.0,0.0,110.0601,98.92 100.97 0 0,-0.082,False,True,0.3524
1019,oito101,97.4466,99.6072,-0.102,-0.0,0.0,109.5922,98.92 100.97 0 0,-0.0815,False,True,0.3505
1020,oito101,97.4311,99.6153,-0.1054,-0.0,0.0,109.1272,98.92 100.97 0 0,-0.081,False,True,0.3487
1021,oito102,97.4158,99.6234,-0.1079,-0.0,0.0,108.6651,98.86 101.02 0 0,-0.0805,False,True,0.3468
1022,oito102,97.4006,99.6315,-0.1095,-0.0,0.0,108.2062,98.86 101.02 0 0,-0.0799,False,True,0.3449
1023,oito102,97.3854,99.6396,-0.11,-0.0,0.0,107.7509,98.86 101.02 0 0,-0.0794,False,True,0.3432
1024,oito102,97.3704,99.6476,-0.1095,-0.0,0.0,107.2991,98.86 101.02 0 0,-0.0788,False,True,0.3411
1025,oito102,97.3555,99.6557,-0.108,-0.0,0.0,106.8503,98.86 101.02 0 0,-0.0783,False,True,0.3393
1026,oito102,97.3407,99.6638,-0.1054,-0.0,0.0,106.4045,98.86 101.02 0 0,-0.0778,False,True,0.3374
1027,oito102,97.326,99.6719,-0.1019,-0.0,0.0,105.9612,98.86 101.02 0 0,-0.0773,False,True,0.3355
1028,oito102,97.3114,99.68,-0.0976,-0.0,0.0,105.5201,98.86 101.02 0 0,-0.0768,False,True,0.3336
1029,oito102,97.2969,99.688,-0.0926,-0.0,0.0,105.0808,98.86 101.02 0 0,-0.0764,False,True,0.3317
1030,oito102,97.2825,99.6961,-0.0871,-0.0,0.0,104.6429,98.86 101.02 0 0,-0.076,False,True,0.3298
1031,oito103,97.2683,99.7042,-0.0813,-0.0,0.0,104.2059,98.8 101.06 0 0,-0.0757,False,True,0.3277
1032,oito103,97.2541,99.7122,-0.0752,-0.0,0.0,103.7697,98.8 101.06 0 0,-0.0753,False,True,0.326
1033,oito103,97.24,99.7203,-0.0692,-0.0,0.0,103.3342,98.8 101.06 0 0,-0.075,False,True,0.324
1034,oito103,97.2261,99.7283,-0.0635,-0.0,0.0,102.8989,98.8 101.06 0 0,-0.0747,False,True,0.3219
1035,oito103,97.2122,99.7363,-0.0581,-0.0,0.0,102.4635,98.8 101.06 0 0,-0.0744,False,True,0.32
1036,oito103,97.1985,99.7443,-0.0532,-0.0,0.0,102.0275,98.8 101.06 0 0,-0.0741,False,True,0.3179
1037,oito103,97.1849,99.7524,-0.049,-0.0,0.0,101.5908,98.8 101.06 0 0,-0.0739,False,True,0.3162
1038,oito103,97.1714,99.7604,-0.0457,-0.0,0.0,101.153,98.8 101.06 0 0,-0.0737,False,True,0.3141
1039,oito103,97.158,99.7684,-0.0432,-0.0,0.0,100.714,98.8 101.06 0 0,-0.0734,False,True,0.3121
1040,oito103,97.1447,99.7764,-0.0417,-0.0,0.0,100.2736,98.8 101.06 0 0,-0.0732,False,True,0.3101
1041,oito104,97.1315,99.7843,-0.0412,-0.0,0.0,99.8317,98.73 101.09 0 0,-0.073,False,True,0.3081
1042,oito104,97.1184,99.7923,-0.0418,-0.0,0.0,99.3889,98.73 101.09 0 0,-0.0727,False,True,0.3062
1043,oito104,97.1055,99.8003,-0.0434,-0.0,0.0,98.9453,98.73 101.09 0 0,-0.0725,False,True,0.3041
1044,oito104,97.0927,99.8082,-0.046,-0.0,0.0,98.5011,98.73 101.09 0 0,-0.0722,False,True,0.302
1045,oito104,97.0799,99.8162,-0.0496,-0.0,0.0,98.0565,98.73 101.09 0 0,-0.0718,False,True,0.3
1046,oito104,97.0673,99.8241,-0.0539,-0.0,0.0,97.6118,98.73 101.09 0 0,-0.0715,False,True,0.298
1047,oito104,97.0548,99.832,-0.059,-0.0,0.0,97.1673,98.73 101.09 0 0,-0.0712,False,True,0.2959
1048,oito104,97.0424,99.8399,-0.0645,-0.0,0.0,96.7232,98.73 101.09 0 0,-0.0708,False,True,0.2939
1049,oito104,97.0301,99.8478,-0.0704,-0.0,0.0,96.28,98.73 101.09 0 0,-0.0704,False,True,0.2919
1050,oito104,97.018,99.8557,-0.0764,-0.0,0.0,95.838,98.73 101.09 0 0,-0.07,False,True,0.2897
1051,oito105,97.0059,99.8636,-0.0824,-0.0,0.0,95.3975,98.66 101.13 0 0,-0.0696,False,True,0.2878
1052,oito105,96.994,99.8714,-0.0881,-0.0,0.0,94.9593,98.66 101.13 0 0,-0.069,False,True,0.2855
1053,oito105,96.9822,99.8793,-0.0935,-0.0,0.0,94.5239,98.66 101.13 0 0,-0.0685,False,True,0.2837
1054,oito105,96.9705,99.8871,-0.0983,-0.0,0.0,94.0915,98.66 101.13 0 0,-0.068,False,True,0.2815
1055,oito105,96.9589,99.8949,-0.1025,-0.0,0.0,93.6624,98.66 101.13 0 0,-0.0674,False,True,0.2794
1056,oito105,96.9475,99.9027,-0.1058,-0.0,0.0,93.2367,98.66 101.13 0 0,-0.0668,False,True,0.2773
1057,oito105,96.9361,99.9105,-0.1082,-0.0,0.0,92.8143,98.66 101.13 0 0,-0.0662,False,True,0.2753
1058,oito105,96.9249,99.9182,-0.1096,-0.0,0.0,92.3953,98.66 101.13 0 0,-0.0656,False,True,0.273
1059,oito105,96.9137,99.926,-0.11,-0.0,0.0,91.9796,98.66 101.13 0 0,-0.0651,False,True,0.2712
1060,oito105,96.9027,99.9337,-0.1094,-0.0,0.0,91.5671,98.66 101.13 0 0,-0.0645,False,True,0.2689
1061,oito106,96.8919,99.9414,-0.1077,-0.0,0.0,91.1575,98.6 101.16 0 0,-0.0639,False,True,0.2669
1062,oito106,96.8811,99.9491,-0.105,-0.0,0.0,90.751,98.6 101.16 0 0,-0.0634,False,True,0.2648
1063,oito106,96.8704,99.9568,-0.1014,-0.0,0.0,90.3475,98.6 101.16 0 0,-0.0628,False,True,0.2626
1064,oito106,96.8599,99.9645,-0.097,-0.0,0.0,89.9466,98.6 101.16 0 0,-0.0623,False,True,0.2606
1065,oito106,96.8495,99.9721,-0.0919,-0.0,0.0,89.5479,98.6 101.16 0 0,-0.0618,False,True,0.2584
1066,oito106,96.8392,99.9797,-0.0864,-0.0,0.0,89.1511,98.6 101.16 0 0,-0.0614,False,True,0.2565
1067,oito106,96.829,99.9873,-0.0805,-0.0,0.0,88.7557,98.6 101.16 0 0,-0.0609,False,True,0.2543
1068,oito106,96.8189,99.9949,-0.0744,-0.0,0.0,88.3613,98.6 101.16 0 0,-0.0606,False,True,0.2522
1069,oito106,96.8089,100.0024,-0.0685,-0.0,0.0,87.9676,98.6 101.16 0 0,-0.0602,False,True,0.25
1070,oito106,96.7991,100.01,-0.0627,-0.0,0.0,87.5742,98.6 101.16 0 0,-0.0599,False,True,0.2481
1071,oito107,96.7893,100.0175,-0.0574,-0.0,0.0,87.1807,98.53 101.19 0 0,-0.0596,False,True,0.2461
1072,oito107,96.7797,100.025,-0.0526,-0.0,0.0,86.7872,98.53 101.19 0 0,-0.0592,False,True,0.2438
1073,oito107,96.7702,100.0325,-0.0485,-0.0,0.0,86.3936,98.53 101.19 0 0,-0.0589,False,True,0.2418
1074,oito107,96.7608,100.0399,-0.0453,-0.0,0.0,85.9997,98.53 101.19 0 0,-0.0586,False,True,0.2397
1075,oito107,96.7516,100.0474,-0.0429,-0.0,0.0,85.6054,98.53 101.19 0 0,-0.0583,False,True,0.2377
1076,oito107,96.7424,100.0548,-0.0416,-0.0,0.0,85.2104,98.53 101.19 0 0,-0.058,False,True,0.2355
1077,oito107,96.7334,100.0622,-0.0412,-0.0,0.0,84.8149,98.53 101.19 0 0,-0.0577,False,True,0.2336
1078,oito107,96.7245,100.0695,-0.042,-0.0,0.0,84.4188,98.53 101.19 0 0,-0.0574,False,True,0.2315
1079,oito107,96.7157,100.0769,-0.0437,-0.0,0.0,84.0221,98.53 101.19 0 0,-0.0571,False,True,0.2293
1080,oito107,96.707,100.0842,-0.0465,-0.0,0.0,83.625,98.53 101.19 0 0,-0.0567,False,True,0.2273
1081,oito108,96.6984,100.0915,-0.0501,-0.0,0.0,83.2277,98.46 101.21 0 0,-0.0564,False,True,0.2254
1082,oito108,96.6899,100.0988,-0.0546,-0.0,0.0,82.8307,98.46 101.21 0 0,-0.056,False,True,0.2233
1083,oito108,96.6816,100.1061,-0.0597,-0.0,0.0,82.4345,98.46 101.21 0 0,-0.0556,False,True,0.2211
1084,oito108,96.6733,100.1133,-0.0653,-0.0,0.0,82.0393,98.46 101.21 0 0,-0.0552,False,True,0.2192
1085,oito108,96.6652,100.1205,-0.0712,-0.0,0.0,81.6454,98.46 101.21 0 0,-0.0548,False,True,0.217
1086,oito108,96.6572,100.1277,-0.0772,-0.0,0.0,81.2532,98.46 101.21 0 0,-0.0543,False,True,0.215
1087,oito108,96.6493,100.1348,-0.0832,-0.0,0.0,80.8629,98.46 101.21 0 0,-0.0539,False,True,0.213
1088,oito108,96.6416,100.142,-0.0889,-0.0,0.0,80.4748,98.46 101.21 0 0,-0.0534,False,True,0.2109
1089,oito108,96.6339,100.1491,-0.0942,-0.0,0.0,80.0892,98.46 101.21 0 0,-0.0528,False,True,0.2089
1090,oito108,96.6264,100.1562,-0.0989,-0.0,0.0,79.7063,98.46 101.21 0 0,-0.0523,False,True,0.2069
1091,oito109,96.619,100.1632,-0.1029,-0.0,0.0,79.3261,98.38 101.23 0 0,-0.0518,False,True,0.2049
1092,oito109,96.6116,100.1703,-0.1061,-0.0,0.0,78.9492,98.38 101.23 0 0,-0.0512,False,True,0.203
1093,oito109,96.6045,100.1773,-0.1084,-0.0,0.0,78.5758,98.38 101.23 0 0,-0.0506,False,True,0.2008
1094,oito109,96.5974,100.1842,-0.1097,-0.0,0.0,78.2059,98.38 101.23 0 0,-0.05,False,True,0.1989
1095,oito109,96.5904,100.1912,-0.11,-0.0,0.0,77.8394,98.38 101.23 0 0,-0.0494,False,True,0.1969
1096,oito109,96.5835,100.1981,-0.1092,-0.0,0.0,77.4761,98.38 101.23 0 0,-0.0488,False,True,0.1949
1097,oito109,96.5768,100.205,-0.1074,-0.0,0.0,77.1159,98.38 101.23 0 0,-0.0483,False,True,0.1928
1098,oito109,96.5702,100.2119,-0.1046,-0.0,0.0,76.7586,98.38 101.23 0 0,-0.0477,False,True,0.1909
1099,oito109,96.5636,100.2187,-0.1009,-0.0,0.0,76.4039,98.38 101.23 0 0,-0.0472,False,True,0.189
1100,oito109,96.5572,100.2255,-0.0964,-0.0,0.0,76.0515,98.38 101.23 0 0,-0.0467,False,True,0.1871
1101,oito110,96.5509,100.2323,-0.0912,-0.0,0.0,75.7011,98.31 101.24 0 0,-0.0462,False,True,0.1851
1102,oito110,96.5448,100.2391,-0.0856,-0.0,0.0,75.3525,98.31 101.24 0 0,-0.0458,False,True,0.1832
1103,oito110,96.5387,100.2458,-0.0797,-0.0,0.0,75.0057,98.31 101.24 0 0,-0.0454,False,True,0.1814
1104,oito110,96.5327,100.2525,-0.0736,-0.0,0.0,74.6601,98.31 101.24 0 0,-0.045,False,True,0.1793
1105,oito110,96.5268,100.2591,-0.0677,-0.0,0.0,74.3156,98.31 101.24 0 0,-0.0446,False,True,0.1774
1106,oito110,96.5211,100.2658,-0.062,-0.0,0.0,73.9718,98.31 101.24 0 0,-0.0442,False,True,0.1756
1107,oito110,96.5155,100.2724,-0.0567,-0.0,0.0,73.6284,98.31 101.24 0 0,-0.0439,False,True,0.1736
1108,oito110,96.5099,100.279,-0.052,-0.0,0.0,73.2851,98.31 101.24 0 0,-0.0436,False,True,0.1719
1109,oito110,96.5045,100.2855,-0.0481,-0.0,0.0,72.9417,98.31 101.24 0 0,-0.0433,False,True,0.17
1110,oito110,96.4992,100.292,-0.0449,-0.0,0.0,72.598,98.31 101.24 0 0,-0.043,False,True,0.1682
1111,oito111,96.494,100.2985,-0.0427,-0.0,0.0,72.2539,98.24 101.25 0 0,-0.0427,False,True,0.1664
1112,oito111,96.4889,100.305,-0.0415,-0.0,0.0,71.9095,98.24 101.25 0 0,-0.0424,False,True,0.1645
1113,oito111,96.4839,100.3114,-0.0413,-0.0,0.0,71.5651,98.24 101.25 0 0,-0.042,False,True,0.1628
1114,oito111,96.479,100.3178,-0.0421,-0.0,0.0,71.2205,98.24 101.25 0 0,-0.0417,False,True,0.161
1115,oito111,96.4742,100.3242,-0.044,-0.0,0.0,70.8758,98.24 101.25 0 0,-0.0414,False,True,0.1592
1116,oito111,96.4696,100.3305,-0.0469,-0.0,0.0,70.5312,98.24 101.25 0 0,-0.0411,False,True,0.1574
1117,oito111,96.465,100.3368,-0.0507,-0.0,0.0,70.1868,98.24 101.25 0 0,-0.0407,False,True,0.1557
1118,oito111,96.4605,100.3431,-0.0552,-0.0,0.0,69.8428,98.24 101.25 0 0,-0.0404,False,True,0.1539
1119,oito111,96.4562,100.3493,-0.0604,-0.0,0.0,69.4995,98.24 101.25 0 0,-0.04,False,True,0.1523
1120,oito111,96.4519,100.3555,-0.066,-0.0,0.0,69.157,98.24 101.25 0 0,-0.0397,False,True,0.1506
1121,oito112,96.4478,100.3617,-0.072,-0.0,0.0,68.8157,98.16 101.25 0 0,-0.0393,False,True,0.1489
1122,oito112,96.4438,100.3679,-0.078,-0.0,0.0,68.476,98.16 101.25 0 0,-0.0388,False,True,0.1472
1123,oito112,96.4398,100.374,-0.0839,-0.0,0.0,68.1383,98.16 101.25 0 0,-0.0384,False,True,0.1455
1124,oito112,96.436,100.3801,-0.0896,-0.0,0.0,67.8028,98.16 101.25 0 0,-0.0379,False,True,0.1439
1125,oito112,96.4323,100.3862,-0.0948,-0.0,0.0,67.4699,98.16 101.25 0 0,-0.0374,False,True,0.1423
1126,oito112,96.4286,100.3922,-0.0995,-0.0,0.0,67.1395,98.16 101.25 0 0,-0.0369,False,True,0.1406
1127,oito112,96.4251,100.3982,-0.1034,-0.0,0.0,66.8118,98.16 101.25 0 0,-0.0364,False,True,0.139
1128,oito112,96.4217,100.4041,-0.1065,-0.0,0.0,66.487,98.16 101.25 0 0,-0.0359,False,True,0.1376
1129,oito112,96.4184,100.41,-0.1086,-0.0,0.0,66.165,98.16 101.25 0 0,-0.0354,False,True,0.1358
1130,oito112,96.4151,100.4159,-0.1098,-0.0,0.0,65.8459,98.16 101.25 0 0,-0.0349,False,True,0.1345
1131,oito113,96.412,100.4218,-0.1099,-0.0,0.0,65.5297,98.09 101.23 0 0,-0.0344,False,True,0.133
1132,oito113,96.409,100.4276,-0.109,-0.0,0.0,65.2161,98.09 101.23 0 0,-0.0338,False,True,0.1313
1133,oito113,96.406,100.4334,-0.1071,-0.0,0.0,64.9053,98.09 101.23 0 0,-0.0333,False,True,0.1299
1134,oito113,96.4032,100.4392,-0.1041,-0.0,0.0,64.597,98.09 101.23 0 0,-0.0329,False,True,0.1284
1135,oito113,96.4005,100.4449,-0.1003,-0.0,0.0,64.291,98.09 101.23 0 0,-0.0324,False,True,0.127
1136,oito113,96.3978,100.4506,-0.0957,-0.0,0.0,63.987,98.09 101.23 0 0,-0.032,False,True,0.1255
1137,oito113,96.3953,100.4563,-0.0905,-0.0,0.0,63.6848,98.09 101.23 0 0,-0.0316,False,True,0.124
1138,oito113,96.3928,100.4619,-0.0848,-0.0,0.0,63.3841,98.09 101.23 0 0,-0.0312,False,True,0.1228
1139,oito113,96.3905,100.4675,-0.0789,-0.0,0.0,63.0846,98.09 101.23 0 0,-0.0308,False,True,0.1214
1140,oito113,96.3882,100.4731,-0.0729,-0.0,0.0,62.7861,98.09 101.23 0 0,-0.0305,False,True,0.12
1141,oito114,96.3861,100.4786,-0.0669,-0.0,0.0,62.4883,98.02 101.21 0 0,-0.0302,False,True,0.1188
1142,oito114,96.384,100.4841,-0.0613,-0.0,0.0,62.1909,98.02 101.21 0 0,-0.0299,False,True,0.1174
1143,oito114,96.382,100.4895,-0.0561,-0.0,0.0,61.8939,98.02 101.21 0 0,-0.0296,False,True,0.1162
1144,oito114,96.3801,100.495,-0.0515,-0.0,0.0,61.5969,98.02 101.21 0 0,-0.0293,False,True,0.1149
1145,oito114,96.3783,100.5004,-0.0476,-0.0,0.0,61.2999,98.02 101.21 0 0,-0.0291,False,True,0.1137
1146,oito114,96.3766,100.5057,-0.0446,-0.0,0.0,61.0027,98.02 101.21 0 0,-0.0288,False,True,0.1124
1147,oito114,96.375,100.511,-0.0425,-0.0,0.0,60.7051,98.02 101.21 0 0,-0.0285,False,True,0.1112
1148,oito114,96.3735,100.5163,-0.0414,-0.0,0.0,60.4072,98.02 101.21 0 0,-0.0283,False,True,0.1102
1149,oito114,96.3721,100.5216,-0.0413,-0.0,0.0,60.1088,98.02 101.21 0 0,-0.028,False,True,0.1088
1150,oito114,96.3707,100.5268,-0.0423,-0.0,0.0,59.8102,98.02 101.21 0 0,-0.0278,False,True,0.108
1151,oito115,96.3695,100.532,-0.0443,-0.0,0.0,59.5113,97.95 101.17 0 0,-0.0275,False,True,0.1069
1152,oito115,96.3683,100.5372,-0.0473,-0.0,0.0,59.2121,97.95 101.17 0 0,-0.0273,False,True,0.1058
1153,oito115,96.3672,100.5423,-0.0512,-0.0,0.0,58.9129,97.95 101.17 0 0,-0.027,False,True,0.1047
1154,oito115,96.3662,100.5474,-0.0559,-0.0,0.0,58.6138,97.95 101.17 0 0,-0.0267,False,True,0.1036
1155,oito115,96.3653,100.5524,-0.0611,-0.0,0.0,58.3149,97.95 101.17 0 0,-0.0264,False,True,0.1026
1156,oito115,96.3645,100.5574,-0.0668,-0.0,0.0,58.0166,97.95 101.17 0 0,-0.0261,False,True,0.1016
1157,oito115,96.3637,100.5624,-0.0727,-0.0,0.0,57.7192,97.95 101.17 0 0,-0.0258,False,True,0.1008
1158,oito115,96.3631,100.5674,-0.0788,-0.0,0.0,57.4227,97.95 101.17 0 0,-0.0255,False,True,0.0997
1159,oito115,96.3625,100.5723,-0.0847,-0.0,0.0,57.1275,97.95 101.17 0 0,-0.0252,False,True,0.0989
1160,oito115,96.362,100.5771,-0.0903,-0.0,0.0,56.8339,97.95 101.17 0 0,-0.0248,False,True,0.098
1161,oito116,96.3616,100.582,-0.0955,-0.0,0.0,56.542,97.89 101.13 0 0,-0.0244,False,True,0.0972
1162,oito116,96.3612,100.5868,-0.1,-0.0,0.0,56.2518,97.89 101.13 0 0,-0.024,False,True,0.0965
1163,oito116,96.361,100.5916,-0.1039,-0.0,0.0,55.9635,97.89 101.13 0 0,-0.0236,False,True,0.0956
1164,oito116,96.3608,100.5963,-0.1068,-0.0,0.0,55.6772,97.89 101.13 0 0,-0.0233,False,True,0.0948
1165,oito116,96.3607,100.601,-0.1089,-0.0,0.0,55.3929,97.89 101.13 0 0,-0.0228,False,True,0.0942
1166,oito116,96.3607,100.6057,-0.1099,-0.0,0.0,55.1106,97.89 101.13 0 0,-0.0224,False,True,0.0932
1167,oito116,96.3608,100.6103,-0.1099,-0.0,0.0,54.8304,97.89 101.13 0 0,-0.022,False,True,0.0928
1168,oito116,96.3609,100.6149,-0.1088,-0.0,0.0,54.5522,97.89 101.13 0 0,-0.0216,False,True,0.0921
1169,oito116,96.3612,100.6195,-0.1067,-0.0,0.0,54.2759,97.89 101.13 0 0,-0.0213,False,True,0.0914
1170,oito116,96.3615,100.624,-0.1037,-0.0,0.0,54.0013,97.89 101.13 0 0,-0.0209,False,True,0.091
1171,oito117,96.3618,100.6285,-0.0997,-0.0,0.0,53.7283,97.83 101.08 0 0,-0.0205,False,True,0.0903
1172,oito117,96.3623,100.633,-0.0951,-0.0,0.0,53.4566,97.83 101.08 0 0,-0.0202,False,True,0.0897
1173,oito117,96.3628,100.6374,-0.0898,-0.0,0.0,53.1857,97.83 101.08 0 0,-0.0199,False,True,0.0891
1174,oito117,96.3634,100.6418,-0.0841,-0.0,0.0,52.9156,97.83 101.08 0 0,-0.0197,False,True,0.0887
1175,oito117,96.3641,100.6462,-0.0781,-0.0,0.0,52.6459,97.83 101.08 0 0,-0.0194,False,True,0.0883
1176,oito117,96.3648,100.6505,-0.0721,-0.0,0.0,52.3764,97.83 101.08 0 0,-0.0192,False,True,0.0876
1177,oito117,96.3656,100.6548,-0.0662,-0.0,0.0,52.1071,97.83 101.08 0 0,-0.019,False,True,0.0874
1178,oito117,96.3665,100.659,-0.0606,-0.0,0.0,51.8376,97.83 101.08 0 0,-0.0188,False,True,0.0869
1179,oito117,96.3674,100.6633,-0.0554,-0.0,0.0,51.5678,97.83 101.08 0 0,-0.0186,False,True,0.0865
1180,oito117,96.3684,100.6674,-0.0509,-0.0,0.0,51.2976,97.83 101.08 0 0,-0.0185,False,True,0.0862
1181,oito118,96.3695,100.6716,-0.0472,-0.0,0.0,51.0269,97.78 101.02 0 0,-0.0183,False,True,0.0859
1182,oito118,96.3707,100.6757,-0.0442,-0.0,0.0,50.7552,97.78 101.02 0 0,-0.0182,False,True,0.0857
1183,oito118,96.3719,100.6798,-0.0423,-0.0,0.0,50.4822,97.78 101.02 0 0,-0.018,False,True,0.0852
1184,oito118,96.3732,100.6839,-0.0413,-0.0,0.0,50.208,97.78 101.02 0 0,-0.0179,False,True,0.0851
1185,oito118,96.3745,100.6879,-0.0414,-0.0,0.0,49.9325,97.78 101.02 0 0,-0.0178,False,True,0.0846
1186,oito118,96.3759,100.6919,-0.0425,-0.0,0.0,49.656,97.78 101.02 0 0,-0.0177,False,True,0.0846
1187,oito118,96.3774,100.6958,-0.0447,-0.0,0.0,49.3784,97.78 101.02 0 0,-0.0175,False,True,0.0842
1188,oito118,96.3789,100.6997,-0.0478,-0.0,0.0,49.1,97.78 101.02 0 0,-0.0174,False,True,0.0842
1189,oito118,96.3805,100.7036,-0.0518,-0.0,0.0,48.8209,97.78 101.02 0 0,-0.0172,False,True,0.0839
1190,oito118,96.3821,100.7075,-0.0565,-0.0,0.0,48.5414,97.78 101.02 0 0,-0.0171,False,True,0.0838
1191,oito119,96.3839,100.7113,-0.0618,-0.0,0.0,48.2617,97.74 100.96 0 0,-0.0169,False,True,0.0837
1192,oito119,96.3856,100.7151,-0.0676,-0.0,0.0,47.9816,97.74 100.96 0 0,-0.0168,False,True,0.0835
1193,oito119,96.3874,100.7188,-0.0735,-0.0,0.0,47.7012,97.74 100.96 0 0,-0.0166,False,True,0.0834
1194,oito119,96.3893,100.7226,-0.0796,-0.0,0.0,47.4208,97.74 100.96 0 0,-0.0164,False,True,0.0834
1195,oito119,96.3912,100.7262,-0.0855,-0.0,0.0,47.1406,97.74 100.96 0 0,-0.0163,False,True,0.0832
1196,oito119,96.3932,100.7299,-0.091,-0.0,0.0,46.8609,97.74 100.96 0 0,-0.016,False,True,0.0832
1197,oito119,96.3953,100.7335,-0.0961,-0.0,0.0,46.5819,97.74 100.96 0 0,-0.0158,False,True,0.0831
1198,oito119,96.3973,100.7371,-0.1006,-0.0,0.0,46.3039,97.74 100.96 0 0,-0.0156,False,True,0.083
1199,oito119,96.3995,100.7407,-0.1043,-0.0,0.0,46.027,97.74 100.96 0 0,-0.0153,False,True,0.083
1200,oito119,96.4017,100.7442,-0.1071,-0.0,0.0,45.7515,97.74 100.96 0 0,-0.0151,False,True,0.0831
1201,oito120,96.4039,100.7477,-0.109,-0.0,0.0,45.4773,97.7 100.9 0 0,-0.0148,False,True,0.083
1202,oito120,96.4062,100.7512,-0.1099,-0.0,0.0,45.2042,97.7 100.9 0 0,-0.0146,False,True,0.083
1203,oito120,96.4085,100.7546,-0.1098,-0.0,0.0,44.9318,97.7 100.9 0 0,-0.0143,False,True,0.0831
1204,oito120,96.4109,100.758,-0.1086,-0.0,0.0,44.6602,97.7 100.9 0 0,-0.0141,False,True,0.0831
1205,oito120,96.4134,100.7614,-0.1064,-0.0,0.0,44.3893,97.7 100.9 0 0,-0.0139,False,True,0.083
1206,oito120,96.4158,100.7647,-0.1032,-0.0,0.0,44.119,97.7 100.9 0 0,-0.0137,False,True,0.083
1207,oito120,96.4183,100.768,-0.0992,-0.0,0.0,43.8493,97.7 100.9 0 0,-0.0135,False,True,0.0831
1208,oito120,96.4209,100.7713,-0.0944,-0.0,0.0,43.5801,97.7 100.9 0 0,-0.0133,False,True,0.0831
1209,oito120,96.4235,100.7745,-0.089,-0.0,0.0,43.3112,97.7 100.9 0 0,-0.0132,False,True,0.0833
1210,oito120,96.4261,100.7777,-0.0833,-0.0,0.0,43.0424,97.7 100.9 0 0,-0.0131,False,True,0.0832
1211,oito121,96.4288,100.7809,-0.0773,-0.0,0.0,42.7735,97.66 100.83 0 0,-0.0129,False,True,0.0833
1212,oito121,96.4315,100.7841,-0.0713,-0.0,0.0,42.5039,97.66 100.83 0 0,-0.0129,False,True,0.0833
1213,oito121,96.4343,100.7872,-0.0654,-0.0,0.0,42.233,97.66 100.83 0 0,-0.0129,False,True,0.0834
1214,oito121,96.4371,100.7903,-0.0599,-0.0,0.0,41.9606,97.66 100.83 0 0,-0.0129,False,True,0.0834
1215,oito121,96.4399,100.7934,-0.0548,-0.0,0.0,41.6866,97.66 100.83 0 0,-0.0129,False,True,0.0835
1216,oito121,96.4428,100.7964,-0.0504,-0.0,0.0,41.411,97.66 100.83 0 0,-0.0129,False,True,0.0834
1217,oito121,96.4457,100.7994,-0.0467,-0.0,0.0,41.1336,97.66 100.83 0 0,-0.0129,False,True,0.0835
1218,oito121,96.4486,100.8024,-0.0439,-0.0,0.0,40.8545,97.66 100.83 0 0,-0.0129,False,True,0.0836
1219,oito121,96.4516,100.8053,-0.0421,-0.0,0.0,40.5736,97.66 100.83 0 0,-0.0129,False,True,0.0835
1220,oito121,96.4546,100.8083,-0.0413,-0.0,0.0,40.291,97.66 100.83 0 0,-0.0129,False,True,0.0837
1221,oito122,96.4576,100.8111,-0.0415,-0.0,0.0,40.0068,97.63 100.76 0 0,-0.0129,False,True,0.0839
1222,oito122,96.4607,100.814,-0.0428,-0.0,0.0,39.7205,97.63 100.76 0 0,-0.013,False,True,0.0838
1223,oito122,96.4638,100.8168,-0.045,-0.0,0.0,39.4317,97.63 100.76 0 0,-0.0131,False,True,0.0839
1224,oito122,96.4669,100.8197,-0.0483,-0.0,0.0,39.1407,97.63 100.76 0 0,-0.0131,False,True,0.084
1225,oito122,96.47,100.8224,-0.0524,-0.0,0.0,38.8477,97.63 100.76 0 0,-0.0132,False,True,0.0839
1226,oito122,96.4732,100.8252,-0.0572,-0.0,0.0,38.553,97.63 100.76 0 0,-0.0132,False,True,0.0839
1227,oito122,96.4764,100.8279,-0.0626,-0.0,0.0,38.257,97.63 100.76 0 0,-0.0132,False,True,0.0841
1228,oito122,96.4796,100.8306,-0.0683,-0.0,0.0,37.96,97.63 100.76 0 0,-0.0131,False,True,0.0842
1229,oito122,96.4829,100.8333,-0.0743,-0.0,0.0,37.6623,97.63 100.76 0 0,-0.0131,False,True,0.0841
1230,oito122,96.4862,100.8359,-0.0803,-0.0,0.0,37.3642,97.63 100.76 0 0,-0.013,False,True,0.0843
1231,oito123,96.4895,100.8385,-0.0862,-0.0,0.0,37.0661,97.61 100.69 0 0,-0.013,False,True,0.0843
1232,oito123,96.4928,100.8411,-0.0917,-0.0,0.0,36.7677,97.61 100.69 0 0,-0.0129,False,True,0.0843
1233,oito123,96.4961,100.8437,-0.0967,-0.0,0.0,36.4686,97.61 100.69 0 0,-0.0129,False,True,0.0844
1234,oito123,96.4995,100.8462,-0.1011,-0.0,0.0,36.1693,97.61 100.69 0 0,-0.0128,False,True,0.0845
1235,oito123,96.5029,100.8487,-0.1047,-0.0,0.0,35.87,97.61 100.69 0 0,-0.0127,False,True,0.0845
1236,oito123,96.5063,100.8512,-0.1075,-0.0,0.0,35.5708,97.61 100.69 0 0,-0.0126,False,True,0.0843
1237,oito123,96.5098,100.8537,-0.1092,-0.0,0.0,35.272,97.61 100.69 0 0,-0.0125,False,True,0.0846
1238,oito123,96.5132,100.8561,-0.11,-0.0,0.0,34.9737,97.61 100.69 0 0,-0.0124,False,True,0.0845
1239,oito123,96.5167,100.8585,-0.1097,-0.0,0.0,34.676,97.61 100.69 0 0,-0.0122,False,True,0.0847
1240,oito123,96.5202,100.8609,-0.1084,-0.0,0.0,34.3788,97.61 100.69 0 0,-0.0121,False,True,0.0846
1241,oito124,96.5237,100.8633,-0.106,-0.0,0.0,34.0822,97.58 100.62 0 0,-0.012,False,True,0.0848
1242,oito124,96.5272,100.8656,-0.1027,-0.0,0.0,33.7855,97.58 100.62 0 0,-0.012,False,True,0.0847
1243,oito124,96.5308,100.8679,-0.0986,-0.0,0.0,33.4879,97.58 100.62 0 0,-0.0119,False,True,0.0849
1244,oito124,96.5344,100.8702,-0.0937,-0.0,0.0,33.1894,97.58 100.62 0 0,-0.012,False,True,0.0847
1245,oito124,96.5379,100.8725,-0.0883,-0.0,0.0,32.8899,97.58 100.62 0 0,-0.012,False,True,0.0848
1246,oito124,96.5415,100.8747,-0.0825,-0.0,0.0,32.5893,97.58 100.62 0 0,-0.012,False,True,0.0847
1247,oito124,96.5452,100.877,-0.0765,-0.0,0.0,32.2874,97.58 100.62 0 0,-0.012,False,True,0.0849
1248,oito124,96.5488,100.8792,-0.0705,-0.0,0.0,31.9842,97.58 100.62 0 0,-0.0121,False,True,0.0848
1249,oito124,96.5524,100.8813,-0.0647,-0.0,0.0,31.6794,97.58 100.62 0 0,-0.0122,False,True,0.0848
1250,oito124,96.5561,100.8835,-0.0592,-0.0,0.0,31.3729,97.58 100.62 0 0,-0.0122,False,True,0.0849
1251,oito125,96.5597,100.8856,-0.0542,-0.0,0.0,31.0647,97.56 100.55 0 0,-0.0124,False,True,0.0847
1252,oito125,96.5634,100.8877,-0.0499,-0.0,0.0,30.7539,97.56 100.55 0 0,-0.0125,False,True,0.0849
1253,oito125,96.5671,100.8898,-0.0463,-0.0,0.0,30.4399,97.56 100.55 0 0,-0.0127,False,True,0.0849
1254,oito125,96.5708,100.8919,-0.0436,-0.0,0.0,30.1227,97.56 100.55 0 0,-0.0129,False,True,0.0848
1255,oito125,96.5745,100.8939,-0.0419,-0.0,0.0,29.8024,97.56 100.55 0 0,-0.013,False,True,0.0848
1256,oito125,96.5783,100.8959,-0.0412,-0.0,0.0,29.4791,97.56 100.55 0 0,-0.0132,False,True,0.0849
1257,oito125,96.582,100.8979,-0.0416,-0.0,0.0,29.1529,97.56 100.55 0 0,-0.0133,False,True,0.0848
1258,oito125,96.5858,100.8999,-0.043,-0.0,0.0,28.824,97.56 100.55 0 0,-0.0135,False,True,0.0849
1259,oito125,96.5895,100.9019,-0.0454,-0.0,0.0,28.4926,97.56 100.55 0 0,-0.0136,False,True,0.0848
1260,oito125,96.5933,100.9038,-0.0488,-0.0,0.0,28.159,97.56 100.55 0 0,-0.0137,False,True,0.0848
1261,oito126,96.5971,100.9057,-0.053,-0.0,0.0,27.8235,97.55 100.48 0 0,-0.0138,False,True,0.0848
1262,oito126,96.6009,100.9076,-0.0579,-0.0,0.0,27.4857,97.55 100.48 0 0,-0.014,False,True,0.0846
1263,oito126,96.6047,100.9095,-0.0633,-0.0,0.0,27.1455,97.55 100.48 0 0,-0.014,False,True,0.0849
1264,oito126,96.6085,100.9114,-0.0691,-0.0,0.0,26.8033,97.55 100.48 0 0,-0.0142,False,True,0.0848
1265,oito126,96.6123,100.9132,-0.0751,-0.0,0.0,26.4595,97.55 100.48 0 0,-0.0142,False,True,0.0848
1266,oito126,96.6161,100.915,-0.0811,-0.0,0.0,26.1146,97.55 100.48 0 0,-0.0143,False,True,0.0848
1267,oito126,96.62,100.9168,-0.087,-0.0,0.0,25.7689,97.55 100.48 0 0,-0.0143,False,True,0.0848
1268,oito126,96.6238,100.9186,-0.0924,-0.0,0.0,25.423,97.55 100.48 0 0,-0.0143,False,True,0.0847
1269,oito126,96.6277,100.9203,-0.0974,-0.0,0.0,25.077,97.55 100.48 0 0,-0.0142,False,True,0.0847
1270,oito126,96.6315,100.9221,-0.1016,-0.0,0.0,24.7314,97.55 100.48 0 0,-0.0141,False,True,0.0848
1271,oito127,96.6354,100.9238,-0.1051,-0.0,0.0,24.3863,97.53 100.4 0 0,-0.0141,False,True,0.0847
1272,oito127,96.6393,100.9255,-0.1077,-0.0,0.0,24.0413,97.53 100.4 0 0,-0.0141,False,True,0.0847
1273,oito127,96.6432,100.9272,-0.1094,-0.0,0.0,23.6959,97.53 100.4 0 0,-0.014,False,True,0.0848
1274,oito127,96.6471,100.9289,-0.11,-0.0,0.0,23.3502,97.53 100.4 0 0,-0.014,False,True,0.0847
1275,oito127,96.651,100.9305,-0.1096,-0.0,0.0,23.0044,97.53 100.4 0 0,-0.014,False,True,0.0847
1276,oito127,96.6549,100.9322,-0.1081,-0.0,0.0,22.6585,97.53 100.4 0 0,-0.0139,False,True,0.0848
1277,oito127,96.6588,100.9338,-0.1056,-0.0,0.0,22.3126,97.53 100.4 0 0,-0.0139,False,True,0.0847
1278,oito127,96.6627,100.9354,-0.1022,-0.0,0.0,21.9666,97.53 100.4 0 0,-0.0138,False,True,0.0847
1279,oito127,96.6666,100.937,-0.098,-0.0,0.0,21.6203,97.53 100.4 0 0,-0.0138,False,True,0.0847
1280,oito127,96.6706,100.9385,-0.093,-0.0,0.0,21.2737,97.53 100.4 0 0,-0.0138,False,True,0.0846
1281,oito128,96.6745,100.9401,-0.0876,-0.0,0.0,20.9266,97.52 100.33 0 0,-0.0138,False,True,0.0848
1282,oito128,96.6785,100.9416,-0.0817,-0.0,0.0,20.5782,97.52 100.33 0 0,-0.0139,False,True,0.0846
1283,oito128,96.6824,100.9431,-0.0757,-0.0,0.0,20.2278,97.52 100.33 0 0,-0.0141,False,True,0.0847
1284,oito128,96.6864,100.9446,-0.0697,-0.0,0.0,19.8753,97.52 100.33 0 0,-0.0142,False,True,0.0847
1285,oito128,96.6903,100.9461,-0.0639,-0.0,0.0,19.5205,97.52 100.33 0 0,-0.0143,False,True,0.0847
1286,oito128,96.6943,100.9476,-0.0585,-0.0,0.0,19.1632,97.52 100.33 0 0,-0.0145,False,True,0.0848
1287,oito128,96.6983,100.9491,-0.0536,-0.0,0.0,18.8035,97.52 100.33 0 0,-0.0147,False,True,0.0848
1288,oito128,96.7023,100.9505,-0.0493,-0.0,0.0,18.4411,97.52 100.33 0 0,-0.0148,False,True,0.0847
1289,oito128,96.7063,100.9519,-0.0459,-0.0,0.0,18.076,97.52 100.33 0 0,-0.015,False,True,0.0848
1290,oito128,96.7103,100.9533,-0.0434,-0.0,0.0,17.7082,97.52 100.33 0 0,-0.0152,False,True,0.0848
1291,oito129,96.7143,100.9547,-0.0418,-0.0,0.0,17.3378,97.51 100.25 0 0,-0.0153,False,True,0.0846
1292,oito129,96.7183,100.9561,-0.0412,-0.0,0.0,16.9641,97.51 100.25 0 0,-0.0155,False,True,0.0849
1293,oito129,96.7223,100.9575,-0.0417,-0.0,0.0,16.5869,97.51 100.25 0 0,-0.0158,False,True,0.0847
1294,oito129,96.7263,100.9588,-0.0433,-0.0,0.0,16.2062,97.51 100.25 0 0,-0.016,False,True,0.0848
1295,oito129,96.7303,100.9601,-0.0458,-0.0,0.0,15.8223,97.51 100.25 0 0,-0.0161,False,True,0.085
1296,oito129,96.7344,100.9615,-0.0493,-0.0,0.0,15.4357,97.51 100.25 0 0,-0.0163,False,True,0.0849
1297,oito129,96.7384,100.9628,-0.0536,-0.0,0.0,15.0467,97.51 100.25 0 0,-0.0164,False,True,0.085
1298,oito129,96.7425,100.9641,-0.0585,-0.0,0.0,14.6557,97.51 100.25 0 0,-0.0165,False,True,0.085
1299,oito129,96.7465,100.9653,-0.0641,-0.0,0.0,14.2631,97.51 100.25 0 0,-0.0166,False,True,0.0849
1300,oito129,96.7506,100.9666,-0.0699,-0.0,0.0,13.8694,97.51 100.25 0 0,-0.0166,False,True,0.0851
1301,oito130,96.7547,100.9678,-0.0759,-0.0,0.0,13.475,97.51 100.18 0 0,-0.0167,False,True,0.085
1302,oito130,96.7587,100.9691,-0.0819,-0.0,0.0,13.0799,97.51 100.18 0 0,-0.0167,False,True,0.0851
1303,oito130,96.7628,100.9703,-0.0877,-0.0,0.0,12.6843,97.51 100.18 0 0,-0.0167,False,True,0.0852
1304,oito130,96.7669,100.9715,-0.0931,-0.0,0.0,12.2884,97.51 100.18 0 0,-0.0167,False,True,0.0853
1305,oito130,96.771,100.9727,-0.098,-0.0,0.0,11.8928,97.51 100.18 0 0,-0.0166,False,True,0.0853
1306,oito130,96.7751,100.9739,-0.1021,-0.0,0.0,11.4978,97.51 100.18 0 0,-0.0165,False,True,0.0855
1307,oito130,96.7792,100.975,-0.1055,-0.0,0.0,11.1036,97.51 100.18 0 0,-0.0164,False,True,0.0855
1308,oito130,96.7833,100.9762,-0.108,-0.0,0.0,10.7105,97.51 100.18 0 0,-0.0163,False,True,0.0856
1309,oito130,96.7875,100.9773,-0.1095,-0.0,0.0,10.3187,97.51 100.18 0 0,-0.0162,False,True,0.0856
1310,oito130,96.7916,100.9784,-0.11,-0.0,0.0,9.9283,97.51 100.18 0 0,-0.016,False,True,0.0857
1311,oito131,96.7957,100.9795,-0.1094,-0.0,0.0,9.5393,97.5 100.11 0 0,-0.0159,False,True,0.0856
1312,oito131,96.7999,100.9806,-0.1078,-0.0,0.0,9.1511,97.5 100.11 0 0,-0.0158,False,True,0.0858
1313,oito131,96.8041,100.9817,-0.1052,-0.0,0.0,8.7634,97.5 100.11 0 0,-0.0157,False,True,0.0859
1314,oito131,96.8082,100.9828,-0.1017,-0.0,0.0,8.376,97.5 100.11 0 0,-0.0157,False,True,0.0859
1315,oito131,96.8124,100.9838,-0.0974,-0.0,0.0,7.9888,97.5 100.11 0 0,-0.0156,False,True,0.0861
1316,oito131,96.8166,100.9849,-0.0923,-0.0,0.0,7.6016,97.5 100.11 0 0,-0.0156,False,True,0.0862
1317,oito131,96.8208,100.9859,-0.0868,-0.0,0.0,7.2142,97.5 100.11 0 0,-0.0156,False,True,0.0863
1318,oito131,96.825,100.9869,-0.0809,-0.0,0.0,6.8263,97.5 100.11 0 0,-0.0156,False,True,0.0863
1319,oito131,96.8292,100.9879,-0.0749,-0.0,0.0,6.4378,97.5 100.11 0 0,-0.0156,False,True,0.0865
1320,oito131,96.8334,100.9889,-0.0689,-0.0,0.0,6.0483,97.5 100.11 0 0,-0.0157,False,True,0.0865
1321,oito132,96.8376,100.9899,-0.0632,-0.0,0.0,5.6577,97.5 100.03 0 0,-0.0158,False,True,0.0865
1322,oito132,96.8418,100.9908,-0.0578,-0.0,0.0,5.2653,97.5 100.03 0 0,-0.0159,False,True,0.0867
1323,oito132,96.846,100.9918,-0.053,-0.0,0.0,4.8706,97.5 100.03 0 0,-0.016,False,True,0.0868
1324,oito132,96.8503,100.9927,-0.0488,-0.0,0.0,4.4735,97.5 100.03 0 0,-0.0162,False,True,0.087
1325,oito132,96.8545,100.9936,-0.0455,-0.0,0.0,4.0738,97.5 100.03 0 0,-0.0163,False,True,0.0871
1326,oito132,96.8588,100.9945,-0.0431,-0.0,0.0,3.6717,97.5 100.03 0 0,-0.0165,False,True,0.0872
1327,oito132,96.8631,100.9954,-0.0417,-0.0,0.0,3.267,97.5 100.03 0 0,-0.0166,False,True,0.0873
1328,oito132,96.8674,100.9963,-0.0412,-0.0,0.0,2.8599,97.5 100.03 0 0,-0.0167,False,True,0.0874
1329,oito132,96.8717,100.9972,-0.0419,-0.0,0.0,2.4505,97.5 100.03 0 0,-0.0168,False,True,0.0876
1330,oito132,96.876,100.998,-0.0435,-0.0,0.0,2.0391,97.5 100.03 0 0,-0.0169,False,True,0.0876
1331,oito133,96.8803,100.9989,-0.0462,-0.0,0.0,1.6257,97.5 99.96 0 0,-0.017,False,True,0.0878
1332,oito133,96.8846,100.9997,-0.0498,-0.0,0.0,1.2106,97.5 99.96 0 0,-0.0171,False,True,0.088
1333,oito133,96.8889,101.0005,-0.0542,-0.0,0.0,0.7936,97.5 99.96 0 0,-0.0172,False,True,0.0882
1334,oito133,96.8933,101.0013,-0.0592,-0.0,0.0,0.3753,97.5 99.96 0 0,-0.0172,False,True,0.0883
1335,oito133,96.8976,101.0021,-0.0648,-0.0,-0.0,-0.0439,97.5 99.96 0 0,-0.0173,False,True,0.0884
1336,oito133,96.902,101.0029,-0.0707,-0.0,-0.0,-0.4636,97.5 99.96 0 0,-0.0172,False,True,0.0886
1337,oito133,96.9063,101.0036,-0.0767,-0.0,-0.0,-0.8833,97.5 99.96 0 0,-0.0172,False,True,0.0887
1338,oito133,96.9107,101.0043,-0.0827,-0.0,-0.0,-1.3025,97.5 99.96 0 0,-0.0171,False,True,0.089
1339,oito133,96.9151,101.0051,-0.0884,-0.0,-0.0,-1.7208,97.5 99.96 0 0,-0.017,False,True,0.089
1340,oito133,96.9195,101.0058,-0.0938,-0.0,-0.0,-2.1379,97.5 99.96 0 0,-0.0169,False,True,0.0892
1341,oito134,96.9239,101.0065,-0.0986,-0.0,-0.0,-2.5533,97.5 99.88 0 0,-0.0167,False,True,0.0893
1342,oito134,96.9284,101.0072,-0.1026,-0.0,-0.0,-2.9671,97.5 99.88 0 0,-0.0166,False,True,0.0896
1343,oito134,96.9328,101.0078,-0.1059,-0.0,-0.0,-3.3794,97.5 99.88 0 0,-0.0164,False,True,0.0896
1344,oito134,96.9372,101.0085,-0.1083,-0.0,-0.0,-3.7899,97.5 99.88 0 0,-0.0162,False,True,0.0899
1345,oito134,96.9417,101.0091,-0.1096,-0.0,-0.0,-4.1984,97.5 99.88 0 0,-0.016,False,True,0.0902
1346,oito134,96.9462,101.0098,-0.11,-0.0,-0.0,-4.605,97.5 99.88 0 0,-0.0158,False,True,0.0903
1347,oito134,96.9506,101.0104,-0.1093,-0.0,-0.0,-5.0096,97.5 99.88 0 0,-0.0156,False,True,0.0904
1348,oito134,96.9551,101.011,-0.1076,-0.0,-0.0,-5.4123,97.5 99.88 0 0,-0.0154,False,True,0.0907
1349,oito134,96.9596,101.0115,-0.1048,-0.0,-0.0,-5.8132,97.5 99.88 0 0,-0.0152,False,True,0.0909
1350,oito134,96.9642,101.0121,-0.1012,-0.0,-0.0,-6.2126,97.5 99.88 0 0,-0.0151,False,True,0.091
1351,oito135,96.9687,101.0126,-0.0967,-0.0,-0.0,-6.6105,97.51 99.81 0 0,-0.015,False,True,0.0911
1352,oito135,96.9732,101.0132,-0.0916,-0.0,-0.0,-7.0075,97.51 99.81 0 0,-0.0149,False,True,0.0913
1353,oito135,96.9778,101.0137,-0.0861,-0.0,-0.0,-7.4039,97.51 99.81 0 0,-0.0148,False,True,0.0917
1354,oito135,96.9823,101.0142,-0.0802,-0.0,-0.0,-7.8001,97.51 99.81 0 0,-0.0147,False,True,0.0918
1355,oito135,96.9869,101.0147,-0.0741,-0.0,-0.0,-8.1963,97.51 99.81 0 0,-0.0147,False,True,0.0921
1356,oito135,96.9915,101.0151,-0.0682,-0.0,-0.0,-8.5928,97.51 99.81 0 0,-0.0147,False,True,0.0923
1357,oito135,96.9961,101.0156,-0.0624,-0.0,-0.0,-8.9899,97.51 99.81 0 0,-0.0147,False,True,0.0924
1358,oito135,97.0007,101.016,-0.0571,-0.0,-0.0,-9.3878,97.51 99.81 0 0,-0.0147,False,True,0.0927
1359,oito135,97.0053,101.0164,-0.0524,-0.0,-0.0,-9.7868,97.51 99.81 0 0,-0.0148,False,True,0.0928
1360,oito135,97.01,101.0169,-0.0484,-0.0,-0.0,-10.187,97.51 99.81 0 0,-0.0148,False,True,0.0931
1361,oito136,97.0146,101.0172,-0.0451,-0.0,-0.0,-10.5885,97.51 99.73 0 0,-0.0149,False,True,0.0932
1362,oito136,97.0193,101.0176,-0.0428,-0.0,-0.0,-10.9917,97.51 99.73 0 0,-0.015,False,True,0.0935
1363,oito136,97.024,101.018,-0.0415,-0.0,-0.0,-11.3968,97.51 99.73 0 0,-0.0151,False,True,0.0938
1364,oito136,97.0287,101.0183,-0.0413,-0.0,-0.0,-11.8036,97.51 99.73 0 0,-0.0151,False,True,0.0939
1365,oito136,97.0334,101.0186,-0.042,-0.0,-0.0,-12.2121,97.51 99.73 0 0,-0.0152,False,True,0.0944
1366,oito136,97.0381,101.0189,-0.0438,-0.0,-0.0,-12.6221,97.51 99.73 0 0,-0.0152,False,True,0.0945
1367,oito136,97.0428,101.0192,-0.0466,-0.0,-0.0,-13.0334,97.51 99.73 0 0,-0.0152,False,True,0.0948
1368,oito136,97.0476,101.0194,-0.0503,-0.0,-0.0,-13.4457,97.51 99.73 0 0,-0.0152,False,True,0.0951
1369,oito136,97.0523,101.0197,-0.0548,-0.0,-0.0,-13.8587,97.51 99.73 0 0,-0.0152,False,True,0.0952
1370,oito136,97.0571,101.0199,-0.06,-0.0,-0.0,-14.272,97.51 99.73 0 0,-0.0152,False,True,0.0953
1371,oito137,97.0619,101.0201,-0.0656,-0.0,-0.0,-14.6852,97.52 99.66 0 0,-0.0151,False,True,0.0958
1372,oito137,97.0666,101.0203,-0.0715,-0.0,-0.0,-15.098,97.52 99.66 0 0,-0.0151,False,True,0.0959
1373,oito137,97.0714,101.0204,-0.0775,-0.0,-0.0,-15.5101,97.52 99.66 0 0,-0.015,False,True,0.096
1374,oito137,97.0763,101.0206,-0.0835,-0.0,-0.0,-15.9211,97.52 99.66 0 0,-0.0148,False,True,0.0965
1375,oito137,97.0811,101.0207,-0.0892,-0.0,-0.0,-16.3305,97.52 99.66 0 0,-0.0147,False,True,0.0968
1376,oito137,97.0859,101.0208,-0.0944,-0.0,-0.0,-16.7382,97.52 99.66 0 0,-0.0145,False,True,0.0969
1377,oito137,97.0908,101.0209,-0.0991,-0.0,-0.0,-17.1436,97.52 99.66 0 0,-0.0142,False,True,0.0974
1378,oito137,97.0957,101.0209,-0.1031,-0.0,-0.0,-17.5467,97.52 99.66 0 0,-0.0141,False,True,0.0974
1379,oito137,97.1006,101.0209,-0.1063,-0.0,-0.0,-17.9472,97.52 99.66 0 0,-0.0138,False,True,0.0978
1380,oito137,97.1055,101.0209,-0.1085,-0.0,-0.0,-18.345,97.52 99.66 0 0,-0.0135,False,True,0.098
1381,oito138,97.1104,101.0209,-0.1097,-0.0,-0.0,-18.7401,97.54 99.58 0 0,-0.0133,False,True,0.0981
1382,oito138,97.1153,101.0209,-0.11,-0.0,-0.0,-19.1324,97.54 99.58 0 0,-0.013,False,True,0.0984
1383,oito138,97.1202,101.0208,-0.1091,-0.0,-0.0,-19.5221,97.54 99.58 0 0,-0.0128,False,True,0.0987
1384,oito138,97.1252,101.0208,-0.1072,-0.0,-0.0,-19.9092,97.54 99.58 0 0,-0.0125,False,True,0.099
1385,oito138,97.1301,101.0206,-0.1044,-0.0,-0.0,-20.294,97.54 99.58 0 0,-0.0123,False,True,0.0994
1386,oito138,97.1351,101.0205,-0.1006,-0.0,-0.0,-20.6766,97.54 99.58 0 0,-0.012,False,True,0.0997
1387,oito138,97.1401,101.0204,-0.0961,-0.0,-0.0,-21.0573,97.54 99.58 0 0,-0.0119,False,True,0.1
1388,oito138,97.1451,101.0202,-0.0909,-0.0,-0.0,-21.4364,97.54 99.58 0 0,-0.0117,False,True,0.1003
1389,oito138,97.1502,101.02,-0.0853,-0.0,-0.0,-21.8142,97.54 99.58 0 0,-0.0116,False,True,0.1005
1390,oito138,97.1552,101.0197,-0.0794,-0.0,-0.0,-22.191,97.54 99.58 0 0,-0.0115,False,True,0.1007
1391,oito139,97.1602,101.0195,-0.0733,-0.0,-0.0,-22.5672,97.55 99.51 0 0,-0.0114,False,True,0.101
1392,oito139,97.1653,101.0192,-0.0674,-0.0,-0.0,-22.943,97.55 99.51 0 0,-0.0113,False,True,0.1013
1393,oito139,97.1704,101.0189,-0.0617,-0.0,-0.0,-23.3189,97.55 99.51 0 0,-0.0113,False,True,0.1017
1394,oito139,97.1755,101.0186,-0.0565,-0.0,-0.0,-23.695,97.55 99.51 0 0,-0.0113,False,True,0.102
1395,oito139,97.1805,101.0182,-0.0518,-0.0,-0.0,-24.0716,97.55 99.51 0 0,-0.0113,False,True,0.1022
1396,oito139,97.1857,101.0178,-0.0479,-0.0,-0.0,-24.4489,97.55 99.51 0 0,-0.0112,False,True,0.1027
1397,oito139,97.1908,101.0174,-0.0448,-0.0,-0.0,-24.8271,97.55 99.51 0 0,-0.0113,False,True,0.1029
1398,oito139,97.1959,101.017,-0.0426,-0.0,-0.0,-25.2062,97.55 99.51 0 0,-0.0113,False,True,0.1031
1399,oito139,97.2011,101.0165,-0.0414,-0.0,-0.0,-25.5862,97.55 99.51 0 0,-0.0113,False,True,0.1036
1400,oito139,97.2062,101.016,-0.0413,-0.0,-0.0,-25.9671,97.55 99.51 0 0,-0.0113,False,True,0.1036
1401,oito140,97.2114,101.0155,-0.0422,-0.0,-0.0,-26.3489,97.57 99.44 0 0,-0.0113,False,True,0.104
1402,oito140,97.2166,101.0149,-0.0441,-0.0,-0.0,-26.7315,97.57 99.44 0 0,-0.0113,False,True,0.1043
1403,oito140,97.2218,101.0144,-0.0471,-0.0,-0.0,-27.1145,97.57 99.44 0 0,-0.0112,False,True,0.1046
1404,oito140,97.227,101.0138,-0.0509,-0.0,-0.0,-27.4978,97.57 99.44 0 0,-0.0112,False,True,0.1051
1405,oito140,97.2322,101.0131,-0.0555,-0.0,-0.0,-27.881,97.57 99.44 0 0,-0.0111,False,True,0.1053
1406,oito140,97.2375,101.0125,-0.0607,-0.0,-0.0,-28.264,97.57 99.44 0 0,-0.011,False,True,0.1057
1407,oito140,97.2427,101.0118,-0.0663,-0.0,-0.0,-28.6463,97.57 99.44 0 0,-0.0109,False,True,0.1059
1408,oito140,97.248,101.011,-0.0723,-0.0,-0.0,-29.0276,97.57 99.44 0 0,-0.0108,False,True,0.1063
1409,oito140,97.2533,101.0103,-0.0783,-0.0,-0.0,-29.4077,97.57 99.44 0 0,-0.0107,False,True,0.1065
1410,oito140,97.2586,101.0095,-0.0842,-0.0,-0.0,-29.786,97.57 99.44 0 0,-0.0105,False,True,0.1067
1411,oito141,97.2638,101.0087,-0.0899,-0.0,-0.0,-30.1624,97.59 99.36 0 0,-0.0103,False,True,0.1071
1412,oito141,97.2692,101.0079,-0.0951,-0.0,-0.0,-30.5365,97.59 99.36 0 0,-0.0101,False,True,0.1075
1413,oito141,97.2745,101.007,-0.0997,-0.0,-0.0,-30.9081,97.59 99.36 0 0,-0.0099,False,True,0.1077
1414,oito141,97.2798,101.0061,-0.1036,-0.0,-0.0,-31.277,97.59 99.36 0 0,-0.0096,False,True,0.1082
1415,oito141,97.2851,101.0052,-0.1066,-0.0,-0.0,-31.6431,97.59 99.36 0 0,-0.0093,False,True,0.1084
1416,oito141,97.2905,101.0042,-0.1087,-0.0,-0.0,-32.0063,97.59 99.36 0 0,-0.009,False,True,0.109
1417,oito141,97.2959,101.0032,-0.1098,-0.0,-0.0,-32.3665,97.59 99.36 0 0,-0.0088,False,True,0.1091
1418,oito141,97.3013,101.0022,-0.1099,-0.0,-0.0,-32.7237,97.59 99.36 0 0,-0.0085,False,True,0.1095
1419,oito141,97.3066,101.0012,-0.1089,-0.0,-0.0,-33.0782,97.59 99.36 0 0,-0.0082,False,True,0.1099
1420,oito141,97.312,101.0001,-0.1069,-0.0,-0.0,-33.43,97.59 99.36 0 0,-0.008,False,True,0.1102
1421,oito142,97.3175,100.999,-0.1039,-0.0,-0.0,-33.7793,97.61 99.29 0 0,-0.0077,False,True,0.1104
1422,oito142,97.3229,100.9978,-0.1001,-0.0,-0.0,-34.1262,97.61 99.29 0 0,-0.0075,False,True,0.1107
1423,oito142,97.3283,100.9967,-0.0954,-0.0,-0.0,-34.471,97.61 99.29 0 0,-0.0073,False,True,0.1111
1424,oito142,97.3338,100.9955,-0.0902,-0.0,-0.0,-34.814,97.61 99.29 0 0,-0.0071,False,True,0.1116
1425,oito142,97.3392,100.9943,-0.0845,-0.0,-0.0,-35.1555,97.61 99.29 0 0,-0.007,False,True,0.1118
1426,oito142,97.3447,100.993,-0.0786,-0.0,-0.0,-35.4957,97.61 99.29 0 0,-0.0068,False,True,0.1122
1427,oito142,97.3502,100.9917,-0.0725,-0.0,-0.0,-35.835,97.61 99.29 0 0,-0.0068,False,True,0.1125
1428,oito142,97.3557,100.9904,-0.0666,-0.0,-0.0,-36.1736,97.61 99.29 0 0,-0.0067,False,True,0.113
1429,oito142,97.3611,100.9891,-0.061,-0.0,-0.0,-36.5119,97.61 99.29 0 0,-0.0066,False,True,0.1131
1430,oito142,97.3667,100.9877,-0.0558,-0.0,-0.0,-36.85,97.61 99.29 0 0,-0.0066,False,True,0.1135
1431,oito143,97.3722,100.9863,-0.0513,-0.0,-0.0,-37.1883,97.64 99.22 0 0,-0.0066,False,True,0.1138
1432,oito143,97.3777,100.9849,-0.0474,-0.0,-0.0,-37.5267,97.64 99.22 0 0,-0.0065,False,True,0.1141
1433,oito143,97.3832,100.9834,-0.0444,-0.0,-0.0,-37.8654,97.64 99.22 0 0,-0.0065,False,True,0.1144
1434,oito143,97.3888,100.982,-0.0424,-0.0,-0.0,-38.2043,97.64 99.22 0 0,-0.0065,False,True,0.1148
1435,oito143,97.3943,100.9805,-0.0414,-0.0,-0.0,-38.5437,97.64 99.22 0 0,-0.0064,False,True,0.1151
1436,oito143,97.3999,100.9789,-0.0414,-0.0,-0.0,-38.8834,97.64 99.22 0 0,-0.0064,False,True,0.1156
1437,oito143,97.4055,100.9774,-0.0424,-0.0,-0.0,-39.2234,97.64 99.22 0 0,-0.0064,False,True,0.1158
1438,oito143,97.4111,100.9758,-0.0445,-0.0,-0.0,-39.5637,97.64 99.22 0 0,-0.0063,False,True,0.1162
1439,oito143,97.4166,100.9741,-0.0475,-0.0,-0.0,-39.904,97.64 99.22 0 0,-0.0063,False,True,0.1163
1440,oito143,97.4222,100.9725,-0.0514,-0.0,-0.0,-40.2443,97.64 99.22 0 0,-0.0062,False,True,0.1167
1441,oito144,97.4278,100.9708,-0.0561,-0.0,-0.0,-40.5842,97.67 99.15 0 0,-0.0062,False,True,0.117
1442,oito144,97.4335,100.9691,-0.0614,-0.0,-0.0,-40.9234,97.67 99.15 0 0,-0.0061,False,True,0.1173
1443,oito144,97.4391,100.9674,-0.0671,-0.0,-0.0,-41.2616,97.67 99.15 0 0,-0.006,False,True,0.1176
1444,oito144,97.4447,100.9656,-0.0731,-0.0,-0.0,-41.5984,97.67 99.15 0 0,-0.0058,False,True,0.118
1445,oito144,97.4504,100.9639,-0.0791,-0.0,-0.0,-41.9337,97.67 99.15 0 0,-0.0056,False,True,0.1184
1446,oito144,97.456,100.9621,-0.085,-0.0,-0.0,-42.2671,97.67 99.15 0 0,-0.0055,False,True,0.1187
1447,oito144,97.4617,100.9602,-0.0906,-0.0,-0.0,-42.5983,97.67 99.15 0 0,-0.0053,False,True,0.1189
1448,oito144,97.4673,100.9584,-0.0957,-0.0,-0.0,-42.9273,97.67 99.15 0 0,-0.0051,False,True,0.1193
1449,oito144,97.473,100.9565,-0.1003,-0.0,-0.0,-43.2537,97.67 99.15 0 0,-0.0049,False,True,0.1195
1450,oito144,97.4787,100.9546,-0.104,-0.0,-0.0,-43.5776,97.67 99.15 0 0,-0.0046,False,True,0.1198
1451,oito145,97.4844,100.9526,-0.107,-0.0,-0.0,-43.8986,97.71 99.09 0 0,-0.0044,False,True,0.1201
1452,oito145,97.4901,100.9507,-0.1089,-0.0,-0.0,-44.2168,97.71 99.09 0 0,-0.0041,False,True,0.1204
1453,oito145,97.4958,100.9487,-0.1099,-0.0,-0.0,-44.5318,97.71 99.09 0 0,-0.0039,False,True,0.1207
1454,oito145,97.5015,100.9467,-0.1098,-0.0,-0.0,-44.8438,97.71 99.09 0 0,-0.0036,False,True,0.121
1455,oito145,97.5072,100.9446,-0.1087,-0.0,-0.0,-45.1529,97.71 99.09 0 0,-0.0033,False,True,0.1213
1456,oito145,97.5129,100.9426,-0.1066,-0.0,-0.0,-45.4592,97.71 99.09 0 0,-0.0031,False,True,0.1214
1457,oito145,97.5186,100.9405,-0.1035,-0.0,-0.0,-45.763,97.71 99.09 0 0,-0.0028,False,True,0.1219
1458,oito145,97.5244,100.9384,-0.0995,-0.0,-0.0,-46.0643,97.71 99.09 0 0,-0.0027,False,True,0.122
1459,oito145,97.5301,100.9363,-0.0948,-0.0,-0.0,-46.3635,97.71 99.09 0 0,-0.0025,False,True,0.1223
1460,oito145,97.5358,100.9341,-0.0895,-0.0,-0.0,-46.6609,97.71 99.09 0 0,-0.0023,False,True,0.1225
1461,oito146,97.5416,100.932,-0.0837,-0.0,-0.0,-46.9567,97.75 99.03 0 0,-0.0022,False,True,0.1229
1462,oito146,97.5473,100.9298,-0.0778,-0.0,-0.0,-47.251,97.75 99.03 0 0,-0.0021,False,True,0.1229
1463,oito146,97.5531,100.9276,-0.0718,-0.0,-0.0,-47.5439,97.75 99.03 0 0,-0.002,False,True,0.1234
1464,oito146,97.5588,100.9254,-0.0659,-0.0,-0.0,-47.8357,97.75 99.03 0 0,-0.0019,False,True,0.1235
1465,oito146,97.5646,100.9231,-0.0603,-0.0,-0.0,-48.1268,97.75 99.03 0 0,-0.0018,False,True,0.1238
1466,oito146,97.5704,100.9208,-0.0552,-0.0,-0.0,-48.4172,97.75 99.03 0 0,-0.0017,False,True,0.1241
1467,oito146,97.5762,100.9185,-0.0507,-0.0,-0.0,-48.7072,97.75 99.03 0 0,-0.0017,False,True,0.1244
1468,oito146,97.5819,100.9162,-0.047,-0.0,-0.0,-48.9971,97.75 99.03 0 0,-0.0017,False,True,0.1244
1469,oito146,97.5877,100.9139,-0.0441,-0.0,-0.0,-49.2869,97.75 99.03 0 0,-0.0016,False,True,0.1248
1470,oito146,97.5935,100.9116,-0.0422,-0.0,-0.0,-49.5767,97.75 99.03 0 0,-0.0016,False,True,0.125
1471,oito147,97.5993,100.9092,-0.0413,-0.0,-0.0,-49.8666,97.79 98.97 0 0,-0.0016,False,True,0.1251
1472,oito147,97.6051,100.9068,-0.0414,-0.0,-0.0,-50.1564,97.79 98.97 0 0,-0.0016,False,True,0.1253
1473,oito147,97.6109,100.9044,-0.0426,-0.0,-0.0,-50.446,97.79 98.97 0 0,-0.0015,False,True,0.1257
1474,oito147,97.6167,100.902,-0.0448,-0.0,-0.0,-50.7353,97.79 98.97 0 0,-0.0015,False,True,0.1258
1475,oito147,97.6225,100.8995,-0.048,-0.0,-0.0,-51.0241,97.79 98.97 0 0,-0.0014,False,True,0.126
1476,oito147,97.6283,100.8971,-0.052,-0.0,-0.0,-51.3124,97.79 98.97 0 0,-0.0013,False,True,0.1263
1477,oito147,97.6342,100.8946,-0.0568,-0.0,-0.0,-51.6001,97.79 98.97 0 0,-0.0013,False,True,0.1264
1478,oito147,97.64,100.8921,-0.0621,-0.0,-0.0,-51.8868,97.79 98.97 0 0,-0.0012,False,True,0.1267
1479,oito147,97.6458,100.8896,-0.0679,-0.0,-0.0,-52.1724,97.79 98.97 0 0,-0.0011,False,True,0.1267
1480,oito147,97.6516,100.887,-0.0739,-0.0,-0.0,-52.4567,97.79 98.97 0 0,-0.001,False,True,0.1269
1481,oito148,97.6574,100.8845,-0.0799,-0.0,-0.0,-52.7396,97.84 98.91 0 0,-0.0009,False,True,0.1272
1482,oito148,97.6633,100.8819,-0.0858,-0.0,-0.0,-53.0204,97.84 98.91 0 0,-0.0007,False,True,0.1272
1483,oito148,97.6691,100.8794,-0.0913,-0.0,-0.0,-53.299,97.84 98.91 0 0,-0.0005,False,True,0.1275
1484,oito148,97.6749,100.8768,-0.0964,-0.0,-0.0,-53.5751,97.84 98.91 0 0,-0.0004,False,True,0.1276
1485,oito148,97.6808,100.8741,-0.1008,-0.0,-0.0,-53.8486,97.84 98.91 0 0,-0.0001,False,True,0.1279
1486,oito148,97.6866,100.8715,-0.1045,-0.0,-0.0,-54.1195,97.84 98.91 0 0,0.0001,False,True,0.1281
1487,oito148,97.6924,100.8689,-0.1073,-0.0,-0.0,-54.3877,97.84 98.91 0 0,0.0003,False,True,0.1282
1488,oito148,97.6983,100.8662,-0.1091,-0.0,-0.0,-54.6532,97.84 98.91 0 0,0.0005,False,True,0.1283
1489,oito148,97.7041,100.8635,-0.11,-0.0,-0.0,-54.916,97.84 98.91 0 0,0.0007,False,True,0.1285
1490,oito148,97.7099,100.8608,-0.1098,-0.0,-0.0,-55.1762,97.84 98.91 0 0,0.0009,False,True,0.1286
1491,oito149,97.7158,100.8581,-0.1085,-0.0,-0.0,-55.4339,97.9 98.86 0 0,0.0011,False,True,0.1288
1492,oito149,97.7216,100.8554,-0.1062,-0.0,-0.0,-55.6889,97.9 98.86 0 0,0.0014,False,True,0.1289
1493,oito149,97.7275,100.8527,-0.103,-0.0,-0.0,-55.9412,97.9 98.86 0 0,0.0016,False,True,0.1289
1494,oito149,97.7333,100.8499,-0.0989,-0.0,-0.0,-56.191,97.9 98.86 0 0,0.0018,False,True,0.1293
1495,oito149,97.7392,100.8472,-0.0941,-0.0,-0.0,-56.4386,97.9 98.86 0 0,0.0019,False,True,0.1292
1496,oito149,97.745,100.8444,-0.0887,-0.0,-0.0,-56.6841,97.9 98.86 0 0,0.0021,False,True,0.1294
1497,oito149,97.7509,100.8416,-0.083,-0.0,-0.0,-56.9278,97.9 98.86 0 0,0.0022,False,True,0.1296
1498,oito149,97.7567,100.8388,-0.077,-0.0,-0.0,-57.17,97.9 98.86 0 0,0.0023,False,True,0.1296
1499,oito149,97.7626,100.836,-0.071,-0.0,-0.0,-57.411,97.9 98.86 0 0,0.0024,False,True,0.1297
1500,oito149,97.7684,100.8332,-0.0651,-0.0,-0.0,-57.6509,97.9 98.86 0 0,0.0025,False,True,0.1299
1501,oito150,97.7742,100.8304,-0.0596,-0.0,-0.0,-57.89,97.96 98.82 0 0,0.0025,False,True,0.1299
1502,oito150,97.7801,100.8275,-0.0546,-0.0,-0.0,-58.1282,97.96 98.82 0 0,0.0025,False,True,0.1299
1503,oito150,97.7859,100.8247,-0.0502,-0.0,-0.0,-58.3654,97.96 98.82 0 0,0.0026,False,True,0.1301
1504,oito150,97.7918,100.8218,-0.0466,-0.0,-0.0,-58.6019,97.96 98.82 0 0,0.0027,False,True,0.1302
1505,oito150,97.7976,100.8189,-0.0438,-0.0,-0.0,-58.8378,97.96 98.82 0 0,0.0027,False,True,0.1303
1506,oito150,97.8035,100.816,-0.042,-0.0,-0.0,-59.0731,97.96 98.82 0 0,0.0028,False,True,0.1304
1507,oito150,97.8093,100.8131,-0.0413,-0.0,-0.0,-59.3079,97.96 98.82 0 0,0.0028,False,True,0.1305
1508,oito150,97.8151,100.8102,-0.0415,-0.0,-0.0,-59.5423,97.96 98.82 0 0,0.0028,False,True,0.1304
1509,oito150,97.821,100.8073,-0.0428,-0.0,-0.0,-59.7763,97.96 98.82 0 0,0.0029,False,True,0.1305
1510,oito150,97.8268,100.8044,-0.0452,-0.0,-0.0,-60.0098,97.96 98.82 0 0,0.0029,False,True,0.1306
1511,oito151,97.8327,100.8014,-0.0485,-0.0,-0.0,-60.2429,98.03 98.79 0 0,0.0029,False,True,0.1307
1512,oito151,97.8385,100.7985,-0.0526,-0.0,-0.0,-60.4749,98.03 98.79 0 0,0.003,False,True,0.1306
1513,oito151,97.8443,100.7955,-0.0574,-0.0,-0.0,-60.7057,98.03 98.79 0 0,0.0031,False,True,0.1307
1514,oito151,97.8501,100.7926,-0.0629,-0.0,-0.0,-60.935,98.03 98.79 0 0,0.0032,False,True,0.1308
1515,oito151,97.856,100.7896,-0.0687,-0.0,-0.0,-61.1627,98.03 98.79 0 0,0.0033,False,True,0.1308
1516,oito151,97.8618,100.7866,-0.0746,-0.0,-0.0,-61.3888,98.03 98.79 0 0,0.0034,False,True,0.1308
1517,oito151,97.8676,100.7836,-0.0807,-0.0,-0.0,-61.613,98.03 98.79 0 0,0.0035,False,True,0.1309
1518,oito151,97.8734,100.7806,-0.0865,-0.0,-0.0,-61.8353,98.03 98.79 0 0,0.0036,False,True,0.1309
1519,oito151,97.8792,100.7776,-0.092,-0.0,-0.0,-62.0556,98.03 98.79 0 0,0.0038,False,True,0.1309
1520,oito151,97.885,100.7746,-0.097,-0.0,-0.0,-62.2737,98.03 98.79 0 0,0.0039,False,True,0.1308
1521,oito152,97.8908,100.7716,-0.1013,-0.0,-0.0,-62.4896,98.1 98.77 0 0,0.0041,False,True,0.1309
1522,oito152,97.8966,100.7685,-0.1049,-0.0,-0.0,-62.7029,98.1 98.77 0 0,0.0043,False,True,0.1309
1523,oito152,97.9024,100.7655,-0.1076,-0.0,-0.0,-62.9134,98.1 98.77 0 0,0.0045,False,True,0.1309
1524,oito152,97.9082,100.7625,-0.1093,-0.0,-0.0,-63.121,98.1 98.77 0 0,0.0047,False,True,0.1308
1525,oito152,97.914,100.7594,-0.11,-0.0,-0.0,-63.3259,98.1 98.77 0 0,0.0049,False,True,0.1307
1526,oito152,97.9198,100.7563,-0.1096,-0.0,-0.0,-63.5281,98.1 98.77 0 0,0.0051,False,True,0.1308
1527,oito152,97.9256,100.7533,-0.1083,-0.0,-0.0,-63.7277,98.1 98.77 0 0,0.0053,False,True,0.1308
1528,oito152,97.9314,100.7502,-0.1059,-0.0,-0.0,-63.925,98.1 98.77 0 0,0.0055,False,True,0.1309
1529,oito152,97.9371,100.7471,-0.1025,-0.0,-0.0,-64.12,98.1 98.77 0 0,0.0056,False,True,0.1307
1530,oito152,97.9429,100.7441,-0.0983,-0.0,-0.0,-64.3129,98.1 98.77 0 0,0.0057,False,True,0.1307
1531,oito153,97.9486,100.741,-0.0934,-0.0,-0.0,-64.5039,98.17 98.75 0 0,0.0059,False,True,0.1307
1532,oito153,97.9544,100.7379,-0.088,-0.0,-0.0,-64.693,98.17 98.75 0 0,0.006,False,True,0.1305
1533,oito153,97.9602,100.7348,-0.0822,-0.0,-0.0,-64.8799,98.17 98.75 0 0,0.0061,False,True,0.1307
1534,oito153,97.9659,100.7317,-0.0762,-0.0,-0.0,-65.065,98.17 98.75 0 0,0.0062,False,True,0.1305
1535,oito153,97.9716,100.7286,-0.0702,-0.0,-0.0,-65.2485,98.17 98.75 0 0,0.0063,False,True,0.1304
1536,oito153,97.9774,100.7255,-0.0644,-0.0,-0.0,-65.4305,98.17 98.75 0 0,0.0063,False,True,0.1303
1537,oito153,97.9831,100.7224,-0.0589,-0.0,-0.0,-65.6113,98.17 98.75 0 0,0.0064,False,True,0.1304
1538,oito153,97.9888,100.7193,-0.0539,-0.0,-0.0,-65.7911,98.17 98.75 0 0,0.0064,False,True,0.1303
1539,oito153,97.9945,100.7162,-0.0496,-0.0,-0.0,-65.97,98.17 98.75 0 0,0.0065,False,True,0.1302
1540,oito153,98.0002,100.713,-0.0461,-0.0,-0.0,-66.1482,98.17 98.75 0 0,0.0065,False,True,0.1301
1541,oito154,98.0059,100.7099,-0.0435,-0.0,-0.0,-66.3258,98.25 98.75 0 0,0.0065,False,True,0.1302
1542,oito154,98.0116,100.7068,-0.0419,-0.0,-0.0,-66.5025,98.25 98.75 0 0,0.0066,False,True,0.1298
1543,oito154,98.0173,100.7037,-0.0412,-0.0,-0.0,-66.6779,98.25 98.75 0 0,0.0067,False,True,0.13
1544,oito154,98.023,100.7005,-0.0416,-0.0,-0.0,-66.8523,98.25 98.75 0 0,0.0067,False,True,0.1298
1545,oito154,98.0287,100.6974,-0.0431,-0.0,-0.0,-67.0256,98.25 98.75 0 0,0.0068,False,True,0.1297
1546,oito154,98.0344,100.6942,-0.0456,-0.0,-0.0,-67.1978,98.25 98.75 0 0,0.0068,False,True,0.1296
1547,oito154,98.04,100.6911,-0.049,-0.0,-0.0,-67.3689,98.25 98.75 0 0,0.0069,False,True,0.1294
1548,oito154,98.0457,100.688,-0.0532,-0.0,-0.0,-67.5389,98.25 98.75 0 0,0.0069,False,True,0.1294
1549,oito154,98.0513,100.6848,-0.0581,-0.0,-0.0,-67.7078,98.25 98.75 0 0,0.007,False,True,0.1294
1550,oito154,98.057,100.6817,-0.0636,-0.0,-0.0,-67.8754,98.25 98.75 0 0,0.0071,False,True,0.1292
1551,oito155,98.0626,100.6785,-0.0694,-0.0,-0.0,-68.0418,98.32 98.76 0 0,0.0071,False,True,0.129
1552,oito155,98.0682,100.6754,-0.0754,-0.0,-0.0,-68.2065,98.32 98.76 0 0,0.0072,False,True,0.1289
1553,oito155,98.0738,100.6722,-0.0814,-0.0,-0.0,-68.369,98.32 98.76 0 0,0.0073,False,True,0.1287
1554,oito155,98.0794,100.6691,-0.0872,-0.0,-0.0,-68.5295,98.32 98.76 0 0,0.0074,False,True,0.1286
1555,oito155,98.085,100.6659,-0.0927,-0.0,-0.0,-68.6878,98.32 98.76 0 0,0.0076,False,True,0.1285
1556,oito155,98.0906,100.6628,-0.0976,-0.0,-0.0,-68.8439,98.32 98.76 0 0,0.0077,False,True,0.1284
1557,oito155,98.0962,100.6596,-0.1018,-0.0,-0.0,-68.9979,98.32 98.76 0 0,0.0078,False,True,0.1282
1558,oito155,98.1018,100.6565,-0.1053,-0.0,-0.0,-69.1496,98.32 98.76 0 0,0.0079,False,True,0.128
1559,oito155,98.1074,100.6533,-0.1078,-0.0,-0.0,-69.2992,98.32 98.76 0 0,0.0081,False,True,0.128
1560,oito155,98.1129,100.6502,-0.1094,-0.0,-0.0,-69.4468,98.32 98.76 0 0,0.0082,False,True,0.1276
1561,oito156,98.1185,100.647,-0.11,-0.0,-0.0,-69.5923,98.4 98.77 0 0,0.0084,False,True,0.1276
1562,oito156,98.124,100.6439,-0.1095,-0.0,-0.0,-69.7354,98.4 98.77 0 0,0.0085,False,True,0.1274
1563,oito156,98.1295,100.6407,-0.108,-0.0,-0.0,-69.8759,98.4 98.77 0 0,0.0087,False,True,0.1272
1564,oito156,98.135,100.6376,-0.1055,-0.0,-0.0,-70.0139,98.4 98.77 0 0,0.0089,False,True,0.1272
1565,oito156,98.1406,100.6344,-0.102,-0.0,-0.0,-70.1497,98.4 98.77 0 0,0.009,False,True,0.127
1566,oito156,98.1461,100.6313,-0.0977,-0.0,-0.0,-70.2833,98.4 98.77 0 0,0.0091,False,True,0.1267
1567,oito156,98.1516,100.6282,-0.0928,-0.0,-0.0,-70.4149,98.4 98.77 0 0,0.0092,False,True,0.1266
1568,oito156,98.157,100.625,-0.0873,-0.0,-0.0,-70.5448,98.4 98.77 0 0,0.0093,False,True,0.1264
1569,oito156,98.1625,100.6219,-0.0814,-0.0,-0.0,-70.673,98.4 98.77 0 0,0.0094,False,True,0.1263
1570,oito156,98.168,100.6187,-0.0754,-0.0,-0.0,-70.7998,98.4 98.77 0 0,0.0094,False,True,0.126
1571,oito157,98.1734,100.6156,-0.0694,-0.0,-0.0,-70.9254,98.47 98.79 0 0,0.0095,False,True,0.1258
1572,oito157,98.1789,100.6125,-0.0636,-0.0,-0.0,-71.0494,98.47 98.79 0 0,0.0096,False,True,0.1257
1573,oito157,98.1843,100.6093,-0.0582,-0.0,-0.0,-71.1719,98.47 98.79 0 0,0.0096,False,True,0.1255
1574,oito157,98.1898,100.6062,-0.0533,-0.0,-0.0,-71.2928,98.47 98.79 0 0,0.0097,False,True,0.1254
1575,oito157,98.1952,100.6031,-0.0491,-0.0,-0.0,-71.4124,98.47 98.79 0 0,0.0097,False,True,0.1251
1576,oito157,98.2006,100.6,-0.0457,-0.0,-0.0,-71.5308,98.47 98.79 0 0,0.0098,False,True,0.1249
1577,oito157,98.206,100.5968,-0.0433,-0.0,-0.0,-71.6482,98.47 98.79 0 0,0.0098,False,True,0.1246
1578,oito157,98.2114,100.5937,-0.0417,-0.0,-0.0,-71.7645,98.47 98.79 0 0,0.0098,False,True,0.1245
1579,oito157,98.2167,100.5906,-0.0412,-0.0,-0.0,-71.8799,98.47 98.79 0 0,0.0099,False,True,0.1243
1580,oito157,98.2221,100.5875,-0.0418,-0.0,-0.0,-71.9945,98.47 98.79 0 0,0.0099,False,True,0.1241
1581,oito158,98.2275,100.5844,-0.0434,-0.0,-0.0,-72.1083,98.54 98.82 0 0,0.0099,False,True,0.1239
1582,oito158,98.2328,100.5813,-0.046,-0.0,-0.0,-72.221,98.54 98.82 0 0,0.01,False,True,0.1237
1583,oito158,98.2382,100.5782,-0.0495,-0.0,-0.0,-72.3321,98.54 98.82 0 0,0.0101,False,True,0.1235
1584,oito158,98.2435,100.5751,-0.0538,-0.0,-0.0,-72.4417,98.54 98.82 0 0,0.0101,False,True,0.1232
1585,oito158,98.2488,100.572,-0.0588,-0.0,-0.0,-72.5499,98.54 98.82 0 0,0.0102,False,True,0.123
1586,oito158,98.2541,100.5689,-0.0643,-0.0,-0.0,-72.6566,98.54 98.82 0 0,0.0103,False,True,0.1227
1587,oito158,98.2594,100.5658,-0.0702,-0.0,-0.0,-72.7619,98.54 98.82 0 0,0.0103,False,True,0.1225
1588,oito158,98.2647,100.5628,-0.0762,-0.0,-0.0,-72.8657,98.54 98.82 0 0,0.0104,False,True,0.1223
1589,oito158,98.27,100.5597,-0.0822,-0.0,-0.0,-72.968,98.54 98.82 0 0,0.0104,False,True,0.1221
1590,oito158,98.2752,100.5566,-0.088,-0.0,-0.0,-73.0689,98.54 98.82 0 0,0.0105,False,True,0.1219
1591,oito159,98.2805,100.5535,-0.0934,-0.0,-0.0,-73.1683,98.61 98.85 0 0,0.0105,False,True,0.1217
1592,oito159,98.2857,100.5505,-0.0982,-0.0,-0.0,-73.2658,98.61 98.85 0 0,0.0106,False,True,0.1214
1593,oito159,98.2909,100.5474,-0.1023,-0.0,-0.0,-73.3612,98.61 98.85 0 0,0.0108,False,True,0.121
1594,oito159,98.2962,100.5444,-0.1057,-0.0,-0.0,-73.4544,98.61 98.85 0 0,0.0109,False,True,0.1209
1595,oito159,98.3014,100.5413,-0.1081,-0.0,-0.0,-73.5455,98.61 98.85 0 0,0.011,False,True,0.1207
1596,oito159,98.3066,100.5383,-0.1096,-0.0,-0.0,-73.6347,98.61 98.85 0 0,0.0111,False,True,0.1204
1597,oito159,98.3118,100.5353,-0.11,-0.0,-0.0,-73.7219,98.61 98.85 0 0,0.0112,False,True,0.1201
1598,oito159,98.3169,100.5322,-0.1094,-0.0,-0.0,-73.8074,98.61 98.85 0 0,0.0114,False,True,0.12
1599,oito159,98.3221,100.5292,-0.1077,-0.0,-0.0,-73.8911,98.61 98.85 0 0,0.0115,False,True,0.1198
1600,oito159,98.3273,100.5262,-0.1051,-0.0,-0.0,-73.9733,98.61 98.85 0 0,0.0115,False,True,0.1193
1601,oito160,98.3324,100.5232,-0.1015,-0.0,-0.0,-74.054,98.68 98.88 0 0,0.0116,False,True,0.1192
1602,oito160,98.3375,100.5202,-0.0971,-0.0,-0.0,-74.1329,98.68 98.88 0 0,0.0117,False,True,0.119
1603,oito160,98.3427,100.5172,-0.0921,-0.0,-0.0,-74.2098,98.68 98.88 0 0,0.0118,False,True,0.1187
1604,oito160,98.3478,100.5142,-0.0865,-0.0,-0.0,-74.2848,98.68 98.88 0 0,0.0119,False,True,0.1184
1605,oito160,98.3529,100.5112,-0.0806,-0.0,-0.0,-74.3582,98.68 98.88 0 0,0.012,False,True,0.1182
1606,oito160,98.3579,100.5082,-0.0746,-0.0,-0.0,-74.43,98.68 98.88 0 0,0.012,False,True,0.118
1607,oito160,98.363,100.5052,-0.0686,-0.0,-0.0,-74.5003,98.68 98.88 0 0,0.0121,False,True,0.1178
1608,oito160,98.3681,100.5023,-0.0629,-0.0,-0.0,-74.5694,98.68 98.88 0 0,0.0121,False,True,0.1174
1609,oito160,98.3731,100.4993,-0.0575,-0.0,-0.0,-74.6374,98.68 98.88 0 0,0.0121,False,True,0.1172
1610,oito160,98.3782,100.4963,-0.0527,-0.0,-0.0,-74.7043,98.68 98.88 0 0,0.0122,False,True,0.1171
1611,oito161,98.3832,100.4934,-0.0486,-0.0,-0.0,-74.7704,98.74 98.91 0 0,0.0122,False,True,0.1166
1612,oito161,98.3883,100.4904,-0.0454,-0.0,-0.0,-74.8352,98.74 98.91 0 0,0.0123,False,True,0.1165
1613,oito161,98.3933,100.4875,-0.043,-0.0,-0.0,-74.8986,98.74 98.91 0 0,0.0123,False,True,0.1161
1614,oito161,98.3983,100.4846,-0.0416,-0.0,-0.0,-74.9606,98.74 98.91 0 0,0.0124,False,True,0.1161
1615,oito161,98.4033,100.4816,-0.0412,-0.0,-0.0,-75.0214,98.74 98.91 0 0,0.0124,False,True,0.1156
1616,oito161,98.4082,100.4787,-0.0419,-0.0,-0.0,-75.081,98.74 98.91 0 0,0.0124,False,True,0.1154
1617,oito161,98.4132,100.4758,-0.0437,-0.0,-0.0,-75.1395,98.74 98.91 0 0,0.0125,False,True,0.1152
1618,oito161,98.4182,100.4729,-0.0464,-0.0,-0.0,-75.1969,98.74 98.91 0 0,0.0125,False,True,0.115
1619,oito161,98.4231,100.47,-0.05,-0.0,-0.0,-75.2534,98.74 98.91 0 0,0.0126,False,True,0.1146
1620,oito161,98.428,100.4671,-0.0544,-0.0,-0.0,-75.3089,98.74 98.91 0 0,0.0126,False,True,0.1144
1621,oito162,98.433,100.4642,-0.0595,-0.0,-0.0,-75.3635,98.81 98.95 0 0,0.0126,False,True,0.1142
1622,oito162,98.4379,100.4613,-0.0651,-0.0,-0.0,-75.4168,98.81 98.95 0 0,0.0127,False,True,0.1139
1623,oito162,98.4428,100.4585,-0.071,-0.0,-0.0,-75.4683,98.81 98.95 0 0,0.0127,False,True,0.1135
1624,oito162,98.4477,100.4556,-0.077,-0.0,-0.0,-75.5181,98.81 98.95 0 0,0.0128,False,True,0.1134
1625,oito162,98.4525,100.4527,-0.083,-0.0,-0.0,-75.5664,98.81 98.95 0 0,0.0129,False,True,0.1131
1626,oito162,98.4574,100.4499,-0.0887,-0.0,-0.0,-75.613,98.81 98.95 0 0,0.0129,False,True,0.1128
1627,oito162,98.4623,100.447,-0.094,-0.0,-0.0,-75.6582,98.81 98.95 0 0,0.013,False,True,0.1125
1628,oito162,98.4671,100.4442,-0.0988,-0.0,-0.0,-75.702,98.81 98.95 0 0,0.013,False,True,0.1122
1629,oito162,98.4719,100.4414,-0.1028,-0.0,-0.0,-75.7444,98.81 98.95 0 0,0.0131,False,True,0.1121
1630,oito162,98.4768,100.4386,-0.1061,-0.0,-0.0,-75.7855,98.81 98.95 0 0,0.0131,False,True,0.1117
1631,oito163,98.4816,100.4357,-0.1084,-0.0,-0.0,-75.8254,98.87 98.99 0 0,0.0132,False,True,0.1115
1632,oito163,98.4864,100.4329,-0.1097,-0.0,-0.0,-75.8637,98.87 98.99 0 0,0.0133,False,True,0.1113
1633,oito163,98.4912,100.4301,-0.11,-0.0,-0.0,-75.9001,98.87 98.99 0 0,0.0134,False,True,0.111
1634,oito163,98.4959,100.4273,-0.1092,-0.0,-0.0,-75.9347,98.87 98.99 0 0,0.0135,False,True,0.1106
1635,oito163,98.5007,100.4246,-0.1074,-0.0,-0.0,-75.9677,98.87 98.99 0 0,0.0136,False,True,0.1104
1636,oito163,98.5055,100.4218,-0.1047,-0.0,-0.0,-75.9992,98.87 98.99 0 0,0.0137,False,True,0.1102
1637,oito163,98.5102,100.419,-0.101,-0.0,-0.0,-76.0292,98.87 98.99 0 0,0.0138,False,True,0.1099
1638,oito163,98.515,100.4163,-0.0965,-0.0,-0.0,-76.0579,98.87 98.99 0 0,0.0138,False,True,0.1096
1639,oito163,98.5197,100.4135,-0.0914,-0.0,-0.0,-76.0855,98.87 98.99 0 0,0.0139,False,True,0.1094
1640,oito163,98.5244,100.4108,-0.0857,-0.0,-0.0,-76.1119,98.87 98.99 0 0,0.0139,False,True,0.1091
1641,oito164,98.5291,100.408,-0.0798,-0.0,-0.0,-76.1373,98.93 99.03 0 0,0.0139,False,True,0.1087
1642,oito164,98.5338,100.4053,-0.0738,-0.0,-0.0,-76.1614,98.93 99.03 0 0,0.014,False,True,0.1087
1643,oito164,98.5385,100.4026,-0.0679,-0.0,-0.0,-76.1838,98.93 99.03 0 0,0.014,False,True,0.1082
1644,oito164,98.5432,100.3999,-0.0621,-0.0,-0.0,-76.2047,98.93 99.03 0 0,0.0141,False,True,0.1081
1645,oito164,98.5478,100.3972,-0.0569,-0.0,-0.0,-76.2242,98.93 99.03 0 0,0.0142,False,True,0.1077
1646,oito164,98.5525,100.3945,-0.0522,-0.0,-0.0,-76.2423,98.93 99.03 0 0,0.0142,False,True,0.1073
1647,oito164,98.5571,100.3918,-0.0482,-0.0,-0.0,-76.2593,98.93 99.03 0 0,0.0143,False,True,0.1073
1648,oito164,98.5617,100.3891,-0.045,-0.0,-0.0,-76.2751,98.93 99.03 0 0,0.0142,False,True,0.1068
1649,oito164,98.5664,100.3865,-0.0428,-0.0,-0.0,-76.2899,98.93 99.03 0 0,0.0143,False,True,0.1068
1650,oito164,98.571,100.3838,-0.0415,-0.0,-0.0,-76.3038,98.93 99.03 0 0,0.0143,False,True,0.1064
1651,oito165,98.5756,100.3812,-0.0413,-0.0,-0.0,-76.3168,98.99 99.08 0 0,0.0144,False,True,0.1062
1652,oito165,98.5802,100.3785,-0.0421,-0.0,-0.0,-76.3285,98.99 99.08 0 0,0.0144,False,True,0.1058
1653,oito165,98.5847,100.3759,-0.044,-0.0,-0.0,-76.3386,98.99 99.08 0 0,0.0145,False,True,0.1056
1654,oito165,98.5893,100.3733,-0.0468,-0.0,-0.0,-76.3471,98.99 99.08 0 0,0.0146,False,True,0.1053
1655,oito165,98.5938,100.3707,-0.0505,-0.0,-0.0,-76.3541,98.99 99.08 0 0,0.0146,False,True,0.105
1656,oito165,98.5984,100.3681,-0.0551,-0.0,-0.0,-76.3598,98.99 99.08 0 0,0.0147,False,True,0.1048
1657,oito165,98.6029,100.3655,-0.0602,-0.0,-0.0,-76.3642,98.99 99.08 0 0,0.0147,False,True,0.1044
1658,oito165,98.6075,100.3629,-0.0659,-0.0,-0.0,-76.3674,98.99 99.08 0 0,0.0148,False,True,0.1042
1659,oito165,98.612,100.3603,-0.0718,-0.0,-0.0,-76.3695,98.99 99.08 0 0,0.0148,False,True,0.1039
1660,oito165,98.6165,100.3577,-0.0778,-0.0,-0.0,-76.3706,98.99 99.08 0 0,0.0148,False,True,0.1036
1661,oito166,98.621,100.3552,-0.0838,-0.0,-0.0,-76.3707,99.05 99.12 0 0,0.0148,False,True,0.1034
1662,oito166,98.6254,100.3526,-0.0894,-0.0,-0.0,-76.3695,99.05 99.12 0 0,0.0146,False,True,0.1031
1663,oito166,98.6299,100.3501,-0.0947,-0.0,-0.0,-76.3666,99.05 99.12 0 0,0.0145,False,True,0.1029
1664,oito166,98.6344,100.3476,-0.0994,-0.0,-0.0,-76.3621,99.05 99.12 0 0,0.0143,False,True,0.1024
1665,oito166,98.6388,100.3451,-0.1033,-0.0,-0.0,-76.3561,99.05 99.12 0 0,0.0142,False,True,0.1024
1666,oito166,98.6433,100.3426,-0.1064,-0.0,-0.0,-76.3488,99.05 99.12 0 0,0.014,False,True,0.1019
1667,oito166,98.6477,100.3401,-0.1086,-0.0,-0.0,-76.3402,99.05 99.12 0 0,0.0139,False,True,0.1017
1668,oito166,98.6521,100.3376,-0.1098,-0.0,-0.0,-76.3304,99.05 99.12 0 0,0.0138,False,True,0.1014
1669,oito166,98.6565,100.3351,-0.1099,-0.0,-0.0,-76.3196,99.05 99.12 0 0,0.0138,False,True,0.1012
1670,oito166,98.6609,100.3326,-0.109,-0.0,-0.0,-76.3078,99.05 99.12 0 0,0.0137,False,True,0.1009
1671,oito167,98.6653,100.3302,-0.1071,-0.0,-0.0,-76.2952,99.11 99.17 0 0,0.0136,False,True,0.1006
1672,oito167,98.6697,100.3277,-0.1042,-0.0,-0.0,-76.2812,99.11 99.17 0 0,0.0135,False,True,0.1005
1673,oito167,98.6741,100.3253,-0.1004,-0.0,-0.0,-76.2654,99.11 99.17 0 0,0.0133,False,True,0.1001
1674,oito167,98.6784,100.3229,-0.0958,-0.0,-0.0,-76.2481,99.11 99.17 0 0,0.0132,False,True,0.0998
1675,oito167,98.6828,100.3204,-0.0906,-0.0,-0.0,-76.2292,99.11 99.17 0 0,0.013,False,True,0.0995
1676,oito167,98.6871,100.318,-0.085,-0.0,-0.0,-76.2089,99.11 99.17 0 0,0.0129,False,True,0.0992
1677,oito167,98.6915,100.3156,-0.079,-0.0,-0.0,-76.1873,99.11 99.17 0 0,0.0128,False,True,0.099
1678,oito167,98.6958,100.3133,-0.073,-0.0,-0.0,-76.1645,99.11 99.17 0 0,0.0126,False,True,0.0987
1679,oito167,98.7001,100.3109,-0.0671,-0.0,-0.0,-76.1406,99.11 99.17 0 0,0.0125,False,True,0.0985
1680,oito167,98.7044,100.3085,-0.0614,-0.0,-0.0,-76.1156,99.11 99.17 0 0,0.0124,False,True,0.0982
1681,oito168,98.7087,100.3062,-0.0562,-0.0,-0.0,-76.0896,99.17 99.22 0 0,0.0123,False,True,0.0979
1682,oito168,98.713,100.3038,-0.0516,-0.0,-0.0,-76.0622,99.17 99.22 0 0,0.0121,False,True,0.0977
1683,oito168,98.7172,100.3015,-0.0477,-0.0,-0.0,-76.0328,99.17 99.22 0 0,0.0119,False,True,0.0974
1684,oito168,98.7215,100.2991,-0.0446,-0.0,-0.0,-76.0015,99.17 99.22 0 0,0.0118,False,True,0.0972
1685,oito168,98.7257,100.2968,-0.0425,-0.0,-0.0,-75.9685,99.17 99.22 0 0,0.0116,False,True,0.0968
1686,oito168,98.73,100.2945,-0.0414,-0.0,-0.0,-75.9339,99.17 99.22 0 0,0.0115,False,True,0.0965
1687,oito168,98.7342,100.2922,-0.0413,-0.0,-0.0,-75.8978,99.17 99.22 0 0,0.0113,False,True,0.0963
1688,oito168,98.7384,100.2899,-0.0423,-0.0,-0.0,-75.8603,99.17 99.22 0 0,0.0112,False,True,0.096
1689,oito168,98.7427,100.2877,-0.0443,-0.0,-0.0,-75.8215,99.17 99.22 0 0,0.0111,False,True,0.0956
1690,oito168,98.7469,100.2854,-0.0472,-0.0,-0.0,-75.7816,99.17 99.22 0 0,0.011,False,True,0.0955
1691,oito169,98.7511,100.2832,-0.0511,-0.0,-0.0,-75.7406,99.23 99.27 0 0,0.0109,False,True,0.0952
1692,oito169,98.7552,100.2809,-0.0557,-0.0,-0.0,-75.698,99.23 99.27 0 0,0.0107,False,True,0.0949
1693,oito169,98.7594,100.2787,-0.061,-0.0,-0.0,-75.6533,99.23 99.27 0 0,0.0105,False,True,0.0947
1694,oito169,98.7636,100.2765,-0.0666,-0.0,-0.0,-75.6068,99.23 99.27 0 0,0.0103,False,True,0.0943
1695,oito169,98.7677,100.2743,-0.0726,-0.0,-0.0,-75.5586,99.23 99.27 0 0,0.0101,False,True,0.0941
1696,oito169,98.7719,100.2721,-0.0786,-0.0,-0.0,-75.5089,99.23 99.27 0 0,0.01,False,True,0.0939
1697,oito169,98.776,100.2699,-0.0845,-0.0,-0.0,-75.4578,99.23 99.27 0 0,0.0099,False,True,0.0936
1698,oito169,98.7801,100.2677,-0.0902,-0.0,-0.0,-75.4054,99.23 99.27 0 0,0.0097,False,True,0.0932
1699,oito169,98.7843,100.2656,-0.0953,-0.0,-0.0,-75.352,99.23 99.27 0 0,0.0096,False,True,0.0931
1700,oito169,98.7884,100.2634,-0.0999,-0.0,-0.0,-75.2977,99.23 99.27 0 0,0.0095,False,True,0.0927
1701,oito170,98.7925,100.2613,-0.1038,-0.0,-0.0,-75.2426,99.28 99.31 0 0,0.0094,False,True,0.0925
1702,oito170,98.7966,100.2591,-0.1068,-0.0,-0.0,-75.1862,99.28 99.31 0 0,0.0093,False,True,0.0923
1703,oito170,98.8006,100.257,-0.1088,-0.0,-0.0,-75.1283,99.28 99.31 0 0,0.0092,False,True,0.092
1704,oito170,98.8047,100.2549,-0.1099,-0.0,-0.0,-75.069,99.28 99.31 0 0,0.0091,False,True,0.0916
1705,oito170,98.8088,100.2528,-0.1099,-0.0,-0.0,-75.0083,99.28 99.31 0 0,0.009,False,True,0.0915
1706,oito170,98.8128,100.2507,-0.1089,-0.0,-0.0,-74.9465,99.28 99.31 0 0,0.0089,False,True,0.0912
1707,oito170,98.8169,100.2486,-0.1068,-0.0,-0.0,-74.8836,99.28 99.31 0 0,0.0088,False,True,0.0909
1708,oito170,98.8209,100.2466,-0.1038,-0.0,-0.0,-74.8198,99.28 99.31 0 0,0.0087,False,True,0.0906
1709,oito170,98.8249,100.2445,-0.0999,-0.0,-0.0,-74.7551,99.28 99.31 0 0,0.0087,False,True,0.0905
1710,oito170,98.8289,100.2425,-0.0952,-0.0,-0.0,-74.6897,99.28 99.31 0 0,0.0086,False,True,0.09
1711,oito171,98.833,100.2404,-0.0899,-0.0,-0.0,-74.6235,99.34 99.36 0 0,0.0085,False,True,0.09
1712,oito171,98.837,100.2384,-0.0842,-0.0,-0.0,-74.5559,99.34 99.36 0 0,0.0083,False,True,0.0896
1713,oito171,98.841,100.2364,-0.0783,-0.0,-0.0,-74.4864,99.34 99.36 0 0,0.0081,False,True,0.0894
1714,oito171,98.8449,100.2344,-0.0722,-0.0,-0.0,-74.4151,99.34 99.36 0 0,0.008,False,True,0.0891
1715,oito171,98.8489,100.2324,-0.0663,-0.0,-0.0,-74.3419,99.34 99.36 0 0,0.0078,False,True,0.0889
1716,oito171,98.8529,100.2304,-0.0607,-0.0,-0.0,-74.2671,99.34 99.36 0 0,0.0076,False,True,0.0885
1717,oito171,98.8568,100.2285,-0.0556,-0.0,-0.0,-74.1907,99.34 99.36 0 0,0.0075,False,True,0.0884
1718,oito171,98.8608,100.2265,-0.051,-0.0,-0.0,-74.1128,99.34 99.36 0 0,0.0073,False,True,0.088
1719,oito171,98.8647,100.2246,-0.0472,-0.0,-0.0,-74.0335,99.34 99.36 0 0,0.0072,False,True,0.0878
1720,oito171,98.8686,100.2226,-0.0443,-0.0,-0.0,-73.9528,99.34 99.36 0 0,0.0071,False,True,0.0876
1721,oito172,98.8726,100.2207,-0.0423,-0.0,-0.0,-73.8708,99.4 99.41 0 0,0.007,False,True,0.0873
1722,oito172,98.8765,100.2188,-0.0413,-0.0,-0.0,-73.7869,99.4 99.41 0 0,0.0067,False,True,0.087
1723,oito172,98.8804,100.2169,-0.0414,-0.0,-0.0,-73.7005,99.4 99.41 0 0,0.0066,False,True,0.0869
1724,oito172,98.8843,100.215,-0.0425,-0.0,-0.0,-73.6118,99.4 99.41 0 0,0.0064,False,True,0.0865
1725,oito172,98.8881,100.2131,-0.0446,-0.0,-0.0,-73.5208,99.4 99.41 0 0,0.0062,False,True,0.0863
1726,oito172,98.892,100.2113,-0.0477,-0.0,-0.0,-73.4279,99.4 99.41 0 0,0.006,False,True,0.0862
1727,oito172,98.8959,100.2094,-0.0517,-0.0,-0.0,-73.3331,99.4 99.41 0 0,0.0059,False,True,0.0858
1728,oito172,98.8997,100.2076,-0.0564,-0.0,-0.0,-73.2367,99.4 99.41 0 0,0.0057,False,True,0.0854
1729,oito172,98.9036,100.2057,-0.0617,-0.0,-0.0,-73.1389,99.4 99.41 0 0,0.0056,False,True,0.0854
1730,oito172,98.9074,100.2039,-0.0674,-0.0,-0.0,-73.0398,99.4 99.41 0 0,0.0055,False,True,0.0851
1731,oito173,98.9113,100.2021,-0.0734,-0.0,-0.0,-72.9396,99.45 99.47 0 0,0.0053,False,True,0.0848
1732,oito173,98.9151,100.2003,-0.0794,-0.0,-0.0,-72.8378,99.45 99.47 0 0,0.0051,False,True,0.0846
1733,oito173,98.9189,100.1985,-0.0853,-0.0,-0.0,-72.7339,99.45 99.47 0 0,0.0049,False,True,0.0843
1734,oito173,98.9227,100.1967,-0.0909,-0.0,-0.0,-72.628,99.45 99.47 0 0,0.0048,False,True,0.084
1735,oito173,98.9265,100.195,-0.096,-0.0,-0.0,-72.5205,99.45 99.47 0 0,0.0046,False,True,0.0838
1736,oito173,98.9303,100.1932,-0.1005,-0.0,-0.0,-72.4115,99.45 99.47 0 0,0.0045,False,True,0.0836
1737,oito173,98.9341,100.1915,-0.1042,-0.0,-0.0,-72.3013,99.45 99.47 0 0,0.0044,False,True,0.0833
1738,oito173,98.9379,100.1897,-0.1071,-0.0,-0.0,-72.19,99.45 99.47 0 0,0.0043,False,True,0.0831
1739,oito173,98.9416,100.188,-0.109,-0.0,-0.0,-72.0779,99.45 99.47 0 0,0.0042,False,True,0.0828
1740,oito173,98.9454,100.1863,-0.1099,-0.0,-0.0,-71.965,99.45 99.47 0 0,0.0042,False,True,0.0826
1741,oito174,98.9492,100.1846,-0.1098,-0.0,-0.0,-71.8516,99.51 99.52 0 0,0.0041,False,True,0.0823
1742,oito174,98.9529,100.1829,-0.1086,-0.0,-0.0,-71.7369,99.51 99.52 0 0,0.004,False,True,0.082
1743,oito174,98.9566,100.1812,-0.1065,-0.0,-0.0,-71.6201,99.51 99.52 0 0,0.0038,False,True,0.0818
1744,oito174,98.9603,100.1796,-0.1033,-0.0,-0.0,-71.5015,99.51 99.52 0 0,0.0037,False,True,0.0816
1745,oito174,98.9641,100.1779,-0.0993,-0.0,-0.0,-71.3812,99.51 99.52 0 0,0.0036,False,True,0.0813
1746,oito174,98.9678,100.1763,-0.0945,-0.0,-0.0,-71.2592,99.51 99.52 0 0,0.0034,False,True,0.0811
1747,oito174,98.9715,100.1747,-0.0892,-0.0,-0.0,-71.1357,99.51 99.52 0 0,0.0033,False,True,0.0808
1748,oito174,98.9752,100.173,-0.0834,-0.0,-0.0,-71.0108,99.51 99.52 0 0,0.0031,False,True,0.0805
1749,oito174,98.9788,100.1714,-0.0775,-0.0,-0.0,-70.8844,99.51 99.52 0 0,0.003,False,True,0.0804
1750,oito174,98.9825,100.1699,-0.0714,-0.0,-0.0,-70.7566,99.51 99.52 0 0,0.0029,False,True,0.08
1751,oito175,98.9862,100.1683,-0.0656,-0.0,-0.0,-70.6275,99.56 99.57 0 0,0.0027,False,True,0.08
1752,oito175,98.9898,100.1667,-0.06,-0.0,-0.0,-70.4963,99.56 99.57 0 0,0.0025,False,True,0.0796
1753,oito175,98.9935,100.1651,-0.0549,-0.0,-0.0,-70.3624,99.56 99.57 0 0,0.0022,False,True,0.0793
1754,oito175,98.9971,100.1636,-0.0505,-0.0,-0.0,-70.2257,99.56 99.57 0 0,0.002,False,True,0.0791
1755,oito175,99.0007,100.162,-0.0468,-0.0,-0.0,-70.0864,99.56 99.57 0 0,0.0018,False,True,0.0789
1756,oito175,99.0044,100.1605,-0.044,-0.0,-0.0,-69.9447,99.56 99.57 0 0,0.0016,False,True,0.0786
1757,oito175,99.008,100.159,-0.0421,-0.0,-0.0,-69.8006,99.56 99.57 0 0,0.0014,False,True,0.0784
1758,oito175,99.0116,100.1575,-0.0413,-0.0,-0.0,-69.6543,99.56 99.57 0 0,0.0012,False,True,0.0782
1759,oito175,99.0152,100.156,-0.0415,-0.0,-0.0,-69.506,99.56 99.57 0 0,0.0011,False,True,0.078
1760,oito175,99.0188,100.1545,-0.0427,-0.0,-0.0,-69.3557,99.56 99.57 0 0,0.0009,False,True,0.0777
1761,oito176,99.0224,100.1531,-0.045,-0.0,-0.0,-69.2037,99.62 99.62 0 0,0.0008,False,True,0.0774
1762,oito176,99.0259,100.1516,-0.0482,-0.0,-0.0,-69.0492,99.62 99.62 0 0,0.0005,False,True,0.0773
1763,oito176,99.0295,100.1501,-0.0522,-0.0,-0.0,-68.8916,99.62 99.62 0 0,0.0003,False,True,0.0771
1764,oito176,99.0331,100.1487,-0.057,-0.0,-0.0,-68.7312,99.62 99.62 0 0,0.0,False,True,0.0767
1765,oito176,99.0366,100.1473,-0.0624,-0.0,-0.0,-68.5682,99.62 99.62 0 0,-0.0001,False,True,0.0766
1766,oito176,99.0402,100.1459,-0.0682,-0.0,-0.0,-68.403,99.62 99.62 0 0,-0.0003,False,True,0.0764
1767,oito176,99.0437,100.1445,-0.0742,-0.0,-0.0,-68.2358,99.62 99.62 0 0,-0.0005,False,True,0.076
1768,oito176,99.0472,100.1431,-0.0802,-0.0,-0.0,-68.0671,99.62 99.62 0 0,-0.0007,False,True,0.076
1769,oito176,99.0508,100.1417,-0.086,-0.0,-0.0,-67.897,99.62 99.62 0 0,-0.0008,False,True,0.0756
1770,oito176,99.0543,100.1403,-0.0916,-0.0,-0.0,-67.7258,99.62 99.62 0 0,-0.0009,False,True,0.0756
1771,oito177,99.0578,100.1389,-0.0966,-0.0,-0.0,-67.5539,99.67 99.67 0 0,-0.001,False,True,0.0752
1772,oito177,99.0613,100.1376,-0.101,-0.0,-0.0,-67.3805,99.67 99.67 0 0,-0.0011,False,True,0.0751
1773,oito177,99.0648,100.1362,-0.1046,-0.0,-0.0,-67.2051,99.67 99.67 0 0,-0.0013,False,True,0.0749
1774,oito177,99.0683,100.1349,-0.1074,-0.0,-0.0,-67.028,99.67 99.67 0 0,-0.0014,False,True,0.0745
1775,oito177,99.0717,100.1336,-0.1092,-0.0,-0.0,-66.8495,99.67 99.67 0 0,-0.0015,False,True,0.0745
1776,oito177,99.0752,100.1323,-0.11,-0.0,-0.0,-66.6697,99.67 99.67 0 0,-0.0016,False,True,0.0742
1777,oito177,99.0787,100.1309,-0.1097,-0.0,-0.0,-66.4888,99.67 99.67 0 0,-0.0017,False,True,0.0739
1778,oito177,99.0821,100.1297,-0.1084,-0.0,-0.0,-66.307,99.67 99.67 0 0,-0.0017,False,True,0.0738
1779,oito177,99.0856,100.1284,-0.1061,-0.0,-0.0,-66.1244,99.67 99.67 0 0,-0.0018,False,True,0.0736
1780,oito177,99.089,100.1271,-0.1028,-0.0,-0.0,-65.941,99.67 99.67 0 0,-0.0019,False,True,0.0732
1781,oito178,99.0924,100.1258,-0.0987,-0.0,-0.0,-65.757,99.72 99.72 0 0,-0.0019,False,True,0.0731
1782,oito178,99.0959,100.1246,-0.0939,-0.0,-0.0,-65.5714,99.72 99.72 0 0,-0.0021,False,True,0.073
1783,oito178,99.0993,100.1233,-0.0885,-0.0,-0.0,-65.3834,99.72 99.72 0 0,-0.0023,False,True,0.0727
1784,oito178,99.1027,100.1221,-0.0827,-0.0,-0.0,-65.1932,99.72 99.72 0 0,-0.0025,False,True,0.0724
1785,oito178,99.1061,100.1209,-0.0767,-0.0,-0.0,-65.0008,99.72 99.72 0 0,-0.0027,False,True,0.0724
1786,oito178,99.1095,100.1196,-0.0707,-0.0,-0.0,-64.8061,99.72 99.72 0 0,-0.0029,False,True,0.0722
1787,oito178,99.1129,100.1184,-0.0648,-0.0,-0.0,-64.6093,99.72 99.72 0 0,-0.0031,False,True,0.0721
1788,oito178,99.1162,100.1172,-0.0593,-0.0,-0.0,-64.4104,99.72 99.72 0 0,-0.0033,False,True,0.0717
1789,oito178,99.1196,100.1161,-0.0543,-0.0,-0.0,-64.2093,99.72 99.72 0 0,-0.0035,False,True,0.0715
1790,oito178,99.123,100.1149,-0.05,-0.0,-0.0,-64.0062,99.72 99.72 0 0,-0.0036,False,True,0.0713
1791,oito179,99.1263,100.1137,-0.0464,-0.0,-0.0,-63.8011,99.78 99.78 0 0,-0.0038,False,True,0.0711
1792,oito179,99.1297,100.1125,-0.0437,-0.0,-0.0,-63.5929,99.78 99.78 0 0,-0.0041,False,True,0.071
1793,oito179,99.133,100.1114,-0.042,-0.0,-0.0,-63.3808,99.78 99.78 0 0,-0.0044,False,True,0.0707
1794,oito179,99.1364,100.1102,-0.0412,-0.0,-0.0,-63.165,99.78 99.78 0 0,-0.0047,False,True,0.0706
1795,oito179,99.1397,100.1091,-0.0416,-0.0,-0.0,-62.9456,99.78 99.78 0 0,-0.0049,False,True,0.0705
1796,oito179,99.143,100.108,-0.0429,-0.0,-0.0,-62.7229,99.78 99.78 0 0,-0.0052,False,True,0.0703
1797,oito179,99.1464,100.1069,-0.0453,-0.0,-0.0,-62.4971,99.78 99.78 0 0,-0.0054,False,True,0.0701
1798,oito179,99.1497,100.1058,-0.0487,-0.0,-0.0,-62.2686,99.78 99.78 0 0,-0.0056,False,True,0.0698
1799,oito179,99.153,100.1046,-0.0528,-0.0,-0.0,-62.0376,99.78 99.78 0 0,-0.0058,False,True,0.0698
1800,oito179,99.1563,100.1036,-0.0577,-0.0,-0.0,-61.8044,99.78 99.78 0 0,-0.006,False,True,0.0694
1801,oito180,99.1596,100.1025,-0.0632,-0.0,-0.0,-61.5695,99.83 99.83 0 0,-0.0061,False,True,0.0694
1802,oito180,99.1629,100.1014,-0.069,-0.0,-0.0,-61.3321,99.83 99.83 0 0,-0.0064,False,True,0.0692
1803,oito180,99.1661,100.1003,-0.075,-0.0,-0.0,-61.0918,99.83 99.83 0 0,-0.0066,False,True,0.069
1804,oito180,99.1694,100.0993,-0.081,-0.0,-0.0,-60.8492,99.83 99.83 0 0,-0.0068,False,True,0.0688
1805,oito180,99.1727,100.0982,-0.0868,-0.0,-0.0,-60.6045,99.83 99.83 0 0,-0.007,False,True,0.0688
1806,oito180,99.1759,100.0972,-0.0923,-0.0,-0.0,-60.3582,99.83 99.83 0 0,-0.0071,False,True,0.0684
1807,oito180,99.1792,100.0961,-0.0972,-0.0,-0.0,-60.1106,99.83 99.83 0 0,-0.0072,False,True,0.0684
1808,oito180,99.1825,100.0951,-0.1015,-0.0,-0.0,-59.8621,99.83 99.83 0 0,-0.0073,False,True,0.0683
1809,oito180,99.1857,100.0941,-0.105,-0.0,-0.0,-59.6129,99.83 99.83 0 0,-0.0073,False,True,0.068
1810,oito180,99.1889,100.0931,-0.1077,-0.0,-0.0,-59.3633,99.83 99.83 0 0,-0.0073,False,True,0.068
1811,oito181,99.1922,100.0921,-0.1093,-0.0,-0.0,-59.1136,99.88 99.88 0 0,-0.0074,False,True,0.0678
1812,oito181,99.1954,100.0911,-0.11,-0.0,-0.0,-58.8629,99.88 99.88 0 0,-0.0075,False,True,0.0676
1813,oito181,99.1986,100.0901,-0.1096,-0.0,-0.0,-58.6108,99.88 99.88 0 0,-0.0076,False,True,0.0674
1814,oito181,99.2019,100.0891,-0.1082,-0.0,-0.0,-58.3573,99.88 99.88 0 0,-0.0076,False,True,0.0674
1815,oito181,99.2051,100.0881,-0.1057,-0.0,-0.0,-58.1026,99.88 99.88 0 0,-0.0077,False,True,0.0671
1816,oito181,99.2083,100.0871,-0.1023,-0.0,-0.0,-57.8467,99.88 99.88 0 0,-0.0078,False,True,0.0671
1817,oito181,99.2115,100.0862,-0.0981,-0.0,-0.0,-57.5897,99.88 99.88 0 0,-0.0079,False,True,0.067
1818,oito181,99.2147,100.0852,-0.0932,-0.0,-0.0,-57.3316,99.88 99.88 0 0,-0.008,False,True,0.0668
1819,oito181,99.2179,100.0842,-0.0877,-0.0,-0.0,-57.0724,99.88 99.88 0 0,-0.0081,False,True,0.0666
1820,oito181,99.2211,100.0833,-0.0819,-0.0,-0.0,-56.8121,99.88 99.88 0 0,-0.0082,False,True,0.0665
1821,oito182,99.2242,100.0824,-0.0759,-0.0,-0.0,-56.5505,99.94 99.94 0 0,-0.0083,False,True,0.0663
1822,oito182,99.2274,100.0814,-0.0699,-0.0,-0.0,-56.2866,99.94 99.94 0 0,-0.0086,False,True,0.0663
1823,oito182,99.2306,100.0805,-0.0641,-0.0,-0.0,-56.0195,99.94 99.94 0 0,-0.0088,False,True,0.0661
1824,oito182,99.2338,100.0796,-0.0586,-0.0,-0.0,-55.7491,99.94 99.94 0 0,-0.0091,False,True,0.066
1825,oito182,99.2369,100.0786,-0.0537,-0.0,-0.0,-55.4756,99.94 99.94 0 0,-0.0093,False,True,0.066
1826,oito182,99.2401,100.0777,-0.0494,-0.0,-0.0,-55.1989,99.94 99.94 0 0,-0.0096,False,True,0.0659
1827,oito182,99.2432,100.0768,-0.046,-0.0,-0.0,-54.9192,99.94 99.94 0 0,-0.0098,False,True,0.0657
1828,oito182,99.2464,100.0759,-0.0434,-0.0,-0.0,-54.6364,99.94 99.94 0 0,-0.01,False,True,0.0656
1829,oito182,99.2495,100.075,-0.0418,-0.0,-0.0,-54.3507,99.94 99.94 0 0,-0.0102,False,True,0.0655
1830,oito182,99.2527,100.0741,-0.0412,-0.0,-0.0,-54.0622,99.94 99.94 0 0,-0.0104,False,True,0.0655
1831,oito183,99.2558,100.0732,-0.0417,-0.0,-0.0,-53.771,100.04 100.04 0 0,-0.0106,False,True,0.0654
1832,oito183,99.259,100.0723,-0.0432,-0.0,-0.0,-53.476,100.04 100.04 0 0,-0.011,False,True,0.0652
1833,oito183,99.2621,100.0714,-0.0457,-0.0,-0.0,-53.1762,100.04 100.04 0 0,-0.0113,False,True,0.0653
1834,oito183,99.2653,100.0706,-0.0492,-0.0,-0.0,-52.8718,100.04 100.04 0 0,-0.0116,False,True,0.0652
1835,oito183,99.2684,100.0697,-0.0534,-0.0,-0.0,-52.5633,100.04 100.04 0 0,-0.0119,False,True,0.0653
1836,oito183,99.2715,100.0688,-0.0584,-0.0,-0.0,-52.2512,100.04 100.04 0 0,-0.0121,False,True,0.0652
1837,oito183,99.2747,100.0679,-0.0639,-0.0,-0.0,-51.9359,100.04 100.04 0 0,-0.0124,False,True,0.0653
1838,oito183,99.2778,100.067,-0.0697,-0.0,-0.0,-51.618,100.04 100.04 0 0,-0.0126,False,True,0.0651
1839,oito183,99.281,100.0662,-0.0758,-0.0,-0.0,-51.2978,100.04 100.04 0 0,-0.0127,False,True,0.0651
1840,oito183,99.2841,100.0653,-0.0817,-0.0,-0.0,-50.9759,100.04 100.04 0 0,-0.0128,False,True,0.0652
1841,oito184,99.2872,100.0644,-0.0875,-0.0,-0.0,-50.6527,100.09 100.09 0 0,-0.0129,False,True,0.0651
1842,oito184,99.2904,100.0636,-0.093,-0.0,-0.0,-50.328,100.09 100.09 0 0,-0.0131,False,True,0.0651
1843,oito184,99.2935,100.0627,-0.0978,-0.0,-0.0,-50.0017,100.09 100.09 0 0,-0.0132,False,True,0.0651
1844,oito184,99.2966,100.0618,-0.102,-0.0,-0.0,-49.6741,100.09 100.09 0 0,-0.0132,False,True,0.0651
1845,oito184,99.2998,100.061,-0.1054,-0.0,-0.0,-49.3457,100.09 100.09 0 0,-0.0133,False,True,0.0652
1846,oito184,99.3029,100.0601,-0.108,-0.0,-0.0,-49.0168,100.09 100.09 0 0,-0.0133,False,True,0.0652
1847,oito184,99.3061,100.0592,-0.1095,-0.0,-0.0,-48.6876,100.09 100.09 0 0,-0.0133,False,True,0.065
1848,oito184,99.3092,100.0584,-0.11,-0.0,-0.0,-48.3583,100.09 100.09 0 0,-0.0132,False,True,0.0652
1849,oito184,99.3123,100.0575,-0.1095,-0.0,-0.0,-48.0291,100.09 100.09 0 0,-0.0132,False,True,0.0652
1850,oito184,99.3155,100.0566,-0.1079,-0.0,-0.0,-47.7,100.09 100.09 0 0,-0.0132,False,True,0.0652
1851,oito185,99.3186,100.0558,-0.1053,-0.0,-0.0,-47.371,100.15 100.15 0 0,-0.0131,False,True,0.0653
1852,oito185,99.3218,100.0549,-0.1018,-0.0,-0.0,-47.0415,100.15 100.15 0 0,-0.0132,False,True,0.0651
1853,oito185,99.3249,100.0541,-0.0975,-0.0,-0.0,-46.7108,100.15 100.15 0 0,-0.0133,False,True,0.0653
1854,oito185,99.3281,100.0532,-0.0925,-0.0,-0.0,-46.3789,100.15 100.15 0 0,-0.0133,False,True,0.0653
1855,oito185,99.3312,100.0524,-0.087,-0.0,-0.0,-46.0457,100.15 100.15 0 0,-0.0134,False,True,0.0655
1856,oito185,99.3344,100.0515,-0.0811,-0.0,-0.0,-45.7111,100.15 100.15 0 0,-0.0135,False,True,0.0654
1857,oito185,99.3376,100.0506,-0.0751,-0.0,-0.0,-45.375,100.15 100.15 0 0,-0.0136,False,True,0.0656
1858,oito185,99.3407,100.0498,-0.0691,-0.0,-0.0,-45.0373,100.15 100.15 0 0,-0.0138,False,True,0.0656
1859,oito185,99.3439,100.0489,-0.0633,-0.0,-0.0,-44.6977,100.15 100.15 0 0,-0.0139,False,True,0.0656
1860,oito185,99.3471,100.0481,-0.0579,-0.0,-0.0,-44.3563,100.15 100.15 0 0,-0.0141,False,True,0.0656
1861,oito186,99.3502,100.0472,-0.0531,-0.0,-0.0,-44.013,100.2 100.2 0 0,-0.0142,False,True,0.0657
1862,oito186,99.3534,100.0464,-0.0489,-0.0,-0.0,-43.667,100.2 100.2 0 0,-0.0144,False,True,0.0659
1863,oito186,99.3566,100.0455,-0.0456,-0.0,-0.0,-43.3181,100.2 100.2 0 0,-0.0146,False,True,0.0659
1864,oito186,99.3598,100.0446,-0.0431,-0.0,-0.0,-42.9663,100.2 100.2 0 0,-0.0148,False,True,0.0659
1865,oito186,99.363,100.0438,-0.0417,-0.0,-0.0,-42.6116,100.2 100.2 0 0,-0.0149,False,True,0.0662
1866,oito186,99.3662,100.0429,-0.0412,-0.0,-0.0,-42.2541,100.2 100.2 0 0,-0.0151,False,True,0.0662
1867,oito186,99.3694,100.0421,-0.0418,-0.0,-0.0,-41.894,100.2 100.2 0 0,-0.0153,False,True,0.0662
1868,oito186,99.3726,100.0412,-0.0435,-0.0,-0.0,-41.5316,100.2 100.2 0 0,-0.0154,False,True,0.0665
1869,oito186,99.3758,100.0404,-0.0461,-0.0,-0.0,-41.1671,100.2 100.2 0 0,-0.0156,False,True,0.0664
1870,oito186,99.379,100.0395,-0.0497,-0.0,-0.0,-40.8008,100.2 100.2 0 0,-0.0156,False,True,0.0666
1871,oito187,99.3822,100.0387,-0.0541,-0.0,-0.0,-40.433,100.25 100.25 0 0,-0.0158,False,True,0.0664
1872,oito187,99.3855,100.0378,-0.0591,-0.0,-0.0,-40.0637,100.25 100.25 0 0,-0.0158,False,True,0.0668
1873,oito187,99.3887,100.0369,-0.0646,-0.0,-0.0,-39.6929,100.25 100.25 0 0,-0.0159,False,True,0.0668
1874,oito187,99.3919,100.0361,-0.0705,-0.0,-0.0,-39.3212,100.25 100.25 0 0,-0.016,False,True,0.0671
1875,oito187,99.3952,100.0352,-0.0765,-0.0,-0.0,-38.9488,100.25 100.25 0 0,-0.016,False,True,0.0671
1876,oito187,99.3984,100.0344,-0.0825,-0.0,-0.0,-38.5763,100.25 100.25 0 0,-0.016,False,True,0.0672
1877,oito187,99.4017,100.0335,-0.0883,-0.0,-0.0,-38.2042,100.25 100.25 0 0,-0.016,False,True,0.0674
1878,oito187,99.4049,100.0327,-0.0936,-0.0,-0.0,-37.8327,100.25 100.25 0 0,-0.0159,False,True,0.0674
1879,oito187,99.4082,100.0318,-0.0984,-0.0,-0.0,-37.4622,100.25 100.25 0 0,-0.0158,False,True,0.0676
1880,oito187,99.4115,100.031,-0.1025,-0.0,-0.0,-37.0931,100.25 100.25 0 0,-0.0157,False,True,0.0677
1881,oito188,99.4147,100.0301,-0.1058,-0.0,-0.0,-36.7256,100.31 100.31 0 0,-0.0155,False,True,0.0676
1882,oito188,99.418,100.0293,-0.1082,-0.0,-0.0,-36.3594,100.31 100.31 0 0,-0.0154,False,True,0.0679
1883,oito188,99.4213,100.0284,-0.1096,-0.0,-0.0,-35.9944,100.31 100.31 0 0,-0.0153,False,True,0.0681
1884,oito188,99.4246,100.0276,-0.11,-0.0,-0.0,-35.6305,100.31 100.31 0 0,-0.0151,False,True,0.0682
1885,oito188,99.4279,100.0267,-0.1093,-0.0,-0.0,-35.2678,100.31 100.31 0 0,-0.015,False,True,0.0684
1886,oito188,99.4313,100.0259,-0.1076,-0.0,-0.0,-34.9065,100.31 100.31 0 0,-0.0149,False,True,0.0687
1887,oito188,99.4346,100.025,-0.1049,-0.0,-0.0,-34.5463,100.31 100.31 0 0,-0.0147,False,True,0.0687
1888,oito188,99.4379,100.0242,-0.1013,-0.0,-0.0,-34.1872,100.31 100.31 0 0,-0.0146,False,True,0.0689
1889,oito188,99.4413,100.0233,-0.0969,-0.0,-0.0,-33.8291,100.31 100.31 0 0,-0.0145,False,True,0.069
1890,oito188,99.4446,100.0225,-0.0918,-0.0,-0.0,-33.4717,100.31 100.31 0 0,-0.0145,False,True,0.0692
1891,oito189,99.448,100.0216,-0.0862,-0.0,-0.0,-33.1148,100.36 100.36 0 0,-0.0144,False,True,0.0692
1892,oito189,99.4514,100.0208,-0.0803,-0.0,-0.0,-32.7579,100.36 100.36 0 0,-0.0144,False,True,0.0696
1893,oito189,99.4548,100.0199,-0.0743,-0.0,-0.0,-32.4005,100.36 100.36 0 0,-0.0145,False,True,0.0697
1894,oito189,99.4581,100.0191,-0.0683,-0.0,-0.0,-32.0423,100.36 100.36 0 0,-0.0145,False,True,0.07
1895,oito189,99.4615,100.0182,-0.0626,-0.0,-0.0,-31.6832,100.36 100.36 0 0,-0.0146,False,True,0.07
1896,oito189,99.465,100.0174,-0.0573,-0.0,-0.0,-31.323,100.36 100.36 0 0,-0.0146,False,True,0.0703
1897,oito189,99.4684,100.0165,-0.0525,-0.0,-0.0,-30.9616,100.36 100.36 0 0,-0.0147,False,True,0.0706
1898,oito189,99.4718,100.0157,-0.0485,-0.0,-0.0,-30.5987,100.36 100.36 0 0,-0.0148,False,True,0.0706
1899,oito189,99.4752,100.0148,-0.0452,-0.0,-0.0,-30.2344,100.36 100.36 0 0,-0.0149,False,True,0.0709
1900,oito189,99.4787,100.014,-0.0429,-0.0,-0.0,-29.8686,100.36 100.36 0 0,-0.015,False,True,0.071
1901,oito190,99.4821,100.0131,-0.0416,-0.0,-0.0,-29.5012,100.42 100.41 0 0,-0.015,False,True,0.0712
1902,oito190,99.4856,100.0123,-0.0413,-0.0,-0.0,-29.1322,100.42 100.41 0 0,-0.0151,False,True,0.0713
1903,oito190,99.4891,100.0115,-0.042,-0.0,-0.0,-28.7614,100.42 100.41 0 0,-0.0152,False,True,0.0716
1904,oito190,99.4926,100.0106,-0.0438,-0.0,-0.0,-28.389,100.42 100.41 0 0,-0.0153,False,True,0.0718
1905,oito190,99.4961,100.0098,-0.0465,-0.0,-0.0,-28.0152,100.42 100.41 0 0,-0.0153,False,True,0.0722
1906,oito190,99.4996,100.0089,-0.0502,-0.0,-0.0,-27.6404,100.42 100.41 0 0,-0.0154,False,True,0.0722
1907,oito190,99.5031,100.0081,-0.0547,-0.0,-0.0,-27.2647,100.42 100.41 0 0,-0.0154,False,True,0.0725
1908,oito190,99.5067,100.0072,-0.0598,-0.0,-0.0,-26.8886,100.42 100.41 0 0,-0.0154,False,True,0.0728
1909,oito190,99.5102,100.0064,-0.0654,-0.0,-0.0,-26.5125,100.42 100.41 0 0,-0.0153,False,True,0.0729
1910,oito190,99.5138,100.0056,-0.0713,-0.0,-0.0,-26.1367,100.42 100.41 0 0,-0.0153,False,True,0.0731
1911,oito191,99.5173,100.0047,-0.0773,-0.0,-0.0,-25.7616,100.47 100.46 0 0,-0.0152,False,True,0.0733
1912,oito191,99.5209,100.0039,-0.0833,-0.0,-0.0,-25.3873,100.47 100.46 0 0,-0.0152,False,True,0.0735
1913,oito191,99.5245,100.0031,-0.089,-0.0,-0.0,-25.0141,100.47 100.46 0 0,-0.015,False,True,0.0738
1914,oito191,99.5281,100.0022,-0.0943,-0.0,-0.0,-24.6422,100.47 100.46 0 0,-0.0149,False,True,0.0741
1915,oito191,99.5317,100.0014,-0.099,-0.0,-0.0,-24.2719,100.47 100.46 0 0,-0.0148,False,True,0.0742
1916,oito191,99.5354,100.0006,-0.103,-0.0,-0.0,-23.9036,100.47 100.46 0 0,-0.0146,False,True,0.0745
1917,oito191,99.539,99.9998,-0.1062,-0.0,-0.0,-23.5374,100.47 100.46 0 0,-0.0144,False,True,0.0748
1918,oito191,99.5427,99.9989,-0.1085,-0.0,-0.0,-23.1734,100.47 100.46 0 0,-0.0141,False,True,0.0749
1919,oito191,99.5463,99.9981,-0.1097,-0.0,-0.0,-22.8118,100.47 100.46 0 0,-0.0139,False,True,0.0752
1920,oito191,99.55,99.9973,-0.11,-0.0,-0.0,-22.4525,100.47 100.46 0 0,-0.0137,False,True,0.0753
1921,oito192,99.5537,99.9965,-0.1092,-0.0,-0.0,-22.0956,100.52 100.51 0 0,-0.0135,False,True,0.0755
1922,oito192,99.5574,99.9957,-0.1073,-0.0,-0.0,-21.7407,100.52 100.51 0 0,-0.0133,False,True,0.0759
1923,oito192,99.5611,99.9949,-0.1045,-0.0,-0.0,-21.3876,100.52 100.51 0 0,-0.0131,False,True,0.0761
1924,oito192,99.5648,99.9941,-0.1007,-0.0,-0.0,-21.0361,100.52 100.51 0 0,-0.0129,False,True,0.0763
1925,oito192,99.5686,99.9933,-0.0962,-0.0,-0.0,-20.686,100.52 100.51 0 0,-0.0128,False,True,0.0765
1926,oito192,99.5723,99.9925,-0.0911,-0.0,-0.0,-20.3371,100.52 100.51 0 0,-0.0127,False,True,0.0769
1927,oito192,99.5761,99.9917,-0.0854,-0.0,-0.0,-19.9891,100.52 100.51 0 0,-0.0126,False,True,0.077
1928,oito192,99.5799,99.9909,-0.0795,-0.0,-0.0,-19.6418,100.52 100.51 0 0,-0.0126,False,True,0.0772
1929,oito192,99.5837,99.9901,-0.0735,-0.0,-0.0,-19.295,100.52 100.51 0 0,-0.0125,False,True,0.0776
1930,oito192,99.5875,99.9893,-0.0675,-0.0,-0.0,-18.9483,100.52 100.51 0 0,-0.0125,False,True,0.0776
1931,oito193,99.5913,99.9885,-0.0619,-0.0,-0.0,-18.6015,100.58 100.56 0 0,-0.0125,False,True,0.0779
1932,oito193,99.5951,99.9877,-0.0566,-0.0,-0.0,-18.2543,100.58 100.56 0 0,-0.0125,False,True,0.0782
1933,oito193,99.599,99.9869,-0.0519,-0.0,-0.0,-17.9063,100.58 100.56 0 0,-0.0125,False,True,0.0785
1934,oito193,99.6028,99.9861,-0.048,-0.0,-0.0,-17.5576,100.58 100.56 0 0,-0.0126,False,True,0.0788
1935,oito193,99.6067,99.9854,-0.0449,-0.0,-0.0,-17.2078,100.58 100.56 0 0,-0.0126,False,True,0.0791
1936,oito193,99.6106,99.9846,-0.0427,-0.0,-0.0,-16.857,100.58 100.56 0 0,-0.0126,False,True,0.0793
1937,oito193,99.6145,99.9838,-0.0415,-0.0,-0.0,-16.5052,100.58 100.56 0 0,-0.0127,False,True,0.0796
1938,oito193,99.6184,99.9831,-0.0413,-0.0,-0.0,-16.1524,100.58 100.56 0 0,-0.0127,False,True,0.0798
1939,oito193,99.6224,99.9823,-0.0422,-0.0,-0.0,-15.7987,100.58 100.56 0 0,-0.0127,False,True,0.0801
1940,oito193,99.6263,99.9815,-0.0441,-0.0,-0.0,-15.4441,100.58 100.56 0 0,-0.0127,False,True,0.0802
1941,oito194,99.6303,99.9808,-0.047,-0.0,-0.0,-15.089,100.64 100.61 0 0,-0.0127,False,True,0.0806
1942,oito194,99.6342,99.98,-0.0508,-0.0,-0.0,-14.7334,100.64 100.61 0 0,-0.0127,False,True,0.0807
1943,oito194,99.6382,99.9793,-0.0553,-0.0,-0.0,-14.3775,100.64 100.61 0 0,-0.0127,False,True,0.081
1944,oito194,99.6422,99.9786,-0.0605,-0.0,-0.0,-14.0216,100.64 100.61 0 0,-0.0126,False,True,0.0813
1945,oito194,99.6462,99.9778,-0.0662,-0.0,-0.0,-13.666,100.64 100.61 0 0,-0.0126,False,True,0.0817
1946,oito194,99.6503,99.9771,-0.0721,-0.0,-0.0,-13.3112,100.64 100.61 0 0,-0.0125,False,True,0.0819
1947,oito194,99.6543,99.9764,-0.0781,-0.0,-0.0,-12.9573,100.64 100.61 0 0,-0.0124,False,True,0.0823
1948,oito194,99.6584,99.9757,-0.0841,-0.0,-0.0,-12.6048,100.64 100.61 0 0,-0.0123,False,True,0.0824
1949,oito194,99.6624,99.9749,-0.0897,-0.0,-0.0,-12.2539,100.64 100.61 0 0,-0.0121,False,True,0.0827
1950,oito194,99.6665,99.9742,-0.095,-0.0,-0.0,-11.905,100.64 100.61 0 0,-0.012,False,True,0.0829
1951,oito195,99.6706,99.9735,-0.0996,-0.0,-0.0,-11.5582,100.69 100.66 0 0,-0.0117,False,True,0.0833
1952,oito195,99.6747,99.9728,-0.1035,-0.0,-0.0,-11.2137,100.69 100.66 0 0,-0.0116,False,True,0.0834
1953,oito195,99.6789,99.9721,-0.1066,-0.0,-0.0,-10.8715,100.69 100.66 0 0,-0.0113,False,True,0.0837
1954,oito195,99.683,99.9715,-0.1087,-0.0,-0.0,-10.5316,100.69 100.66 0 0,-0.0111,False,True,0.0841
1955,oito195,99.6872,99.9708,-0.1098,-0.0,-0.0,-10.1942,100.69 100.66 0 0,-0.0109,False,True,0.0843
1956,oito195,99.6914,99.9701,-0.1099,-0.0,-0.0,-9.8592,100.69 100.66 0 0,-0.0106,False,True,0.0847
1957,oito195,99.6955,99.9694,-0.109,-0.0,-0.0,-9.5267,100.69 100.66 0 0,-0.0104,False,True,0.0848
1958,oito195,99.6997,99.9688,-0.107,-0.0,-0.0,-9.1964,100.69 100.66 0 0,-0.0102,False,True,0.0851
1959,oito195,99.704,99.9681,-0.104,-0.0,-0.0,-8.8683,100.69 100.66 0 0,-0.01,False,True,0.0854
1960,oito195,99.7082,99.9675,-0.1002,-0.0,-0.0,-8.5422,100.69 100.66 0 0,-0.0098,False,True,0.0857
1961,oito196,99.7124,99.9668,-0.0956,-0.0,-0.0,-8.2178,100.75 100.71 0 0,-0.0096,False,True,0.0858
1962,oito196,99.7167,99.9662,-0.0904,-0.0,-0.0,-7.8949,100.75 100.71 0 0,-0.0095,False,True,0.0861
1963,oito196,99.721,99.9655,-0.0847,-0.0,-0.0,-7.5732,100.75 100.71 0 0,-0.0094,False,True,0.0865
1964,oito196,99.7253,99.9649,-0.0787,-0.0,-0.0,-7.2523,100.75 100.71 0 0,-0.0093,False,True,0.0867
1965,oito196,99.7296,99.9643,-0.0727,-0.0,-0.0,-6.9322,100.75 100.71 0 0,-0.0092,False,True,0.0871
1966,oito196,99.7339,99.9637,-0.0668,-0.0,-0.0,-6.6124,100.75 100.71 0 0,-0.0092,False,True,0.0874
1967,oito196,99.7382,99.9631,-0.0611,-0.0,-0.0,-6.2928,100.75 100.71 0 0,-0.0092,False,True,0.0875
1968,oito196,99.7426,99.9625,-0.056,-0.0,-0.0,-5.9732,100.75 100.71 0 0,-0.0091,False,True,0.0879
1969,oito196,99.747,99.9619,-0.0514,-0.0,-0.0,-5.6533,100.75 100.71 0 0,-0.0092,False,True,0.0881
1970,oito196,99.7513,99.9613,-0.0475,-0.0,-0.0,-5.3331,100.75 100.71 0 0,-0.0092,False,True,0.0884
1971,oito197,99.7557,99.9607,-0.0445,-0.0,-0.0,-5.0123,100.8 100.76 0 0,-0.0092,False,True,0.0885
1972,oito197,99.7601,99.9601,-0.0424,-0.0,-0.0,-4.6909,100.8 100.76 0 0,-0.0092,False,True,0.0889
1973,oito197,99.7646,99.9596,-0.0414,-0.0,-0.0,-4.3688,100.8 100.76 0 0,-0.0092,False,True,0.0892
1974,oito197,99.769,99.959,-0.0413,-0.0,-0.0,-4.0459,100.8 100.76 0 0,-0.0092,False,True,0.0894
1975,oito197,99.7734,99.9585,-0.0424,-0.0,-0.0,-3.7223,100.8 100.76 0 0,-0.0092,False,True,0.0898
1976,oito197,99.7779,99.9579,-0.0444,-0.0,-0.0,-3.3983,100.8 100.76 0 0,-0.0092,False,True,0.0901
1977,oito197,99.7824,99.9574,-0.0474,-0.0,-0.0,-3.0738,100.8 100.76 0 0,-0.0091,False,True,0.0904
1978,oito197,99.7869,99.9569,-0.0513,-0.0,-0.0,-2.7492,100.8 100.76 0 0,-0.0091,False,True,0.0905
1979,oito197,99.7914,99.9564,-0.056,-0.0,-0.0,-2.4246,100.8 100.76 0 0,-0.0091,False,True,0.0908
1980,oito197,99.7959,99.9559,-0.0612,-0.0,-0.0,-2.1003,100.8 100.76 0 0,-0.009,False,True,0.091
1981,oito198,99.8005,99.9554,-0.0669,-0.0,-0.0,-1.7766,100.86 100.81 0 0,-0.009,False,True,0.0913
1982,oito198,99.805,99.9549,-0.0729,-0.0,-0.0,-1.4538,100.86 100.81 0 0,-0.0089,False,True,0.0915
1983,oito198,99.8096,99.9544,-0.0789,-0.0,-0.0,-1.132,100.86 100.81 0 0,-0.0088,False,True,0.0919
1984,oito198,99.8142,99.9539,-0.0848,-0.0,-0.0,-0.8118,100.86 100.81 0 0,-0.0086,False,True,0.092
1985,oito198,99.8188,99.9535,-0.0905,-0.0,-0.0,-0.4931,100.86 100.81 0 0,-0.0085,False,True,0.0925
1986,oito198,99.8234,99.953,-0.0956,-0.0,-0.0,-0.1764,100.86 100.81 0 0,-0.0083,False,True,0.0928
1987,oito198,99.828,99.9526,-0.1001,-0.0,0.0,0.1382,100.86 100.81 0 0,-0.0081,False,True,0.0929
1988,oito198,99.8326,99.9521,-0.1039,-0.0,0.0,0.4505,100.86 100.81 0 0,-0.0079,False,True,0.0933
1989,oito198,99.8373,99.9517,-0.1069,-0.0,0.0,0.7605,100.86 100.81 0 0,-0.0077,False,True,0.0935
1990,oito198,99.842,99.9513,-0.1089,-0.0,0.0,1.068,100.86 100.81 0 0,-0.0075,False,True,0.0936
1991,oito199,99.8466,99.9509,-0.1099,-0.0,0.0,1.3731,100.92 100.86 0 0,-0.0072,False,True,0.094
1992,oito199,99.8513,99.9505,-0.1099,-0.0,0.0,1.6757,100.92 100.86 0 0,-0.007,False,True,0.0942
1993,oito199,99.856,99.9501,-0.1088,-0.0,0.0,1.9759,100.92 100.86 0 0,-0.0068,False,True,0.0945
1994,oito199,99.8608,99.9498,-0.1067,-0.0,0.0,2.2738,100.92 100.86 0 0,-0.0065,False,True,0.0949
1995,oito199,99.8655,99.9494,-0.1036,-0.0,0.0,2.5696,100.92 100.86 0 0,-0.0064,False,True,0.095
1996,oito199,99.8703,99.949,-0.0996,-0.0,0.0,2.8634,100.92 100.86 0 0,-0.0062,False,True,0.0955
1997,oito199,99.875,99.9487,-0.0949,-0.0,0.0,3.1556,100.92 100.86 0 0,-0.006,False,True,0.0956
1998,oito199,99.8798,99.9484,-0.0896,-0.0,0.0,3.4461,100.92 100.86 0 0,-0.0059,False,True,0.0959
1999,oito199,99.8846,99.948,-0.0839,-0.0,0.0,3.7355,100.92 100.86 0 0,-0.0058,False,True,0.0962
2000,oito199,99.8894,99.9477,-0.0779,-0.0,0.0,4.0237,100.92 100.86 0 0,-0.0057,False,True,0.0963
2001,oito200,99.8943,99.9474,-0.0719,-0.0,0.0,4.3112,100.98 100.9 0 0,-0.0056,False,True,0.0966
2002,oito200,99.8991,99.9471,-0.066,-0.0,0.0,4.5981,100.98 100.9 0 0,-0.0056,False,True,0.0969
2003,oito200,99.9039,99.9469,-0.0604,-0.0,0.0,4.8845,100.98 100.9 0 0,-0.0055,False,True,0.0972
2004,oito200,99.9088,99.9466,-0.0553,-0.0,0.0,5.1707,100.98 100.9 0 0,-0.0055,False,True,0.0975
2005,oito200,99.9137,99.9463,-0.0508,-0.0,0.0,5.4569,100.98 100.9 0 0,-0.0055,False,True,0.0976
2006,oito200,99.9186,99.9461,-0.0471,-0.0,0.0,5.7431,100.98 100.9 0 0,-0.0055,False,True,0.0981
2007,oito200,99.9235,99.9459,-0.0442,-0.0,0.0,6.0295,100.98 100.9 0 0,-0.0055,False,True,0.0982
2008,oito200,99.9284,99.9456,-0.0422,-0.0,0.0,6.3161,100.98 100.9 0 0,-0.0054,False,True,0.0985
2009,oito200,99.9333,99.9454,-0.0413,-0.0,0.0,6.6031,100.98 100.9 0 0,-0.0054,False,True,0.0988
2010,oito200,99.9383,99.9452,-0.0414,-0.0,0.0,6.8904,100.98 100.9 0 0,-0.0054,False,True,0.099
2011,oito201,99.9432,99.9451,-0.0426,-0.0,0.0,7.178,101.04 100.95 0 0,-0.0054,False,True,0.0991
2012,oito201,99.9482,99.9449,-0.0447,-0.0,0.0,7.4657,101.04 100.95 0 0,-0.0054,False,True,0.0995
2013,oito201,99.9532,99.9447,-0.0479,-0.0,0.0,7.7534,101.04 100.95 0 0,-0.0053,False,True,0.0997
2014,oito201,99.9582,99.9446,-0.0519,-0.0,0.0,8.041,101.04 100.95 0 0,-0.0053,False,True,0.1
2015,oito201,99.9632,99.9445,-0.0566,-0.0,0.0,8.3282,101.04 100.95 0 0,-0.0052,False,True,0.1004
2016,oito201,99.9682,99.9443,-0.062,-0.0,0.0,8.6148,101.04 100.95 0 0,-0.0052,False,True,0.1004
2017,oito201,99.9733,99.9442,-0.0677,-0.0,0.0,8.9007,101.04 100.95 0 0,-0.0051,False,True,0.1009
2018,oito201,99.9783,99.9442,-0.0737,-0.0,0.0,9.1856,101.04 100.95 0 0,-0.005,False,True,0.101
2019,oito201,99.9834,99.9441,-0.0797,-0.0,0.0,9.4692,101.04 100.95 0 0,-0.0049,False,True,0.1013
2020,oito201,99.9885,99.944,-0.0856,-0.0,0.0,9.7513,101.04 100.95 0 0,-0.0048,False,True,0.1015
2021,oito202,99.9936,99.944,-0.0912,-0.0,0.0,10.0317,101.1 100.99 0 0,-0.0046,False,True,0.1018
2022,oito202,99.9987,99.9439,-0.0962,-0.0,0.0,10.3102,101.1 100.99 0 0,-0.0045,False,True,0.1019
2023,oito202,100.0038,99.9439,-0.1007,-0.0,0.0,10.5865,101.1 100.99 0 0,-0.0043,False,True,0.1024
2024,oito202,100.0089,99.9439,-0.1044,-0.0,0.0,10.8606,101.1 100.99 0 0,-0.0041,False,True,0.1025
2025,oito202,100.014,99.9439,-0.1072,-0.0,0.0,11.1322,101.1 100.99 0 0,-0.0039,False,True,0.1028
2026,oito202,100.0192,99.944,-0.1091,-0.0,0.0,11.4015,101.1 100.99 0 0,-0.0037,False,True,0.103
2027,oito202,100.0244,99.944,-0.1099,-0.0,0.0,11.6683,101.1 100.99 0 0,-0.0034,False,True,0.1033
2028,oito202,100.0295,99.944,-0.1098,-0.0,0.0,11.9328,101.1 100.99 0 0,-0.0032,False,True,0.1036
2029,oito202,100.0347,99.9441,-0.1086,-0.0,0.0,12.195,101.1 100.99 0 0,-0.003,False,True,0.1036
2030,oito202,100.0399,99.9442,-0.1063,-0.0,0.0,12.455,101.1 100.99 0 0,-0.0028,False,True,0.1041
2031,oito203,100.0451,99.9443,-0.1031,-0.0,0.0,12.713,101.17 101.03 0 0,-0.0027,False,True,0.1041
2032,oito203,100.0503,99.9444,-0.0991,-0.0,0.0,12.969,101.17 101.03 0 0,-0.0025,False,True,0.1044
2033,oito203,100.0556,99.9446,-0.0943,-0.0,0.0,13.2231,101.17 101.03 0 0,-0.0023,False,True,0.1047
2034,oito203,100.0608,99.9447,-0.0889,-0.0,0.0,13.4755,101.17 101.03 0 0,-0.0021,False,True,0.105
2035,oito203,100.0661,99.9449,-0.0831,-0.0,0.0,13.7264,101.17 101.03 0 0,-0.002,False,True,0.1053
2036,oito203,100.0714,99.9451,-0.0771,-0.0,0.0,13.9761,101.17 101.03 0 0,-0.002,False,True,0.1055
2037,oito203,100.0766,99.9453,-0.0711,-0.0,0.0,14.2248,101.17 101.03 0 0,-0.0019,False,True,0.1057
2038,oito203,100.0819,99.9455,-0.0653,-0.0,0.0,14.4727,101.17 101.03 0 0,-0.0018,False,True,0.106
2039,oito203,100.0872,99.9457,-0.0597,-0.0,0.0,14.72,101.17 101.03 0 0,-0.0018,False,True,0.1061
2040,oito203,100.0926,99.946,-0.0547,-0.0,0.0,14.9669,101.17 101.03 0 0,-0.0018,False,True,0.1065
2041,oito204,100.0979,99.9462,-0.0503,-0.0,0.0,15.2136,101.23 101.07 0 0,-0.0018,False,True,0.1066
2042,oito204,100.1032,99.9465,-0.0466,-0.0,0.0,15.4601,101.23 101.07 0 0,-0.0017,False,True,0.1068
2043,oito204,100.1086,99.9468,-0.0439,-0.0,0.0,15.7065,101.23 101.07 0 0,-0.0017,False,True,0.1071
2044,oito204,100.1139,99.9471,-0.0421,-0.0,0.0,15.9527,101.23 101.07 0 0,-0.0017,False,True,0.1073
2045,oito204,100.1193,99.9475,-0.0413,-0.0,0.0,16.199,101.23 101.07 0 0,-0.0016,False,True,0.1078
2046,oito204,100.1247,99.9478,-0.0415,-0.0,0.0,16.4452,101.23 101.07 0 0,-0.0016,False,True,0.1078
2047,oito204,100.1301,99.9482,-0.0428,-0.0,0.0,16.6913,101.23 101.07 0 0,-0.0016,False,True,0.1081
2048,oito204,100.1355,99.9486,-0.0451,-0.0,0.0,16.9373,101.23 101.07 0 0,-0.0016,False,True,0.1083
2049,oito204,100.1409,99.949,-0.0484,-0.0,0.0,17.1831,101.23 101.07 0 0,-0.0015,False,True,0.1086
2050,oito204,100.1463,99.9494,-0.0525,-0.0,0.0,17.4286,101.23 101.07 0 0,-0.0015,False,True,0.1087
2051,oito205,100.1517,99.9498,-0.0573,-0.0,0.0,17.6736,101.29 101.11 0 0,-0.0014,False,True,0.109
2052,oito205,100.1572,99.9503,-0.0627,-0.0,0.0,17.9179,101.29 101.11 0 0,-0.0014,False,True,0.1092
2053,oito205,100.1626,99.9508,-0.0685,-0.0,0.0,18.1611,101.29 101.11 0 0,-0.0013,False,True,0.1095
2054,oito205,100.1681,99.9513,-0.0745,-0.0,0.0,18.4032,101.29 101.11 0 0,-0.0012,False,True,0.1097
2055,oito205,100.1736,99.9518,-0.0805,-0.0,0.0,18.6438,101.29 101.11 0 0,-0.0011,False,True,0.1099
2056,oito205,100.1791,99.9523,-0.0863,-0.0,0.0,18.883,101.29 101.11 0 0,-0.001,False,True,0.1102
2057,oito205,100.1845,99.9529,-0.0919,-0.0,0.0,19.1205,101.29 101.11 0 0,-0.0009,False,True,0.1104
2058,oito205,100.19,99.9534,-0.0969,-0.0,0.0,19.3561,101.29 101.11 0 0,-0.0007,False,True,0.1106
2059,oito205,100.1956,99.954,-0.1012,-0.0,0.0,19.5898,101.29 101.11 0 0,-0.0006,False,True,0.1108
2060,oito205,100.2011,99.9546,-0.1048,-0.0,0.0,19.8215,101.29 101.11 0 0,-0.0004,False,True,0.1111
2061,oito206,100.2066,99.9553,-0.1075,-0.0,0.0,20.0511,101.36 101.14 0 0,-0.0003,False,True,0.1112
2062,oito206,100.2121,99.9559,-0.1093,-0.0,0.0,20.2784,101.36 101.14 0 0,-0.0,False,True,0.1114
2063,oito206,100.2177,99.9566,-0.11,-0.0,0.0,20.5033,101.36 101.14 0 0,0.0002,False,True,0.1117
2064,oito206,100.2232,99.9572,-0.1097,-0.0,0.0,20.7258,101.36 101.14 0 0,0.0004,False,True,0.1119
2065,oito206,100.2288,99.9579,-0.1083,-0.0,0.0,20.9461,101.36 101.14 0 0,0.0006,False,True,0.1123
2066,oito206,100.2344,99.9586,-0.1059,-0.0,0.0,21.1641,101.36 101.14 0 0,0.0008,False,True,0.1123
2067,oito206,100.24,99.9594,-0.1026,-0.0,0.0,21.3802,101.36 101.14 0 0,0.001,False,True,0.1127
2068,oito206,100.2456,99.9601,-0.0985,-0.0,0.0,21.5944,101.36 101.14 0 0,0.0011,False,True,0.1128
2069,oito206,100.2512,99.9609,-0.0936,-0.0,0.0,21.8069,101.36 101.14 0 0,0.0012,False,True,0.1131
2070,oito206,100.2568,99.9617,-0.0882,-0.0,0.0,22.0179,101.36 101.14 0 0,0.0013,False,True,0.1132
2071,oito207,100.2624,99.9625,-0.0824,-0.0,0.0,22.2276,101.43 101.17 0 0,0.0014,False,True,0.1133
2072,oito207,100.268,99.9633,-0.0764,-0.0,0.0,22.436,101.43 101.17 0 0,0.0015,False,True,0.1136
2073,oito207,100.2736,99.9641,-0.0703,-0.0,0.0,22.6432,101.43 101.17 0 0,0.0016,False,True,0.1139
2074,oito207,100.2793,99.965,-0.0645,-0.0,0.0,22.8494,101.43 101.17 0 0,0.0016,False,True,0.1141
2075,oito207,100.2849,99.9659,-0.059,-0.0,0.0,23.0546,101.43 101.17 0 0,0.0017,False,True,0.1143
2076,oito207,100.2906,99.9668,-0.0541,-0.0,0.0,23.2592,101.43 101.17 0 0,0.0017,False,True,0.1146
2077,oito207,100.2962,99.9677,-0.0498,-0.0,0.0,23.4633,101.43 101.17 0 0,0.0017,False,True,0.1147
2078,oito207,100.3019,99.9686,-0.0462,-0.0,0.0,23.6669,101.43 101.17 0 0,0.0018,False,True,0.1149
2079,oito207,100.3076,99.9696,-0.0436,-0.0,0.0,23.8703,101.43 101.17 0 0,0.0018,False,True,0.1151
2080,oito207,100.3133,99.9705,-0.0419,-0.0,0.0,24.0734,101.43 101.17 0 0,0.0018,False,True,0.1153
2081,oito208,100.3189,99.9715,-0.0412,-0.0,0.0,24.2762,101.5 101.2 0 0,0.0018,False,True,0.1155
2082,oito208,100.3246,99.9725,-0.0416,-0.0,0.0,24.4788,101.5 101.2 0 0,0.0019,False,True,0.1157
2083,oito208,100.3304,99.9735,-0.043,-0.0,0.0,24.6807,101.5 101.2 0 0,0.0019,False,True,0.1159
2084,oito208,100.3361,99.9746,-0.0455,-0.0,0.0,24.8822,101.5 101.2 0 0,0.002,False,True,0.1162
2085,oito208,100.3418,99.9756,-0.0489,-0.0,0.0,25.083,101.5 101.2 0 0,0.0021,False,True,0.1163
2086,oito208,100.3475,99.9767,-0.0531,-0.0,0.0,25.2831,101.5 101.2 0 0,0.0021,False,True,0.1166
2087,oito208,100.3532,99.9778,-0.058,-0.0,0.0,25.4823,101.5 101.2 0 0,0.0021,False,True,0.1166
2088,oito208,100.359,99.9789,-0.0634,-0.0,0.0,25.6807,101.5 101.2 0 0,0.0022,False,True,0.117
2089,oito208,100.3647,99.98,-0.0693,-0.0,0.0,25.8781,101.5 101.2 0 0,0.0023,False,True,0.117
2090,oito208,100.3705,99.9811,-0.0753,-0.0,0.0,26.0742,101.5 101.2 0 0,0.0024,False,True,0.1174
