step,seg,x,y,z,roll,pitch,yaw,action,reward,terminated,truncated,speed_xy
1,seno00,100.0,100.0,0.0,0.0,-0.0,-0.0,101.31 100.73 0 0,0.0,False,False,0.0
2,seno00,100.0001,100.0,-0.0012,-0.0,0.0,0.005,101.31 100.73 0 0,-0.0004,False,False,0.0012
3,seno00,100.0002,100.0,-0.0047,-0.0,0.0,0.0192,101.31 100.73 0 0,-0.0007,False,False,0.0034
4,seno00,100.0005,100.0,-0.0104,-0.0,0.0,0.0425,101.31 100.73 0 0,-0.0009,False,False,0.0058
5,seno00,100.0009,100.0,-0.0181,-0.0,0.0,0.0745,101.31 100.73 0 0,-0.0012,False,False,0.0079
6,seno00,100.0014,100.0,-0.0275,-0.0,0.0,0.1149,101.31 100.73 0 0,-0.0014,False,False,0.0101
7,seno00,100.002,100.0,-0.0382,-0.0,0.0,0.1634,101.31 100.73 0 0,-0.0017,False,False,0.0122
8,seno00,100.0027,100.0,-0.0499,-0.0,0.0,0.2198,101.31 100.73 0 0,-0.002,False,False,0.0143
9,seno00,100.0036,100.0,-0.0622,-0.0,0.0,0.2835,101.31 100.73 0 0,-0.0023,False,False,0.0163
10,seno00,100.0045,100.0,-0.0746,-0.0,0.0,0.3543,101.31 100.73 0 0,-0.0025,False,False,0.0185
11,seno01,100.0055,100.0,-0.0869,-0.0,0.0,0.4317,101.38 100.76 0 0,-0.0028,False,False,0.0204
12,seno01,100.0066,100.0,-0.0985,-0.0,0.0,0.5154,101.38 100.76 0 0,-0.003,False,False,0.0224
13,seno01,100.0079,100.0,-0.1092,-0.0,0.0,0.6048,101.38 100.76 0 0,-0.0031,False,False,0.0244
14,seno01,100.0092,100.0,-0.1187,-0.0,0.0,0.6995,101.38 100.76 0 0,-0.0032,False,False,0.0266
15,seno01,100.0106,100.0,-0.1268,-0.0,0.0,0.7992,101.38 100.76 0 0,-0.0032,False,False,0.0284
16,seno01,100.0121,100.0,-0.1332,-0.0,0.0,0.9034,101.38 100.76 0 0,-0.0032,False,False,0.0304
17,seno01,100.0137,100.0001,-0.1379,-0.0,0.0,1.012,101.38 100.76 0 0,-0.0032,False,False,0.0322
18,seno01,100.0154,100.0001,-0.1406,-0.0,0.0,1.1244,101.38 100.76 0 0,-0.0031,False,False,0.034
19,seno01,100.0172,100.0001,-0.1414,-0.0,0.0,1.2405,101.38 100.76 0 0,-0.003,False,False,0.036
20,seno01,100.0191,100.0001,-0.1402,-0.0,0.0,1.36,101.38 100.76 0 0,-0.0029,False,False,0.0377
21,seno02,100.0211,100.0001,-0.137,-0.0,0.0,1.4828,101.45 100.79 0 0,-0.0028,False,False,0.0394
22,seno02,100.0231,100.0002,-0.1318,-0.0,0.0,1.6085,101.45 100.79 0 0,-0.0026,False,False,0.0412
23,seno02,100.0253,100.0002,-0.125,-0.0,0.0,1.7371,101.45 100.79 0 0,-0.0025,False,False,0.043
24,seno02,100.0275,100.0002,-0.1167,-0.0,0.0,1.8685,101.45 100.79 0 0,-0.0024,False,False,0.0447
25,seno02,100.0298,100.0003,-0.1072,-0.0,0.0,2.0025,101.45 100.79 0 0,-0.0024,False,False,0.0464
26,seno02,100.0323,100.0003,-0.0969,-0.0,0.0,2.1394,101.45 100.79 0 0,-0.0023,False,False,0.0482
27,seno02,100.0347,100.0004,-0.086,-0.0,0.0,2.2789,101.45 100.79 0 0,-0.0024,False,False,0.0498
28,seno02,100.0373,100.0004,-0.075,-0.0,0.0,2.4212,101.45 100.79 0 0,-0.0024,False,False,0.0514
29,seno02,100.04,100.0005,-0.0643,-0.0,0.0,2.5663,101.45 100.79 0 0,-0.0024,False,False,0.053
30,seno02,100.0427,100.0006,-0.054,-0.0,0.0,2.7143,101.45 100.79 0 0,-0.0025,False,False,0.0545
31,seno03,100.0455,100.0006,-0.0445,-0.0,0.0,2.8652,101.52 100.81 0 0,-0.0025,False,False,0.056
32,seno03,100.0484,100.0007,-0.0362,-0.0,0.0,3.0189,101.52 100.81 0 0,-0.0025,False,False,0.0576
33,seno03,100.0513,100.0008,-0.0291,-0.0,0.0,3.1754,101.52 100.81 0 0,-0.0025,False,False,0.0591
34,seno03,100.0543,100.0009,-0.0234,-0.0,0.0,3.3348,101.52 100.81 0 0,-0.0025,False,False,0.0606
35,seno03,100.0574,100.001,-0.0194,-0.0,0.0,3.4969,101.52 100.81 0 0,-0.0025,False,False,0.062
36,seno03,100.0606,100.0011,-0.0171,-0.0,0.0,3.6617,101.52 100.81 0 0,-0.0024,False,False,0.0635
37,seno03,100.0639,100.0012,-0.0165,-0.0,0.0,3.8293,101.52 100.81 0 0,-0.0024,False,False,0.0649
38,seno03,100.0672,100.0014,-0.0178,-0.0,0.0,3.9994,101.52 100.81 0 0,-0.0023,False,False,0.0664
39,seno03,100.0705,100.0015,-0.0208,-0.0,0.0,4.172,101.52 100.81 0 0,-0.0023,False,False,0.0675
40,seno03,100.074,100.0016,-0.0256,-0.0,0.0,4.3468,101.52 100.81 0 0,-0.0022,False,False,0.069
41,seno04,100.0775,100.0018,-0.0319,-0.0,0.0,4.5236,101.59 100.84 0 0,-0.0022,False,False,0.0701
42,seno04,100.0811,100.002,-0.0395,-0.0,0.0,4.7022,101.59 100.84 0 0,-0.0021,False,False,0.0715
43,seno04,100.0847,100.0021,-0.0481,-0.0,0.0,4.8822,101.59 100.84 0 0,-0.002,False,False,0.0729
44,seno04,100.0884,100.0023,-0.0575,-0.0,0.0,5.0634,101.59 100.84 0 0,-0.0019,False,False,0.0741
45,seno04,100.0922,100.0025,-0.0673,-0.0,0.0,5.2454,101.59 100.84 0 0,-0.0019,False,False,0.0753
46,seno04,100.096,100.0027,-0.0773,-0.0,0.0,5.4279,101.59 100.84 0 0,-0.0018,False,False,0.0766
47,seno04,100.0999,100.0029,-0.0871,-0.0,0.0,5.6106,101.59 100.84 0 0,-0.0017,False,False,0.0778
48,seno04,100.1038,100.0031,-0.0964,-0.0,0.0,5.7932,101.59 100.84 0 0,-0.0015,False,False,0.079
49,seno04,100.1078,100.0034,-0.1049,-0.0,0.0,5.9755,101.59 100.84 0 0,-0.0014,False,False,0.0799
50,seno04,100.1119,100.0036,-0.1125,-0.0,0.0,6.1572,101.59 100.84 0 0,-0.0012,False,False,0.0812
51,seno05,100.116,100.0039,-0.1189,-0.0,0.0,6.3381,101.66 100.86 0 0,-0.001,False,False,0.0823
52,seno05,100.1201,100.0041,-0.1239,-0.0,0.0,6.5179,101.66 100.86 0 0,-0.0007,False,False,0.0833
53,seno05,100.1243,100.0044,-0.1275,-0.0,0.0,6.6965,101.66 100.86 0 0,-0.0004,False,False,0.0844
54,seno05,100.1286,100.0047,-0.1295,-0.0,0.0,6.8737,101.66 100.86 0 0,-0.0001,False,False,0.0856
55,seno05,100.1329,100.005,-0.1298,-0.0,0.0,7.0496,101.66 100.86 0 0,0.0002,False,False,0.0866
56,seno05,100.1373,100.0053,-0.1285,-0.0,0.0,7.2241,101.66 100.86 0 0,0.0005,False,False,0.0875
57,seno05,100.1417,100.0057,-0.1256,-0.0,0.0,7.3973,101.66 100.86 0 0,0.0008,False,False,0.0886
58,seno05,100.1462,100.006,-0.1211,-0.0,0.0,7.5693,101.66 100.86 0 0,0.0011,False,False,0.0897
59,seno05,100.1507,100.0063,-0.1152,-0.0,0.0,7.7401,101.66 100.86 0 0,0.0013,False,False,0.0905
60,seno05,100.1552,100.0067,-0.1082,-0.0,0.0,7.91,101.66 100.86 0 0,0.0015,False,False,0.0914
61,seno06,100.1598,100.0071,-0.1001,-0.0,0.0,8.079,101.73 100.89 0 0,0.0016,False,False,0.0923
62,seno06,100.1645,100.0075,-0.0914,-0.0,0.0,8.2474,101.73 100.89 0 0,0.0018,False,False,0.0933
63,seno06,100.1692,100.0079,-0.0823,-0.0,0.0,8.4153,101.73 100.89 0 0,0.0019,False,False,0.0942
64,seno06,100.1739,100.0083,-0.0731,-0.0,0.0,8.5828,101.73 100.89 0 0,0.002,False,False,0.0951
65,seno06,100.1787,100.0087,-0.064,-0.0,0.0,8.7501,101.73 100.89 0 0,0.0021,False,False,0.0959
66,seno06,100.1835,100.0091,-0.0555,-0.0,0.0,8.9175,101.73 100.89 0 0,0.0021,False,False,0.0968
67,seno06,100.1884,100.0096,-0.0476,-0.0,0.0,9.0851,101.73 100.89 0 0,0.0022,False,False,0.0978
68,seno06,100.1933,100.0101,-0.0406,-0.0,0.0,9.2529,101.73 100.89 0 0,0.0022,False,False,0.0984
69,seno06,100.1982,100.0106,-0.0348,-0.0,0.0,9.4213,101.73 100.89 0 0,0.0023,False,False,0.0992
70,seno06,100.2032,100.011,-0.0302,-0.0,0.0,9.5901,101.73 100.89 0 0,0.0024,False,False,0.1001
71,seno07,100.2082,100.0115,-0.027,-0.0,0.0,9.7596,101.8 100.91 0 0,0.0024,False,False,0.1008
72,seno07,100.2133,100.0121,-0.0253,-0.0,0.0,9.9296,101.8 100.91 0 0,0.0025,False,False,0.1014
73,seno07,100.2183,100.0126,-0.0251,-0.0,0.0,10.1,101.8 100.91 0 0,0.0026,False,False,0.1023
74,seno07,100.2235,100.0131,-0.0264,-0.0,0.0,10.2708,101.8 100.91 0 0,0.0027,False,False,0.1031
75,seno07,100.2286,100.0137,-0.0293,-0.0,0.0,10.442,101.8 100.91 0 0,0.0028,False,False,0.1037
76,seno07,100.2338,100.0143,-0.0336,-0.0,0.0,10.6135,101.8 100.91 0 0,0.0029,False,False,0.1045
77,seno07,100.2391,100.0149,-0.0392,-0.0,0.0,10.7851,101.8 100.91 0 0,0.0029,False,False,0.1052
78,seno07,100.2443,100.0155,-0.0459,-0.0,0.0,10.9566,101.8 100.91 0 0,0.0031,False,False,0.106
79,seno07,100.2496,100.0161,-0.0535,-0.0,0.0,11.128,101.8 100.91 0 0,0.0031,False,False,0.1065
80,seno07,100.2549,100.0167,-0.0617,-0.0,0.0,11.299,101.8 100.91 0 0,0.0032,False,False,0.1071
81,seno08,100.2603,100.0174,-0.0702,-0.0,0.0,11.4693,101.88 100.92 0 0,0.0033,False,False,0.1077
82,seno08,100.2656,100.018,-0.0789,-0.0,0.0,11.6388,101.88 100.92 0 0,0.0034,False,False,0.1084
83,seno08,100.2711,100.0187,-0.0873,-0.0,0.0,11.8069,101.88 100.92 0 0,0.0035,False,False,0.1092
84,seno08,100.2765,100.0194,-0.0954,-0.0,0.0,11.9737,101.88 100.92 0 0,0.0037,False,False,0.1096
85,seno08,100.282,100.0201,-0.1027,-0.0,0.0,12.1388,101.88 100.92 0 0,0.0038,False,False,0.1103
86,seno08,100.2875,100.0208,-0.1092,-0.0,0.0,12.3021,101.88 100.92 0 0,0.004,False,False,0.1108
87,seno08,100.293,100.0215,-0.1146,-0.0,0.0,12.4637,101.88 100.92 0 0,0.0043,False,False,0.1116
88,seno08,100.2985,100.0222,-0.1188,-0.0,0.0,12.6234,101.88 100.92 0 0,0.0045,False,False,0.1119
89,seno08,100.3041,100.023,-0.1218,-0.0,0.0,12.7811,101.88 100.92 0 0,0.0047,False,False,0.1126
90,seno08,100.3097,100.0238,-0.1233,-0.0,0.0,12.9369,101.88 100.92 0 0,0.0049,False,False,0.1131
91,seno09,100.3154,100.0246,-0.1233,-0.0,0.0,13.0908,101.95 100.94 0 0,0.0052,False,False,0.1137
92,seno09,100.321,100.0253,-0.122,-0.0,0.0,13.2428,101.95 100.94 0 0,0.0054,False,False,0.114
93,seno09,100.3267,100.0262,-0.1191,-0.0,0.0,13.3928,101.95 100.94 0 0,0.0057,False,False,0.1147
94,seno09,100.3324,100.027,-0.115,-0.0,0.0,13.541,101.95 100.94 0 0,0.0059,False,False,0.1152
95,seno09,100.3381,100.0278,-0.1096,-0.0,0.0,13.6875,101.95 100.94 0 0,0.0061,False,False,0.1156
96,seno09,100.3438,100.0287,-0.1032,-0.0,0.0,13.8324,101.95 100.94 0 0,0.0063,False,False,0.1161
97,seno09,100.3496,100.0295,-0.0959,-0.0,0.0,13.976,101.95 100.94 0 0,0.0064,False,False,0.1166
98,seno09,100.3554,100.0304,-0.0881,-0.0,0.0,14.1184,101.95 100.94 0 0,0.0065,False,False,0.1171
99,seno09,100.3612,100.0313,-0.08,-0.0,0.0,14.2597,101.95 100.94 0 0,0.0066,False,False,0.1175
100,seno09,100.367,100.0322,-0.0717,-0.0,0.0,14.4001,101.95 100.94 0 0,0.0067,False,False,0.118
101,seno10,100.3729,100.0331,-0.0637,-0.0,0.0,14.5399,102.02 100.96 0 0,0.0067,False,False,0.1184
102,seno10,100.3788,100.034,-0.0561,-0.0,0.0,14.679,102.02 100.96 0 0,0.0068,False,False,0.1188
103,seno10,100.3846,100.035,-0.0492,-0.0,0.0,14.8176,102.02 100.96 0 0,0.0068,False,False,0.1191
104,seno10,100.3905,100.0359,-0.0431,-0.0,0.0,14.9557,102.02 100.96 0 0,0.0069,False,False,0.1198
105,seno10,100.3965,100.0369,-0.038,-0.0,0.0,15.0935,102.02 100.96 0 0,0.0069,False,False,0.1201
106,seno10,100.4024,100.0378,-0.0341,-0.0,0.0,15.231,102.02 100.96 0 0,0.007,False,False,0.1205
107,seno10,100.4084,100.0388,-0.0314,-0.0,0.0,15.3684,102.02 100.96 0 0,0.0071,False,False,0.1209
108,seno10,100.4144,100.0398,-0.0301,-0.0,0.0,15.5056,102.02 100.96 0 0,0.0071,False,False,0.1213
109,seno10,100.4204,100.0408,-0.0301,-0.0,0.0,15.6427,102.02 100.96 0 0,0.0072,False,False,0.1216
110,seno10,100.4264,100.0419,-0.0316,-0.0,0.0,15.7797,102.02 100.96 0 0,0.0072,False,False,0.122
111,seno11,100.4324,100.0429,-0.0344,-0.0,0.0,15.9165,102.1 100.97 0 0,0.0073,False,False,0.1223
112,seno11,100.4384,100.0439,-0.0385,-0.0,0.0,16.053,102.1 100.97 0 0,0.0074,False,False,0.1226
113,seno11,100.4445,100.045,-0.0437,-0.0,0.0,16.1889,102.1 100.97 0 0,0.0075,False,False,0.123
114,seno11,100.4506,100.0461,-0.0499,-0.0,0.0,16.3241,102.1 100.97 0 0,0.0076,False,False,0.1235
115,seno11,100.4567,100.0472,-0.0569,-0.0,0.0,16.4585,102.1 100.97 0 0,0.0076,False,False,0.1237
116,seno11,100.4628,100.0483,-0.0644,-0.0,0.0,16.592,102.1 100.97 0 0,0.0077,False,False,0.1242
117,seno11,100.4689,100.0494,-0.0722,-0.0,0.0,16.7246,102.1 100.97 0 0,0.0077,False,False,0.1244
118,seno11,100.475,100.0505,-0.08,-0.0,0.0,16.856,102.1 100.97 0 0,0.0078,False,False,0.1248
119,seno11,100.4812,100.0516,-0.0877,-0.0,0.0,16.9862,102.1 100.97 0 0,0.0079,False,False,0.125
120,seno11,100.4874,100.0527,-0.0949,-0.0,0.0,17.1151,102.1 100.97 0 0,0.008,False,False,0.1252
121,seno12,100.4935,100.0539,-0.1015,-0.0,0.0,17.2426,102.17 100.98 0 0,0.0081,False,False,0.1256
122,seno12,100.4997,100.0551,-0.1073,-0.0,0.0,17.3685,102.17 100.98 0 0,0.0083,False,False,0.1259
123,seno12,100.5059,100.0562,-0.1121,-0.0,0.0,17.4926,102.17 100.98 0 0,0.0084,False,False,0.1263
124,seno12,100.5121,100.0574,-0.1158,-0.0,0.0,17.6149,102.17 100.98 0 0,0.0086,False,False,0.1264
125,seno12,100.5183,100.0586,-0.1182,-0.0,0.0,17.7355,102.17 100.98 0 0,0.0088,False,False,0.1268
126,seno12,100.5246,100.0598,-0.1194,-0.0,0.0,17.8542,102.17 100.98 0 0,0.009,False,False,0.1271
127,seno12,100.5308,100.061,-0.1193,-0.0,0.0,17.9712,102.17 100.98 0 0,0.0092,False,False,0.1273
128,seno12,100.5371,100.0623,-0.1178,-0.0,0.0,18.0865,102.17 100.98 0 0,0.0093,False,False,0.1275
129,seno12,100.5434,100.0635,-0.115,-0.0,0.0,18.2002,102.17 100.98 0 0,0.0095,False,False,0.1278
130,seno12,100.5496,100.0647,-0.111,-0.0,0.0,18.3124,102.17 100.98 0 0,0.0097,False,False,0.128
131,seno13,100.5559,100.066,-0.1059,-0.0,0.0,18.4232,102.24 100.99 0 0,0.0098,False,False,0.1282
132,seno13,100.5622,100.0673,-0.0998,-0.0,0.0,18.5326,102.24 100.99 0 0,0.0099,False,False,0.1284
133,seno13,100.5685,100.0685,-0.0931,-0.0,0.0,18.6405,102.24 100.99 0 0,0.01,False,False,0.1287
134,seno13,100.5749,100.0698,-0.0858,-0.0,0.0,18.7472,102.24 100.99 0 0,0.0101,False,False,0.1291
135,seno13,100.5812,100.0711,-0.0783,-0.0,0.0,18.8528,102.24 100.99 0 0,0.0102,False,False,0.1291
136,seno13,100.5875,100.0724,-0.0707,-0.0,0.0,18.9573,102.24 100.99 0 0,0.0102,False,False,0.1294
137,seno13,100.5939,100.0737,-0.0634,-0.0,0.0,19.061,102.24 100.99 0 0,0.0103,False,False,0.1296
138,seno13,100.6002,100.075,-0.0564,-0.0,0.0,19.164,102.24 100.99 0 0,0.0103,False,False,0.1298
139,seno13,100.6066,100.0764,-0.0501,-0.0,0.0,19.2663,102.24 100.99 0 0,0.0103,False,False,0.13
140,seno13,100.613,100.0777,-0.0446,-0.0,0.0,19.3681,102.24 100.99 0 0,0.0104,False,False,0.1301
141,seno14,100.6193,100.079,-0.04,-0.0,0.0,19.4694,102.32 100.99 0 0,0.0104,False,False,0.1304
142,seno14,100.6257,100.0804,-0.0366,-0.0,0.0,19.5701,102.32 100.99 0 0,0.0105,False,False,0.1305
143,seno14,100.6321,100.0817,-0.0343,-0.0,0.0,19.6701,102.32 100.99 0 0,0.0105,False,False,0.1307
144,seno14,100.6385,100.0831,-0.0332,-0.0,0.0,19.7695,102.32 100.99 0 0,0.0106,False,False,0.1309
145,seno14,100.6449,100.0845,-0.0335,-0.0,0.0,19.8682,102.32 100.99 0 0,0.0107,False,False,0.1313
146,seno14,100.6514,100.0859,-0.035,-0.0,0.0,19.9664,102.32 100.99 0 0,0.0107,False,False,0.1313
147,seno14,100.6578,100.0872,-0.0378,-0.0,0.0,20.0639,102.32 100.99 0 0,0.0108,False,False,0.1314
148,seno14,100.6642,100.0887,-0.0418,-0.0,0.0,20.1607,102.32 100.99 0 0,0.0109,False,False,0.1317
149,seno14,100.6706,100.0901,-0.0468,-0.0,0.0,20.257,102.32 100.99 0 0,0.0109,False,False,0.1318
150,seno14,100.6771,100.0915,-0.0527,-0.0,0.0,20.3525,102.32 100.99 0 0,0.011,False,False,0.132
151,seno15,100.6835,100.0929,-0.0593,-0.0,0.0,20.4472,102.39 101 0 0,0.011,False,False,0.132
152,seno15,100.69,100.0943,-0.0663,-0.0,0.0,20.541,102.39 101 0 0,0.011,False,False,0.1322
153,seno15,100.6965,100.0957,-0.0736,-0.0,0.0,20.6337,102.39 101 0 0,0.0111,False,False,0.1324
154,seno15,100.7029,100.0972,-0.081,-0.0,0.0,20.7252,102.39 101 0 0,0.0112,False,False,0.1326
155,seno15,100.7094,100.0986,-0.0881,-0.0,0.0,20.8154,102.39 101 0 0,0.0112,False,False,0.1326
156,seno15,100.7159,100.1001,-0.0948,-0.0,0.0,20.9045,102.39 101 0 0,0.0113,False,False,0.1329
157,seno15,100.7224,100.1016,-0.1009,-0.0,0.0,20.9922,102.39 101 0 0,0.0114,False,False,0.133
158,seno15,100.7289,100.103,-0.1061,-0.0,0.0,21.0786,102.39 101 0 0,0.0115,False,False,0.1331
159,seno15,100.7354,100.1045,-0.1105,-0.0,0.0,21.1636,102.39 101 0 0,0.0116,False,False,0.1332
160,seno15,100.7419,100.106,-0.1138,-0.0,0.0,21.2473,102.39 101 0 0,0.0117,False,False,0.1333
161,seno16,100.7484,100.1075,-0.1159,-0.0,0.0,21.3297,102.47 101 0 0,0.0119,False,False,0.1335
162,seno16,100.7549,100.109,-0.1168,-0.0,0.0,21.4105,102.47 101 0 0,0.012,False,False,0.1334
163,seno16,100.7614,100.1105,-0.1165,-0.0,0.0,21.4898,102.47 101 0 0,0.0122,False,False,0.1337
164,seno16,100.7679,100.112,-0.1149,-0.0,0.0,21.5675,102.47 101 0 0,0.0123,False,False,0.1339
165,seno16,100.7744,100.1135,-0.1121,-0.0,0.0,21.6437,102.47 101 0 0,0.0125,False,False,0.1339
166,seno16,100.781,100.115,-0.1082,-0.0,0.0,21.7184,102.47 101 0 0,0.0126,False,False,0.1341
167,seno16,100.7875,100.1165,-0.1032,-0.0,0.0,21.7919,102.47 101 0 0,0.0127,False,False,0.1343
168,seno16,100.794,100.118,-0.0974,-0.0,0.0,21.8641,102.47 101 0 0,0.0128,False,False,0.1343
169,seno16,100.8006,100.1196,-0.091,-0.0,0.0,21.9352,102.47 101 0 0,0.0129,False,False,0.1343
170,seno16,100.8071,100.1211,-0.0841,-0.0,0.0,22.0053,102.47 101 0 0,0.0129,False,False,0.1345
171,seno17,100.8137,100.1227,-0.077,-0.0,0.0,22.0744,102.54 101 0 0,0.013,False,False,0.1345
172,seno17,100.8202,100.1242,-0.0698,-0.0,0.0,22.1426,102.54 101 0 0,0.013,False,False,0.1347
173,seno17,100.8268,100.1258,-0.0629,-0.0,0.0,22.2096,102.54 101 0 0,0.0131,False,False,0.1347
174,seno17,100.8333,100.1273,-0.0564,-0.0,0.0,22.2757,102.54 101 0 0,0.0131,False,False,0.1349
175,seno17,100.8399,100.1289,-0.0506,-0.0,0.0,22.341,102.54 101 0 0,0.0131,False,False,0.1351
176,seno17,100.8465,100.1305,-0.0455,-0.0,0.0,22.4054,102.54 101 0 0,0.0132,False,False,0.1351
177,seno17,100.853,100.132,-0.0413,-0.0,0.0,22.4691,102.54 101 0 0,0.0132,False,False,0.1351
178,seno17,100.8596,100.1336,-0.0382,-0.0,0.0,22.5321,102.54 101 0 0,0.0133,False,False,0.1352
179,seno17,100.8662,100.1352,-0.0362,-0.0,0.0,22.5945,102.54 101 0 0,0.0133,False,False,0.1353
180,seno17,100.8728,100.1368,-0.0354,-0.0,0.0,22.6564,102.54 101 0 0,0.0133,False,False,0.1353
181,seno18,100.8793,100.1384,-0.0358,-0.0,0.0,22.7176,102.62 101 0 0,0.0134,False,False,0.1353
182,seno18,100.8859,100.1399,-0.0374,-0.0,0.0,22.7782,102.62 101 0 0,0.0135,False,False,0.1355
183,seno18,100.8925,100.1415,-0.0402,-0.0,0.0,22.8378,102.62 101 0 0,0.0135,False,False,0.1355
184,seno18,100.8991,100.1431,-0.0442,-0.0,0.0,22.8966,102.62 101 0 0,0.0136,False,False,0.1357
185,seno18,100.9057,100.1447,-0.0491,-0.0,0.0,22.9545,102.62 101 0 0,0.0137,False,False,0.1357
186,seno18,100.9123,100.1463,-0.0548,-0.0,0.0,23.0116,102.62 101 0 0,0.0137,False,False,0.1359
187,seno18,100.9189,100.148,-0.0611,-0.0,0.0,23.0677,102.62 101 0 0,0.0137,False,False,0.1359
188,seno18,100.9255,100.1496,-0.0679,-0.0,0.0,23.123,102.62 101 0 0,0.0138,False,False,0.1359
189,seno18,100.9321,100.1512,-0.0748,-0.0,0.0,23.1774,102.62 101 0 0,0.0138,False,False,0.136
190,seno18,100.9387,100.1528,-0.0818,-0.0,0.0,23.2308,102.62 101 0 0,0.0138,False,False,0.1359
191,seno19,100.9453,100.1544,-0.0885,-0.0,0.0,23.2833,102.69 100.99 0 0,0.0139,False,False,0.1361
192,seno19,100.9519,100.1561,-0.0948,-0.0,0.0,23.3346,102.69 100.99 0 0,0.0139,False,False,0.1361
193,seno19,100.9585,100.1577,-0.1005,-0.0,0.0,23.3846,102.69 100.99 0 0,0.014,False,False,0.1361
194,seno19,100.9651,100.1593,-0.1055,-0.0,0.0,23.4333,102.69 100.99 0 0,0.0141,False,False,0.1363
195,seno19,100.9717,100.161,-0.1095,-0.0,0.0,23.4806,102.69 100.99 0 0,0.0142,False,False,0.1363
196,seno19,100.9784,100.1626,-0.1125,-0.0,0.0,23.5267,102.69 100.99 0 0,0.0143,False,False,0.1364
197,seno19,100.985,100.1643,-0.1143,-0.0,0.0,23.5716,102.69 100.99 0 0,0.0144,False,False,0.1363
198,seno19,100.9916,100.1659,-0.1151,-0.0,0.0,23.6153,102.69 100.99 0 0,0.0146,False,False,0.1365
199,seno19,100.9982,100.1675,-0.1146,-0.0,0.0,23.6578,102.69 100.99 0 0,0.0147,False,False,0.1365
200,seno19,101.0048,100.1692,-0.1129,-0.0,0.0,23.6992,102.69 100.99 0 0,0.0148,False,False,0.1363
201,seno20,101.0115,100.1709,-0.11,-0.0,0.0,23.7396,102.77 100.99 0 0,0.0149,False,False,0.1365
202,seno20,101.0181,100.1725,-0.1061,-0.0,0.0,23.7788,102.77 100.99 0 0,0.015,False,False,0.1365
203,seno20,101.0247,100.1742,-0.1012,-0.0,0.0,23.8168,102.77 100.99 0 0,0.0151,False,False,0.1365
204,seno20,101.0313,100.1758,-0.0956,-0.0,0.0,23.8536,102.77 100.99 0 0,0.0152,False,False,0.1367
205,seno20,101.038,100.1775,-0.0893,-0.0,0.0,23.8892,102.77 100.99 0 0,0.0153,False,False,0.1367
206,seno20,101.0446,100.1792,-0.0827,-0.0,0.0,23.9239,102.77 100.99 0 0,0.0153,False,False,0.1367
207,seno20,101.0512,100.1808,-0.0758,-0.0,0.0,23.9576,102.77 100.99 0 0,0.0153,False,False,0.1367
208,seno20,101.0579,100.1825,-0.069,-0.0,0.0,23.9904,102.77 100.99 0 0,0.0154,False,False,0.1369
209,seno20,101.0645,100.1842,-0.0624,-0.0,0.0,24.0223,102.77 100.99 0 0,0.0154,False,False,0.1369
210,seno20,101.0711,100.1858,-0.0563,-0.0,0.0,24.0535,102.77 100.99 0 0,0.0154,False,False,0.1367
211,seno21,101.0778,100.1875,-0.0508,-0.0,0.0,24.084,102.84 100.98 0 0,0.0154,False,False,0.1369
212,seno21,101.0844,100.1892,-0.046,-0.0,0.0,24.1136,102.84 100.98 0 0,0.0154,False,False,0.1367
213,seno21,101.091,100.1909,-0.0421,-0.0,0.0,24.1423,102.84 100.98 0 0,0.0155,False,False,0.1369
214,seno21,101.0977,100.1925,-0.0392,-0.0,0.0,24.17,102.84 100.98 0 0,0.0156,False,False,0.1371
215,seno21,101.1043,100.1942,-0.0375,-0.0,0.0,24.1968,102.84 100.98 0 0,0.0156,False,False,0.1369
216,seno21,101.111,100.1959,-0.0369,-0.0,0.0,24.2228,102.84 100.98 0 0,0.0157,False,False,0.1371
217,seno21,101.1176,100.1976,-0.0374,-0.0,0.0,24.248,102.84 100.98 0 0,0.0158,False,False,0.137
218,seno21,101.1243,100.1993,-0.0392,-0.0,0.0,24.2724,102.84 100.98 0 0,0.0158,False,False,0.1371
219,seno21,101.1309,100.201,-0.0421,-0.0,0.0,24.296,102.84 100.98 0 0,0.0159,False,False,0.1371
220,seno21,101.1375,100.2026,-0.046,-0.0,0.0,24.319,102.84 100.98 0 0,0.0159,False,False,0.137
221,seno22,101.1442,100.2043,-0.0508,-0.0,0.0,24.3412,102.92 100.97 0 0,0.0159,False,False,0.137
222,seno22,101.1508,100.206,-0.0564,-0.0,0.0,24.3625,102.92 100.97 0 0,0.016,False,False,0.1372
223,seno22,101.1575,100.2077,-0.0626,-0.0,0.0,24.3827,102.92 100.97 0 0,0.0161,False,False,0.1371
224,seno22,101.1641,100.2094,-0.0692,-0.0,0.0,24.4019,102.92 100.97 0 0,0.0161,False,False,0.1372
225,seno22,101.1708,100.2111,-0.0759,-0.0,0.0,24.4201,102.92 100.97 0 0,0.0161,False,False,0.1372
226,seno22,101.1774,100.2128,-0.0826,-0.0,0.0,24.4373,102.92 100.97 0 0,0.0162,False,False,0.1372
227,seno22,101.184,100.2145,-0.089,-0.0,0.0,24.4535,102.92 100.97 0 0,0.0162,False,False,0.1372
228,seno22,101.1907,100.2162,-0.0951,-0.0,0.0,24.4687,102.92 100.97 0 0,0.0162,False,False,0.1373
229,seno22,101.1973,100.2179,-0.1005,-0.0,0.0,24.4831,102.92 100.97 0 0,0.0163,False,False,0.1372
230,seno22,101.204,100.2196,-0.1051,-0.0,0.0,24.4966,102.92 100.97 0 0,0.0163,False,False,0.1372
231,seno23,101.2106,100.2213,-0.1088,-0.0,0.0,24.5093,102.99 100.95 0 0,0.0164,False,False,0.1373
232,seno23,101.2173,100.223,-0.1116,-0.0,0.0,24.5209,102.99 100.95 0 0,0.0165,False,False,0.1372
233,seno23,101.2239,100.2247,-0.1132,-0.0,0.0,24.5313,102.99 100.95 0 0,0.0166,False,False,0.1372
234,seno23,101.2306,100.2264,-0.1138,-0.0,0.0,24.5406,102.99 100.95 0 0,0.0167,False,False,0.1372
235,seno23,101.2372,100.2281,-0.1131,-0.0,0.0,24.5487,102.99 100.95 0 0,0.0169,False,False,0.1373
236,seno23,101.2439,100.2298,-0.1113,-0.0,0.0,24.5558,102.99 100.95 0 0,0.017,False,False,0.1373
237,seno23,101.2505,100.2315,-0.1084,-0.0,0.0,24.5619,102.99 100.95 0 0,0.017,False,False,0.1372
238,seno23,101.2572,100.2332,-0.1045,-0.0,0.0,24.5671,102.99 100.95 0 0,0.0171,False,False,0.1373
239,seno23,101.2638,100.2348,-0.0997,-0.0,0.0,24.5714,102.99 100.95 0 0,0.0172,False,False,0.1372
240,seno23,101.2705,100.2365,-0.0941,-0.0,0.0,24.5748,102.99 100.95 0 0,0.0172,False,False,0.1372
241,seno24,101.2771,100.2382,-0.088,-0.0,0.0,24.5775,103.06 100.94 0 0,0.0173,False,False,0.1372
242,seno24,101.2838,100.2399,-0.0815,-0.0,0.0,24.5792,103.06 100.94 0 0,0.0173,False,False,0.1372
243,seno24,101.2904,100.2416,-0.0748,-0.0,0.0,24.5798,103.06 100.94 0 0,0.0174,False,False,0.1372
244,seno24,101.2971,100.2433,-0.0683,-0.0,0.0,24.5794,103.06 100.94 0 0,0.0173,False,False,0.1372
245,seno24,101.3037,100.245,-0.0619,-0.0,0.0,24.5781,103.06 100.94 0 0,0.0172,False,False,0.1372
246,seno24,101.3103,100.2467,-0.056,-0.0,0.0,24.5758,103.06 100.94 0 0,0.0171,False,False,0.1372
247,seno24,101.317,100.2484,-0.0507,-0.0,0.0,24.5726,103.06 100.94 0 0,0.017,False,False,0.1372
248,seno24,101.3236,100.2501,-0.0462,-0.0,0.0,24.5686,103.06 100.94 0 0,0.0169,False,False,0.1372
249,seno24,101.3303,100.2518,-0.0426,-0.0,0.0,24.5638,103.06 100.94 0 0,0.0168,False,False,0.1372
250,seno24,101.3369,100.2535,-0.04,-0.0,0.0,24.5582,103.06 100.94 0 0,0.0168,False,False,0.137
251,seno25,101.3436,100.2552,-0.0384,-0.0,0.0,24.5519,103.14 100.92 0 0,0.0167,False,False,0.137
252,seno25,101.3502,100.2569,-0.038,-0.0,0.0,24.5447,103.14 100.92 0 0,0.0166,False,False,0.137
253,seno25,101.3568,100.2586,-0.0387,-0.0,0.0,24.5363,103.14 100.92 0 0,0.0166,False,False,0.1372
254,seno25,101.3635,100.2603,-0.0406,-0.0,0.0,24.5268,103.14 100.92 0 0,0.0165,False,False,0.137
255,seno25,101.3701,100.262,-0.0435,-0.0,0.0,24.5163,103.14 100.92 0 0,0.0164,False,False,0.1372
256,seno25,101.3768,100.2637,-0.0474,-0.0,0.0,24.5048,103.14 100.92 0 0,0.0164,False,False,0.137
257,seno25,101.3834,100.2654,-0.0523,-0.0,0.0,24.4923,103.14 100.92 0 0,0.0163,False,False,0.1372
258,seno25,101.39,100.2671,-0.0578,-0.0,0.0,24.479,103.14 100.92 0 0,0.0162,False,False,0.137
259,seno25,101.3967,100.2688,-0.0639,-0.0,0.0,24.4648,103.14 100.92 0 0,0.0161,False,False,0.137
260,seno25,101.4033,100.2705,-0.0703,-0.0,0.0,24.4499,103.14 100.92 0 0,0.016,False,False,0.137
261,seno26,101.41,100.2721,-0.0769,-0.0,0.0,24.4342,103.21 100.9 0 0,0.0159,False,False,0.137
262,seno26,101.4166,100.2738,-0.0834,-0.0,0.0,24.4176,103.21 100.9 0 0,0.0158,False,False,0.137
263,seno26,101.4232,100.2755,-0.0896,-0.0,0.0,24.3999,103.21 100.9 0 0,0.0157,False,False,0.137
264,seno26,101.4299,100.2772,-0.0954,-0.0,0.0,24.3813,103.21 100.9 0 0,0.0156,False,False,0.137
265,seno26,101.4365,100.2789,-0.1005,-0.0,0.0,24.3618,103.21 100.9 0 0,0.0155,False,False,0.137
266,seno26,101.4431,100.2806,-0.105,-0.0,0.0,24.3414,103.21 100.9 0 0,0.0155,False,False,0.1368
267,seno26,101.4498,100.2822,-0.1085,-0.0,0.0,24.3202,103.21 100.9 0 0,0.0155,False,False,0.1369
268,seno26,101.4564,100.2839,-0.111,-0.0,0.0,24.2983,103.21 100.9 0 0,0.0154,False,False,0.137
269,seno26,101.463,100.2856,-0.1125,-0.0,0.0,24.2757,103.21 100.9 0 0,0.0154,False,False,0.1368
270,seno26,101.4697,100.2873,-0.1128,-0.0,0.0,24.2525,103.21 100.9 0 0,0.0154,False,False,0.1368
271,seno27,101.4763,100.289,-0.112,-0.0,0.0,24.2287,103.28 100.88 0 0,0.0154,False,False,0.1368
272,seno27,101.4829,100.2906,-0.1101,-0.0,0.0,24.204,103.28 100.88 0 0,0.0153,False,False,0.1367
273,seno27,101.4896,100.2923,-0.1071,-0.0,0.0,24.1785,103.28 100.88 0 0,0.0153,False,False,0.1367
274,seno27,101.4962,100.294,-0.1032,-0.0,0.0,24.1521,103.28 100.88 0 0,0.0153,False,False,0.1368
275,seno27,101.5028,100.2957,-0.0983,-0.0,0.0,24.1249,103.28 100.88 0 0,0.0152,False,False,0.1367
276,seno27,101.5094,100.2973,-0.0928,-0.0,0.0,24.0968,103.28 100.88 0 0,0.0152,False,False,0.1367
277,seno27,101.5161,100.299,-0.0868,-0.0,0.0,24.068,103.28 100.88 0 0,0.0151,False,False,0.1366
278,seno27,101.5227,100.3007,-0.0804,-0.0,0.0,24.0384,103.28 100.88 0 0,0.015,False,False,0.1367
279,seno27,101.5293,100.3023,-0.0739,-0.0,0.0,24.0081,103.28 100.88 0 0,0.0149,False,False,0.1366
280,seno27,101.5359,100.304,-0.0675,-0.0,0.0,23.977,103.28 100.88 0 0,0.0148,False,False,0.1366
281,seno28,101.5426,100.3057,-0.0614,-0.0,0.0,23.9453,103.35 100.86 0 0,0.0147,False,False,0.1365
282,seno28,101.5492,100.3073,-0.0557,-0.0,0.0,23.9127,103.35 100.86 0 0,0.0146,False,False,0.1364
283,seno28,101.5558,100.309,-0.0506,-0.0,0.0,23.879,103.35 100.86 0 0,0.0145,False,False,0.1365
284,seno28,101.5624,100.3106,-0.0463,-0.0,0.0,23.8444,103.35 100.86 0 0,0.0144,False,False,0.1364
285,seno28,101.569,100.3123,-0.0429,-0.0,0.0,23.8087,103.35 100.86 0 0,0.0144,False,False,0.1365
286,seno28,101.5757,100.3139,-0.0405,-0.0,0.0,23.7721,103.35 100.86 0 0,0.0143,False,False,0.1365
287,seno28,101.5823,100.3156,-0.0391,-0.0,0.0,23.7345,103.35 100.86 0 0,0.0142,False,False,0.1363
288,seno28,101.5889,100.3172,-0.0388,-0.0,0.0,23.6961,103.35 100.86 0 0,0.0141,False,False,0.1364
289,seno28,101.5955,100.3189,-0.0397,-0.0,0.0,23.6568,103.35 100.86 0 0,0.0141,False,False,0.1363
290,seno28,101.6021,100.3205,-0.0416,-0.0,0.0,23.6167,103.35 100.86 0 0,0.0141,False,False,0.1363
291,seno29,101.6087,100.3222,-0.0447,-0.0,0.0,23.5759,103.43 100.84 0 0,0.014,False,False,0.1362
292,seno29,101.6153,100.3238,-0.0487,-0.0,0.0,23.5342,103.43 100.84 0 0,0.0139,False,False,0.1362
293,seno29,101.6219,100.3255,-0.0535,-0.0,0.0,23.4914,103.43 100.84 0 0,0.0138,False,False,0.1363
294,seno29,101.6286,100.3271,-0.059,-0.0,0.0,23.4477,103.43 100.84 0 0,0.0137,False,False,0.1362
295,seno29,101.6352,100.3287,-0.065,-0.0,0.0,23.4031,103.43 100.84 0 0,0.0137,False,False,0.1363
296,seno29,101.6418,100.3304,-0.0713,-0.0,0.0,23.3577,103.43 100.84 0 0,0.0135,False,False,0.1361
297,seno29,101.6484,100.332,-0.0777,-0.0,0.0,23.3116,103.43 100.84 0 0,0.0135,False,False,0.1363
298,seno29,101.655,100.3336,-0.0841,-0.0,0.0,23.2649,103.43 100.84 0 0,0.0134,False,False,0.1361
299,seno29,101.6616,100.3353,-0.0902,-0.0,0.0,23.2175,103.43 100.84 0 0,0.0133,False,False,0.1362
300,seno29,101.6682,100.3369,-0.0958,-0.0,0.0,23.1697,103.43 100.84 0 0,0.0133,False,False,0.1361
301,seno30,101.6748,100.3385,-0.1007,-0.0,0.0,23.1215,103.5 100.81 0 0,0.0132,False,False,0.1359
302,seno30,101.6814,100.3401,-0.1049,-0.0,0.0,23.0727,103.5 100.81 0 0,0.0132,False,False,0.136
303,seno30,101.688,100.3417,-0.1083,-0.0,0.0,23.0232,103.5 100.81 0 0,0.0131,False,False,0.1361
304,seno30,101.6946,100.3434,-0.1106,-0.0,0.0,22.973,103.5 100.81 0 0,0.0131,False,False,0.1359
305,seno30,101.7012,100.345,-0.1119,-0.0,0.0,22.9222,103.5 100.81 0 0,0.0131,False,False,0.136
306,seno30,101.7078,100.3466,-0.1121,-0.0,0.0,22.8708,103.5 100.81 0 0,0.0131,False,False,0.136
307,seno30,101.7145,100.3482,-0.1112,-0.0,0.0,22.8189,103.5 100.81 0 0,0.0131,False,False,0.136
308,seno30,101.7211,100.3498,-0.1091,-0.0,0.0,22.7665,103.5 100.81 0 0,0.0131,False,False,0.136
309,seno30,101.7277,100.3514,-0.1061,-0.0,0.0,22.7137,103.5 100.81 0 0,0.0131,False,False,0.1359
310,seno30,101.7343,100.353,-0.102,-0.0,0.0,22.6605,103.5 100.81 0 0,0.0131,False,False,0.1358
311,seno31,101.7409,100.3546,-0.0972,-0.0,0.0,22.6069,103.57 100.78 0 0,0.0131,False,False,0.1358
312,seno31,101.7475,100.3562,-0.0917,-0.0,0.0,22.5526,103.57 100.78 0 0,0.013,False,False,0.1358
313,seno31,101.7541,100.3578,-0.0857,-0.0,0.0,22.4975,103.57 100.78 0 0,0.0129,False,False,0.1356
314,seno31,101.7607,100.3594,-0.0794,-0.0,0.0,22.4415,103.57 100.78 0 0,0.0129,False,False,0.1358
315,seno31,101.7673,100.361,-0.0731,-0.0,0.0,22.3847,103.57 100.78 0 0,0.0128,False,False,0.1358
316,seno31,101.7738,100.3626,-0.0668,-0.0,0.0,22.3271,103.57 100.78 0 0,0.0127,False,False,0.1358
317,seno31,101.7804,100.3642,-0.0608,-0.0,0.0,22.2687,103.57 100.78 0 0,0.0126,False,False,0.1358
318,seno31,101.787,100.3657,-0.0553,-0.0,0.0,22.2095,103.57 100.78 0 0,0.0125,False,False,0.1356
319,seno31,101.7936,100.3673,-0.0504,-0.0,0.0,22.1494,103.57 100.78 0 0,0.0124,False,False,0.1357
320,seno31,101.8002,100.3689,-0.0463,-0.0,0.0,22.0886,103.57 100.78 0 0,0.0123,False,False,0.1356
321,seno32,101.8068,100.3705,-0.043,-0.0,0.0,22.027,103.64 100.76 0 0,0.0123,False,False,0.1355
322,seno32,101.8134,100.372,-0.0408,-0.0,0.0,21.9644,103.64 100.76 0 0,0.0121,False,False,0.1354
323,seno32,101.82,100.3736,-0.0396,-0.0,0.0,21.9008,103.64 100.76 0 0,0.0121,False,False,0.1355
324,seno32,101.8266,100.3752,-0.0395,-0.0,0.0,21.8361,103.64 100.76 0 0,0.012,False,False,0.1355
325,seno32,101.8332,100.3767,-0.0405,-0.0,0.0,21.7705,103.64 100.76 0 0,0.012,False,False,0.1355
326,seno32,101.8398,100.3783,-0.0425,-0.0,0.0,21.7039,103.64 100.76 0 0,0.0119,False,False,0.1355
327,seno32,101.8464,100.3799,-0.0456,-0.0,0.0,21.6365,103.64 100.76 0 0,0.0119,False,False,0.1355
328,seno32,101.853,100.3814,-0.0497,-0.0,0.0,21.5682,103.64 100.76 0 0,0.0118,False,False,0.1353
329,seno32,101.8595,100.383,-0.0545,-0.0,0.0,21.4993,103.64 100.76 0 0,0.0117,False,False,0.1355
330,seno32,101.8661,100.3845,-0.06,-0.0,0.0,21.4298,103.64 100.76 0 0,0.0117,False,False,0.1353
331,seno33,101.8727,100.3861,-0.066,-0.0,0.0,21.3597,103.7 100.73 0 0,0.0116,False,False,0.1352
332,seno33,101.8793,100.3876,-0.0723,-0.0,0.0,21.289,103.7 100.73 0 0,0.0115,False,False,0.1353
333,seno33,101.8859,100.3892,-0.0786,-0.0,0.0,21.2175,103.7 100.73 0 0,0.0114,False,False,0.1352
334,seno33,101.8925,100.3907,-0.0848,-0.0,0.0,21.1454,103.7 100.73 0 0,0.0113,False,False,0.1351
335,seno33,101.899,100.3922,-0.0907,-0.0,0.0,21.0727,103.7 100.73 0 0,0.0113,False,False,0.1352
336,seno33,101.9056,100.3938,-0.0962,-0.0,0.0,20.9996,103.7 100.73 0 0,0.0112,False,False,0.1352
337,seno33,101.9122,100.3953,-0.101,-0.0,0.0,20.9261,103.7 100.73 0 0,0.0112,False,False,0.135
338,seno33,101.9188,100.3968,-0.105,-0.0,0.0,20.8524,103.7 100.73 0 0,0.0112,False,False,0.1352
339,seno33,101.9254,100.3983,-0.1082,-0.0,0.0,20.7785,103.7 100.73 0 0,0.0112,False,False,0.135
340,seno33,101.9319,100.3998,-0.1103,-0.0,0.0,20.7044,103.7 100.73 0 0,0.0112,False,False,0.135
341,seno34,101.9385,100.4014,-0.1115,-0.0,0.0,20.6303,103.77 100.7 0 0,0.0112,False,False,0.1348
342,seno34,101.9451,100.4029,-0.1115,-0.0,0.0,20.5558,103.77 100.7 0 0,0.0112,False,False,0.1348
343,seno34,101.9516,100.4044,-0.1104,-0.0,0.0,20.481,103.77 100.7 0 0,0.0112,False,False,0.1348
344,seno34,101.9582,100.4059,-0.1083,-0.0,0.0,20.4058,103.77 100.7 0 0,0.0113,False,False,0.1349
345,seno34,101.9648,100.4074,-0.1051,-0.0,0.0,20.3302,103.77 100.7 0 0,0.0113,False,False,0.1348
346,seno34,101.9714,100.4089,-0.1011,-0.0,0.0,20.2542,103.77 100.7 0 0,0.0113,False,False,0.1347
347,seno34,101.9779,100.4104,-0.0962,-0.0,0.0,20.1779,103.77 100.7 0 0,0.0112,False,False,0.1347
348,seno34,101.9845,100.4119,-0.0907,-0.0,0.0,20.1012,103.77 100.7 0 0,0.0112,False,False,0.1347
349,seno34,101.9911,100.4134,-0.0847,-0.0,0.0,20.0241,103.77 100.7 0 0,0.0112,False,False,0.1347
350,seno34,101.9976,100.4148,-0.0785,-0.0,0.0,19.9467,103.77 100.7 0 0,0.0111,False,False,0.1345
351,seno35,102.0042,100.4163,-0.0722,-0.0,0.0,19.8688,103.84 100.67 0 0,0.011,False,False,0.1345
352,seno35,102.0107,100.4178,-0.066,-0.0,0.0,19.7903,103.84 100.67 0 0,0.0109,False,False,0.1345
353,seno35,102.0173,100.4193,-0.0602,-0.0,0.0,19.7108,103.84 100.67 0 0,0.0108,False,False,0.1345
354,seno35,102.0239,100.4207,-0.0548,-0.0,0.0,19.6306,103.84 100.67 0 0,0.0107,False,False,0.1345
355,seno35,102.0304,100.4222,-0.0501,-0.0,0.0,19.5494,103.84 100.67 0 0,0.0107,False,False,0.1345
356,seno35,102.037,100.4237,-0.0461,-0.0,0.0,19.4674,103.84 100.67 0 0,0.0106,False,False,0.1345
357,seno35,102.0436,100.4251,-0.0431,-0.0,0.0,19.3845,103.84 100.67 0 0,0.0105,False,False,0.1345
358,seno35,102.0501,100.4266,-0.041,-0.0,0.0,19.3008,103.84 100.67 0 0,0.0105,False,False,0.1344
359,seno35,102.0567,100.428,-0.0399,-0.0,0.0,19.2162,103.84 100.67 0 0,0.0104,False,False,0.1344
360,seno35,102.0632,100.4295,-0.04,-0.0,0.0,19.1309,103.84 100.67 0 0,0.0103,False,False,0.1342
361,seno36,102.0698,100.4309,-0.0411,-0.0,0.0,19.0448,103.91 100.63 0 0,0.0103,False,False,0.1342
362,seno36,102.0763,100.4324,-0.0433,-0.0,0.0,18.9578,103.91 100.63 0 0,0.0102,False,False,0.1342
363,seno36,102.0829,100.4338,-0.0465,-0.0,0.0,18.8697,103.91 100.63 0 0,0.0102,False,False,0.1342
364,seno36,102.0895,100.4352,-0.0506,-0.0,0.0,18.7806,103.91 100.63 0 0,0.0101,False,False,0.1343
365,seno36,102.096,100.4367,-0.0555,-0.0,0.0,18.6905,103.91 100.63 0 0,0.01,False,False,0.1342
366,seno36,102.1026,100.4381,-0.061,-0.0,0.0,18.5997,103.91 100.63 0 0,0.0099,False,False,0.1342
367,seno36,102.1091,100.4395,-0.067,-0.0,0.0,18.5082,103.91 100.63 0 0,0.0099,False,False,0.1343
368,seno36,102.1157,100.441,-0.0732,-0.0,0.0,18.4161,103.91 100.63 0 0,0.0098,False,False,0.1341
369,seno36,102.1222,100.4424,-0.0794,-0.0,0.0,18.3236,103.91 100.63 0 0,0.0097,False,False,0.1341
370,seno36,102.1288,100.4438,-0.0855,-0.0,0.0,18.2307,103.91 100.63 0 0,0.0096,False,False,0.134
371,seno37,102.1353,100.4452,-0.0913,-0.0,0.0,18.1376,103.98 100.6 0 0,0.0096,False,False,0.134
372,seno37,102.1419,100.4466,-0.0967,-0.0,0.0,18.0441,103.98 100.6 0 0,0.0095,False,False,0.1339
373,seno37,102.1484,100.448,-0.1013,-0.0,0.0,17.9503,103.98 100.6 0 0,0.0096,False,False,0.134
374,seno37,102.155,100.4494,-0.1052,-0.0,0.0,17.8562,103.98 100.6 0 0,0.0095,False,False,0.1339
375,seno37,102.1615,100.4508,-0.1082,-0.0,0.0,17.7619,103.98 100.6 0 0,0.0096,False,False,0.134
376,seno37,102.1681,100.4522,-0.1102,-0.0,0.0,17.6674,103.98 100.6 0 0,0.0096,False,False,0.134
377,seno37,102.1746,100.4536,-0.1112,-0.0,0.0,17.5729,103.98 100.6 0 0,0.0096,False,False,0.134
378,seno37,102.1812,100.455,-0.111,-0.0,0.0,17.4783,103.98 100.6 0 0,0.0097,False,False,0.134
379,seno37,102.1877,100.4563,-0.1098,-0.0,0.0,17.3837,103.98 100.6 0 0,0.0097,False,False,0.1338
380,seno37,102.1943,100.4577,-0.1076,-0.0,0.0,17.2891,103.98 100.6 0 0,0.0098,False,False,0.1339
381,seno38,102.2008,100.4591,-0.1043,-0.0,0.0,17.1945,104.04 100.57 0 0,0.0098,False,False,0.1338
382,seno38,102.2074,100.4605,-0.1002,-0.0,0.0,17.0997,104.04 100.57 0 0,0.0098,False,False,0.1338
383,seno38,102.2139,100.4618,-0.0953,-0.0,0.0,17.0046,104.04 100.57 0 0,0.0097,False,False,0.1337
384,seno38,102.2205,100.4632,-0.0898,-0.0,0.0,16.9091,104.04 100.57 0 0,0.0097,False,False,0.1339
385,seno38,102.227,100.4645,-0.0838,-0.0,0.0,16.8131,104.04 100.57 0 0,0.0097,False,False,0.1337
386,seno38,102.2336,100.4659,-0.0776,-0.0,0.0,16.7167,104.04 100.57 0 0,0.0096,False,False,0.1338
387,seno38,102.2401,100.4672,-0.0714,-0.0,0.0,16.6199,104.04 100.57 0 0,0.0095,False,False,0.1337
388,seno38,102.2467,100.4686,-0.0653,-0.0,0.0,16.5225,104.04 100.57 0 0,0.0095,False,False,0.1336
389,seno38,102.2532,100.4699,-0.0596,-0.0,0.0,16.4246,104.04 100.57 0 0,0.0094,False,False,0.1338
390,seno38,102.2598,100.4713,-0.0543,-0.0,0.0,16.3261,104.04 100.57 0 0,0.0093,False,False,0.1335
391,seno39,102.2663,100.4726,-0.0497,-0.0,0.0,16.227,104.11 100.53 0 0,0.0093,False,False,0.1336
392,seno39,102.2729,100.4739,-0.0459,-0.0,0.0,16.127,104.11 100.53 0 0,0.0092,False,False,0.1334
393,seno39,102.2794,100.4753,-0.043,-0.0,0.0,16.026,104.11 100.53 0 0,0.0091,False,False,0.1336
394,seno39,102.2859,100.4766,-0.0411,-0.0,0.0,15.924,104.11 100.53 0 0,0.009,False,False,0.1336
395,seno39,102.2925,100.4779,-0.0402,-0.0,0.0,15.8209,104.11 100.53 0 0,0.009,False,False,0.1336
396,seno39,102.299,100.4792,-0.0404,-0.0,0.0,15.7169,104.11 100.53 0 0,0.0089,False,False,0.1335
397,seno39,102.3056,100.4805,-0.0417,-0.0,0.0,15.6119,104.11 100.53 0 0,0.0089,False,False,0.1335
398,seno39,102.3121,100.4818,-0.044,-0.0,0.0,15.5062,104.11 100.53 0 0,0.0088,False,False,0.1335
399,seno39,102.3187,100.4831,-0.0473,-0.0,0.0,15.3996,104.11 100.53 0 0,0.0088,False,False,0.1335
400,seno39,102.3252,100.4844,-0.0515,-0.0,0.0,15.2924,104.11 100.53 0 0,0.0087,False,True,0.1335
401,seno40,102.3318,100.4857,-0.0564,-0.0,0.0,15.1846,104.18 100.5 0 0,0.0086,False,True,0.1333
402,seno40,102.3383,100.487,-0.0619,-0.0,0.0,15.0761,104.18 100.5 0 0,0.0086,False,True,0.1334
403,seno40,102.3448,100.4883,-0.0679,-0.0,0.0,14.967,104.18 100.5 0 0,0.0085,False,True,0.1333
404,seno40,102.3514,100.4895,-0.074,-0.0,0.0,14.8574,104.18 100.5 0 0,0.0084,False,True,0.1334
405,seno40,102.3579,100.4908,-0.0802,-0.0,0.0,14.7474,104.18 100.5 0 0,0.0084,False,True,0.1336
406,seno40,102.3645,100.4921,-0.0863,-0.0,0.0,14.637,104.18 100.5 0 0,0.0083,False,True,0.1333
407,seno40,102.371,100.4934,-0.092,-0.0,0.0,14.5266,104.18 100.5 0 0,0.0083,False,True,0.1333
408,seno40,102.3776,100.4946,-0.0971,-0.0,0.0,14.416,104.18 100.5 0 0,0.0083,False,True,0.1335
409,seno40,102.3841,100.4959,-0.1017,-0.0,0.0,14.3056,104.18 100.5 0 0,0.0083,False,True,0.1333
410,seno40,102.3907,100.4971,-0.1054,-0.0,0.0,14.1953,104.18 100.5 0 0,0.0083,False,True,0.1333
411,seno41,102.3972,100.4984,-0.1082,-0.0,0.0,14.0852,104.24 100.46 0 0,0.0084,False,True,0.1333
412,seno41,102.4038,100.4996,-0.1101,-0.0,0.0,13.9752,104.24 100.46 0 0,0.0084,False,True,0.1333
413,seno41,102.4103,100.5009,-0.1109,-0.0,0.0,13.8651,104.24 100.46 0 0,0.0085,False,True,0.1332
414,seno41,102.4169,100.5021,-0.1107,-0.0,0.0,13.755,104.24 100.46 0 0,0.0085,False,True,0.1334
415,seno41,102.4234,100.5033,-0.1093,-0.0,0.0,13.6449,104.24 100.46 0 0,0.0086,False,True,0.1332
416,seno41,102.43,100.5046,-0.1069,-0.0,0.0,13.5348,104.24 100.46 0 0,0.0086,False,True,0.1334
417,seno41,102.4365,100.5058,-0.1036,-0.0,0.0,13.4247,104.24 100.46 0 0,0.0087,False,True,0.1333
418,seno41,102.4431,100.507,-0.0994,-0.0,0.0,13.3146,104.24 100.46 0 0,0.0087,False,True,0.1332
419,seno41,102.4496,100.5082,-0.0944,-0.0,0.0,13.2045,104.24 100.46 0 0,0.0087,False,True,0.1333
420,seno41,102.4562,100.5094,-0.0889,-0.0,0.0,13.0943,104.24 100.46 0 0,0.0087,False,True,0.1331
421,seno42,102.4627,100.5106,-0.0829,-0.0,0.0,12.9839,104.31 100.42 0 0,0.0086,False,True,0.1331
422,seno42,102.4693,100.5118,-0.0768,-0.0,0.0,12.8731,104.31 100.42 0 0,0.0086,False,True,0.1331
423,seno42,102.4758,100.513,-0.0706,-0.0,0.0,12.7617,104.31 100.42 0 0,0.0085,False,True,0.1332
424,seno42,102.4824,100.5142,-0.0646,-0.0,0.0,12.6497,104.31 100.42 0 0,0.0084,False,True,0.1332
425,seno42,102.4889,100.5154,-0.059,-0.0,0.0,12.5369,104.31 100.42 0 0,0.0083,False,True,0.1332
426,seno42,102.4955,100.5166,-0.0538,-0.0,0.0,12.4234,104.31 100.42 0 0,0.0083,False,True,0.1332
427,seno42,102.502,100.5177,-0.0494,-0.0,0.0,12.3092,104.31 100.42 0 0,0.0082,False,True,0.1332
428,seno42,102.5086,100.5189,-0.0457,-0.0,0.0,12.1942,104.31 100.42 0 0,0.0081,False,True,0.1331
429,seno42,102.5151,100.5201,-0.043,-0.0,0.0,12.0783,104.31 100.42 0 0,0.0081,False,True,0.1333
430,seno42,102.5217,100.5212,-0.0412,-0.0,0.0,11.9617,104.31 100.42 0 0,0.008,False,True,0.1331
431,seno43,102.5283,100.5224,-0.0404,-0.0,0.0,11.8444,104.37 100.38 0 0,0.008,False,True,0.1331
432,seno43,102.5348,100.5236,-0.0408,-0.0,0.0,11.7261,104.37 100.38 0 0,0.0079,False,True,0.1331
433,seno43,102.5414,100.5247,-0.0422,-0.0,0.0,11.6067,104.37 100.38 0 0,0.0079,False,True,0.1331
434,seno43,102.5479,100.5258,-0.0446,-0.0,0.0,11.4864,104.37 100.38 0 0,0.0078,False,True,0.1332
435,seno43,102.5545,100.527,-0.048,-0.0,0.0,11.3652,104.37 100.38 0 0,0.0078,False,True,0.1332
436,seno43,102.561,100.5281,-0.0523,-0.0,0.0,11.2432,104.37 100.38 0 0,0.0077,False,True,0.1332
437,seno43,102.5676,100.5293,-0.0573,-0.0,0.0,11.1206,104.37 100.38 0 0,0.0077,False,True,0.1332
438,seno43,102.5742,100.5304,-0.0628,-0.0,0.0,10.9974,104.37 100.38 0 0,0.0076,False,True,0.1331
439,seno43,102.5807,100.5315,-0.0687,-0.0,0.0,10.8738,104.37 100.38 0 0,0.0076,False,True,0.1331
440,seno43,102.5873,100.5326,-0.0749,-0.0,0.0,10.7499,104.37 100.38 0 0,0.0075,False,True,0.1329
441,seno44,102.5938,100.5337,-0.081,-0.0,0.0,10.6259,104.44 100.35 0 0,0.0075,False,True,0.1331
442,seno44,102.6004,100.5348,-0.087,-0.0,0.0,10.5017,104.44 100.35 0 0,0.0074,False,True,0.1331
443,seno44,102.607,100.5359,-0.0926,-0.0,0.0,10.3774,104.44 100.35 0 0,0.0074,False,True,0.1331
444,seno44,102.6135,100.537,-0.0977,-0.0,0.0,10.2531,104.44 100.35 0 0,0.0074,False,True,0.1332
445,seno44,102.6201,100.5381,-0.1021,-0.0,0.0,10.1289,104.44 100.35 0 0,0.0074,False,True,0.133
446,seno44,102.6267,100.5392,-0.1056,-0.0,0.0,10.0049,104.44 100.35 0 0,0.0075,False,True,0.1332
447,seno44,102.6332,100.5403,-0.1083,-0.0,0.0,9.8811,104.44 100.35 0 0,0.0075,False,True,0.1331
448,seno44,102.6398,100.5413,-0.11,-0.0,0.0,9.7577,104.44 100.35 0 0,0.0076,False,True,0.1333
449,seno44,102.6464,100.5424,-0.1107,-0.0,0.0,9.6346,104.44 100.35 0 0,0.0077,False,True,0.1331
450,seno44,102.6529,100.5434,-0.1103,-0.0,0.0,9.512,104.44 100.35 0 0,0.0078,False,True,0.1331
451,seno45,102.6595,100.5445,-0.1089,-0.0,0.0,9.3897,104.5 100.31 0 0,0.0079,False,True,0.1331
452,seno45,102.6661,100.5456,-0.1064,-0.0,0.0,9.2676,104.5 100.31 0 0,0.0079,False,True,0.1331
453,seno45,102.6727,100.5466,-0.1029,-0.0,0.0,9.1456,104.5 100.31 0 0,0.008,False,True,0.1332
454,seno45,102.6792,100.5476,-0.0986,-0.0,0.0,9.0236,104.5 100.31 0 0,0.008,False,True,0.1332
455,seno45,102.6858,100.5487,-0.0936,-0.0,0.0,8.9015,104.5 100.31 0 0,0.008,False,True,0.1332
456,seno45,102.6924,100.5497,-0.088,-0.0,0.0,8.7794,104.5 100.31 0 0,0.008,False,True,0.1331
457,seno45,102.699,100.5507,-0.0821,-0.0,0.0,8.6571,104.5 100.31 0 0,0.008,False,True,0.1333
458,seno45,102.7056,100.5518,-0.0759,-0.0,0.0,8.5346,104.5 100.31 0 0,0.0079,False,True,0.1331
459,seno45,102.7121,100.5528,-0.0698,-0.0,0.0,8.4118,104.5 100.31 0 0,0.0079,False,True,0.1331
460,seno45,102.7187,100.5538,-0.0639,-0.0,0.0,8.2887,104.5 100.31 0 0,0.0078,False,True,0.1332
461,seno46,102.7253,100.5548,-0.0583,-0.0,0.0,8.1651,104.57 100.27 0 0,0.0078,False,True,0.133
462,seno46,102.7319,100.5558,-0.0533,-0.0,0.0,8.041,104.57 100.27 0 0,0.0077,False,True,0.1332
463,seno46,102.7384,100.5568,-0.049,-0.0,0.0,7.916,104.57 100.27 0 0,0.0076,False,True,0.133
464,seno46,102.745,100.5578,-0.0455,-0.0,0.0,7.7902,104.57 100.27 0 0,0.0076,False,True,0.1333
465,seno46,102.7516,100.5588,-0.0428,-0.0,0.0,7.6636,104.57 100.27 0 0,0.0075,False,True,0.1331
466,seno46,102.7582,100.5597,-0.0412,-0.0,0.0,7.5362,104.57 100.27 0 0,0.0075,False,True,0.1333
467,seno46,102.7648,100.5607,-0.0406,-0.0,0.0,7.4079,104.57 100.27 0 0,0.0075,False,True,0.1333
468,seno46,102.7714,100.5617,-0.0411,-0.0,0.0,7.2789,104.57 100.27 0 0,0.0074,False,True,0.1334
469,seno46,102.778,100.5626,-0.0426,-0.0,0.0,7.1491,104.57 100.27 0 0,0.0074,False,True,0.1332
470,seno46,102.7846,100.5636,-0.0452,-0.0,0.0,7.0187,104.57 100.27 0 0,0.0074,False,True,0.1332
471,seno47,102.7912,100.5645,-0.0487,-0.0,0.0,6.8878,104.63 100.23 0 0,0.0073,False,True,0.1332
472,seno47,102.7978,100.5655,-0.053,-0.0,0.0,6.7561,104.63 100.23 0 0,0.0073,False,True,0.1333
473,seno47,102.8044,100.5664,-0.0581,-0.0,0.0,6.6239,104.63 100.23 0 0,0.0073,False,True,0.1333
474,seno47,102.811,100.5673,-0.0636,-0.0,0.0,6.4911,104.63 100.23 0 0,0.0072,False,True,0.1333
475,seno47,102.8176,100.5683,-0.0696,-0.0,0.0,6.3579,104.63 100.23 0 0,0.0072,False,True,0.1334
476,seno47,102.8242,100.5692,-0.0757,-0.0,0.0,6.2244,104.63 100.23 0 0,0.0071,False,True,0.1334
477,seno47,102.8308,100.5701,-0.0818,-0.0,0.0,6.0908,104.63 100.23 0 0,0.0071,False,True,0.1334
478,seno47,102.8374,100.571,-0.0877,-0.0,0.0,5.9573,104.63 100.23 0 0,0.0071,False,True,0.1334
479,seno47,102.844,100.5719,-0.0932,-0.0,0.0,5.8239,104.63 100.23 0 0,0.0071,False,True,0.1334
480,seno47,102.8506,100.5728,-0.0982,-0.0,0.0,5.6907,104.63 100.23 0 0,0.0071,False,True,0.1333
481,seno48,102.8572,100.5737,-0.1024,-0.0,0.0,5.5579,104.69 100.19 0 0,0.0072,False,True,0.1335
482,seno48,102.8638,100.5746,-0.1059,-0.0,0.0,5.4254,104.69 100.19 0 0,0.0072,False,True,0.1333
483,seno48,102.8705,100.5755,-0.1085,-0.0,0.0,5.2931,104.69 100.19 0 0,0.0073,False,True,0.1335
484,seno48,102.8771,100.5763,-0.11,-0.0,0.0,5.1611,104.69 100.19 0 0,0.0074,False,True,0.1334
485,seno48,102.8837,100.5772,-0.1106,-0.0,0.0,5.0295,104.69 100.19 0 0,0.0074,False,True,0.1334
486,seno48,102.8903,100.578,-0.11,-0.0,0.0,4.8982,104.69 100.19 0 0,0.0076,False,True,0.1335
487,seno48,102.8969,100.5789,-0.1084,-0.0,0.0,4.7673,104.69 100.19 0 0,0.0076,False,True,0.1335
488,seno48,102.9036,100.5798,-0.1058,-0.0,0.0,4.6368,104.69 100.19 0 0,0.0077,False,True,0.1335
489,seno48,102.9102,100.5806,-0.1022,-0.0,0.0,4.5065,104.69 100.19 0 0,0.0078,False,True,0.1335
490,seno48,102.9168,100.5814,-0.0979,-0.0,0.0,4.3766,104.69 100.19 0 0,0.0078,False,True,0.1335
491,seno49,102.9234,100.5823,-0.0928,-0.0,0.0,4.2468,104.76 100.15 0 0,0.0079,False,True,0.1335
492,seno49,102.93,100.5831,-0.0872,-0.0,0.0,4.117,104.76 100.15 0 0,0.0078,False,True,0.1335
493,seno49,102.9367,100.5839,-0.0812,-0.0,0.0,3.9871,104.76 100.15 0 0,0.0078,False,True,0.1336
494,seno49,102.9433,100.5847,-0.0751,-0.0,0.0,3.8569,104.76 100.15 0 0,0.0078,False,True,0.1336
495,seno49,102.9499,100.5855,-0.069,-0.0,0.0,3.7264,104.76 100.15 0 0,0.0078,False,True,0.1337
496,seno49,102.9566,100.5863,-0.0632,-0.0,0.0,3.5955,104.76 100.15 0 0,0.0077,False,True,0.1337
497,seno49,102.9632,100.5871,-0.0577,-0.0,0.0,3.4642,104.76 100.15 0 0,0.0077,False,True,0.1337
498,seno49,102.9699,100.5879,-0.0528,-0.0,0.0,3.3324,104.76 100.15 0 0,0.0076,False,True,0.1338
499,seno49,102.9765,100.5887,-0.0486,-0.0,0.0,3.1999,104.76 100.15 0 0,0.0076,False,True,0.1337
500,seno49,102.9831,100.5894,-0.0452,-0.0,0.0,3.0669,104.76 100.15 0 0,0.0075,False,True,0.1338
501,seno50,102.9898,100.5902,-0.0427,-0.0,0.0,2.9333,104.82 100.11 0 0,0.0075,False,True,0.1336
502,seno50,102.9964,100.5909,-0.0412,-0.0,0.0,2.799,104.82 100.11 0 0,0.0075,False,True,0.1338
503,seno50,103.0031,100.5917,-0.0408,-0.0,0.0,2.6637,104.82 100.11 0 0,0.0075,False,True,0.1339
504,seno50,103.0097,100.5924,-0.0414,-0.0,0.0,2.5277,104.82 100.11 0 0,0.0074,False,True,0.1339
505,seno50,103.0164,100.5932,-0.043,-0.0,0.0,2.3909,104.82 100.11 0 0,0.0074,False,True,0.1339
506,seno50,103.023,100.5939,-0.0457,-0.0,0.0,2.2534,104.82 100.11 0 0,0.0074,False,True,0.1339
507,seno50,103.0297,100.5946,-0.0493,-0.0,0.0,2.1154,104.82 100.11 0 0,0.0074,False,True,0.134
508,seno50,103.0364,100.5954,-0.0537,-0.0,0.0,1.9768,104.82 100.11 0 0,0.0073,False,True,0.134
509,seno50,103.043,100.5961,-0.0588,-0.0,0.0,1.8378,104.82 100.11 0 0,0.0073,False,True,0.134
510,seno50,103.0497,100.5968,-0.0645,-0.0,0.0,1.6986,104.82 100.11 0 0,0.0073,False,True,0.1341
511,seno51,103.0564,100.5975,-0.0704,-0.0,0.0,1.5592,104.88 100.07 0 0,0.0073,False,True,0.1339
512,seno51,103.063,100.5981,-0.0765,-0.0,0.0,1.4197,104.88 100.07 0 0,0.0072,False,True,0.1339
513,seno51,103.0697,100.5988,-0.0826,-0.0,0.0,1.2801,104.88 100.07 0 0,0.0072,False,True,0.1341
514,seno51,103.0763,100.5995,-0.0884,-0.0,0.0,1.1406,104.88 100.07 0 0,0.0072,False,True,0.1341
515,seno51,103.083,100.6002,-0.0938,-0.0,0.0,1.0013,104.88 100.07 0 0,0.0073,False,True,0.1342
516,seno51,103.0897,100.6008,-0.0987,-0.0,0.0,0.8622,104.88 100.07 0 0,0.0073,False,True,0.1342
517,seno51,103.0964,100.6015,-0.1029,-0.0,0.0,0.7235,104.88 100.07 0 0,0.0074,False,True,0.1343
518,seno51,103.1031,100.6021,-0.1062,-0.0,0.0,0.5853,104.88 100.07 0 0,0.0074,False,True,0.1341
519,seno51,103.1097,100.6028,-0.1086,-0.0,0.0,0.4476,104.88 100.07 0 0,0.0075,False,True,0.1343
520,seno51,103.1164,100.6034,-0.11,-0.0,0.0,0.3106,104.88 100.07 0 0,0.0076,False,True,0.1341
521,seno52,103.1231,100.604,-0.1104,-0.0,0.0,0.1741,104.95 100.03 0 0,0.0077,False,True,0.1343
522,seno52,103.1298,100.6046,-0.1097,-0.0,0.0,0.0381,104.95 100.03 0 0,0.0079,False,True,0.1342
523,seno52,103.1365,100.6052,-0.108,-0.0,-0.0,-0.0974,104.95 100.03 0 0,0.008,False,True,0.1344
524,seno52,103.1432,100.6058,-0.1053,-0.0,-0.0,-0.2325,104.95 100.03 0 0,0.0081,False,True,0.1343
525,seno52,103.1499,100.6064,-0.1016,-0.0,-0.0,-0.3673,104.95 100.03 0 0,0.0082,False,True,0.1343
526,seno52,103.1566,100.607,-0.0971,-0.0,-0.0,-0.5017,104.95 100.03 0 0,0.0082,False,True,0.1345
527,seno52,103.1633,100.6076,-0.092,-0.0,-0.0,-0.6359,104.95 100.03 0 0,0.0083,False,True,0.1346
528,seno52,103.17,100.6081,-0.0864,-0.0,-0.0,-0.77,104.95 100.03 0 0,0.0083,False,True,0.1344
529,seno52,103.1767,100.6087,-0.0804,-0.0,-0.0,-0.904,104.95 100.03 0 0,0.0083,False,True,0.1346
530,seno52,103.1834,100.6093,-0.0743,-0.0,-0.0,-1.038,104.95 100.03 0 0,0.0083,False,True,0.1346
531,seno53,103.1901,100.6098,-0.0683,-0.0,-0.0,-1.172,105.01 99.99 0 0,0.0083,False,True,0.1344
532,seno53,103.1968,100.6104,-0.0625,-0.0,-0.0,-1.3064,105.01 99.99 0 0,0.0082,False,True,0.1347
533,seno53,103.2035,100.6109,-0.0571,-0.0,-0.0,-1.4412,105.01 99.99 0 0,0.0082,False,True,0.1345
534,seno53,103.2102,100.6114,-0.0523,-0.0,-0.0,-1.5765,105.01 99.99 0 0,0.0082,False,True,0.1348
535,seno53,103.2169,100.6119,-0.0482,-0.0,-0.0,-1.7124,105.01 99.99 0 0,0.0081,False,True,0.1348
536,seno53,103.2237,100.6124,-0.0449,-0.0,-0.0,-1.8488,105.01 99.99 0 0,0.0081,False,True,0.1348
537,seno53,103.2304,100.6129,-0.0425,-0.0,-0.0,-1.9859,105.01 99.99 0 0,0.0081,False,True,0.1348
538,seno53,103.2371,100.6134,-0.0412,-0.0,-0.0,-2.1236,105.01 99.99 0 0,0.0081,False,True,0.1349
539,seno53,103.2438,100.6139,-0.0409,-0.0,-0.0,-2.2619,105.01 99.99 0 0,0.0081,False,True,0.1349
540,seno53,103.2506,100.6144,-0.0416,-0.0,-0.0,-2.4008,105.01 99.99 0 0,0.0081,False,True,0.1349
541,seno54,103.2573,100.6148,-0.0434,-0.0,-0.0,-2.5403,105.07 99.95 0 0,0.0081,False,True,0.1349
542,seno54,103.264,100.6153,-0.0462,-0.0,-0.0,-2.6803,105.07 99.95 0 0,0.0081,False,True,0.1349
543,seno54,103.2708,100.6157,-0.0499,-0.0,-0.0,-2.8209,105.07 99.95 0 0,0.0081,False,True,0.135
544,seno54,103.2775,100.6162,-0.0545,-0.0,-0.0,-2.9619,105.07 99.95 0 0,0.0081,False,True,0.135
545,seno54,103.2842,100.6166,-0.0596,-0.0,-0.0,-3.1033,105.07 99.95 0 0,0.0081,False,True,0.1352
546,seno54,103.291,100.617,-0.0653,-0.0,-0.0,-3.2449,105.07 99.95 0 0,0.008,False,True,0.1351
547,seno54,103.2977,100.6174,-0.0713,-0.0,-0.0,-3.3866,105.07 99.95 0 0,0.008,False,True,0.1353
548,seno54,103.3045,100.6178,-0.0773,-0.0,-0.0,-3.5283,105.07 99.95 0 0,0.008,False,True,0.1351
549,seno54,103.3112,100.6182,-0.0834,-0.0,-0.0,-3.6698,105.07 99.95 0 0,0.008,False,True,0.1353
550,seno54,103.318,100.6186,-0.0891,-0.0,-0.0,-3.811,105.07 99.95 0 0,0.0081,False,True,0.1353
551,seno55,103.3247,100.619,-0.0945,-0.0,-0.0,-3.9518,105.14 99.91 0 0,0.0081,False,True,0.1352
552,seno55,103.3315,100.6193,-0.0992,-0.0,-0.0,-4.0922,105.14 99.91 0 0,0.0082,False,True,0.1352
553,seno55,103.3382,100.6197,-0.1033,-0.0,-0.0,-4.2321,105.14 99.91 0 0,0.0083,False,True,0.1354
554,seno55,103.345,100.6201,-0.1065,-0.0,-0.0,-4.3714,105.14 99.91 0 0,0.0084,False,True,0.1355
555,seno55,103.3518,100.6204,-0.1088,-0.0,-0.0,-4.5101,105.14 99.91 0 0,0.0085,False,True,0.1355
556,seno55,103.3586,100.6207,-0.11,-0.0,-0.0,-4.6482,105.14 99.91 0 0,0.0086,False,True,0.1355
557,seno55,103.3653,100.621,-0.1103,-0.0,-0.0,-4.7856,105.14 99.91 0 0,0.0088,False,True,0.1356
558,seno55,103.3721,100.6213,-0.1095,-0.0,-0.0,-4.9223,105.14 99.91 0 0,0.0089,False,True,0.1356
559,seno55,103.3789,100.6216,-0.1076,-0.0,-0.0,-5.0584,105.14 99.91 0 0,0.0091,False,True,0.1356
560,seno55,103.3857,100.6219,-0.1048,-0.0,-0.0,-5.1939,105.14 99.91 0 0,0.0092,False,True,0.1358
561,seno56,103.3924,100.6222,-0.101,-0.0,-0.0,-5.3288,105.2 99.87 0 0,0.0093,False,True,0.1356
562,seno56,103.3992,100.6225,-0.0964,-0.0,-0.0,-5.4634,105.2 99.87 0 0,0.0094,False,True,0.1358
563,seno56,103.406,100.6227,-0.0912,-0.0,-0.0,-5.5976,105.2 99.87 0 0,0.0094,False,True,0.1359
564,seno56,103.4128,100.623,-0.0855,-0.0,-0.0,-5.7317,105.2 99.87 0 0,0.0095,False,True,0.1359
565,seno56,103.4196,100.6232,-0.0796,-0.0,-0.0,-5.8656,105.2 99.87 0 0,0.0095,False,True,0.136
566,seno56,103.4264,100.6235,-0.0735,-0.0,-0.0,-5.9996,105.2 99.87 0 0,0.0095,False,True,0.136
567,seno56,103.4332,100.6237,-0.0675,-0.0,-0.0,-6.1336,105.2 99.87 0 0,0.0095,False,True,0.136
568,seno56,103.44,100.6239,-0.0618,-0.0,-0.0,-6.2678,105.2 99.87 0 0,0.0095,False,True,0.1362
569,seno56,103.4468,100.6241,-0.0565,-0.0,-0.0,-6.4023,105.2 99.87 0 0,0.0095,False,True,0.136
570,seno56,103.4536,100.6243,-0.0517,-0.0,-0.0,-6.5371,105.2 99.87 0 0,0.0094,False,True,0.1362
571,seno57,103.4604,100.6245,-0.0478,-0.0,-0.0,-6.6722,105.27 99.83 0 0,0.0094,False,True,0.1362
572,seno57,103.4672,100.6246,-0.0446,-0.0,-0.0,-6.8078,105.27 99.83 0 0,0.0094,False,True,0.1361
573,seno57,103.474,100.6248,-0.0424,-0.0,-0.0,-6.944,105.27 99.83 0 0,0.0095,False,True,0.1363
574,seno57,103.4808,100.6249,-0.0412,-0.0,-0.0,-7.0806,105.27 99.83 0 0,0.0095,False,True,0.1364
575,seno57,103.4877,100.6251,-0.041,-0.0,-0.0,-7.2179,105.27 99.83 0 0,0.0095,False,True,0.1364
576,seno57,103.4945,100.6252,-0.0419,-0.0,-0.0,-7.3556,105.27 99.83 0 0,0.0095,False,True,0.1366
577,seno57,103.5013,100.6253,-0.0438,-0.0,-0.0,-7.4938,105.27 99.83 0 0,0.0096,False,True,0.1366
578,seno57,103.5081,100.6254,-0.0467,-0.0,-0.0,-7.6324,105.27 99.83 0 0,0.0096,False,True,0.1366
579,seno57,103.515,100.6255,-0.0506,-0.0,-0.0,-7.7713,105.27 99.83 0 0,0.0096,False,True,0.1367
580,seno57,103.5218,100.6256,-0.0552,-0.0,-0.0,-7.9105,105.27 99.83 0 0,0.0096,False,True,0.1367
581,seno58,103.5287,100.6257,-0.0604,-0.0,-0.0,-8.0498,105.33 99.79 0 0,0.0097,False,True,0.1367
582,seno58,103.5355,100.6257,-0.0661,-0.0,-0.0,-8.1891,105.33 99.79 0 0,0.0097,False,True,0.1367
583,seno58,103.5423,100.6258,-0.0721,-0.0,-0.0,-8.3285,105.33 99.79 0 0,0.0097,False,True,0.1369
584,seno58,103.5492,100.6258,-0.0781,-0.0,-0.0,-8.4677,105.33 99.79 0 0,0.0097,False,True,0.1369
585,seno58,103.556,100.6258,-0.0841,-0.0,-0.0,-8.6067,105.33 99.79 0 0,0.0098,False,True,0.137
586,seno58,103.5629,100.6258,-0.0898,-0.0,-0.0,-8.7454,105.33 99.79 0 0,0.0098,False,True,0.1372
587,seno58,103.5697,100.6258,-0.0951,-0.0,-0.0,-8.8836,105.33 99.79 0 0,0.0099,False,True,0.137
588,seno58,103.5766,100.6258,-0.0998,-0.0,-0.0,-9.0212,105.33 99.79 0 0,0.01,False,True,0.1372
589,seno58,103.5835,100.6258,-0.1037,-0.0,-0.0,-9.1582,105.33 99.79 0 0,0.0101,False,True,0.1373
590,seno58,103.5903,100.6257,-0.1068,-0.0,-0.0,-9.2945,105.33 99.79 0 0,0.0102,False,True,0.1372
591,seno59,103.5972,100.6257,-0.1089,-0.0,-0.0,-9.43,105.39 99.76 0 0,0.0103,False,True,0.1372
592,seno59,103.604,100.6256,-0.1101,-0.0,-0.0,-9.5648,105.39 99.76 0 0,0.0105,False,True,0.1373
593,seno59,103.6109,100.6255,-0.1102,-0.0,-0.0,-9.6988,105.39 99.76 0 0,0.0107,False,True,0.1373
594,seno59,103.6178,100.6255,-0.1092,-0.0,-0.0,-9.832,105.39 99.76 0 0,0.0109,False,True,0.1375
595,seno59,103.6247,100.6254,-0.1072,-0.0,-0.0,-9.9645,105.39 99.76 0 0,0.0111,False,True,0.1376
596,seno59,103.6315,100.6252,-0.1042,-0.0,-0.0,-10.0963,105.39 99.76 0 0,0.0112,False,True,0.1375
597,seno59,103.6384,100.6251,-0.1004,-0.0,-0.0,-10.2275,105.39 99.76 0 0,0.0114,False,True,0.1377
598,seno59,103.6453,100.625,-0.0957,-0.0,-0.0,-10.3582,105.39 99.76 0 0,0.0115,False,True,0.1377
599,seno59,103.6522,100.6248,-0.0905,-0.0,-0.0,-10.4884,105.39 99.76 0 0,0.0116,False,True,0.1377
600,seno59,103.6591,100.6246,-0.0848,-0.0,-0.0,-10.6182,105.39 99.76 0 0,0.0116,False,True,0.1378
601,seno60,103.666,100.6245,-0.0788,-0.0,-0.0,-10.7477,105.46 99.72 0 0,0.0117,False,True,0.1377
602,seno60,103.6728,100.6243,-0.0727,-0.0,-0.0,-10.877,105.46 99.72 0 0,0.0117,False,True,0.1377
603,seno60,103.6797,100.6241,-0.0667,-0.0,-0.0,-11.0064,105.46 99.72 0 0,0.0117,False,True,0.138
604,seno60,103.6866,100.6238,-0.0611,-0.0,-0.0,-11.1357,105.46 99.72 0 0,0.0117,False,True,0.1379
605,seno60,103.6935,100.6236,-0.0558,-0.0,-0.0,-11.2652,105.46 99.72 0 0,0.0118,False,True,0.1382
606,seno60,103.7004,100.6233,-0.0512,-0.0,-0.0,-11.3949,105.46 99.72 0 0,0.0118,False,True,0.138
607,seno60,103.7073,100.6231,-0.0473,-0.0,-0.0,-11.5248,105.46 99.72 0 0,0.0118,False,True,0.1382
608,seno60,103.7142,100.6228,-0.0443,-0.0,-0.0,-11.655,105.46 99.72 0 0,0.0119,False,True,0.1384
609,seno60,103.7212,100.6225,-0.0422,-0.0,-0.0,-11.7856,105.46 99.72 0 0,0.0119,False,True,0.1382
610,seno60,103.7281,100.6222,-0.0412,-0.0,-0.0,-11.9165,105.46 99.72 0 0,0.012,False,True,0.1384
611,seno61,103.735,100.6219,-0.0411,-0.0,-0.0,-12.0477,105.52 99.68 0 0,0.012,False,True,0.1382
612,seno61,103.7419,100.6216,-0.0421,-0.0,-0.0,-12.1794,105.52 99.68 0 0,0.0121,False,True,0.1384
613,seno61,103.7488,100.6212,-0.0442,-0.0,-0.0,-12.3113,105.52 99.68 0 0,0.0121,False,True,0.1386
614,seno61,103.7557,100.6208,-0.0472,-0.0,-0.0,-12.4436,105.52 99.68 0 0,0.0122,False,True,0.1386
615,seno61,103.7626,100.6205,-0.0512,-0.0,-0.0,-12.5761,105.52 99.68 0 0,0.0122,False,True,0.1386
616,seno61,103.7696,100.6201,-0.0559,-0.0,-0.0,-12.7088,105.52 99.68 0 0,0.0123,False,True,0.1388
617,seno61,103.7765,100.6197,-0.0611,-0.0,-0.0,-12.8415,105.52 99.68 0 0,0.0124,False,True,0.1388
618,seno61,103.7834,100.6192,-0.0669,-0.0,-0.0,-12.9742,105.52 99.68 0 0,0.0124,False,True,0.139
619,seno61,103.7904,100.6188,-0.0729,-0.0,-0.0,-13.1067,105.52 99.68 0 0,0.0124,False,True,0.1388
620,seno61,103.7973,100.6184,-0.0789,-0.0,-0.0,-13.2389,105.52 99.68 0 0,0.0125,False,True,0.139
621,seno62,103.8042,100.6179,-0.0849,-0.0,-0.0,-13.3707,105.59 99.64 0 0,0.0125,False,True,0.1389
622,seno62,103.8112,100.6174,-0.0905,-0.0,-0.0,-13.5021,105.59 99.64 0 0,0.0126,False,True,0.139
623,seno62,103.8181,100.6169,-0.0957,-0.0,-0.0,-13.6329,105.59 99.64 0 0,0.0128,False,True,0.1392
624,seno62,103.825,100.6164,-0.1003,-0.0,-0.0,-13.763,105.59 99.64 0 0,0.0129,False,True,0.1392
625,seno62,103.832,100.6159,-0.1041,-0.0,-0.0,-13.8925,105.59 99.64 0 0,0.013,False,True,0.1393
626,seno62,103.8389,100.6154,-0.1071,-0.0,-0.0,-14.0211,105.59 99.64 0 0,0.0132,False,True,0.1394
627,seno62,103.8459,100.6148,-0.1091,-0.0,-0.0,-14.149,105.59 99.64 0 0,0.0134,False,True,0.1396
628,seno62,103.8528,100.6142,-0.1101,-0.0,-0.0,-14.2761,105.59 99.64 0 0,0.0136,False,True,0.1395
629,seno62,103.8598,100.6137,-0.11,-0.0,-0.0,-14.4023,105.59 99.64 0 0,0.0138,False,True,0.1396
630,seno62,103.8668,100.6131,-0.109,-0.0,-0.0,-14.5277,105.59 99.64 0 0,0.014,False,True,0.1397
631,seno63,103.8737,100.6125,-0.1068,-0.0,-0.0,-14.6524,105.65 99.6 0 0,0.0142,False,True,0.1397
632,seno63,103.8807,100.6118,-0.1037,-0.0,-0.0,-14.7764,105.65 99.6 0 0,0.0144,False,True,0.1397
633,seno63,103.8876,100.6112,-0.0998,-0.0,-0.0,-14.8998,105.65 99.6 0 0,0.0146,False,True,0.1399
634,seno63,103.8946,100.6105,-0.095,-0.0,-0.0,-15.0226,105.65 99.6 0 0,0.0147,False,True,0.1399
635,seno63,103.9016,100.6099,-0.0897,-0.0,-0.0,-15.145,105.65 99.6 0 0,0.0148,False,True,0.1401
636,seno63,103.9086,100.6092,-0.084,-0.0,-0.0,-15.267,105.65 99.6 0 0,0.0149,False,True,0.1401
637,seno63,103.9155,100.6085,-0.078,-0.0,-0.0,-15.3888,105.65 99.6 0 0,0.015,False,True,0.1403
638,seno63,103.9225,100.6078,-0.0719,-0.0,-0.0,-15.5103,105.65 99.6 0 0,0.015,False,True,0.1402
639,seno63,103.9295,100.607,-0.066,-0.0,-0.0,-15.6318,105.65 99.6 0 0,0.0151,False,True,0.1404
640,seno63,103.9365,100.6063,-0.0604,-0.0,-0.0,-15.7533,105.65 99.6 0 0,0.0151,False,True,0.1404
641,seno64,103.9435,100.6055,-0.0552,-0.0,-0.0,-15.8748,105.72 99.56 0 0,0.0152,False,True,0.1404
642,seno64,103.9504,100.6048,-0.0507,-0.0,-0.0,-15.9965,105.72 99.56 0 0,0.0152,False,True,0.1404
643,seno64,103.9574,100.604,-0.0469,-0.0,-0.0,-16.1184,105.72 99.56 0 0,0.0153,False,True,0.1407
644,seno64,103.9644,100.6032,-0.044,-0.0,-0.0,-16.2405,105.72 99.56 0 0,0.0154,False,True,0.1407
645,seno64,103.9714,100.6024,-0.0421,-0.0,-0.0,-16.3629,105.72 99.56 0 0,0.0155,False,True,0.1409
646,seno64,103.9784,100.6016,-0.0411,-0.0,-0.0,-16.4855,105.72 99.56 0 0,0.0155,False,True,0.1409
647,seno64,103.9854,100.6007,-0.0413,-0.0,-0.0,-16.6084,105.72 99.56 0 0,0.0157,False,True,0.1409
648,seno64,103.9924,100.5999,-0.0424,-0.0,-0.0,-16.7316,105.72 99.56 0 0,0.0158,False,True,0.1411
649,seno64,103.9994,100.599,-0.0446,-0.0,-0.0,-16.855,105.72 99.56 0 0,0.0159,False,True,0.1412
650,seno64,104.0064,100.5981,-0.0478,-0.0,-0.0,-16.9786,105.72 99.56 0 0,0.0159,False,True,0.1412
651,seno65,104.0134,100.5972,-0.0518,-0.0,-0.0,-17.1023,105.78 99.53 0 0,0.016,False,True,0.1412
652,seno65,104.0204,100.5963,-0.0565,-0.0,-0.0,-17.226,105.78 99.53 0 0,0.0161,False,True,0.1412
653,seno65,104.0274,100.5954,-0.0619,-0.0,-0.0,-17.3496,105.78 99.53 0 0,0.0162,False,True,0.1415
654,seno65,104.0344,100.5944,-0.0677,-0.0,-0.0,-17.473,105.78 99.53 0 0,0.0163,False,True,0.1415
655,seno65,104.0415,100.5935,-0.0737,-0.0,-0.0,-17.5961,105.78 99.53 0 0,0.0163,False,True,0.1415
656,seno65,104.0485,100.5925,-0.0797,-0.0,-0.0,-17.7189,105.78 99.53 0 0,0.0164,False,True,0.1417
657,seno65,104.0555,100.5915,-0.0856,-0.0,-0.0,-17.8412,105.78 99.53 0 0,0.0165,False,True,0.1418
658,seno65,104.0625,100.5905,-0.0912,-0.0,-0.0,-17.9629,105.78 99.53 0 0,0.0167,False,True,0.1418
659,seno65,104.0695,100.5895,-0.0963,-0.0,-0.0,-18.0839,105.78 99.53 0 0,0.0168,False,True,0.1418
660,seno65,104.0766,100.5885,-0.1008,-0.0,-0.0,-18.2043,105.78 99.53 0 0,0.017,False,True,0.142
661,seno66,104.0836,100.5874,-0.1045,-0.0,-0.0,-18.3239,105.85 99.49 0 0,0.0171,False,True,0.1419
662,seno66,104.0906,100.5864,-0.1073,-0.0,-0.0,-18.4426,105.85 99.49 0 0,0.0173,False,True,0.1419
663,seno66,104.0976,100.5853,-0.1092,-0.0,-0.0,-18.5605,105.85 99.49 0 0,0.0176,False,True,0.1421
664,seno66,104.1046,100.5843,-0.1101,-0.0,-0.0,-18.6776,105.85 99.49 0 0,0.0178,False,True,0.1422
665,seno66,104.1117,100.5832,-0.1099,-0.0,-0.0,-18.7937,105.85 99.49 0 0,0.0181,False,True,0.1424
666,seno66,104.1187,100.5821,-0.1087,-0.0,-0.0,-18.9091,105.85 99.49 0 0,0.0183,False,True,0.1424
667,seno66,104.1258,100.5809,-0.1064,-0.0,-0.0,-19.0236,105.85 99.49 0 0,0.0186,False,True,0.1426
668,seno66,104.1328,100.5798,-0.1032,-0.0,-0.0,-19.1374,105.85 99.49 0 0,0.0188,False,True,0.1425
669,seno66,104.1398,100.5787,-0.0991,-0.0,-0.0,-19.2506,105.85 99.49 0 0,0.019,False,True,0.1427
670,seno66,104.1469,100.5775,-0.0943,-0.0,-0.0,-19.3631,105.85 99.49 0 0,0.0191,False,True,0.1426
671,seno67,104.1539,100.5764,-0.089,-0.0,-0.0,-19.4751,105.91 99.46 0 0,0.0193,False,True,0.1427
672,seno67,104.1609,100.5752,-0.0832,-0.0,-0.0,-19.5866,105.91 99.46 0 0,0.0194,False,True,0.1428
673,seno67,104.168,100.574,-0.0772,-0.0,-0.0,-19.6977,105.91 99.46 0 0,0.0195,False,True,0.1428
674,seno67,104.175,100.5728,-0.0711,-0.0,-0.0,-19.8085,105.91 99.46 0 0,0.0196,False,True,0.143
675,seno67,104.1821,100.5716,-0.0652,-0.0,-0.0,-19.9191,105.91 99.46 0 0,0.0197,False,True,0.1429
676,seno67,104.1891,100.5703,-0.0597,-0.0,-0.0,-20.0295,105.91 99.46 0 0,0.0198,False,True,0.1433
677,seno67,104.1962,100.5691,-0.0546,-0.0,-0.0,-20.1398,105.91 99.46 0 0,0.0199,False,True,0.1432
678,seno67,104.2032,100.5678,-0.0502,-0.0,-0.0,-20.2502,105.91 99.46 0 0,0.0199,False,True,0.1432
679,seno67,104.2103,100.5666,-0.0465,-0.0,-0.0,-20.3606,105.91 99.46 0 0,0.02,False,True,0.1434
680,seno67,104.2173,100.5653,-0.0438,-0.0,-0.0,-20.4711,105.91 99.46 0 0,0.0201,False,True,0.1433
681,seno68,104.2244,100.564,-0.0419,-0.0,-0.0,-20.5817,105.98 99.42 0 0,0.0203,False,True,0.1433
682,seno68,104.2314,100.5627,-0.0411,-0.0,-0.0,-20.6925,105.98 99.42 0 0,0.0204,False,True,0.1434
683,seno68,104.2385,100.5614,-0.0414,-0.0,-0.0,-20.8034,105.98 99.42 0 0,0.0206,False,True,0.1436
684,seno68,104.2456,100.5601,-0.0427,-0.0,-0.0,-20.9143,105.98 99.42 0 0,0.0207,False,True,0.1437
685,seno68,104.2526,100.5588,-0.045,-0.0,-0.0,-21.0254,105.98 99.42 0 0,0.0208,False,True,0.1436
686,seno68,104.2597,100.5574,-0.0483,-0.0,-0.0,-21.1364,105.98 99.42 0 0,0.021,False,True,0.1439
687,seno68,104.2668,100.5561,-0.0524,-0.0,-0.0,-21.2475,105.98 99.42 0 0,0.0211,False,True,0.1439
688,seno68,104.2738,100.5547,-0.0572,-0.0,-0.0,-21.3584,105.98 99.42 0 0,0.0212,False,True,0.1439
689,seno68,104.2809,100.5533,-0.0627,-0.0,-0.0,-21.4692,105.98 99.42 0 0,0.0213,False,True,0.144
690,seno68,104.288,100.5519,-0.0685,-0.0,-0.0,-21.5798,105.98 99.42 0 0,0.0214,False,True,0.1441
691,seno69,104.295,100.5506,-0.0745,-0.0,-0.0,-21.6901,106.05 99.39 0 0,0.0215,False,True,0.144
692,seno69,104.3021,100.5491,-0.0805,-0.0,-0.0,-21.7998,106.05 99.39 0 0,0.0216,False,True,0.1441
693,seno69,104.3092,100.5477,-0.0864,-0.0,-0.0,-21.909,106.05 99.39 0 0,0.0218,False,True,0.1443
694,seno69,104.3162,100.5463,-0.0919,-0.0,-0.0,-22.0175,106.05 99.39 0 0,0.0219,False,True,0.1443
695,seno69,104.3233,100.5449,-0.0969,-0.0,-0.0,-22.1253,106.05 99.39 0 0,0.0221,False,True,0.1444
696,seno69,104.3304,100.5434,-0.1013,-0.0,-0.0,-22.2323,106.05 99.39 0 0,0.0223,False,True,0.1446
697,seno69,104.3375,100.5419,-0.1049,-0.0,-0.0,-22.3385,106.05 99.39 0 0,0.0225,False,True,0.1446
698,seno69,104.3445,100.5405,-0.1076,-0.0,-0.0,-22.4438,106.05 99.39 0 0,0.0228,False,True,0.1445
699,seno69,104.3516,100.539,-0.1094,-0.0,-0.0,-22.5483,106.05 99.39 0 0,0.023,False,True,0.1447
700,seno69,104.3587,100.5375,-0.1101,-0.0,-0.0,-22.6519,106.05 99.39 0 0,0.0233,False,True,0.1447
701,seno70,104.3658,100.536,-0.1098,-0.0,-0.0,-22.7547,106.11 99.36 0 0,0.0236,False,True,0.1447
702,seno70,104.3729,100.5345,-0.1084,-0.0,-0.0,-22.8566,106.11 99.36 0 0,0.0239,False,True,0.1448
703,seno70,104.3799,100.533,-0.106,-0.0,-0.0,-22.9577,106.11 99.36 0 0,0.0242,False,True,0.1448
704,seno70,104.387,100.5314,-0.1027,-0.0,-0.0,-23.058,106.11 99.36 0 0,0.0244,False,True,0.145
705,seno70,104.3941,100.5299,-0.0985,-0.0,-0.0,-23.1575,106.11 99.36 0 0,0.0247,False,True,0.1451
706,seno70,104.4012,100.5284,-0.0936,-0.0,-0.0,-23.2564,106.11 99.36 0 0,0.0249,False,True,0.1449
707,seno70,104.4083,100.5268,-0.0882,-0.0,-0.0,-23.3547,106.11 99.36 0 0,0.0251,False,True,0.1451
708,seno70,104.4154,100.5252,-0.0824,-0.0,-0.0,-23.4525,106.11 99.36 0 0,0.0252,False,True,0.1452
709,seno70,104.4225,100.5237,-0.0764,-0.0,-0.0,-23.5499,106.11 99.36 0 0,0.0254,False,True,0.1452
710,seno70,104.4295,100.5221,-0.0703,-0.0,-0.0,-23.6469,106.11 99.36 0 0,0.0255,False,True,0.1453
711,seno71,104.4366,100.5205,-0.0645,-0.0,-0.0,-23.7438,106.18 99.32 0 0,0.0256,False,True,0.1453
712,seno71,104.4437,100.5189,-0.059,-0.0,-0.0,-23.8404,106.18 99.32 0 0,0.0257,False,True,0.1453
713,seno71,104.4508,100.5173,-0.054,-0.0,-0.0,-23.9368,106.18 99.32 0 0,0.0258,False,True,0.1454
714,seno71,104.4579,100.5157,-0.0497,-0.0,-0.0,-24.0332,106.18 99.32 0 0,0.026,False,True,0.1454
715,seno71,104.465,100.514,-0.0461,-0.0,-0.0,-24.1296,106.18 99.32 0 0,0.0261,False,True,0.1456
716,seno71,104.4721,100.5124,-0.0435,-0.0,-0.0,-24.2259,106.18 99.32 0 0,0.0263,False,True,0.1456
717,seno71,104.4792,100.5108,-0.0418,-0.0,-0.0,-24.3223,106.18 99.32 0 0,0.0264,False,True,0.1456
718,seno71,104.4863,100.5091,-0.0411,-0.0,-0.0,-24.4187,106.18 99.32 0 0,0.0266,False,True,0.1457
719,seno71,104.4934,100.5075,-0.0415,-0.0,-0.0,-24.5152,106.18 99.32 0 0,0.0268,False,True,0.1459
720,seno71,104.5005,100.5058,-0.043,-0.0,-0.0,-24.6117,106.18 99.32 0 0,0.027,False,True,0.1458
721,seno72,104.5076,100.5041,-0.0454,-0.0,-0.0,-24.7083,106.25 99.29 0 0,0.0271,False,True,0.1456
722,seno72,104.5147,100.5024,-0.0488,-0.0,-0.0,-24.8047,106.25 99.29 0 0,0.0273,False,True,0.1458
723,seno72,104.5218,100.5008,-0.053,-0.0,-0.0,-24.901,106.25 99.29 0 0,0.0275,False,True,0.146
724,seno72,104.5289,100.4991,-0.0579,-0.0,-0.0,-24.9971,106.25 99.29 0 0,0.0277,False,True,0.1461
725,seno72,104.536,100.4974,-0.0634,-0.0,-0.0,-25.0929,106.25 99.29 0 0,0.0278,False,True,0.1461
726,seno72,104.5431,100.4956,-0.0693,-0.0,-0.0,-25.1883,106.25 99.29 0 0,0.028,False,True,0.1461
727,seno72,104.5502,100.4939,-0.0753,-0.0,-0.0,-25.2834,106.25 99.29 0 0,0.0281,False,True,0.1461
728,seno72,104.5573,100.4922,-0.0813,-0.0,-0.0,-25.3779,106.25 99.29 0 0,0.0282,False,True,0.1462
729,seno72,104.5644,100.4905,-0.0871,-0.0,-0.0,-25.4719,106.25 99.29 0 0,0.0284,False,True,0.1464
730,seno72,104.5715,100.4887,-0.0926,-0.0,-0.0,-25.5654,106.25 99.29 0 0,0.0286,False,True,0.1463
731,seno73,104.5786,100.487,-0.0975,-0.0,-0.0,-25.6582,106.32 99.26 0 0,0.0288,False,True,0.1463
732,seno73,104.5857,100.4852,-0.1018,-0.0,-0.0,-25.7503,106.32 99.26 0 0,0.029,False,True,0.1463
733,seno73,104.5928,100.4835,-0.1053,-0.0,-0.0,-25.8415,106.32 99.26 0 0,0.0293,False,True,0.1464
734,seno73,104.5999,100.4817,-0.1079,-0.0,-0.0,-25.9318,106.32 99.26 0 0,0.0296,False,True,0.1466
735,seno73,104.607,100.4799,-0.1095,-0.0,-0.0,-26.0213,106.32 99.26 0 0,0.0299,False,True,0.1466
736,seno73,104.6141,100.4781,-0.1101,-0.0,-0.0,-26.11,106.32 99.26 0 0,0.0302,False,True,0.1466
737,seno73,104.6212,100.4763,-0.1096,-0.0,-0.0,-26.1978,106.32 99.26 0 0,0.0306,False,True,0.1467
738,seno73,104.6284,100.4746,-0.1081,-0.0,-0.0,-26.2849,106.32 99.26 0 0,0.0309,False,True,0.1468
739,seno73,104.6355,100.4728,-0.1056,-0.0,-0.0,-26.3712,106.32 99.26 0 0,0.0312,False,True,0.1467
740,seno73,104.6426,100.4709,-0.1022,-0.0,-0.0,-26.4567,106.32 99.26 0 0,0.0315,False,True,0.1467
741,seno74,104.6497,100.4691,-0.0979,-0.0,-0.0,-26.5417,106.39 99.23 0 0,0.0318,False,True,0.1467
742,seno74,104.6568,100.4673,-0.0929,-0.0,-0.0,-26.626,106.39 99.23 0 0,0.032,False,True,0.1468
743,seno74,104.6639,100.4655,-0.0874,-0.0,-0.0,-26.7097,106.39 99.23 0 0,0.0322,False,True,0.1468
744,seno74,104.671,100.4637,-0.0816,-0.0,-0.0,-26.7928,106.39 99.23 0 0,0.0325,False,True,0.147
745,seno74,104.6781,100.4618,-0.0756,-0.0,-0.0,-26.8754,106.39 99.23 0 0,0.0326,False,True,0.147
746,seno74,104.6853,100.46,-0.0695,-0.0,-0.0,-26.9576,106.39 99.23 0 0,0.0328,False,True,0.1471
747,seno74,104.6924,100.4581,-0.0637,-0.0,-0.0,-27.0395,106.39 99.23 0 0,0.0329,False,True,0.1471
748,seno74,104.6995,100.4563,-0.0583,-0.0,-0.0,-27.1212,106.39 99.23 0 0,0.0331,False,True,0.1472
749,seno74,104.7066,100.4544,-0.0534,-0.0,-0.0,-27.2026,106.39 99.23 0 0,0.0333,False,True,0.1472
750,seno74,104.7137,100.4525,-0.0492,-0.0,-0.0,-27.2839,106.39 99.23 0 0,0.0334,False,True,0.1472
751,seno75,104.7209,100.4507,-0.0458,-0.0,-0.0,-27.3652,106.46 99.21 0 0,0.0336,False,True,0.1472
752,seno75,104.728,100.4488,-0.0432,-0.0,-0.0,-27.4463,106.46 99.21 0 0,0.0338,False,True,0.1472
753,seno75,104.7351,100.4469,-0.0417,-0.0,-0.0,-27.5271,106.46 99.21 0 0,0.0341,False,True,0.1473
754,seno75,104.7422,100.445,-0.0412,-0.0,-0.0,-27.6078,106.46 99.21 0 0,0.0343,False,True,0.1473
755,seno75,104.7493,100.4431,-0.0417,-0.0,-0.0,-27.6883,106.46 99.21 0 0,0.0345,False,True,0.1475
756,seno75,104.7565,100.4412,-0.0432,-0.0,-0.0,-27.7685,106.46 99.21 0 0,0.0348,False,True,0.1473
757,seno75,104.7636,100.4393,-0.0458,-0.0,-0.0,-27.8486,106.46 99.21 0 0,0.035,False,True,0.1475
758,seno75,104.7707,100.4374,-0.0493,-0.0,-0.0,-27.9285,106.46 99.21 0 0,0.0352,False,True,0.1475
759,seno75,104.7778,100.4355,-0.0536,-0.0,-0.0,-28.0082,106.46 99.21 0 0,0.0354,False,True,0.1474
760,seno75,104.7849,100.4336,-0.0586,-0.0,-0.0,-28.0876,106.46 99.21 0 0,0.0356,False,True,0.1474
761,seno76,104.7921,100.4317,-0.0642,-0.0,-0.0,-28.1667,106.53 99.18 0 0,0.0358,False,True,0.1475
762,seno76,104.7992,100.4297,-0.07,-0.0,-0.0,-28.2453,106.53 99.18 0 0,0.036,False,True,0.1475
763,seno76,104.8063,100.4278,-0.0761,-0.0,-0.0,-28.3235,106.53 99.18 0 0,0.0362,False,True,0.1477
764,seno76,104.8134,100.4259,-0.0821,-0.0,-0.0,-28.401,106.53 99.18 0 0,0.0363,False,True,0.1475
765,seno76,104.8205,100.4239,-0.0879,-0.0,-0.0,-28.4779,106.53 99.18 0 0,0.0365,False,True,0.1477
766,seno76,104.8277,100.422,-0.0933,-0.0,-0.0,-28.5542,106.53 99.18 0 0,0.0368,False,True,0.1478
767,seno76,104.8348,100.42,-0.0981,-0.0,-0.0,-28.6298,106.53 99.18 0 0,0.037,False,True,0.1477
768,seno76,104.8419,100.4181,-0.1023,-0.0,-0.0,-28.7047,106.53 99.18 0 0,0.0373,False,True,0.1478
769,seno76,104.849,100.4161,-0.1057,-0.0,-0.0,-28.7789,106.53 99.18 0 0,0.0376,False,True,0.1477
770,seno76,104.8562,100.4142,-0.1081,-0.0,-0.0,-28.8523,106.53 99.18 0 0,0.0379,False,True,0.1478
771,seno77,104.8633,100.4122,-0.1096,-0.0,-0.0,-28.9251,106.6 99.16 0 0,0.0382,False,True,0.1477
772,seno77,104.8704,100.4102,-0.1101,-0.0,-0.0,-28.997,106.6 99.16 0 0,0.0386,False,True,0.1477
773,seno77,104.8775,100.4082,-0.1095,-0.0,-0.0,-29.0681,106.6 99.16 0 0,0.039,False,True,0.1479
774,seno77,104.8847,100.4063,-0.1078,-0.0,-0.0,-29.1383,106.6 99.16 0 0,0.0393,False,True,0.1477
775,seno77,104.8918,100.4043,-0.1052,-0.0,-0.0,-29.2076,106.6 99.16 0 0,0.0397,False,True,0.1479
776,seno77,104.8989,100.4023,-0.1016,-0.0,-0.0,-29.2763,106.6 99.16 0 0,0.0401,False,True,0.148
777,seno77,104.906,100.4003,-0.0973,-0.0,-0.0,-29.3442,106.6 99.16 0 0,0.0404,False,True,0.148
778,seno77,104.9132,100.3983,-0.0922,-0.0,-0.0,-29.4116,106.6 99.16 0 0,0.0407,False,True,0.148
779,seno77,104.9203,100.3963,-0.0867,-0.0,-0.0,-29.4783,106.6 99.16 0 0,0.0409,False,True,0.1479
780,seno77,104.9274,100.3943,-0.0808,-0.0,-0.0,-29.5446,106.6 99.16 0 0,0.0411,False,True,0.148
781,seno78,104.9345,100.3923,-0.0748,-0.0,-0.0,-29.6105,106.67 99.13 0 0,0.0413,False,True,0.1479
782,seno78,104.9416,100.3903,-0.0688,-0.0,-0.0,-29.6759,106.67 99.13 0 0,0.0415,False,True,0.1479
783,seno78,104.9488,100.3883,-0.063,-0.0,-0.0,-29.7409,106.67 99.13 0 0,0.0417,False,True,0.148
784,seno78,104.9559,100.3863,-0.0576,-0.0,-0.0,-29.8056,106.67 99.13 0 0,0.0419,False,True,0.1481
785,seno78,104.963,100.3842,-0.0528,-0.0,-0.0,-29.8699,106.67 99.13 0 0,0.0421,False,True,0.148
786,seno78,104.9701,100.3822,-0.0487,-0.0,-0.0,-29.934,106.67 99.13 0 0,0.0423,False,True,0.1481
787,seno78,104.9772,100.3802,-0.0454,-0.0,-0.0,-29.9979,106.67 99.13 0 0,0.0425,False,True,0.1482
788,seno78,104.9844,100.3782,-0.043,-0.0,-0.0,-30.0617,106.67 99.13 0 0,0.0427,False,True,0.148
789,seno78,104.9915,100.3761,-0.0416,-0.0,-0.0,-30.1253,106.67 99.13 0 0,0.043,False,True,0.1482
790,seno78,104.9986,100.3741,-0.0412,-0.0,-0.0,-30.1887,106.67 99.13 0 0,0.0432,False,True,0.1481
791,seno79,105.0057,100.3721,-0.0418,-0.0,-0.0,-30.2521,106.74 99.11 0 0,0.0435,False,True,0.1481
792,seno79,105.0128,100.37,-0.0435,-0.0,-0.0,-30.3153,106.74 99.11 0 0,0.0438,False,True,0.1481
793,seno79,105.02,100.368,-0.0462,-0.0,-0.0,-30.3782,106.74 99.11 0 0,0.044,False,True,0.1481
794,seno79,105.0271,100.3659,-0.0499,-0.0,-0.0,-30.4408,106.74 99.11 0 0,0.0443,False,True,0.1483
795,seno79,105.0342,100.3639,-0.0543,-0.0,-0.0,-30.503,106.74 99.11 0 0,0.0445,False,True,0.1482
796,seno79,105.0413,100.3618,-0.0594,-0.0,-0.0,-30.5649,106.74 99.11 0 0,0.0447,False,True,0.1483
797,seno79,105.0485,100.3598,-0.0649,-0.0,-0.0,-30.6264,106.74 99.11 0 0,0.0449,False,True,0.1482
798,seno79,105.0556,100.3577,-0.0708,-0.0,-0.0,-30.6875,106.74 99.11 0 0,0.0451,False,True,0.1482
799,seno79,105.0627,100.3556,-0.0769,-0.0,-0.0,-30.7482,106.74 99.11 0 0,0.0453,False,True,0.1484
800,seno79,105.0698,100.3536,-0.0829,-0.0,-0.0,-30.8084,106.74 99.11 0 0,0.0454,False,True,0.1481
801,seno80,105.0769,100.3515,-0.0886,-0.0,-0.0,-30.8682,106.82 99.09 0 0,0.0456,False,True,0.1482
802,seno80,105.084,100.3494,-0.0939,-0.0,-0.0,-30.9274,106.82 99.09 0 0,0.0459,False,True,0.1483
803,seno80,105.0912,100.3474,-0.0987,-0.0,-0.0,-30.9857,106.82 99.09 0 0,0.0461,False,True,0.1481
804,seno80,105.0983,100.3453,-0.1028,-0.0,-0.0,-31.0433,106.82 99.09 0 0,0.0464,False,True,0.1483
805,seno80,105.1054,100.3432,-0.106,-0.0,-0.0,-31.1001,106.82 99.09 0 0,0.0468,False,True,0.1483
806,seno80,105.1125,100.3411,-0.1084,-0.0,-0.0,-31.1562,106.82 99.09 0 0,0.0471,False,True,0.1485
807,seno80,105.1196,100.339,-0.1097,-0.0,-0.0,-31.2115,106.82 99.09 0 0,0.0475,False,True,0.1484
808,seno80,105.1268,100.3369,-0.11,-0.0,-0.0,-31.2661,106.82 99.09 0 0,0.0478,False,True,0.1484
809,seno80,105.1339,100.3348,-0.1093,-0.0,-0.0,-31.32,106.82 99.09 0 0,0.0482,False,True,0.1484
810,seno80,105.141,100.3327,-0.1075,-0.0,-0.0,-31.3733,106.82 99.09 0 0,0.0486,False,True,0.1482
811,seno81,105.1481,100.3307,-0.1048,-0.0,-0.0,-31.4259,106.89 99.07 0 0,0.0489,False,True,0.1484
812,seno81,105.1552,100.3286,-0.1011,-0.0,-0.0,-31.4778,106.89 99.07 0 0,0.0493,False,True,0.1483
813,seno81,105.1623,100.3265,-0.0966,-0.0,-0.0,-31.5291,106.89 99.07 0 0,0.0496,False,True,0.1484
814,seno81,105.1694,100.3243,-0.0915,-0.0,-0.0,-31.5796,106.89 99.07 0 0,0.0499,False,True,0.1485
815,seno81,105.1766,100.3222,-0.0859,-0.0,-0.0,-31.6296,106.89 99.07 0 0,0.0501,False,True,0.1485
816,seno81,105.1837,100.3201,-0.08,-0.0,-0.0,-31.679,106.89 99.07 0 0,0.0504,False,True,0.1485
817,seno81,105.1908,100.318,-0.074,-0.0,-0.0,-31.728,106.89 99.07 0 0,0.0505,False,True,0.1483
818,seno81,105.1979,100.3159,-0.068,-0.0,-0.0,-31.7765,106.89 99.07 0 0,0.0507,False,True,0.1485
819,seno81,105.205,100.3138,-0.0623,-0.0,-0.0,-31.8247,106.89 99.07 0 0,0.0509,False,True,0.1485
820,seno81,105.2121,100.3117,-0.057,-0.0,-0.0,-31.8726,106.89 99.07 0 0,0.0511,False,True,0.1484
821,seno82,105.2193,100.3096,-0.0522,-0.0,-0.0,-31.9202,106.96 99.06 0 0,0.0512,False,True,0.1484
822,seno82,105.2264,100.3074,-0.0482,-0.0,-0.0,-31.9675,106.96 99.06 0 0,0.0515,False,True,0.1484
823,seno82,105.2335,100.3053,-0.045,-0.0,-0.0,-32.0143,106.96 99.06 0 0,0.0517,False,True,0.1484
824,seno82,105.2406,100.3032,-0.0428,-0.0,-0.0,-32.0607,106.96 99.06 0 0,0.0519,False,True,0.1486
825,seno82,105.2477,100.3011,-0.0415,-0.0,-0.0,-32.1068,106.96 99.06 0 0,0.0522,False,True,0.1484
826,seno82,105.2548,100.2989,-0.0412,-0.0,-0.0,-32.1525,106.96 99.06 0 0,0.0524,False,True,0.1484
827,seno82,105.2619,100.2968,-0.042,-0.0,-0.0,-32.1979,106.96 99.06 0 0,0.0527,False,True,0.1485
828,seno82,105.269,100.2947,-0.0439,-0.0,-0.0,-32.243,106.96 99.06 0 0,0.0529,False,True,0.1484
829,seno82,105.2761,100.2925,-0.0467,-0.0,-0.0,-32.2878,106.96 99.06 0 0,0.0532,False,True,0.1483
830,seno82,105.2832,100.2904,-0.0504,-0.0,-0.0,-32.3323,106.96 99.06 0 0,0.0534,False,True,0.1485
831,seno83,105.2904,100.2883,-0.0549,-0.0,-0.0,-32.3766,107.03 99.04 0 0,0.0536,False,True,0.1483
832,seno83,105.2975,100.2861,-0.0601,-0.0,-0.0,-32.4204,107.03 99.04 0 0,0.0538,False,True,0.1483
833,seno83,105.3046,100.284,-0.0657,-0.0,-0.0,-32.4637,107.03 99.04 0 0,0.0539,False,True,0.1483
834,seno83,105.3117,100.2819,-0.0716,-0.0,-0.0,-32.5065,107.03 99.04 0 0,0.0541,False,True,0.1483
835,seno83,105.3188,100.2797,-0.0777,-0.0,-0.0,-32.5488,107.03 99.04 0 0,0.0543,False,True,0.1484
836,seno83,105.3259,100.2776,-0.0836,-0.0,-0.0,-32.5906,107.03 99.04 0 0,0.0544,False,True,0.1484
837,seno83,105.333,100.2754,-0.0893,-0.0,-0.0,-32.6318,107.03 99.04 0 0,0.0546,False,True,0.1484
838,seno83,105.3401,100.2733,-0.0946,-0.0,-0.0,-32.6725,107.03 99.04 0 0,0.0548,False,True,0.1483
839,seno83,105.3472,100.2711,-0.0993,-0.0,-0.0,-32.7126,107.03 99.04 0 0,0.0549,False,True,0.1484
840,seno83,105.3543,100.269,-0.1032,-0.0,-0.0,-32.7523,107.03 99.04 0 0,0.0552,False,True,0.1482
841,seno84,105.3614,100.2668,-0.1064,-0.0,-0.0,-32.7914,107.11 99.03 0 0,0.0554,False,True,0.1483
842,seno84,105.3684,100.2647,-0.1086,-0.0,-0.0,-32.8299,107.11 99.03 0 0,0.0557,False,True,0.1481
843,seno84,105.3755,100.2625,-0.1098,-0.0,-0.0,-32.8675,107.11 99.03 0 0,0.0561,False,True,0.1483
844,seno84,105.3826,100.2604,-0.11,-0.0,-0.0,-32.9044,107.11 99.03 0 0,0.0564,False,True,0.1483
845,seno84,105.3897,100.2582,-0.1091,-0.0,-0.0,-32.9405,107.11 99.03 0 0,0.0567,False,True,0.1483
846,seno84,105.3968,100.2561,-0.1072,-0.0,-0.0,-32.976,107.11 99.03 0 0,0.0571,False,True,0.1483
847,seno84,105.4039,100.2539,-0.1043,-0.0,-0.0,-33.0107,107.11 99.03 0 0,0.0574,False,True,0.1483
848,seno84,105.411,100.2518,-0.1006,-0.0,-0.0,-33.0449,107.11 99.03 0 0,0.0577,False,True,0.1483
849,seno84,105.4181,100.2496,-0.096,-0.0,-0.0,-33.0785,107.11 99.03 0 0,0.0579,False,True,0.1482
850,seno84,105.4252,100.2474,-0.0908,-0.0,-0.0,-33.1117,107.11 99.03 0 0,0.0581,False,True,0.1482
851,seno85,105.4323,100.2453,-0.0851,-0.0,-0.0,-33.1443,107.18 99.02 0 0,0.0583,False,True,0.1482
852,seno85,105.4394,100.2431,-0.0792,-0.0,-0.0,-33.1765,107.18 99.02 0 0,0.0585,False,True,0.1482
853,seno85,105.4464,100.241,-0.0732,-0.0,-0.0,-33.208,107.18 99.02 0 0,0.0586,False,True,0.1481
854,seno85,105.4535,100.2388,-0.0672,-0.0,-0.0,-33.2389,107.18 99.02 0 0,0.0587,False,True,0.1482
855,seno85,105.4606,100.2366,-0.0616,-0.0,-0.0,-33.2693,107.18 99.02 0 0,0.0588,False,True,0.1482
856,seno85,105.4677,100.2345,-0.0563,-0.0,-0.0,-33.2992,107.18 99.02 0 0,0.0589,False,True,0.1482
857,seno85,105.4748,100.2323,-0.0517,-0.0,-0.0,-33.3287,107.18 99.02 0 0,0.0591,False,True,0.1481
858,seno85,105.4819,100.2301,-0.0478,-0.0,-0.0,-33.3579,107.18 99.02 0 0,0.0592,False,True,0.1481
859,seno85,105.489,100.228,-0.0447,-0.0,-0.0,-33.3867,107.18 99.02 0 0,0.0593,False,True,0.1481
860,seno85,105.496,100.2258,-0.0425,-0.0,-0.0,-33.4152,107.18 99.02 0 0,0.0595,False,True,0.1481
861,seno86,105.5031,100.2236,-0.0414,-0.0,-0.0,-33.4434,107.26 99.01 0 0,0.0596,False,True,0.1481
862,seno86,105.5102,100.2215,-0.0413,-0.0,-0.0,-33.4713,107.26 99.01 0 0,0.0598,False,True,0.1479
863,seno86,105.5173,100.2193,-0.0422,-0.0,-0.0,-33.4986,107.26 99.01 0 0,0.06,False,True,0.148
864,seno86,105.5243,100.2171,-0.0442,-0.0,-0.0,-33.5253,107.26 99.01 0 0,0.0602,False,True,0.1481
865,seno86,105.5314,100.2149,-0.0471,-0.0,-0.0,-33.5516,107.26 99.01 0 0,0.0604,False,True,0.148
866,seno86,105.5385,100.2128,-0.051,-0.0,-0.0,-33.5774,107.26 99.01 0 0,0.0605,False,True,0.148
867,seno86,105.5456,100.2106,-0.0556,-0.0,-0.0,-33.6027,107.26 99.01 0 0,0.0606,False,True,0.1481
868,seno86,105.5526,100.2084,-0.0608,-0.0,-0.0,-33.6276,107.26 99.01 0 0,0.0607,False,True,0.148
869,seno86,105.5597,100.2062,-0.0665,-0.0,-0.0,-33.6521,107.26 99.01 0 0,0.0607,False,True,0.148
870,seno86,105.5668,100.2041,-0.0724,-0.0,-0.0,-33.6761,107.26 99.01 0 0,0.0608,False,True,0.1478
871,seno87,105.5738,100.2019,-0.0785,-0.0,-0.0,-33.6998,107.33 99.01 0 0,0.0608,False,True,0.1478
872,seno87,105.5809,100.1997,-0.0844,-0.0,-0.0,-33.7228,107.33 99.01 0 0,0.0609,False,True,0.1478
873,seno87,105.588,100.1975,-0.09,-0.0,-0.0,-33.7452,107.33 99.01 0 0,0.0609,False,True,0.1478
874,seno87,105.595,100.1954,-0.0952,-0.0,-0.0,-33.7668,107.33 99.01 0 0,0.061,False,True,0.1479
875,seno87,105.6021,100.1932,-0.0998,-0.0,-0.0,-33.7877,107.33 99.01 0 0,0.0611,False,True,0.1478
876,seno87,105.6092,100.191,-0.1037,-0.0,-0.0,-33.808,107.33 99.01 0 0,0.0612,False,True,0.1478
877,seno87,105.6162,100.1888,-0.1067,-0.0,-0.0,-33.8276,107.33 99.01 0 0,0.0614,False,True,0.1479
878,seno87,105.6233,100.1867,-0.1088,-0.0,-0.0,-33.8467,107.33 99.01 0 0,0.0616,False,True,0.1477
879,seno87,105.6303,100.1845,-0.1099,-0.0,-0.0,-33.8652,107.33 99.01 0 0,0.0618,False,True,0.1477
880,seno87,105.6374,100.1823,-0.1099,-0.0,-0.0,-33.8832,107.33 99.01 0 0,0.062,False,True,0.1477
881,seno88,105.6444,100.1801,-0.1089,-0.0,-0.0,-33.9007,107.41 99 0 0,0.0622,False,True,0.1475
882,seno88,105.6515,100.178,-0.1069,-0.0,-0.0,-33.9175,107.41 99 0 0,0.0624,False,True,0.1475
883,seno88,105.6586,100.1758,-0.1039,-0.0,-0.0,-33.9336,107.41 99 0 0,0.0626,False,True,0.1477
884,seno88,105.6656,100.1736,-0.1,-0.0,-0.0,-33.949,107.41 99 0 0,0.0628,False,True,0.1476
885,seno88,105.6727,100.1714,-0.0953,-0.0,-0.0,-33.9638,107.41 99 0 0,0.0629,False,True,0.1475
886,seno88,105.6797,100.1692,-0.0901,-0.0,-0.0,-33.978,107.41 99 0 0,0.063,False,True,0.1476
887,seno88,105.6868,100.1671,-0.0844,-0.0,-0.0,-33.9916,107.41 99 0 0,0.063,False,True,0.1476
888,seno88,105.6938,100.1649,-0.0784,-0.0,-0.0,-34.0048,107.41 99 0 0,0.063,False,True,0.1475
889,seno88,105.7009,100.1627,-0.0724,-0.0,-0.0,-34.0174,107.41 99 0 0,0.063,False,True,0.1476
890,seno88,105.7079,100.1605,-0.0665,-0.0,-0.0,-34.0297,107.41 99 0 0,0.063,False,True,0.1474
891,seno89,105.7149,100.1584,-0.0608,-0.0,-0.0,-34.0416,107.48 99 0 0,0.0629,False,True,0.1474
892,seno89,105.722,100.1562,-0.0557,-0.0,-0.0,-34.053,107.48 99 0 0,0.0629,False,True,0.1473
893,seno89,105.729,100.154,-0.0511,-0.0,-0.0,-34.0637,107.48 99 0 0,0.0629,False,True,0.1474
894,seno89,105.7361,100.1518,-0.0473,-0.0,-0.0,-34.0738,107.48 99 0 0,0.0629,False,True,0.1474
895,seno89,105.7431,100.1496,-0.0444,-0.0,-0.0,-34.0834,107.48 99 0 0,0.0629,False,True,0.1473
896,seno89,105.7501,100.1475,-0.0423,-0.0,-0.0,-34.0924,107.48 99 0 0,0.0629,False,True,0.1474
897,seno89,105.7572,100.1453,-0.0413,-0.0,-0.0,-34.101,107.48 99 0 0,0.063,False,True,0.1473
898,seno89,105.7642,100.1431,-0.0413,-0.0,-0.0,-34.1091,107.48 99 0 0,0.063,False,True,0.1473
899,seno89,105.7712,100.1409,-0.0424,-0.0,-0.0,-34.1168,107.48 99 0 0,0.063,False,True,0.1473
900,seno89,105.7783,100.1388,-0.0445,-0.0,-0.0,-34.1241,107.48 99 0 0,0.063,False,True,0.1471
901,seno90,105.7853,100.1366,-0.0476,-0.0,-0.0,-34.1311,107.56 99 0 0,0.063,False,True,0.1471
902,seno90,105.7923,100.1344,-0.0515,-0.0,-0.0,-34.1375,107.56 99 0 0,0.063,False,True,0.147
903,seno90,105.7993,100.1322,-0.0562,-0.0,-0.0,-34.1432,107.56 99 0 0,0.063,False,True,0.1471
904,seno90,105.8064,100.1301,-0.0615,-0.0,-0.0,-34.1482,107.56 99 0 0,0.0629,False,True,0.1471
905,seno90,105.8134,100.1279,-0.0673,-0.0,-0.0,-34.1526,107.56 99 0 0,0.0628,False,True,0.1471
906,seno90,105.8204,100.1257,-0.0732,-0.0,-0.0,-34.1565,107.56 99 0 0,0.0627,False,True,0.1469
907,seno90,105.8274,100.1236,-0.0793,-0.0,-0.0,-34.1598,107.56 99 0 0,0.0626,False,True,0.147
908,seno90,105.8344,100.1214,-0.0852,-0.0,-0.0,-34.1625,107.56 99 0 0,0.0625,False,True,0.147
909,seno90,105.8415,100.1192,-0.0908,-0.0,-0.0,-34.1648,107.56 99 0 0,0.0623,False,True,0.1469
910,seno90,105.8485,100.117,-0.0959,-0.0,-0.0,-34.1666,107.56 99 0 0,0.0622,False,True,0.147
911,seno91,105.8555,100.1149,-0.1004,-0.0,-0.0,-34.1681,107.63 99 0 0,0.0622,False,True,0.1468
912,seno91,105.8625,100.1127,-0.1041,-0.0,-0.0,-34.1689,107.63 99 0 0,0.0621,False,True,0.1468
913,seno91,105.8695,100.1105,-0.107,-0.0,-0.0,-34.1691,107.63 99 0 0,0.0621,False,True,0.1466
914,seno91,105.8765,100.1084,-0.109,-0.0,-0.0,-34.1686,107.63 99 0 0,0.062,False,True,0.1468
915,seno91,105.8835,100.1062,-0.1099,-0.0,-0.0,-34.1676,107.63 99 0 0,0.062,False,True,0.1468
916,seno91,105.8905,100.104,-0.1098,-0.0,-0.0,-34.166,107.63 99 0 0,0.062,False,True,0.1466
917,seno91,105.8975,100.1019,-0.1087,-0.0,-0.0,-34.1638,107.63 99 0 0,0.0619,False,True,0.1468
918,seno91,105.9045,100.0997,-0.1065,-0.0,-0.0,-34.1613,107.63 99 0 0,0.0619,False,True,0.1466
919,seno91,105.9115,100.0975,-0.1034,-0.0,-0.0,-34.1582,107.63 99 0 0,0.0619,False,True,0.1465
920,seno91,105.9185,100.0954,-0.0994,-0.0,-0.0,-34.1548,107.63 99 0 0,0.0618,False,True,0.1466
921,seno92,105.9255,100.0932,-0.0947,-0.0,-0.0,-34.151,107.71 99.01 0 0,0.0616,False,True,0.1464
922,seno92,105.9325,100.0911,-0.0893,-0.0,-0.0,-34.1466,107.71 99.01 0 0,0.0615,False,True,0.1463
923,seno92,105.9395,100.0889,-0.0836,-0.0,-0.0,-34.1415,107.71 99.01 0 0,0.0612,False,True,0.1464
924,seno92,105.9465,100.0868,-0.0776,-0.0,-0.0,-34.1356,107.71 99.01 0 0,0.061,False,True,0.1464
925,seno92,105.9535,100.0846,-0.0716,-0.0,-0.0,-34.1291,107.71 99.01 0 0,0.0607,False,True,0.1462
926,seno92,105.9605,100.0824,-0.0657,-0.0,-0.0,-34.122,107.71 99.01 0 0,0.0605,False,True,0.1463
927,seno92,105.9675,100.0803,-0.0601,-0.0,-0.0,-34.1143,107.71 99.01 0 0,0.0602,False,True,0.1462
928,seno92,105.9745,100.0781,-0.055,-0.0,-0.0,-34.106,107.71 99.01 0 0,0.0599,False,True,0.1463
929,seno92,105.9815,100.076,-0.0506,-0.0,-0.0,-34.0971,107.71 99.01 0 0,0.0596,False,True,0.1462
930,seno92,105.9884,100.0738,-0.0469,-0.0,-0.0,-34.0878,107.71 99.01 0 0,0.0594,False,True,0.1461
931,seno93,105.9954,100.0717,-0.044,-0.0,-0.0,-34.0781,107.78 99.02 0 0,0.0591,False,True,0.1459
932,seno93,106.0024,100.0695,-0.0422,-0.0,-0.0,-34.0677,107.78 99.02 0 0,0.0589,False,True,0.1461
933,seno93,106.0094,100.0674,-0.0413,-0.0,-0.0,-34.0565,107.78 99.02 0 0,0.0587,False,True,0.1459
934,seno93,106.0163,100.0652,-0.0414,-0.0,-0.0,-34.0445,107.78 99.02 0 0,0.0585,False,True,0.1459
935,seno93,106.0233,100.0631,-0.0426,-0.0,-0.0,-34.0318,107.78 99.02 0 0,0.0582,False,True,0.1459
936,seno93,106.0303,100.061,-0.0449,-0.0,-0.0,-34.0185,107.78 99.02 0 0,0.058,False,True,0.1459
937,seno93,106.0373,100.0588,-0.0481,-0.0,-0.0,-34.0046,107.78 99.02 0 0,0.0578,False,True,0.1459
938,seno93,106.0442,100.0567,-0.0521,-0.0,-0.0,-33.99,107.78 99.02 0 0,0.0575,False,True,0.1457
939,seno93,106.0512,100.0545,-0.0569,-0.0,-0.0,-33.975,107.78 99.02 0 0,0.0572,False,True,0.1458
940,seno93,106.0582,100.0524,-0.0623,-0.0,-0.0,-33.9595,107.78 99.02 0 0,0.0569,False,True,0.1456
941,seno94,106.0651,100.0503,-0.068,-0.0,-0.0,-33.9435,107.86 99.03 0 0,0.0565,False,True,0.1455
942,seno94,106.0721,100.0481,-0.074,-0.0,-0.0,-33.927,107.86 99.03 0 0,0.0562,False,True,0.1455
943,seno94,106.079,100.046,-0.08,-0.0,-0.0,-33.9096,107.86 99.03 0 0,0.0558,False,True,0.1454
944,seno94,106.086,100.0439,-0.0859,-0.0,-0.0,-33.8916,107.86 99.03 0 0,0.0554,False,True,0.1455
945,seno94,106.0929,100.0417,-0.0915,-0.0,-0.0,-33.8728,107.86 99.03 0 0,0.0551,False,True,0.1454
946,seno94,106.0999,100.0396,-0.0965,-0.0,-0.0,-33.8535,107.86 99.03 0 0,0.0548,False,True,0.1455
947,seno94,106.1068,100.0375,-0.1009,-0.0,-0.0,-33.8337,107.86 99.03 0 0,0.0545,False,True,0.1452
948,seno94,106.1138,100.0354,-0.1046,-0.0,-0.0,-33.8134,107.86 99.03 0 0,0.0542,False,True,0.1454
949,seno94,106.1207,100.0332,-0.1073,-0.0,-0.0,-33.7926,107.86 99.03 0 0,0.054,False,True,0.1452
950,seno94,106.1277,100.0311,-0.1092,-0.0,-0.0,-33.7715,107.86 99.03 0 0,0.0537,False,True,0.1451
951,seno95,106.1346,100.029,-0.11,-0.0,-0.0,-33.75,107.93 99.04 0 0,0.0536,False,True,0.1452
952,seno95,106.1415,100.0269,-0.1098,-0.0,-0.0,-33.728,107.93 99.04 0 0,0.0534,False,True,0.145
953,seno95,106.1485,100.0248,-0.1085,-0.0,-0.0,-33.7053,107.93 99.04 0 0,0.0532,False,True,0.145
954,seno95,106.1554,100.0227,-0.1062,-0.0,-0.0,-33.6821,107.93 99.04 0 0,0.053,False,True,0.145
955,seno95,106.1624,100.0206,-0.1029,-0.0,-0.0,-33.6583,107.93 99.04 0 0,0.0528,False,True,0.145
956,seno95,106.1693,100.0185,-0.0988,-0.0,-0.0,-33.6339,107.93 99.04 0 0,0.0525,False,True,0.1448
957,seno95,106.1762,100.0163,-0.094,-0.0,-0.0,-33.6091,107.93 99.04 0 0,0.0522,False,True,0.1448
958,seno95,106.1831,100.0142,-0.0886,-0.0,-0.0,-33.5838,107.93 99.04 0 0,0.0519,False,True,0.1448
959,seno95,106.1901,100.0121,-0.0828,-0.0,-0.0,-33.5581,107.93 99.04 0 0,0.0516,False,True,0.1448
960,seno95,106.197,100.01,-0.0768,-0.0,-0.0,-33.5319,107.93 99.04 0 0,0.0512,False,True,0.1446
961,seno96,106.2039,100.0079,-0.0708,-0.0,-0.0,-33.5054,108 99.05 0 0,0.0508,False,True,0.1446
962,seno96,106.2108,100.0058,-0.0649,-0.0,-0.0,-33.4782,108 99.05 0 0,0.0504,False,True,0.1445
963,seno96,106.2177,100.0038,-0.0594,-0.0,-0.0,-33.4503,108 99.05 0 0,0.0499,False,True,0.1444
964,seno96,106.2246,100.0017,-0.0544,-0.0,-0.0,-33.4217,108 99.05 0 0,0.0495,False,True,0.1444
965,seno96,106.2316,99.9996,-0.05,-0.0,-0.0,-33.3925,108 99.05 0 0,0.0491,False,True,0.1444
966,seno96,106.2385,99.9975,-0.0465,-0.0,-0.0,-33.3625,108 99.05 0 0,0.0487,False,True,0.1444
967,seno96,106.2454,99.9954,-0.0437,-0.0,-0.0,-33.332,108 99.05 0 0,0.0484,False,True,0.1442
968,seno96,106.2523,99.9933,-0.042,-0.0,-0.0,-33.3008,108 99.05 0 0,0.048,False,True,0.1443
969,seno96,106.2592,99.9912,-0.0412,-0.0,-0.0,-33.2691,108 99.05 0 0,0.0477,False,True,0.144
970,seno96,106.2661,99.9892,-0.0415,-0.0,-0.0,-33.2369,108 99.05 0 0,0.0474,False,True,0.1441
971,seno97,106.273,99.9871,-0.0429,-0.0,-0.0,-33.2042,108.08 99.07 0 0,0.047,False,True,0.144
972,seno97,106.2799,99.985,-0.0452,-0.0,-0.0,-33.1709,108.08 99.07 0 0,0.0466,False,True,0.1439
973,seno97,106.2868,99.9829,-0.0486,-0.0,-0.0,-33.1366,108.08 99.07 0 0,0.0463,False,True,0.144
974,seno97,106.2936,99.9809,-0.0527,-0.0,-0.0,-33.1015,108.08 99.07 0 0,0.0459,False,True,0.1439
975,seno97,106.3005,99.9788,-0.0576,-0.0,-0.0,-33.0657,108.08 99.07 0 0,0.0454,False,True,0.1439
976,seno97,106.3074,99.9767,-0.063,-0.0,-0.0,-33.0291,108.08 99.07 0 0,0.045,False,True,0.1437
977,seno97,106.3143,99.9747,-0.0688,-0.0,-0.0,-32.992,108.08 99.07 0 0,0.0445,False,True,0.1438
978,seno97,106.3212,99.9726,-0.0748,-0.0,-0.0,-32.9543,108.08 99.07 0 0,0.0441,False,True,0.1437
979,seno97,106.3281,99.9706,-0.0808,-0.0,-0.0,-32.9162,108.08 99.07 0 0,0.0436,False,True,0.1435
980,seno97,106.3349,99.9685,-0.0867,-0.0,-0.0,-32.8777,108.08 99.07 0 0,0.0432,False,True,0.1437
981,seno98,106.3418,99.9664,-0.0921,-0.0,-0.0,-32.8388,108.15 99.08 0 0,0.0427,False,True,0.1433
982,seno98,106.3487,99.9644,-0.0971,-0.0,-0.0,-32.7995,108.15 99.08 0 0,0.0423,False,True,0.1435
983,seno98,106.3555,99.9623,-0.1014,-0.0,-0.0,-32.7597,108.15 99.08 0 0,0.0419,False,True,0.1433
984,seno98,106.3624,99.9603,-0.105,-0.0,-0.0,-32.7193,108.15 99.08 0 0,0.0416,False,True,0.1435
985,seno98,106.3693,99.9583,-0.1076,-0.0,-0.0,-32.6785,108.15 99.08 0 0,0.0413,False,True,0.1433
986,seno98,106.3762,99.9562,-0.1093,-0.0,-0.0,-32.6373,108.15 99.08 0 0,0.041,False,True,0.1432
987,seno98,106.383,99.9542,-0.11,-0.0,-0.0,-32.5958,108.15 99.08 0 0,0.0407,False,True,0.1431
988,seno98,106.3899,99.9521,-0.1096,-0.0,-0.0,-32.554,108.15 99.08 0 0,0.0405,False,True,0.1431
989,seno98,106.3967,99.9501,-0.1082,-0.0,-0.0,-32.512,108.15 99.08 0 0,0.0402,False,True,0.1431
990,seno98,106.4036,99.9481,-0.1058,-0.0,-0.0,-32.4697,108.15 99.08 0 0,0.0399,False,True,0.1431
991,seno99,106.4104,99.946,-0.1024,-0.0,-0.0,-32.4273,108.22 99.1 0 0,0.0397,False,True,0.1429
992,seno99,106.4173,99.944,-0.0982,-0.0,-0.0,-32.3845,108.22 99.1 0 0,0.0393,False,True,0.1427
993,seno99,106.4241,99.942,-0.0933,-0.0,-0.0,-32.3411,108.22 99.1 0 0,0.0389,False,True,0.1429
994,seno99,106.431,99.94,-0.0879,-0.0,-0.0,-32.2971,108.22 99.1 0 0,0.0385,False,True,0.1427
995,seno99,106.4378,99.938,-0.082,-0.0,-0.0,-32.2525,108.22 99.1 0 0,0.0381,False,True,0.1427
996,seno99,106.4447,99.9359,-0.076,-0.0,-0.0,-32.2074,108.22 99.1 0 0,0.0377,False,True,0.1427
997,seno99,106.4515,99.9339,-0.07,-0.0,-0.0,-32.1617,108.22 99.1 0 0,0.0372,False,True,0.1426
998,seno99,106.4583,99.9319,-0.0642,-0.0,-0.0,-32.1156,108.22 99.1 0 0,0.0367,False,True,0.1425
999,seno99,106.4652,99.9299,-0.0587,-0.0,-0.0,-32.0689,108.22 99.1 0 0,0.0362,False,True,0.1425
1000,seno99,106.472,99.9279,-0.0538,-0.0,-0.0,-32.0218,108.22 99.1 0 0,0.0358,False,True,0.1423
1001,seno100,106.4788,99.9259,-0.0495,-0.0,-0.0,-31.9742,108.3 99.12 0 0,0.0353,False,True,0.1423
1002,seno100,106.4857,99.9239,-0.0461,-0.0,-0.0,-31.9258,108.3 99.12 0 0,0.0349,False,True,0.1422
1003,seno100,106.4925,99.9219,-0.0435,-0.0,-0.0,-31.8766,108.3 99.12 0 0,0.0344,False,True,0.1423
1004,seno100,106.4993,99.9199,-0.0418,-0.0,-0.0,-31.8264,108.3 99.12 0 0,0.034,False,True,0.1421
1005,seno100,106.5061,99.9179,-0.0412,-0.0,-0.0,-31.7754,108.3 99.12 0 0,0.0336,False,True,0.1421
1006,seno100,106.5129,99.916,-0.0417,-0.0,-0.0,-31.7237,108.3 99.12 0 0,0.0332,False,True,0.1421
1007,seno100,106.5198,99.914,-0.0431,-0.0,-0.0,-31.6712,108.3 99.12 0 0,0.0328,False,True,0.1421
1008,seno100,106.5266,99.912,-0.0456,-0.0,-0.0,-31.618,108.3 99.12 0 0,0.0325,False,True,0.1419
1009,seno100,106.5334,99.91,-0.0491,-0.0,-0.0,-31.5642,108.3 99.12 0 0,0.032,False,True,0.142
1010,seno100,106.5402,99.908,-0.0533,-0.0,-0.0,-31.5098,108.3 99.12 0 0,0.0316,False,True,0.1417
1011,seno101,106.547,99.9061,-0.0583,-0.0,-0.0,-31.455,108.37 99.14 0 0,0.0312,False,True,0.1417
1012,seno101,106.5538,99.9041,-0.0637,-0.0,-0.0,-31.3996,108.37 99.14 0 0,0.0307,False,True,0.1417
1013,seno101,106.5606,99.9021,-0.0696,-0.0,-0.0,-31.3434,108.37 99.14 0 0,0.0302,False,True,0.1416
1014,seno101,106.5674,99.9002,-0.0756,-0.0,-0.0,-31.2865,108.37 99.14 0 0,0.0297,False,True,0.1417
1015,seno101,106.5742,99.8982,-0.0816,-0.0,-0.0,-31.2291,108.37 99.14 0 0,0.0292,False,True,0.1415
1016,seno101,106.581,99.8962,-0.0874,-0.0,-0.0,-31.1712,108.37 99.14 0 0,0.0288,False,True,0.1416
1017,seno101,106.5878,99.8943,-0.0928,-0.0,-0.0,-31.1129,108.37 99.14 0 0,0.0283,False,True,0.1415
1018,seno101,106.5946,99.8923,-0.0977,-0.0,-0.0,-31.0544,108.37 99.14 0 0,0.0279,False,True,0.1413
1019,seno101,106.6014,99.8904,-0.102,-0.0,-0.0,-30.9956,108.37 99.14 0 0,0.0275,False,True,0.1414
1020,seno101,106.6082,99.8884,-0.1054,-0.0,-0.0,-30.9366,108.37 99.14 0 0,0.0272,False,True,0.1413
1021,seno102,106.615,99.8865,-0.1079,-0.0,-0.0,-30.8776,108.44 99.17 0 0,0.0269,False,True,0.1411
1022,seno102,106.6218,99.8845,-0.1095,-0.0,-0.0,-30.8183,108.44 99.17 0 0,0.0266,False,True,0.1411
1023,seno102,106.6286,99.8826,-0.11,-0.0,-0.0,-30.7584,108.44 99.17 0 0,0.0263,False,True,0.1411
1024,seno102,106.6353,99.8807,-0.1095,-0.0,-0.0,-30.6981,108.44 99.17 0 0,0.026,False,True,0.141
1025,seno102,106.6421,99.8787,-0.108,-0.0,-0.0,-30.6375,108.44 99.17 0 0,0.0257,False,True,0.1411
1026,seno102,106.6489,99.8768,-0.1054,-0.0,-0.0,-30.5764,108.44 99.17 0 0,0.0254,False,True,0.1408
1027,seno102,106.6557,99.8749,-0.1019,-0.0,-0.0,-30.515,108.44 99.17 0 0,0.0251,False,True,0.1409
1028,seno102,106.6624,99.873,-0.0976,-0.0,-0.0,-30.4533,108.44 99.17 0 0,0.0248,False,True,0.1408
1029,seno102,106.6692,99.871,-0.0926,-0.0,-0.0,-30.3913,108.44 99.17 0 0,0.0244,False,True,0.1407
1030,seno102,106.676,99.8691,-0.0871,-0.0,-0.0,-30.329,108.44 99.17 0 0,0.024,False,True,0.1407
1031,seno103,106.6827,99.8672,-0.0813,-0.0,-0.0,-30.2663,108.51 99.19 0 0,0.0236,False,True,0.1405
1032,seno103,106.6895,99.8653,-0.0752,-0.0,-0.0,-30.2032,108.51 99.19 0 0,0.0232,False,True,0.1405
1033,seno103,106.6963,99.8634,-0.0692,-0.0,-0.0,-30.1393,108.51 99.19 0 0,0.0227,False,True,0.1405
1034,seno103,106.703,99.8615,-0.0635,-0.0,-0.0,-30.0747,108.51 99.19 0 0,0.0222,False,True,0.1404
1035,seno103,106.7098,99.8596,-0.0581,-0.0,-0.0,-30.0093,108.51 99.19 0 0,0.0218,False,True,0.1404
1036,seno103,106.7165,99.8577,-0.0532,-0.0,-0.0,-29.9433,108.51 99.19 0 0,0.0213,False,True,0.1402
1037,seno103,106.7233,99.8558,-0.049,-0.0,-0.0,-29.8766,108.51 99.19 0 0,0.0209,False,True,0.1402
1038,seno103,106.73,99.8539,-0.0457,-0.0,-0.0,-29.8091,108.51 99.19 0 0,0.0205,False,True,0.1402
1039,seno103,106.7368,99.8521,-0.0432,-0.0,-0.0,-29.7411,108.51 99.19 0 0,0.0201,False,True,0.1401
1040,seno103,106.7435,99.8502,-0.0417,-0.0,-0.0,-29.6723,108.51 99.19 0 0,0.0197,False,True,0.1401
1041,seno104,106.7503,99.8483,-0.0412,-0.0,-0.0,-29.603,108.58 99.22 0 0,0.0193,False,True,0.1399
1042,seno104,106.757,99.8464,-0.0418,-0.0,-0.0,-29.5329,108.58 99.22 0 0,0.0189,False,True,0.1398
1043,seno104,106.7637,99.8446,-0.0434,-0.0,-0.0,-29.4618,108.58 99.22 0 0,0.0185,False,True,0.1398
1044,seno104,106.7705,99.8427,-0.046,-0.0,-0.0,-29.3897,108.58 99.22 0 0,0.0182,False,True,0.1398
1045,seno104,106.7772,99.8408,-0.0496,-0.0,-0.0,-29.3168,108.58 99.22 0 0,0.0177,False,True,0.1398
1046,seno104,106.7839,99.839,-0.0539,-0.0,-0.0,-29.2431,108.58 99.22 0 0,0.0174,False,True,0.1396
1047,seno104,106.7907,99.8371,-0.059,-0.0,-0.0,-29.1688,108.58 99.22 0 0,0.0169,False,True,0.1396
1048,seno104,106.7974,99.8352,-0.0645,-0.0,-0.0,-29.0938,108.58 99.22 0 0,0.0165,False,True,0.1396
1049,seno104,106.8041,99.8334,-0.0704,-0.0,-0.0,-29.0184,108.58 99.22 0 0,0.0161,False,True,0.1394
1050,seno104,106.8108,99.8316,-0.0764,-0.0,-0.0,-28.9427,108.58 99.22 0 0,0.0156,False,True,0.1394
1051,seno105,106.8176,99.8297,-0.0824,-0.0,-0.0,-28.8667,108.65 99.25 0 0,0.0152,False,True,0.1392
1052,seno105,106.8243,99.8279,-0.0881,-0.0,-0.0,-28.7902,108.65 99.25 0 0,0.0148,False,True,0.1392
1053,seno105,106.831,99.826,-0.0935,-0.0,-0.0,-28.7132,108.65 99.25 0 0,0.0144,False,True,0.1392
1054,seno105,106.8377,99.8242,-0.0983,-0.0,-0.0,-28.6357,108.65 99.25 0 0,0.014,False,True,0.1392
1055,seno105,106.8444,99.8224,-0.1025,-0.0,-0.0,-28.5579,108.65 99.25 0 0,0.0137,False,True,0.139
1056,seno105,106.8511,99.8206,-0.1058,-0.0,-0.0,-28.4797,108.65 99.25 0 0,0.0134,False,True,0.1391
1057,seno105,106.8578,99.8187,-0.1082,-0.0,-0.0,-28.4014,108.65 99.25 0 0,0.0131,False,True,0.139
1058,seno105,106.8645,99.8169,-0.1096,-0.0,-0.0,-28.323,108.65 99.25 0 0,0.0129,False,True,0.139
1059,seno105,106.8712,99.8151,-0.11,-0.0,-0.0,-28.2445,108.65 99.25 0 0,0.0126,False,True,0.1388
1060,seno105,106.8779,99.8133,-0.1094,-0.0,-0.0,-28.1659,108.65 99.25 0 0,0.0124,False,True,0.1388
1061,seno106,106.8846,99.8115,-0.1077,-0.0,-0.0,-28.0874,108.72 99.28 0 0,0.0122,False,True,0.1386
1062,seno106,106.8913,99.8097,-0.105,-0.0,-0.0,-28.0086,108.72 99.28 0 0,0.0119,False,True,0.1386
1063,seno106,106.898,99.8079,-0.1014,-0.0,-0.0,-27.9293,108.72 99.28 0 0,0.0116,False,True,0.1385
1064,seno106,106.9047,99.8061,-0.097,-0.0,-0.0,-27.8496,108.72 99.28 0 0,0.0113,False,True,0.1385
1065,seno106,106.9114,99.8043,-0.0919,-0.0,-0.0,-27.7694,108.72 99.28 0 0,0.011,False,True,0.1385
1066,seno106,106.9181,99.8025,-0.0864,-0.0,-0.0,-27.6888,108.72 99.28 0 0,0.0107,False,True,0.1384
1067,seno106,106.9247,99.8007,-0.0805,-0.0,-0.0,-27.6078,108.72 99.28 0 0,0.0103,False,True,0.1384
1068,seno106,106.9314,99.799,-0.0744,-0.0,-0.0,-27.5263,108.72 99.28 0 0,0.0099,False,True,0.1383
1069,seno106,106.9381,99.7972,-0.0685,-0.0,-0.0,-27.4443,108.72 99.28 0 0,0.0095,False,True,0.1382
1070,seno106,106.9448,99.7954,-0.0627,-0.0,-0.0,-27.3619,108.72 99.28 0 0,0.0091,False,True,0.1381
1071,seno107,106.9515,99.7936,-0.0574,-0.0,-0.0,-27.2789,108.79 99.31 0 0,0.0087,False,True,0.1381
1072,seno107,106.9581,99.7919,-0.0526,-0.0,-0.0,-27.1952,108.79 99.31 0 0,0.0083,False,True,0.1379
1073,seno107,106.9648,99.7901,-0.0485,-0.0,-0.0,-27.1105,108.79 99.31 0 0,0.0079,False,True,0.1379
1074,seno107,106.9715,99.7884,-0.0453,-0.0,-0.0,-27.0249,108.79 99.31 0 0,0.0075,False,True,0.1379
1075,seno107,106.9781,99.7866,-0.0429,-0.0,-0.0,-26.9383,108.79 99.31 0 0,0.0072,False,True,0.1379
1076,seno107,106.9848,99.7849,-0.0416,-0.0,-0.0,-26.8508,108.79 99.31 0 0,0.0069,False,True,0.1379
1077,seno107,106.9915,99.7831,-0.0412,-0.0,-0.0,-26.7625,108.79 99.31 0 0,0.0065,False,True,0.1378
1078,seno107,106.9981,99.7814,-0.042,-0.0,-0.0,-26.6733,108.79 99.31 0 0,0.0062,False,True,0.1377
1079,seno107,107.0048,99.7796,-0.0437,-0.0,-0.0,-26.5834,108.79 99.31 0 0,0.0059,False,True,0.1375
1080,seno107,107.0114,99.7779,-0.0465,-0.0,-0.0,-26.4928,108.79 99.31 0 0,0.0056,False,True,0.1376
1081,seno108,107.0181,99.7762,-0.0501,-0.0,-0.0,-26.4016,108.85 99.34 0 0,0.0053,False,True,0.1375
1082,seno108,107.0247,99.7745,-0.0546,-0.0,-0.0,-26.3097,108.85 99.34 0 0,0.0049,False,True,0.1373
1083,seno108,107.0314,99.7727,-0.0597,-0.0,-0.0,-26.2169,108.85 99.34 0 0,0.0045,False,True,0.1374
1084,seno108,107.038,99.771,-0.0653,-0.0,-0.0,-26.1235,108.85 99.34 0 0,0.0042,False,True,0.1373
1085,seno108,107.0447,99.7693,-0.0712,-0.0,-0.0,-26.0294,108.85 99.34 0 0,0.0038,False,True,0.1374
1086,seno108,107.0513,99.7676,-0.0772,-0.0,-0.0,-25.9348,108.85 99.34 0 0,0.0034,False,True,0.1371
1087,seno108,107.058,99.7659,-0.0832,-0.0,-0.0,-25.8399,108.85 99.34 0 0,0.0031,False,True,0.1372
1088,seno108,107.0646,99.7642,-0.0889,-0.0,-0.0,-25.7447,108.85 99.34 0 0,0.0027,False,True,0.137
1089,seno108,107.0712,99.7625,-0.0942,-0.0,-0.0,-25.6495,108.85 99.34 0 0,0.0024,False,True,0.137
1090,seno108,107.0779,99.7608,-0.0989,-0.0,-0.0,-25.5541,108.85 99.34 0 0,0.0022,False,True,0.137
1091,seno109,107.0845,99.7591,-0.1029,-0.0,-0.0,-25.4589,108.92 99.37 0 0,0.0019,False,True,0.1368
1092,seno109,107.0911,99.7574,-0.1061,-0.0,-0.0,-25.3635,108.92 99.37 0 0,0.0017,False,True,0.1367
1093,seno109,107.0978,99.7558,-0.1084,-0.0,-0.0,-25.268,108.92 99.37 0 0,0.0015,False,True,0.1368
1094,seno109,107.1044,99.7541,-0.1097,-0.0,-0.0,-25.1722,108.92 99.37 0 0,0.0013,False,True,0.1366
1095,seno109,107.111,99.7524,-0.11,-0.0,-0.0,-25.0764,108.92 99.37 0 0,0.0011,False,True,0.1367
1096,seno109,107.1176,99.7508,-0.1092,-0.0,-0.0,-24.9805,108.92 99.37 0 0,0.0009,False,True,0.1366
1097,seno109,107.1243,99.7491,-0.1074,-0.0,-0.0,-24.8846,108.92 99.37 0 0,0.0008,False,True,0.1366
1098,seno109,107.1309,99.7474,-0.1046,-0.0,-0.0,-24.7887,108.92 99.37 0 0,0.0006,False,True,0.1364
1099,seno109,107.1375,99.7458,-0.1009,-0.0,-0.0,-24.6927,108.92 99.37 0 0,0.0004,False,True,0.1365
1100,seno109,107.1441,99.7441,-0.0964,-0.0,-0.0,-24.5968,108.92 99.37 0 0,0.0002,False,True,0.1362
1101,seno110,107.1507,99.7425,-0.0912,-0.0,-0.0,-24.5008,108.99 99.41 0 0,-0.0001,False,True,0.1363
1102,seno110,107.1573,99.7409,-0.0856,-0.0,-0.0,-24.4044,108.99 99.41 0 0,-0.0003,False,True,0.1362
1103,seno110,107.1639,99.7392,-0.0797,-0.0,-0.0,-24.3074,108.99 99.41 0 0,-0.0007,False,True,0.1361
1104,seno110,107.1705,99.7376,-0.0736,-0.0,-0.0,-24.2097,108.99 99.41 0 0,-0.001,False,True,0.1362
1105,seno110,107.1771,99.736,-0.0677,-0.0,-0.0,-24.1114,108.99 99.41 0 0,-0.0013,False,True,0.1361
1106,seno110,107.1838,99.7343,-0.062,-0.0,-0.0,-24.0124,108.99 99.41 0 0,-0.0017,False,True,0.1361
1107,seno110,107.1904,99.7327,-0.0567,-0.0,-0.0,-23.9127,108.99 99.41 0 0,-0.002,False,True,0.1359
1108,seno110,107.197,99.7311,-0.052,-0.0,-0.0,-23.8123,108.99 99.41 0 0,-0.0023,False,True,0.136
1109,seno110,107.2036,99.7295,-0.0481,-0.0,-0.0,-23.7111,108.99 99.41 0 0,-0.0026,False,True,0.1359
1110,seno110,107.2102,99.7279,-0.0449,-0.0,-0.0,-23.6093,108.99 99.41 0 0,-0.0029,False,True,0.1357
1111,seno111,107.2167,99.7263,-0.0427,-0.0,-0.0,-23.5067,109.05 99.44 0 0,-0.0032,False,True,0.1357
1112,seno111,107.2233,99.7247,-0.0415,-0.0,-0.0,-23.4032,109.05 99.44 0 0,-0.0035,False,True,0.1356
1113,seno111,107.2299,99.7231,-0.0413,-0.0,-0.0,-23.2986,109.05 99.44 0 0,-0.0037,False,True,0.1357
1114,seno111,107.2365,99.7215,-0.0421,-0.0,-0.0,-23.1931,109.05 99.44 0 0,-0.004,False,True,0.1356
1115,seno111,107.2431,99.7199,-0.044,-0.0,-0.0,-23.0866,109.05 99.44 0 0,-0.0043,False,True,0.1355
1116,seno111,107.2497,99.7183,-0.0469,-0.0,-0.0,-22.9793,109.05 99.44 0 0,-0.0046,False,True,0.1356
1117,seno111,107.2563,99.7167,-0.0507,-0.0,-0.0,-22.8712,109.05 99.44 0 0,-0.0048,False,True,0.1354
1118,seno111,107.2629,99.7152,-0.0552,-0.0,-0.0,-22.7625,109.05 99.44 0 0,-0.0051,False,True,0.1354
1119,seno111,107.2694,99.7136,-0.0604,-0.0,-0.0,-22.6533,109.05 99.44 0 0,-0.0054,False,True,0.1353
1120,seno111,107.276,99.712,-0.066,-0.0,-0.0,-22.5437,109.05 99.44 0 0,-0.0056,False,True,0.1352
1121,seno112,107.2826,99.7105,-0.072,-0.0,-0.0,-22.4337,109.12 99.48 0 0,-0.0059,False,True,0.1352
1122,seno112,107.2892,99.7089,-0.078,-0.0,-0.0,-22.3234,109.12 99.48 0 0,-0.0062,False,True,0.135
1123,seno112,107.2957,99.7074,-0.0839,-0.0,-0.0,-22.2125,109.12 99.48 0 0,-0.0065,False,True,0.1351
1124,seno112,107.3023,99.7058,-0.0896,-0.0,-0.0,-22.1012,109.12 99.48 0 0,-0.0068,False,True,0.135
1125,seno112,107.3089,99.7043,-0.0948,-0.0,-0.0,-21.9896,109.12 99.48 0 0,-0.007,False,True,0.1351
1126,seno112,107.3155,99.7027,-0.0995,-0.0,-0.0,-21.8779,109.12 99.48 0 0,-0.0072,False,True,0.1349
1127,seno112,107.322,99.7012,-0.1034,-0.0,-0.0,-21.7661,109.12 99.48 0 0,-0.0074,False,True,0.1349
1128,seno112,107.3286,99.6997,-0.1065,-0.0,-0.0,-21.6544,109.12 99.48 0 0,-0.0076,False,True,0.1349
1129,seno112,107.3352,99.6982,-0.1086,-0.0,-0.0,-21.5428,109.12 99.48 0 0,-0.0077,False,True,0.1349
1130,seno112,107.3417,99.6966,-0.1098,-0.0,-0.0,-21.4314,109.12 99.48 0 0,-0.0078,False,True,0.1347
1131,seno113,107.3483,99.6951,-0.1099,-0.0,-0.0,-21.3203,109.19 99.51 0 0,-0.0079,False,True,0.1347
1132,seno113,107.3549,99.6936,-0.109,-0.0,-0.0,-21.2092,109.19 99.51 0 0,-0.008,False,True,0.1347
1133,seno113,107.3614,99.6921,-0.1071,-0.0,-0.0,-21.0979,109.19 99.51 0 0,-0.0081,False,True,0.1346
1134,seno113,107.368,99.6906,-0.1041,-0.0,-0.0,-20.9866,109.19 99.51 0 0,-0.0083,False,True,0.1346
1135,seno113,107.3745,99.6891,-0.1003,-0.0,-0.0,-20.8752,109.19 99.51 0 0,-0.0084,False,True,0.1346
1136,seno113,107.3811,99.6876,-0.0957,-0.0,-0.0,-20.7637,109.19 99.51 0 0,-0.0086,False,True,0.1344
1137,seno113,107.3876,99.6861,-0.0905,-0.0,-0.0,-20.652,109.19 99.51 0 0,-0.0088,False,True,0.1346
1138,seno113,107.3942,99.6846,-0.0848,-0.0,-0.0,-20.5401,109.19 99.51 0 0,-0.009,False,True,0.1345
1139,seno113,107.4008,99.6832,-0.0789,-0.0,-0.0,-20.428,109.19 99.51 0 0,-0.0092,False,True,0.1344
1140,seno113,107.4073,99.6817,-0.0729,-0.0,-0.0,-20.3157,109.19 99.51 0 0,-0.0095,False,True,0.1344
1141,seno114,107.4139,99.6802,-0.0669,-0.0,-0.0,-20.203,109.25 99.55 0 0,-0.0097,False,True,0.1343
1142,seno114,107.4204,99.6787,-0.0613,-0.0,-0.0,-20.0897,109.25 99.55 0 0,-0.01,False,True,0.1343
1143,seno114,107.427,99.6773,-0.0561,-0.0,-0.0,-19.9756,109.25 99.55 0 0,-0.0103,False,True,0.1341
1144,seno114,107.4335,99.6758,-0.0515,-0.0,-0.0,-19.8606,109.25 99.55 0 0,-0.0105,False,True,0.1343
1145,seno114,107.4401,99.6744,-0.0476,-0.0,-0.0,-19.7447,109.25 99.55 0 0,-0.0108,False,True,0.1342
1146,seno114,107.4466,99.6729,-0.0446,-0.0,-0.0,-19.6279,109.25 99.55 0 0,-0.011,False,True,0.1341
1147,seno114,107.4532,99.6715,-0.0425,-0.0,-0.0,-19.5103,109.25 99.55 0 0,-0.0113,False,True,0.1342
1148,seno114,107.4597,99.67,-0.0414,-0.0,-0.0,-19.3918,109.25 99.55 0 0,-0.0115,False,True,0.134
1149,seno114,107.4663,99.6686,-0.0413,-0.0,-0.0,-19.2725,109.25 99.55 0 0,-0.0117,False,True,0.1341
1150,seno114,107.4728,99.6672,-0.0423,-0.0,-0.0,-19.1524,109.25 99.55 0 0,-0.0119,False,True,0.134
1151,seno115,107.4794,99.6657,-0.0443,-0.0,-0.0,-19.0316,109.32 99.58 0 0,-0.012,False,True,0.1338
1152,seno115,107.4859,99.6643,-0.0473,-0.0,-0.0,-18.9101,109.32 99.58 0 0,-0.0123,False,True,0.1338
1153,seno115,107.4924,99.6629,-0.0512,-0.0,-0.0,-18.7876,109.32 99.58 0 0,-0.0125,False,True,0.134
1154,seno115,107.499,99.6615,-0.0559,-0.0,-0.0,-18.6645,109.32 99.58 0 0,-0.0127,False,True,0.1338
1155,seno115,107.5055,99.6601,-0.0611,-0.0,-0.0,-18.5407,109.32 99.58 0 0,-0.013,False,True,0.1339
1156,seno115,107.5121,99.6587,-0.0668,-0.0,-0.0,-18.4164,109.32 99.58 0 0,-0.0132,False,True,0.1339
1157,seno115,107.5186,99.6573,-0.0727,-0.0,-0.0,-18.2917,109.32 99.58 0 0,-0.0134,False,True,0.1337
1158,seno115,107.5252,99.6559,-0.0788,-0.0,-0.0,-18.1668,109.32 99.58 0 0,-0.0136,False,True,0.1339
1159,seno115,107.5317,99.6545,-0.0847,-0.0,-0.0,-18.0419,109.32 99.58 0 0,-0.0138,False,True,0.1337
1160,seno115,107.5382,99.6531,-0.0903,-0.0,-0.0,-17.917,109.32 99.58 0 0,-0.014,False,True,0.1337
1161,seno116,107.5448,99.6517,-0.0955,-0.0,-0.0,-17.7923,109.38 99.62 0 0,-0.0141,False,True,0.1337
1162,seno116,107.5513,99.6504,-0.1,-0.0,-0.0,-17.6676,109.38 99.62 0 0,-0.0143,False,True,0.1335
1163,seno116,107.5578,99.649,-0.1039,-0.0,-0.0,-17.5429,109.38 99.62 0 0,-0.0144,False,True,0.1336
1164,seno116,107.5644,99.6476,-0.1068,-0.0,-0.0,-17.4183,109.38 99.62 0 0,-0.0145,False,True,0.1336
1165,seno116,107.5709,99.6463,-0.1089,-0.0,-0.0,-17.2937,109.38 99.62 0 0,-0.0146,False,True,0.1336
1166,seno116,107.5775,99.6449,-0.1099,-0.0,-0.0,-17.1694,109.38 99.62 0 0,-0.0147,False,True,0.1336
1167,seno116,107.584,99.6436,-0.1099,-0.0,-0.0,-17.0453,109.38 99.62 0 0,-0.0147,False,True,0.1335
1168,seno116,107.5905,99.6422,-0.1088,-0.0,-0.0,-16.9214,109.38 99.62 0 0,-0.0148,False,True,0.1335
1169,seno116,107.5971,99.6409,-0.1067,-0.0,-0.0,-16.7979,109.38 99.62 0 0,-0.0148,False,True,0.1333
1170,seno116,107.6036,99.6395,-0.1037,-0.0,-0.0,-16.6745,109.38 99.62 0 0,-0.0148,False,True,0.1333
1171,seno117,107.6101,99.6382,-0.0997,-0.0,-0.0,-16.5514,109.45 99.66 0 0,-0.0149,False,True,0.1333
1172,seno117,107.6167,99.6369,-0.0951,-0.0,-0.0,-16.4283,109.45 99.66 0 0,-0.0151,False,True,0.1333
1173,seno117,107.6232,99.6356,-0.0898,-0.0,-0.0,-16.3049,109.45 99.66 0 0,-0.0152,False,True,0.1334
1174,seno117,107.6297,99.6343,-0.0841,-0.0,-0.0,-16.1812,109.45 99.66 0 0,-0.0154,False,True,0.1333
1175,seno117,107.6363,99.6329,-0.0781,-0.0,-0.0,-16.0571,109.45 99.66 0 0,-0.0156,False,True,0.1334
1176,seno117,107.6428,99.6316,-0.0721,-0.0,-0.0,-15.9327,109.45 99.66 0 0,-0.0158,False,True,0.1332
1177,seno117,107.6493,99.6303,-0.0662,-0.0,-0.0,-15.8077,109.45 99.66 0 0,-0.016,False,True,0.1333
1178,seno117,107.6559,99.629,-0.0606,-0.0,-0.0,-15.6823,109.45 99.66 0 0,-0.0162,False,True,0.1332
1179,seno117,107.6624,99.6277,-0.0554,-0.0,-0.0,-15.5563,109.45 99.66 0 0,-0.0164,False,True,0.1333
1180,seno117,107.6689,99.6265,-0.0509,-0.0,-0.0,-15.4297,109.45 99.66 0 0,-0.0166,False,True,0.1331
1181,seno118,107.6755,99.6252,-0.0472,-0.0,-0.0,-15.3025,109.51 99.7 0 0,-0.0168,False,True,0.1331
1182,seno118,107.682,99.6239,-0.0442,-0.0,-0.0,-15.1744,109.51 99.7 0 0,-0.017,False,True,0.1331
1183,seno118,107.6885,99.6226,-0.0423,-0.0,-0.0,-15.0453,109.51 99.7 0 0,-0.0172,False,True,0.1331
1184,seno118,107.6951,99.6214,-0.0413,-0.0,-0.0,-14.9152,109.51 99.7 0 0,-0.0174,False,True,0.1332
1185,seno118,107.7016,99.6201,-0.0414,-0.0,-0.0,-14.7841,109.51 99.7 0 0,-0.0175,False,True,0.133
1186,seno118,107.7081,99.6188,-0.0425,-0.0,-0.0,-14.6521,109.51 99.7 0 0,-0.0177,False,True,0.1332
1187,seno118,107.7147,99.6176,-0.0447,-0.0,-0.0,-14.5193,109.51 99.7 0 0,-0.0179,False,True,0.1332
1188,seno118,107.7212,99.6163,-0.0478,-0.0,-0.0,-14.3857,109.51 99.7 0 0,-0.018,False,True,0.133
1189,seno118,107.7277,99.6151,-0.0518,-0.0,-0.0,-14.2515,109.51 99.7 0 0,-0.0182,False,True,0.1331
1190,seno118,107.7343,99.6139,-0.0565,-0.0,-0.0,-14.1168,109.51 99.7 0 0,-0.0183,False,True,0.1329
1191,seno119,107.7408,99.6126,-0.0618,-0.0,-0.0,-13.9817,109.58 99.74 0 0,-0.0185,False,True,0.1329
1192,seno119,107.7473,99.6114,-0.0676,-0.0,-0.0,-13.8461,109.58 99.74 0 0,-0.0187,False,True,0.1329
1193,seno119,107.7539,99.6102,-0.0735,-0.0,-0.0,-13.71,109.58 99.74 0 0,-0.0189,False,True,0.133
1194,seno119,107.7604,99.609,-0.0796,-0.0,-0.0,-13.5736,109.58 99.74 0 0,-0.0191,False,True,0.1328
1195,seno119,107.7669,99.6077,-0.0855,-0.0,-0.0,-13.437,109.58 99.74 0 0,-0.0192,False,True,0.133
1196,seno119,107.7735,99.6065,-0.091,-0.0,-0.0,-13.3003,109.58 99.74 0 0,-0.0194,False,True,0.133
1197,seno119,107.78,99.6053,-0.0961,-0.0,-0.0,-13.1637,109.58 99.74 0 0,-0.0195,False,True,0.1331
1198,seno119,107.7866,99.6041,-0.1006,-0.0,-0.0,-13.0273,109.58 99.74 0 0,-0.0196,False,True,0.1329
1199,seno119,107.7931,99.603,-0.1043,-0.0,-0.0,-12.8913,109.58 99.74 0 0,-0.0196,False,True,0.1329
1200,seno119,107.7996,99.6018,-0.1071,-0.0,-0.0,-12.7556,109.58 99.74 0 0,-0.0197,False,True,0.1329
1201,seno120,107.8062,99.6006,-0.109,-0.0,-0.0,-12.6204,109.64 99.78 0 0,-0.0197,False,True,0.1329
1202,seno120,107.8127,99.5994,-0.1099,-0.0,-0.0,-12.4854,109.64 99.78 0 0,-0.0197,False,True,0.1329
1203,seno120,107.8193,99.5982,-0.1098,-0.0,-0.0,-12.3507,109.64 99.78 0 0,-0.0197,False,True,0.1328
1204,seno120,107.8258,99.5971,-0.1086,-0.0,-0.0,-12.2162,109.64 99.78 0 0,-0.0198,False,True,0.133
1205,seno120,107.8323,99.5959,-0.1064,-0.0,-0.0,-12.0818,109.64 99.78 0 0,-0.0198,False,True,0.133
1206,seno120,107.8389,99.5948,-0.1032,-0.0,-0.0,-11.9477,109.64 99.78 0 0,-0.0198,False,True,0.1329
1207,seno120,107.8454,99.5936,-0.0992,-0.0,-0.0,-11.8137,109.64 99.78 0 0,-0.0199,False,True,0.1329
1208,seno120,107.852,99.5925,-0.0944,-0.0,-0.0,-11.6798,109.64 99.78 0 0,-0.0199,False,True,0.1329
1209,seno120,107.8585,99.5913,-0.089,-0.0,-0.0,-11.546,109.64 99.78 0 0,-0.02,False,True,0.1329
1210,seno120,107.8651,99.5902,-0.0833,-0.0,-0.0,-11.4122,109.64 99.78 0 0,-0.0202,False,True,0.1329
1211,seno121,107.8716,99.5891,-0.0773,-0.0,-0.0,-11.2783,109.7 99.82 0 0,-0.0203,False,True,0.1327
1212,seno121,107.8782,99.588,-0.0713,-0.0,-0.0,-11.1441,109.7 99.82 0 0,-0.0205,False,True,0.1328
1213,seno121,107.8847,99.5868,-0.0654,-0.0,-0.0,-11.0093,109.7 99.82 0 0,-0.0206,False,True,0.1328
1214,seno121,107.8913,99.5857,-0.0599,-0.0,-0.0,-10.8738,109.7 99.82 0 0,-0.0208,False,True,0.1329
1215,seno121,107.8978,99.5846,-0.0548,-0.0,-0.0,-10.7378,109.7 99.82 0 0,-0.021,False,True,0.1328
1216,seno121,107.9044,99.5835,-0.0504,-0.0,-0.0,-10.601,109.7 99.82 0 0,-0.0212,False,True,0.1329
1217,seno121,107.9109,99.5824,-0.0467,-0.0,-0.0,-10.4634,109.7 99.82 0 0,-0.0213,False,True,0.1329
1218,seno121,107.9175,99.5813,-0.0439,-0.0,-0.0,-10.3251,109.7 99.82 0 0,-0.0215,False,True,0.1329
1219,seno121,107.924,99.5803,-0.0421,-0.0,-0.0,-10.1861,109.7 99.82 0 0,-0.0216,False,True,0.1329
1220,seno121,107.9306,99.5792,-0.0413,-0.0,-0.0,-10.0463,109.7 99.82 0 0,-0.0217,False,True,0.1327
1221,seno122,107.9371,99.5781,-0.0415,-0.0,-0.0,-9.9058,109.77 99.85 0 0,-0.0218,False,True,0.1328
1222,seno122,107.9437,99.577,-0.0428,-0.0,-0.0,-9.7645,109.77 99.85 0 0,-0.0219,False,True,0.1326
1223,seno122,107.9502,99.576,-0.045,-0.0,-0.0,-9.6224,109.77 99.85 0 0,-0.0221,False,True,0.1329
1224,seno122,107.9568,99.5749,-0.0483,-0.0,-0.0,-9.4796,109.77 99.85 0 0,-0.0222,False,True,0.1328
1225,seno122,107.9633,99.5739,-0.0524,-0.0,-0.0,-9.3362,109.77 99.85 0 0,-0.0224,False,True,0.1329
1226,seno122,107.9699,99.5728,-0.0572,-0.0,-0.0,-9.1923,109.77 99.85 0 0,-0.0225,False,True,0.1329
1227,seno122,107.9765,99.5718,-0.0626,-0.0,-0.0,-9.0481,109.77 99.85 0 0,-0.0226,False,True,0.1329
1228,seno122,107.983,99.5708,-0.0683,-0.0,-0.0,-8.9036,109.77 99.85 0 0,-0.0228,False,True,0.1328
1229,seno122,107.9896,99.5697,-0.0743,-0.0,-0.0,-8.7591,109.77 99.85 0 0,-0.0229,False,True,0.133
1230,seno122,107.9962,99.5687,-0.0803,-0.0,-0.0,-8.6146,109.77 99.85 0 0,-0.023,False,True,0.1328
1231,seno123,108.0027,99.5677,-0.0862,-0.0,-0.0,-8.4703,109.83 99.89 0 0,-0.0231,False,True,0.1328
1232,seno123,108.0093,99.5667,-0.0917,-0.0,-0.0,-8.3262,109.83 99.89 0 0,-0.0232,False,True,0.1329
1233,seno123,108.0159,99.5657,-0.0967,-0.0,-0.0,-8.1823,109.83 99.89 0 0,-0.0233,False,True,0.1329
1234,seno123,108.0224,99.5647,-0.1011,-0.0,-0.0,-8.0386,109.83 99.89 0 0,-0.0233,False,True,0.1329
1235,seno123,108.029,99.5637,-0.1047,-0.0,-0.0,-7.8954,109.83 99.89 0 0,-0.0233,False,True,0.1329
1236,seno123,108.0356,99.5628,-0.1075,-0.0,-0.0,-7.7525,109.83 99.89 0 0,-0.0234,False,True,0.133
1237,seno123,108.0421,99.5618,-0.1092,-0.0,-0.0,-7.6102,109.83 99.89 0 0,-0.0233,False,True,0.133
1238,seno123,108.0487,99.5608,-0.11,-0.0,-0.0,-7.4684,109.83 99.89 0 0,-0.0233,False,True,0.133
1239,seno123,108.0553,99.5598,-0.1097,-0.0,-0.0,-7.3273,109.83 99.89 0 0,-0.0233,False,True,0.1329
1240,seno123,108.0619,99.5589,-0.1084,-0.0,-0.0,-7.1867,109.83 99.89 0 0,-0.0232,False,True,0.1329
1241,seno124,108.0685,99.5579,-0.106,-0.0,-0.0,-7.0466,109.9 99.93 0 0,-0.0232,False,True,0.1329
1242,seno124,108.075,99.557,-0.1027,-0.0,-0.0,-6.9069,109.9 99.93 0 0,-0.0232,False,True,0.1329
1243,seno124,108.0816,99.556,-0.0986,-0.0,-0.0,-6.7675,109.9 99.93 0 0,-0.0232,False,True,0.1329
1244,seno124,108.0882,99.5551,-0.0937,-0.0,-0.0,-6.6282,109.9 99.93 0 0,-0.0233,False,True,0.1332
1245,seno124,108.0948,99.5542,-0.0883,-0.0,-0.0,-6.489,109.9 99.93 0 0,-0.0234,False,True,0.133
1246,seno124,108.1014,99.5533,-0.0825,-0.0,-0.0,-6.3498,109.9 99.93 0 0,-0.0235,False,True,0.1331
1247,seno124,108.108,99.5523,-0.0765,-0.0,-0.0,-6.2105,109.9 99.93 0 0,-0.0236,False,True,0.1331
1248,seno124,108.1146,99.5514,-0.0705,-0.0,-0.0,-6.0711,109.9 99.93 0 0,-0.0237,False,True,0.1331
1249,seno124,108.1211,99.5505,-0.0647,-0.0,-0.0,-5.9314,109.9 99.93 0 0,-0.0238,False,True,0.1331
1250,seno124,108.1277,99.5496,-0.0592,-0.0,-0.0,-5.7915,109.9 99.93 0 0,-0.024,False,True,0.1332
1251,seno125,108.1343,99.5487,-0.0542,-0.0,-0.0,-5.6511,109.96 99.97 0 0,-0.0241,False,True,0.133
1252,seno125,108.1409,99.5479,-0.0499,-0.0,-0.0,-5.5102,109.96 99.97 0 0,-0.0242,False,True,0.1332
1253,seno125,108.1475,99.547,-0.0463,-0.0,-0.0,-5.3686,109.96 99.97 0 0,-0.0244,False,True,0.1331
1254,seno125,108.1541,99.5461,-0.0436,-0.0,-0.0,-5.2262,109.96 99.97 0 0,-0.0245,False,True,0.1331
1255,seno125,108.1607,99.5452,-0.0419,-0.0,-0.0,-5.083,109.96 99.97 0 0,-0.0246,False,True,0.1333
1256,seno125,108.1674,99.5444,-0.0412,-0.0,-0.0,-4.9391,109.96 99.97 0 0,-0.0247,False,True,0.1334
1257,seno125,108.174,99.5435,-0.0416,-0.0,-0.0,-4.7945,109.96 99.97 0 0,-0.0248,False,True,0.1332
1258,seno125,108.1806,99.5427,-0.043,-0.0,-0.0,-4.6492,109.96 99.97 0 0,-0.0249,False,True,0.1334
1259,seno125,108.1872,99.5418,-0.0454,-0.0,-0.0,-4.5033,109.96 99.97 0 0,-0.025,False,True,0.1334
1260,seno125,108.1938,99.541,-0.0488,-0.0,-0.0,-4.3569,109.96 99.97 0 0,-0.0251,False,True,0.1332
1261,seno126,108.2004,99.5402,-0.053,-0.0,-0.0,-4.2101,110 100 0 0,-0.0252,False,True,0.1333
1262,seno126,108.207,99.5394,-0.0579,-0.0,-0.0,-4.0629,110 100 0 0,-0.0253,False,True,0.1333
1263,seno126,108.2136,99.5386,-0.0633,-0.0,-0.0,-3.9152,110 100 0 0,-0.0254,False,True,0.1333
1264,seno126,108.2203,99.5378,-0.0691,-0.0,-0.0,-3.7674,110 100 0 0,-0.0255,False,True,0.1334
1265,seno126,108.2269,99.537,-0.0751,-0.0,-0.0,-3.6195,110 100 0 0,-0.0256,False,True,0.1332
1266,seno126,108.2335,99.5362,-0.0811,-0.0,-0.0,-3.4716,110 100 0 0,-0.0257,False,True,0.1334
1267,seno126,108.2401,99.5354,-0.087,-0.0,-0.0,-3.3239,110 100 0 0,-0.0257,False,True,0.1334
1268,seno126,108.2467,99.5346,-0.0924,-0.0,-0.0,-3.1765,110 100 0 0,-0.0258,False,True,0.1333
1269,seno126,108.2534,99.5338,-0.0974,-0.0,-0.0,-3.0296,110 100 0 0,-0.0258,False,True,0.1332
1270,seno126,108.26,99.5331,-0.1016,-0.0,-0.0,-2.8832,110 100 0 0,-0.0258,False,True,0.1333
1271,seno127,108.2666,99.5323,-0.1051,-0.0,-0.0,-2.7374,110 100 0 0,-0.0258,False,True,0.1332
1272,seno127,108.2732,99.5316,-0.1077,-0.0,-0.0,-2.5924,110 100 0 0,-0.0257,False,True,0.1331
1273,seno127,108.2798,99.5308,-0.1094,-0.0,-0.0,-2.448,110 100 0 0,-0.0257,False,True,0.1331
1274,seno127,108.2864,99.5301,-0.11,-0.0,-0.0,-2.3044,110 100 0 0,-0.0256,False,True,0.133
1275,seno127,108.293,99.5294,-0.1096,-0.0,-0.0,-2.1616,110 100 0 0,-0.0256,False,True,0.1329
1276,seno127,108.2997,99.5287,-0.1081,-0.0,-0.0,-2.0196,110 100 0 0,-0.0255,False,True,0.1329
1277,seno127,108.3063,99.528,-0.1056,-0.0,-0.0,-1.8782,110 100 0 0,-0.0254,False,True,0.1327
1278,seno127,108.3128,99.5273,-0.1022,-0.0,-0.0,-1.7375,110 100 0 0,-0.0254,False,True,0.1326
1279,seno127,108.3194,99.5266,-0.098,-0.0,-0.0,-1.5974,110 100 0 0,-0.0253,False,True,0.1326
1280,seno127,108.326,99.5259,-0.093,-0.0,-0.0,-1.4579,110 100 0 0,-0.0253,False,True,0.1324
1281,seno128,108.3326,99.5252,-0.0876,-0.0,-0.0,-1.3187,110 100 0 0,-0.0253,False,True,0.1322
1282,seno128,108.3392,99.5245,-0.0817,-0.0,-0.0,-1.1799,110 100 0 0,-0.0254,False,True,0.1322
1283,seno128,108.3457,99.5238,-0.0757,-0.0,-0.0,-1.0414,110 100 0 0,-0.0254,False,True,0.1319
1284,seno128,108.3523,99.5232,-0.0697,-0.0,-0.0,-0.9029,110 100 0 0,-0.0255,False,True,0.1319
1285,seno128,108.3589,99.5225,-0.0639,-0.0,-0.0,-0.7645,110 100 0 0,-0.0256,False,True,0.1319
1286,seno128,108.3654,99.5219,-0.0585,-0.0,-0.0,-0.6261,110 100 0 0,-0.0256,False,True,0.1316
1287,seno128,108.3719,99.5213,-0.0536,-0.0,-0.0,-0.4875,110 100 0 0,-0.0257,False,True,0.1314
1288,seno128,108.3785,99.5206,-0.0493,-0.0,-0.0,-0.3487,110 100 0 0,-0.0257,False,True,0.1312
1289,seno128,108.385,99.52,-0.0459,-0.0,-0.0,-0.2096,110 100 0 0,-0.0258,False,True,0.131
1290,seno128,108.3915,99.5194,-0.0434,-0.0,-0.0,-0.0703,110 100 0 0,-0.0258,False,True,0.1309
1291,seno129,108.398,99.5188,-0.0418,-0.0,0.0,0.0694,110 100 0 0,-0.0259,False,True,0.1309
1292,seno129,108.4045,99.5182,-0.0412,-0.0,0.0,0.2094,110 100 0 0,-0.0258,False,True,0.1304
1293,seno129,108.411,99.5176,-0.0417,-0.0,0.0,0.3497,110 100 0 0,-0.0259,False,True,0.1304
1294,seno129,108.4175,99.517,-0.0433,-0.0,0.0,0.4903,110 100 0 0,-0.0259,False,True,0.1302
1295,seno129,108.424,99.5164,-0.0458,-0.0,0.0,0.6312,110 100 0 0,-0.0259,False,True,0.1299
1296,seno129,108.4304,99.5159,-0.0493,-0.0,0.0,0.7722,110 100 0 0,-0.0259,False,True,0.1297
1297,seno129,108.4369,99.5153,-0.0536,-0.0,0.0,0.9133,110 100 0 0,-0.026,False,True,0.1296
1298,seno129,108.4433,99.5148,-0.0585,-0.0,0.0,1.0544,110 100 0 0,-0.026,False,True,0.1294
1299,seno129,108.4498,99.5142,-0.0641,-0.0,0.0,1.1954,110 100 0 0,-0.026,False,True,0.1291
1300,seno129,108.4562,99.5137,-0.0699,-0.0,0.0,1.3362,110 100 0 0,-0.026,False,True,0.1289
1301,seno130,108.4626,99.5131,-0.0759,-0.0,0.0,1.4767,110 100 0 0,-0.026,False,True,0.1286
1302,seno130,108.469,99.5126,-0.0819,-0.0,0.0,1.6167,110 100 0 0,-0.0261,False,True,0.1286
1303,seno130,108.4754,99.5121,-0.0877,-0.0,0.0,1.7562,110 100 0 0,-0.026,False,True,0.1281
1304,seno130,108.4818,99.5116,-0.0931,-0.0,0.0,1.895,110 100 0 0,-0.026,False,True,0.1281
1305,seno130,108.4881,99.5111,-0.098,-0.0,0.0,2.0331,110 100 0 0,-0.026,False,True,0.1276
1306,seno130,108.4945,99.5106,-0.1021,-0.0,0.0,2.1704,110 100 0 0,-0.0259,False,True,0.1276
1307,seno130,108.5008,99.5101,-0.1055,-0.0,0.0,2.3068,110 100 0 0,-0.0258,False,True,0.1272
1308,seno130,108.5072,99.5096,-0.108,-0.0,0.0,2.4423,110 100 0 0,-0.0257,False,True,0.1272
1309,seno130,108.5135,99.5092,-0.1095,-0.0,0.0,2.5768,110 100 0 0,-0.0256,False,True,0.1267
1310,seno130,108.5198,99.5087,-0.11,-0.0,0.0,2.7104,110 100 0 0,-0.0255,False,True,0.1267
1311,seno131,108.5261,99.5082,-0.1094,-0.0,0.0,2.8431,110 100 0 0,-0.0253,False,True,0.1262
1312,seno131,108.5324,99.5078,-0.1078,-0.0,0.0,2.9749,110 100 0 0,-0.0252,False,True,0.1261
1313,seno131,108.5387,99.5074,-0.1052,-0.0,0.0,3.1058,110 100 0 0,-0.0251,False,True,0.1257
1314,seno131,108.5449,99.5069,-0.1017,-0.0,0.0,3.236,110 100 0 0,-0.025,False,True,0.1256
1315,seno131,108.5512,99.5065,-0.0974,-0.0,0.0,3.3654,110 100 0 0,-0.025,False,True,0.1253
1316,seno131,108.5574,99.5061,-0.0923,-0.0,0.0,3.4942,110 100 0 0,-0.0249,False,True,0.1251
1317,seno131,108.5636,99.5057,-0.0868,-0.0,0.0,3.6225,110 100 0 0,-0.0249,False,True,0.1246
1318,seno131,108.5698,99.5053,-0.0809,-0.0,0.0,3.7504,110 100 0 0,-0.0249,False,True,0.1245
1319,seno131,108.576,99.5049,-0.0749,-0.0,0.0,3.8779,110 100 0 0,-0.0249,False,True,0.1243
1320,seno131,108.5822,99.5045,-0.0689,-0.0,0.0,4.0052,110 100 0 0,-0.0249,False,True,0.1238
1321,seno132,108.5884,99.5041,-0.0632,-0.0,0.0,4.1324,110 100 0 0,-0.0249,False,True,0.1237
1322,seno132,108.5946,99.5037,-0.0578,-0.0,0.0,4.2596,110 100 0 0,-0.0249,False,True,0.1234
1323,seno132,108.6007,99.5033,-0.053,-0.0,0.0,4.3868,110 100 0 0,-0.0249,False,True,0.1231
1324,seno132,108.6068,99.503,-0.0488,-0.0,0.0,4.5141,110 100 0 0,-0.025,False,True,0.1229
1325,seno132,108.613,99.5026,-0.0455,-0.0,0.0,4.6417,110 100 0 0,-0.025,False,True,0.1226
1326,seno132,108.6191,99.5023,-0.0431,-0.0,0.0,4.7694,110 100 0 0,-0.025,False,True,0.1223
1327,seno132,108.6251,99.5019,-0.0417,-0.0,0.0,4.8974,110 100 0 0,-0.025,False,True,0.122
1328,seno132,108.6312,99.5016,-0.0412,-0.0,0.0,5.0256,110 100 0 0,-0.0249,False,True,0.1216
1329,seno132,108.6373,99.5012,-0.0419,-0.0,0.0,5.1541,110 100 0 0,-0.0249,False,True,0.1213
1330,seno132,108.6433,99.5009,-0.0435,-0.0,0.0,5.2828,110 100 0 0,-0.0249,False,True,0.1212
1331,seno133,108.6494,99.5006,-0.0462,-0.0,0.0,5.4117,110 100 0 0,-0.0249,False,True,0.1209
1332,seno133,108.6554,99.5003,-0.0498,-0.0,0.0,5.5408,110 100 0 0,-0.0249,False,True,0.1205
1333,seno133,108.6614,99.5,-0.0542,-0.0,0.0,5.6699,110 100 0 0,-0.0249,False,True,0.1202
1334,seno133,108.6674,99.4997,-0.0592,-0.0,0.0,5.799,110 100 0 0,-0.0249,False,True,0.1199
1335,seno133,108.6733,99.4994,-0.0648,-0.0,0.0,5.928,110 100 0 0,-0.0249,False,True,0.1196
1336,seno133,108.6793,99.4991,-0.0707,-0.0,0.0,6.0568,110 100 0 0,-0.0249,False,True,0.1195
1337,seno133,108.6853,99.4988,-0.0767,-0.0,0.0,6.1852,110 100 0 0,-0.0249,False,True,0.119
1338,seno133,108.6912,99.4986,-0.0827,-0.0,0.0,6.3133,110 100 0 0,-0.0249,False,True,0.1188
1339,seno133,108.6971,99.4983,-0.0884,-0.0,0.0,6.4409,110 100 0 0,-0.0248,False,True,0.1185
1340,seno133,108.703,99.498,-0.0938,-0.0,0.0,6.568,110 100 0 0,-0.0248,False,True,0.1182
1341,seno134,108.7089,99.4978,-0.0986,-0.0,0.0,6.6943,110 100 0 0,-0.0247,False,True,0.1179
1342,seno134,108.7148,99.4975,-0.1026,-0.0,0.0,6.82,110 100 0 0,-0.0246,False,True,0.1176
1343,seno134,108.7206,99.4973,-0.1059,-0.0,0.0,6.9449,110 100 0 0,-0.0245,False,True,0.1173
1344,seno134,108.7265,99.4971,-0.1083,-0.0,0.0,7.069,110 100 0 0,-0.0244,False,True,0.117
1345,seno134,108.7323,99.4968,-0.1096,-0.0,0.0,7.1923,110 100 0 0,-0.0243,False,True,0.1167
1346,seno134,108.7381,99.4966,-0.11,-0.0,0.0,7.3148,110 100 0 0,-0.0242,False,True,0.1164
1347,seno134,108.7439,99.4964,-0.1093,-0.0,0.0,7.4365,110 100 0 0,-0.0241,False,True,0.1162
1348,seno134,108.7497,99.4962,-0.1076,-0.0,0.0,7.5574,110 100 0 0,-0.0239,False,True,0.1157
1349,seno134,108.7555,99.496,-0.1048,-0.0,0.0,7.6776,110 100 0 0,-0.0238,False,True,0.1154
1350,seno134,108.7612,99.4958,-0.1012,-0.0,0.0,7.7972,110 100 0 0,-0.0237,False,True,0.1153
1351,seno135,108.767,99.4956,-0.0967,-0.0,0.0,7.9162,110 100 0 0,-0.0236,False,True,0.1148
1352,seno135,108.7727,99.4954,-0.0916,-0.0,0.0,8.0347,110 100 0 0,-0.0236,False,True,0.1147
1353,seno135,108.7784,99.4953,-0.0861,-0.0,0.0,8.1529,110 100 0 0,-0.0235,False,True,0.1142
1354,seno135,108.7841,99.4951,-0.0802,-0.0,0.0,8.2707,110 100 0 0,-0.0235,False,True,0.114
1355,seno135,108.7898,99.4949,-0.0741,-0.0,0.0,8.3883,110 100 0 0,-0.0235,False,True,0.1136
1356,seno135,108.7955,99.4948,-0.0682,-0.0,0.0,8.5058,110 100 0 0,-0.0235,False,True,0.1134
1357,seno135,108.8011,99.4946,-0.0624,-0.0,0.0,8.6232,110 100 0 0,-0.0235,False,True,0.113
1358,seno135,108.8067,99.4945,-0.0571,-0.0,0.0,8.7407,110 100 0 0,-0.0235,False,True,0.1128
1359,seno135,108.8124,99.4943,-0.0524,-0.0,0.0,8.8584,110 100 0 0,-0.0235,False,True,0.1123
1360,seno135,108.818,99.4942,-0.0484,-0.0,0.0,8.9763,110 100 0 0,-0.0235,False,True,0.1122
1361,seno136,108.8236,99.4941,-0.0451,-0.0,0.0,9.0944,110 100 0 0,-0.0235,False,True,0.1119
1362,seno136,108.8291,99.494,-0.0428,-0.0,0.0,9.2128,110 100 0 0,-0.0235,False,True,0.1114
1363,seno136,108.8347,99.4938,-0.0415,-0.0,0.0,9.3315,110 100 0 0,-0.0235,False,True,0.1113
1364,seno136,108.8402,99.4937,-0.0413,-0.0,0.0,9.4506,110 100 0 0,-0.0235,False,True,0.111
1365,seno136,108.8458,99.4936,-0.042,-0.0,0.0,9.57,110 100 0 0,-0.0235,False,True,0.1105
1366,seno136,108.8513,99.4935,-0.0438,-0.0,0.0,9.6897,110 100 0 0,-0.0235,False,True,0.1103
1367,seno136,108.8568,99.4934,-0.0466,-0.0,0.0,9.8097,110 100 0 0,-0.0234,False,True,0.1099
1368,seno136,108.8623,99.4934,-0.0503,-0.0,0.0,9.9299,110 100 0 0,-0.0234,False,True,0.1097
1369,seno136,108.8677,99.4933,-0.0548,-0.0,0.0,10.0502,110 100 0 0,-0.0234,False,True,0.1094
1370,seno136,108.8732,99.4932,-0.06,-0.0,0.0,10.1707,110 100 0 0,-0.0234,False,True,0.109
1371,seno137,108.8786,99.4931,-0.0656,-0.0,0.0,10.2911,110 100 0 0,-0.0234,False,True,0.1088
1372,seno137,108.884,99.4931,-0.0715,-0.0,0.0,10.4114,110 100 0 0,-0.0234,False,True,0.1085
1373,seno137,108.8894,99.493,-0.0775,-0.0,0.0,10.5316,110 100 0 0,-0.0234,False,True,0.108
1374,seno137,108.8948,99.493,-0.0835,-0.0,0.0,10.6514,110 100 0 0,-0.0234,False,True,0.1079
1375,seno137,108.9002,99.4929,-0.0892,-0.0,0.0,10.771,110 100 0 0,-0.0233,False,True,0.1076
1376,seno137,108.9056,99.4929,-0.0944,-0.0,0.0,10.89,110 100 0 0,-0.0233,False,True,0.1071
1377,seno137,108.9109,99.4928,-0.0991,-0.0,0.0,11.0086,110 100 0 0,-0.0232,False,True,0.107
1378,seno137,108.9162,99.4928,-0.1031,-0.0,0.0,11.1266,110 100 0 0,-0.0231,False,True,0.1065
1379,seno137,108.9216,99.4928,-0.1063,-0.0,0.0,11.244,110 100 0 0,-0.023,False,True,0.1064
1380,seno137,108.9269,99.4928,-0.1085,-0.0,0.0,11.3608,110 100 0 0,-0.0229,False,True,0.106
1381,seno138,108.9321,99.4927,-0.1097,-0.0,0.0,11.477,110 100 0 0,-0.0228,False,True,0.1056
1382,seno138,108.9374,99.4927,-0.11,-0.0,0.0,11.5924,110 100 0 0,-0.0227,False,True,0.1054
1383,seno138,108.9427,99.4927,-0.1091,-0.0,0.0,11.7073,110 100 0 0,-0.0226,False,True,0.1051
1384,seno138,108.9479,99.4927,-0.1072,-0.0,0.0,11.8216,110 100 0 0,-0.0224,False,True,0.1047
1385,seno138,108.9531,99.4927,-0.1044,-0.0,0.0,11.9353,110 100 0 0,-0.0223,False,True,0.1045
1386,seno138,108.9583,99.4928,-0.1006,-0.0,0.0,12.0485,110 100 0 0,-0.0222,False,True,0.1042
1387,seno138,108.9635,99.4928,-0.0961,-0.0,0.0,12.1614,110 100 0 0,-0.0221,False,True,0.1038
1388,seno138,108.9687,99.4928,-0.0909,-0.0,0.0,12.2739,110 100 0 0,-0.0221,False,True,0.1036
1389,seno138,108.9739,99.4928,-0.0853,-0.0,0.0,12.3861,110 100 0 0,-0.0221,False,True,0.1033
1390,seno138,108.979,99.4929,-0.0794,-0.0,0.0,12.4982,110 100 0 0,-0.022,False,True,0.1028
1391,seno139,108.9842,99.4929,-0.0733,-0.0,0.0,12.6102,110 100 0 0,-0.0221,False,True,0.1027
1392,seno139,108.9893,99.493,-0.0674,-0.0,0.0,12.7222,110 100 0 0,-0.0221,False,True,0.1024
1393,seno139,108.9944,99.493,-0.0617,-0.0,0.0,12.8344,110 100 0 0,-0.022,False,True,0.1019
1394,seno139,108.9995,99.4931,-0.0565,-0.0,0.0,12.9467,110 100 0 0,-0.0221,False,True,0.1018
1395,seno139,109.0045,99.4931,-0.0518,-0.0,0.0,13.0593,110 100 0 0,-0.0221,False,True,0.1015
1396,seno139,109.0096,99.4932,-0.0479,-0.0,0.0,13.1722,110 100 0 0,-0.0221,False,True,0.1012
1397,seno139,109.0146,99.4933,-0.0448,-0.0,0.0,13.2855,110 100 0 0,-0.0221,False,True,0.1009
1398,seno139,109.0197,99.4933,-0.0426,-0.0,0.0,13.3992,110 100 0 0,-0.0221,False,True,0.1004
1399,seno139,109.0247,99.4934,-0.0414,-0.0,0.0,13.5133,110 100 0 0,-0.0221,False,True,0.1003
1400,seno139,109.0297,99.4935,-0.0413,-0.0,0.0,13.6279,110 100 0 0,-0.022,False,True,0.1
1401,seno140,109.0346,99.4936,-0.0422,-0.0,0.0,13.7429,110 100 0 0,-0.022,False,True,0.0997
1402,seno140,109.0396,99.4937,-0.0441,-0.0,0.0,13.8583,110 100 0 0,-0.022,False,True,0.0994
1403,seno140,109.0446,99.4938,-0.0471,-0.0,0.0,13.9741,110 100 0 0,-0.022,False,True,0.0991
1404,seno140,109.0495,99.4939,-0.0509,-0.0,0.0,14.0902,110 100 0 0,-0.022,False,True,0.0987
1405,seno140,109.0544,99.494,-0.0555,-0.0,0.0,14.2066,110 100 0 0,-0.022,False,True,0.0984
1406,seno140,109.0593,99.4941,-0.0607,-0.0,0.0,14.3231,110 100 0 0,-0.022,False,True,0.0981
1407,seno140,109.0642,99.4942,-0.0663,-0.0,0.0,14.4398,110 100 0 0,-0.022,False,True,0.098
1408,seno140,109.0691,99.4944,-0.0723,-0.0,0.0,14.5565,110 100 0 0,-0.022,False,True,0.0975
1409,seno140,109.074,99.4945,-0.0783,-0.0,0.0,14.6731,110 100 0 0,-0.022,False,True,0.0972
1410,seno140,109.0788,99.4946,-0.0842,-0.0,0.0,14.7896,110 100 0 0,-0.0219,False,True,0.0969
1411,seno141,109.0836,99.4948,-0.0899,-0.0,0.0,14.9058,110 100 0 0,-0.0219,False,True,0.0968
1412,seno141,109.0885,99.4949,-0.0951,-0.0,0.0,15.0218,110 100 0 0,-0.0219,False,True,0.0963
1413,seno141,109.0933,99.4951,-0.0997,-0.0,0.0,15.1373,110 100 0 0,-0.0218,False,True,0.0962
1414,seno141,109.098,99.4952,-0.1036,-0.0,0.0,15.2524,110 100 0 0,-0.0217,False,True,0.0957
1415,seno141,109.1028,99.4954,-0.1066,-0.0,0.0,15.3671,110 100 0 0,-0.0216,False,True,0.0956
1416,seno141,109.1076,99.4955,-0.1087,-0.0,0.0,15.4812,110 100 0 0,-0.0215,False,True,0.0953
1417,seno141,109.1123,99.4957,-0.1098,-0.0,0.0,15.5949,110 100 0 0,-0.0214,False,True,0.095
1418,seno141,109.1171,99.4959,-0.1099,-0.0,0.0,15.708,110 100 0 0,-0.0213,False,True,0.0947
1419,seno141,109.1218,99.496,-0.1089,-0.0,0.0,15.8207,110 100 0 0,-0.0212,False,True,0.0944
1420,seno141,109.1265,99.4962,-0.1069,-0.0,0.0,15.9329,110 100 0 0,-0.0211,False,True,0.0941
1421,seno142,109.1312,99.4964,-0.1039,-0.0,0.0,16.0447,110 100 0 0,-0.021,False,True,0.0938
1422,seno142,109.1358,99.4966,-0.1001,-0.0,0.0,16.1561,110 100 0 0,-0.0209,False,True,0.0935
1423,seno142,109.1405,99.4968,-0.0954,-0.0,0.0,16.2673,110 100 0 0,-0.0208,False,True,0.0932
1424,seno142,109.1451,99.497,-0.0902,-0.0,0.0,16.3782,110 100 0 0,-0.0208,False,True,0.093
1425,seno142,109.1497,99.4972,-0.0845,-0.0,0.0,16.4891,110 100 0 0,-0.0208,False,True,0.0926
1426,seno142,109.1544,99.4974,-0.0786,-0.0,0.0,16.5999,110 100 0 0,-0.0208,False,True,0.0924
1427,seno142,109.159,99.4976,-0.0725,-0.0,0.0,16.7108,110 100 0 0,-0.0208,False,True,0.0921
1428,seno142,109.1636,99.4978,-0.0666,-0.0,0.0,16.8218,110 100 0 0,-0.0208,False,True,0.0918
1429,seno142,109.1681,99.498,-0.061,-0.0,0.0,16.9331,110 100 0 0,-0.0208,False,True,0.0915
1430,seno142,109.1727,99.4983,-0.0558,-0.0,0.0,17.0447,110 100 0 0,-0.0208,False,True,0.0912
1431,seno143,109.1772,99.4985,-0.0513,-0.0,0.0,17.1567,110 100 0 0,-0.0208,False,True,0.0909
1432,seno143,109.1817,99.4987,-0.0474,-0.0,0.0,17.2691,110 100 0 0,-0.0208,False,True,0.0906
1433,seno143,109.1863,99.4989,-0.0444,-0.0,0.0,17.382,110 100 0 0,-0.0208,False,True,0.0904
1434,seno143,109.1908,99.4992,-0.0424,-0.0,0.0,17.4954,110 100 0 0,-0.0208,False,True,0.09
1435,seno143,109.1952,99.4994,-0.0414,-0.0,0.0,17.6094,110 100 0 0,-0.0208,False,True,0.0899
1436,seno143,109.1997,99.4997,-0.0414,-0.0,0.0,17.724,110 100 0 0,-0.0208,False,True,0.0895
1437,seno143,109.2042,99.4999,-0.0424,-0.0,0.0,17.8391,110 100 0 0,-0.0208,False,True,0.0892
1438,seno143,109.2086,99.5002,-0.0445,-0.0,0.0,17.9547,110 100 0 0,-0.0208,False,True,0.0889
1439,seno143,109.213,99.5004,-0.0475,-0.0,0.0,18.0708,110 100 0 0,-0.0208,False,True,0.0888
1440,seno143,109.2174,99.5007,-0.0514,-0.0,0.0,18.1873,110 100 0 0,-0.0208,False,True,0.0883
1441,seno144,109.2218,99.501,-0.0561,-0.0,0.0,18.3042,110 100 0 0,-0.0208,False,True,0.0882
1442,seno144,109.2262,99.5012,-0.0614,-0.0,0.0,18.4214,110 100 0 0,-0.0208,False,True,0.0879
1443,seno144,109.2306,99.5015,-0.0671,-0.0,0.0,18.5388,110 100 0 0,-0.0208,False,True,0.0876
1444,seno144,109.235,99.5018,-0.0731,-0.0,0.0,18.6563,110 100 0 0,-0.0208,False,True,0.0873
1445,seno144,109.2393,99.502,-0.0791,-0.0,0.0,18.7738,110 100 0 0,-0.0208,False,True,0.087
1446,seno144,109.2436,99.5023,-0.085,-0.0,0.0,18.8914,110 100 0 0,-0.0208,False,True,0.0869
1447,seno144,109.2479,99.5026,-0.0906,-0.0,0.0,19.0087,110 100 0 0,-0.0207,False,True,0.0864
1448,seno144,109.2523,99.5029,-0.0957,-0.0,0.0,19.1259,110 100 0 0,-0.0207,False,True,0.0863
1449,seno144,109.2565,99.5032,-0.1003,-0.0,0.0,19.2428,110 100 0 0,-0.0206,False,True,0.086
1450,seno144,109.2608,99.5035,-0.104,-0.0,0.0,19.3593,110 100 0 0,-0.0206,False,True,0.0858
1451,seno145,109.2651,99.5038,-0.107,-0.0,0.0,19.4755,110 100 0 0,-0.0205,False,True,0.0854
1452,seno145,109.2693,99.5041,-0.1089,-0.0,0.0,19.5913,110 100 0 0,-0.0204,False,True,0.0852
1453,seno145,109.2736,99.5044,-0.1099,-0.0,0.0,19.7067,110 100 0 0,-0.0203,False,True,0.0849
1454,seno145,109.2778,99.5047,-0.1098,-0.0,0.0,19.8217,110 100 0 0,-0.0202,False,True,0.0846
1455,seno145,109.282,99.505,-0.1087,-0.0,0.0,19.9363,110 100 0 0,-0.0201,False,True,0.0843
1456,seno145,109.2862,99.5053,-0.1066,-0.0,0.0,20.0506,110 100 0 0,-0.02,False,True,0.0842
1457,seno145,109.2904,99.5056,-0.1035,-0.0,0.0,20.1645,110 100 0 0,-0.0199,False,True,0.0837
1458,seno145,109.2945,99.5059,-0.0995,-0.0,0.0,20.2783,110 100 0 0,-0.0198,False,True,0.0836
1459,seno145,109.2987,99.5063,-0.0948,-0.0,0.0,20.3918,110 100 0 0,-0.0198,False,True,0.0834
1460,seno145,109.3028,99.5066,-0.0895,-0.0,0.0,20.5053,110 100 0 0,-0.0197,False,True,0.083
1461,seno146,109.3069,99.5069,-0.0837,-0.0,0.0,20.6188,110 100 0 0,-0.0197,False,True,0.0828
1462,seno146,109.3111,99.5072,-0.0778,-0.0,0.0,20.7324,110 100 0 0,-0.0197,False,True,0.0825
1463,seno146,109.3151,99.5076,-0.0718,-0.0,0.0,20.8461,110 100 0 0,-0.0197,False,True,0.0822
1464,seno146,109.3192,99.5079,-0.0659,-0.0,0.0,20.9601,110 100 0 0,-0.0197,False,True,0.0819
1465,seno146,109.3233,99.5083,-0.0603,-0.0,0.0,21.0745,110 100 0 0,-0.0198,False,True,0.0818
1466,seno146,109.3274,99.5086,-0.0552,-0.0,0.0,21.1894,110 100 0 0,-0.0198,False,True,0.0815
1467,seno146,109.3314,99.5089,-0.0507,-0.0,0.0,21.3047,110 100 0 0,-0.0198,False,True,0.0812
1468,seno146,109.3354,99.5093,-0.047,-0.0,0.0,21.4206,110 100 0 0,-0.0198,False,True,0.081
1469,seno146,109.3395,99.5096,-0.0441,-0.0,0.0,21.5372,110 100 0 0,-0.0198,False,True,0.0806
1470,seno146,109.3435,99.51,-0.0422,-0.0,0.0,21.6544,110 100 0 0,-0.0198,False,True,0.0804
1471,seno147,109.3475,99.5103,-0.0413,-0.0,0.0,21.7722,110 100 0 0,-0.0199,False,True,0.0803
1472,seno147,109.3514,99.5107,-0.0414,-0.0,0.0,21.8908,110 100 0 0,-0.0198,False,True,0.0798
1473,seno147,109.3554,99.5111,-0.0426,-0.0,0.0,22.01,110 100 0 0,-0.0199,False,True,0.0797
1474,seno147,109.3594,99.5114,-0.0448,-0.0,0.0,22.1298,110 100 0 0,-0.0199,False,True,0.0794
1475,seno147,109.3633,99.5118,-0.048,-0.0,0.0,22.2503,110 100 0 0,-0.0199,False,True,0.0792
1476,seno147,109.3672,99.5121,-0.052,-0.0,0.0,22.3713,110 100 0 0,-0.0199,False,True,0.0789
1477,seno147,109.3711,99.5125,-0.0568,-0.0,0.0,22.4927,110 100 0 0,-0.0199,False,True,0.0786
1478,seno147,109.375,99.5129,-0.0621,-0.0,0.0,22.6146,110 100 0 0,-0.0199,False,True,0.0783
1479,seno147,109.3789,99.5133,-0.0679,-0.0,0.0,22.7368,110 100 0 0,-0.0199,False,True,0.0782
1480,seno147,109.3828,99.5136,-0.0739,-0.0,0.0,22.8592,110 100 0 0,-0.0199,False,True,0.0779
1481,seno148,109.3867,99.514,-0.0799,-0.0,0.0,22.9817,110 100 0 0,-0.0199,False,True,0.0777
1482,seno148,109.3905,99.5144,-0.0858,-0.0,0.0,23.1042,110 100 0 0,-0.0199,False,True,0.0773
1483,seno148,109.3944,99.5148,-0.0913,-0.0,0.0,23.2267,110 100 0 0,-0.0199,False,True,0.0771
1484,seno148,109.3982,99.5152,-0.0964,-0.0,0.0,23.3491,110 100 0 0,-0.0198,False,True,0.077
1485,seno148,109.402,99.5155,-0.1008,-0.0,0.0,23.4713,110 100 0 0,-0.0198,False,True,0.0767
1486,seno148,109.4058,99.5159,-0.1045,-0.0,0.0,23.5932,110 100 0 0,-0.0197,False,True,0.0764
1487,seno148,109.4096,99.5163,-0.1073,-0.0,0.0,23.7149,110 100 0 0,-0.0196,False,True,0.0761
1488,seno148,109.4134,99.5167,-0.1091,-0.0,0.0,23.8362,110 100 0 0,-0.0195,False,True,0.0759
1489,seno148,109.4171,99.5171,-0.11,-0.0,0.0,23.9572,110 100 0 0,-0.0194,False,True,0.0756
1490,seno148,109.4209,99.5175,-0.1098,-0.0,0.0,24.0779,110 100 0 0,-0.0194,False,True,0.0755
1491,seno149,109.4246,99.5179,-0.1085,-0.0,0.0,24.1982,110 100 0 0,-0.0193,False,True,0.0752
1492,seno149,109.4283,99.5183,-0.1062,-0.0,0.0,24.3184,110 100 0 0,-0.0192,False,True,0.0749
1493,seno149,109.4321,99.5187,-0.103,-0.0,0.0,24.4383,110 100 0 0,-0.0191,False,True,0.0747
1494,seno149,109.4358,99.5191,-0.0989,-0.0,0.0,24.558,110 100 0 0,-0.019,False,True,0.0744
1495,seno149,109.4394,99.5195,-0.0941,-0.0,0.0,24.6777,110 100 0 0,-0.019,False,True,0.0741
1496,seno149,109.4431,99.5199,-0.0887,-0.0,0.0,24.7975,110 100 0 0,-0.019,False,True,0.074
1497,seno149,109.4468,99.5203,-0.083,-0.0,0.0,24.9173,110 100 0 0,-0.019,False,True,0.0737
1498,seno149,109.4504,99.5207,-0.077,-0.0,0.0,25.0374,110 100 0 0,-0.019,False,True,0.0736
1499,seno149,109.4541,99.5211,-0.071,-0.0,0.0,25.1577,110 100 0 0,-0.019,False,True,0.0732
1500,seno149,109.4577,99.5215,-0.0651,-0.0,0.0,25.2785,110 100 0 0,-0.019,False,True,0.0729
1501,seno150,109.4613,99.522,-0.0596,-0.0,0.0,25.3997,110 100 0 0,-0.019,False,True,0.0728
1502,seno150,109.4649,99.5224,-0.0546,-0.0,0.0,25.5215,110 100 0 0,-0.0191,False,True,0.0726
1503,seno150,109.4685,99.5228,-0.0502,-0.0,0.0,25.644,110 100 0 0,-0.0191,False,True,0.0722
1504,seno150,109.4721,99.5232,-0.0466,-0.0,0.0,25.7672,110 100 0 0,-0.0192,False,True,0.0722
1505,seno150,109.4757,99.5236,-0.0438,-0.0,0.0,25.8911,110 100 0 0,-0.0191,False,True,0.0718
1506,seno150,109.4792,99.524,-0.042,-0.0,0.0,26.0158,110 100 0 0,-0.0192,False,True,0.0716
1507,seno150,109.4828,99.5245,-0.0413,-0.0,0.0,26.1414,110 100 0 0,-0.0192,False,True,0.0714
1508,seno150,109.4863,99.5249,-0.0415,-0.0,0.0,26.2678,110 100 0 0,-0.0192,False,True,0.0711
1509,seno150,109.4898,99.5253,-0.0428,-0.0,0.0,26.3949,110 100 0 0,-0.0192,False,True,0.0709
1510,seno150,109.4933,99.5257,-0.0452,-0.0,0.0,26.5229,110 100 0 0,-0.0192,False,True,0.0707
1511,seno151,109.4968,99.5262,-0.0485,-0.0,0.0,26.6515,110 100 0 0,-0.0193,False,True,0.0706
1512,seno151,109.5003,99.5266,-0.0526,-0.0,0.0,26.7809,110 100 0 0,-0.0193,False,True,0.0703
1513,seno151,109.5038,99.527,-0.0574,-0.0,0.0,26.9108,110 100 0 0,-0.0193,False,True,0.07
1514,seno151,109.5072,99.5274,-0.0629,-0.0,0.0,27.0412,110 100 0 0,-0.0193,False,True,0.0698
1515,seno151,109.5107,99.5279,-0.0687,-0.0,0.0,27.172,110 100 0 0,-0.0193,False,True,0.0695
1516,seno151,109.5141,99.5283,-0.0746,-0.0,0.0,27.3032,110 100 0 0,-0.0193,False,True,0.0694
1517,seno151,109.5176,99.5287,-0.0807,-0.0,0.0,27.4346,110 100 0 0,-0.0193,False,True,0.069
1518,seno151,109.521,99.5292,-0.0865,-0.0,0.0,27.566,110 100 0 0,-0.0194,False,True,0.0689
1519,seno151,109.5244,99.5296,-0.092,-0.0,0.0,27.6975,110 100 0 0,-0.0193,False,True,0.0686
1520,seno151,109.5278,99.53,-0.097,-0.0,0.0,27.829,110 100 0 0,-0.0193,False,True,0.0685
