step,seg,x,y,z,roll,pitch,yaw,action,reward,terminated,truncated,speed_xy
1,follow_figure8,100.0,100.0,0.0,0.0,-0.0,-0.0,101.116 100.999 0 0,0.0,False,False,0.0
2,follow_figure8,100.0002,100.0,-0.0012,-0.0,0.0,0.0594,101.116 100.999 0 0,-0.0073,False,False,0.0035
3,follow_figure8,100.0007,100.0,-0.0047,-0.0,0.0,0.2272,101.116 100.999 0 0,-0.0135,False,False,0.0105
4,follow_figure8,100.0016,100.0,-0.0104,-0.0,0.0,0.4955,101.116 100.999 0 0,-0.0193,False,False,0.0171
5,follow_figure8,100.0027,100.0,-0.0181,-0.0,0.0,0.8558,101.116 100.999 0 0,-0.0244,False,False,0.0238
6,follow_figure8,100.0043,100.0,-0.0275,-0.0,0.0,1.2996,101.116 100.999 0 0,-0.029,False,False,0.0302
7,follow_figure8,100.0061,100.0,-0.0382,-0.0,0.0,1.8181,101.116 100.999 0 0,-0.0331,False,False,0.0365
8,follow_figure8,100.0082,100.0001,-0.0499,-0.0,0.0,2.4027,101.116 100.999 0 0,-0.0365,False,False,0.0429
9,follow_figure8,100.0107,100.0001,-0.0622,-0.0,0.0,3.0446,101.116 100.999 0 0,-0.0395,False,False,0.0488
10,follow_figure8,100.0134,100.0002,-0.0746,-0.0,0.0,3.7354,101.116 100.999 0 0,-0.0418,False,False,0.055
11,follow_figure8,100.0164,100.0003,-0.0869,-0.0,0.0,4.4669,101.116 100.999 0 0,-0.0436,False,False,0.0608
12,follow_figure8,100.0198,100.0005,-0.0985,-0.0,0.0,5.2313,101.116 100.999 0 0,-0.0449,False,False,0.0664
13,follow_figure8,100.0234,100.0006,-0.1092,-0.0,0.0,6.0216,101.137 101.013 0 0,-0.0458,False,False,0.0721
14,follow_figure8,100.0272,100.0009,-0.1187,-0.0,0.0,6.8309,101.137 101.013 0 0,-0.0461,False,False,0.0775
15,follow_figure8,100.0314,100.0011,-0.1268,-0.0,0.0,7.6536,101.137 101.013 0 0,-0.0461,False,False,0.083
16,follow_figure8,100.0358,100.0015,-0.1332,-0.0,0.0,8.4846,101.137 101.013 0 0,-0.0458,False,False,0.0884
17,follow_figure8,100.0404,100.0018,-0.1379,-0.0,0.0,9.3198,101.137 101.013 0 0,-0.0452,False,False,0.0934
18,follow_figure8,100.0453,100.0023,-0.1406,-0.0,0.0,10.156,101.137 101.013 0 0,-0.0444,False,False,0.0985
19,follow_figure8,100.0505,100.0028,-0.1414,-0.0,0.0,10.9904,101.137 101.013 0 0,-0.0435,False,False,0.1035
20,follow_figure8,100.0559,100.0034,-0.1402,-0.0,0.0,11.8212,101.137 101.013 0 0,-0.0424,False,False,0.1082
21,follow_figure8,100.0615,100.0041,-0.137,-0.0,0.0,12.6469,101.159 101.026 0 0,-0.0414,False,False,0.1128
22,follow_figure8,100.0673,100.0048,-0.1318,-0.0,0.0,13.4665,101.159 101.026 0 0,-0.0402,False,False,0.1174
23,follow_figure8,100.0733,100.0056,-0.125,-0.0,0.0,14.2792,101.159 101.026 0 0,-0.0391,False,False,0.1218
24,follow_figure8,100.0796,100.0065,-0.1167,-0.0,0.0,15.0849,101.159 101.026 0 0,-0.0381,False,False,0.1261
25,follow_figure8,100.086,100.0075,-0.1072,-0.0,0.0,15.884,101.159 101.026 0 0,-0.0371,False,False,0.1303
26,follow_figure8,100.0926,100.0086,-0.0969,-0.0,0.0,16.6766,101.18 101.04 0 0,-0.0362,False,False,0.1344
27,follow_figure8,100.0995,100.0098,-0.086,-0.0,0.0,17.463,101.18 101.04 0 0,-0.0353,False,False,0.1382
28,follow_figure8,100.1065,100.0111,-0.075,-0.0,0.0,18.2434,101.18 101.04 0 0,-0.0345,False,False,0.1423
29,follow_figure8,100.1136,100.0124,-0.0643,-0.0,0.0,19.0183,101.18 101.04 0 0,-0.0338,False,False,0.146
30,follow_figure8,100.121,100.0139,-0.054,-0.0,0.0,19.7882,101.201 101.053 0 0,-0.0331,False,False,0.1496
31,follow_figure8,100.1285,100.0154,-0.0445,-0.0,0.0,20.5531,101.201 101.053 0 0,-0.0323,False,False,0.1533
32,follow_figure8,100.1361,100.0171,-0.0362,-0.0,0.0,21.313,101.201 101.053 0 0,-0.0317,False,False,0.1567
33,follow_figure8,100.1439,100.0188,-0.0291,-0.0,0.0,22.0679,101.201 101.053 0 0,-0.031,False,False,0.1599
34,follow_figure8,100.1519,100.0206,-0.0234,-0.0,0.0,22.8177,101.223 101.067 0 0,-0.0303,False,False,0.1633
35,follow_figure8,100.16,100.0226,-0.0194,-0.0,0.0,23.562,101.223 101.067 0 0,-0.0295,False,False,0.1665
36,follow_figure8,100.1682,100.0246,-0.0171,-0.0,0.0,24.3001,101.223 101.067 0 0,-0.0287,False,False,0.1694
37,follow_figure8,100.1766,100.0267,-0.0165,-0.0,0.0,25.0314,101.223 101.067 0 0,-0.0279,False,False,0.1724
38,follow_figure8,100.1851,100.029,-0.0178,-0.0,0.0,25.7553,101.245 101.079 0 0,-0.027,False,False,0.1753
39,follow_figure8,100.1936,100.0313,-0.0208,-0.0,0.0,26.4706,101.245 101.079 0 0,-0.026,False,False,0.1781
40,follow_figure8,100.2024,100.0337,-0.0256,-0.0,0.0,27.176,101.245 101.079 0 0,-0.0251,False,False,0.1807
41,follow_figure8,100.2112,100.0362,-0.0319,-0.0,0.0,27.8706,101.267 101.092 0 0,-0.024,False,False,0.1832
42,follow_figure8,100.2201,100.0388,-0.0395,-0.0,0.0,28.553,101.267 101.092 0 0,-0.0229,False,False,0.1858
43,follow_figure8,100.2291,100.0415,-0.0481,-0.0,0.0,29.222,101.267 101.092 0 0,-0.0217,False,False,0.1882
44,follow_figure8,100.2382,100.0443,-0.0575,-0.0,0.0,29.8766,101.289 101.104 0 0,-0.0205,False,False,0.1906
45,follow_figure8,100.2474,100.0471,-0.0673,-0.0,0.0,30.5155,101.289 101.104 0 0,-0.0193,False,False,0.1927
46,follow_figure8,100.2567,100.05,-0.0773,-0.0,0.0,31.1378,101.289 101.104 0 0,-0.018,False,False,0.1948
47,follow_figure8,100.2661,100.0531,-0.0871,-0.0,0.0,31.7428,101.311 101.116 0 0,-0.0166,False,False,0.1971
48,follow_figure8,100.2755,100.0562,-0.0964,-0.0,0.0,32.33,101.311 101.116 0 0,-0.0152,False,False,0.1989
49,follow_figure8,100.2851,100.0594,-0.1049,-0.0,0.0,32.8987,101.311 101.116 0 0,-0.0138,False,False,0.2009
50,follow_figure8,100.2947,100.0626,-0.1125,-0.0,0.0,33.4491,101.334 101.128 0 0,-0.0124,False,False,0.2026
51,follow_figure8,100.3043,100.0659,-0.1189,-0.0,0.0,33.9809,101.334 101.128 0 0,-0.011,False,False,0.2044
52,follow_figure8,100.3141,100.0693,-0.1239,-0.0,0.0,34.4943,101.334 101.128 0 0,-0.0095,False,False,0.2063
53,follow_figure8,100.3239,100.0728,-0.1275,-0.0,0.0,34.9899,101.356 101.139 0 0,-0.0082,False,False,0.2078
54,follow_figure8,100.3337,100.0763,-0.1295,-0.0,0.0,35.4679,101.356 101.139 0 0,-0.0067,False,False,0.2093
55,follow_figure8,100.3436,100.0798,-0.1298,-0.0,0.0,35.9288,101.356 101.139 0 0,-0.0054,False,False,0.2108
56,follow_figure8,100.3536,100.0835,-0.1285,-0.0,0.0,36.3738,101.379 101.15 0 0,-0.0042,False,False,0.2122
57,follow_figure8,100.3636,100.0871,-0.1256,-0.0,0.0,36.8032,101.379 101.15 0 0,-0.0029,False,False,0.2136
58,follow_figure8,100.3737,100.0909,-0.1211,-0.0,0.0,37.2178,101.402 101.161 0 0,-0.0018,False,False,0.2148
59,follow_figure8,100.3838,100.0947,-0.1152,-0.0,0.0,37.6182,101.402 101.161 0 0,-0.0007,False,False,0.216
60,follow_figure8,100.394,100.0985,-0.1082,-0.0,0.0,38.0052,101.402 101.161 0 0,0.0003,False,False,0.2173
61,follow_figure8,100.4042,100.1023,-0.1001,-0.0,0.0,38.38,101.426 101.171 0 0,0.0012,False,False,0.2185
62,follow_figure8,100.4145,100.1062,-0.0914,-0.0,0.0,38.7431,101.426 101.171 0 0,0.002,False,False,0.2193
63,follow_figure8,100.4248,100.1102,-0.0823,-0.0,0.0,39.0952,101.449 101.18 0 0,0.0028,False,False,0.2206
64,follow_figure8,100.4351,100.1142,-0.0731,-0.0,0.0,39.4367,101.449 101.18 0 0,0.0036,False,False,0.2214
65,follow_figure8,100.4455,100.1182,-0.064,-0.0,0.0,39.7682,101.449 101.18 0 0,0.0042,False,False,0.2224
66,follow_figure8,100.4559,100.1222,-0.0555,-0.0,0.0,40.0907,101.473 101.189 0 0,0.0048,False,False,0.2232
67,follow_figure8,100.4663,100.1263,-0.0476,-0.0,0.0,40.4043,101.473 101.189 0 0,0.0055,False,False,0.2241
68,follow_figure8,100.4768,100.1304,-0.0406,-0.0,0.0,40.7094,101.496 101.198 0 0,0.0061,False,False,0.2249
69,follow_figure8,100.4873,100.1346,-0.0348,-0.0,0.0,41.0061,101.496 101.198 0 0,0.0067,False,False,0.2257
70,follow_figure8,100.4978,100.1387,-0.0302,-0.0,0.0,41.2945,101.496 101.198 0 0,0.0073,False,False,0.2263
71,follow_figure8,100.5083,100.1429,-0.027,-0.0,0.0,41.5752,101.52 101.206 0 0,0.0078,False,False,0.2271
72,follow_figure8,100.5189,100.1471,-0.0253,-0.0,0.0,41.8481,101.52 101.206 0 0,0.0085,False,False,0.2276
73,follow_figure8,100.5295,100.1514,-0.0251,-0.0,0.0,42.1132,101.544 101.214 0 0,0.009,False,False,0.2282
74,follow_figure8,100.5401,100.1556,-0.0264,-0.0,0.0,42.3701,101.544 101.214 0 0,0.0097,False,False,0.2289
75,follow_figure8,100.5508,100.1599,-0.0293,-0.0,0.0,42.6187,101.569 101.221 0 0,0.0103,False,False,0.2294
76,follow_figure8,100.5614,100.1642,-0.0336,-0.0,0.0,42.8588,101.569 101.221 0 0,0.011,False,False,0.23
77,follow_figure8,100.5721,100.1685,-0.0392,-0.0,0.0,43.09,101.569 101.221 0 0,0.0116,False,False,0.2303
78,follow_figure8,100.5828,100.1728,-0.0459,-0.0,0.0,43.3129,101.593 101.228 0 0,0.0121,False,False,0.2309
79,follow_figure8,100.5935,100.1772,-0.0535,-0.0,0.0,43.527,101.593 101.228 0 0,0.0128,False,False,0.2312
80,follow_figure8,100.6043,100.1815,-0.0617,-0.0,0.0,43.7322,101.618 101.233 0 0,0.0133,False,False,0.2316
81,follow_figure8,100.615,100.1859,-0.0702,-0.0,0.0,43.9281,101.618 101.233 0 0,0.014,False,False,0.232
82,follow_figure8,100.6258,100.1902,-0.0789,-0.0,0.0,44.1145,101.643 101.238 0 0,0.0146,False,False,0.2324
83,follow_figure8,100.6366,100.1946,-0.0873,-0.0,0.0,44.2912,101.643 101.238 0 0,0.0153,False,False,0.2327
84,follow_figure8,100.6474,100.199,-0.0954,-0.0,0.0,44.4582,101.643 101.238 0 0,0.0159,False,False,0.2329
85,follow_figure8,100.6582,100.2034,-0.1027,-0.0,0.0,44.616,101.668 101.242 0 0,0.0165,False,False,0.2333
86,follow_figure8,100.669,100.2078,-0.1092,-0.0,0.0,44.7646,101.668 101.242 0 0,0.0172,False,False,0.2336
87,follow_figure8,100.6798,100.2122,-0.1146,-0.0,0.0,44.9039,101.693 101.245 0 0,0.0178,False,False,0.2338
88,follow_figure8,100.6906,100.2166,-0.1188,-0.0,0.0,45.0339,101.693 101.245 0 0,0.0185,False,False,0.2339
89,follow_figure8,100.7015,100.221,-0.1218,-0.0,0.0,45.1547,101.718 101.247 0 0,0.0191,False,False,0.2341
90,follow_figure8,100.7123,100.2255,-0.1233,-0.0,0.0,45.2662,101.718 101.247 0 0,0.0198,False,False,0.2343
91,follow_figure8,100.7232,100.2299,-0.1233,-0.0,0.0,45.3686,101.743 101.249 0 0,0.0205,False,False,0.2344
92,follow_figure8,100.7341,100.2343,-0.122,-0.0,0.0,45.4619,101.743 101.249 0 0,0.0212,False,False,0.2347
93,follow_figure8,100.7449,100.2387,-0.1191,-0.0,0.0,45.5464,101.743 101.249 0 0,0.0218,False,False,0.2347
94,follow_figure8,100.7558,100.2431,-0.115,-0.0,0.0,45.6231,101.769 101.249 0 0,0.0224,False,False,0.2348
95,follow_figure8,100.7667,100.2475,-0.1096,-0.0,0.0,45.692,101.769 101.249 0 0,0.023,False,False,0.2349
96,follow_figure8,100.7776,100.2519,-0.1032,-0.0,0.0,45.7531,101.794 101.249 0 0,0.0234,False,False,0.2349
97,follow_figure8,100.7885,100.2564,-0.0959,-0.0,0.0,45.8065,101.794 101.249 0 0,0.024,False,False,0.2351
98,follow_figure8,100.7994,100.2608,-0.0881,-0.0,0.0,45.8522,101.819 101.247 0 0,0.0245,False,False,0.2352
99,follow_figure8,100.8103,100.2652,-0.08,-0.0,0.0,45.8902,101.819 101.247 0 0,0.025,False,False,0.235
100,follow_figure8,100.8212,100.2695,-0.0717,-0.0,0.0,45.9206,101.844 101.245 0 0,0.0254,False,False,0.2352
101,follow_figure8,100.8321,100.2739,-0.0637,-0.0,0.0,45.9432,101.844 101.245 0 0,0.0259,False,False,0.235
102,follow_figure8,100.843,100.2783,-0.0561,-0.0,0.0,45.9581,101.869 101.241 0 0,0.0264,False,False,0.2351
103,follow_figure8,100.8539,100.2827,-0.0492,-0.0,0.0,45.9652,101.869 101.241 0 0,0.0269,False,False,0.2351
104,follow_figure8,100.8648,100.2871,-0.0431,-0.0,0.0,45.9644,101.869 101.241 0 0,0.0268,False,False,0.2352
105,follow_figure8,100.8757,100.2914,-0.038,-0.0,0.0,45.9568,101.894 101.236 0 0,0.0263,False,False,0.235
106,follow_figure8,100.8867,100.2958,-0.0341,-0.0,0.0,45.9422,101.894 101.236 0 0,0.0258,False,False,0.2348
107,follow_figure8,100.8976,100.3001,-0.0314,-0.0,0.0,45.9206,101.919 101.229 0 0,0.0253,False,False,0.2349
108,follow_figure8,100.9085,100.3044,-0.0301,-0.0,0.0,45.8917,101.919 101.229 0 0,0.0247,False,False,0.2347
109,follow_figure8,100.9194,100.3087,-0.0301,-0.0,0.0,45.8554,101.943 101.222 0 0,0.0242,False,False,0.2345
110,follow_figure8,100.9303,100.313,-0.0316,-0.0,0.0,45.8115,101.943 101.222 0 0,0.0237,False,False,0.2345
111,follow_figure8,100.9412,100.3173,-0.0344,-0.0,0.0,45.76,101.967 101.213 0 0,0.0231,False,False,0.2343
112,follow_figure8,100.9521,100.3216,-0.0385,-0.0,0.0,45.7007,101.967 101.213 0 0,0.0225,False,False,0.2342
113,follow_figure8,100.963,100.3258,-0.0437,-0.0,0.0,45.6337,101.99 101.204 0 0,0.022,False,False,0.2339
114,follow_figure8,100.9739,100.3301,-0.0499,-0.0,0.0,45.5588,101.99 101.204 0 0,0.0214,False,False,0.2338
115,follow_figure8,100.9848,100.3343,-0.0569,-0.0,0.0,45.4761,101.99 101.204 0 0,0.0208,False,False,0.2336
116,follow_figure8,100.9957,100.3385,-0.0644,-0.0,0.0,45.387,102.013 101.193 0 0,0.0203,False,False,0.2335
117,follow_figure8,101.0065,100.3427,-0.0722,-0.0,0.0,45.2912,102.013 101.193 0 0,0.0198,False,False,0.2332
118,follow_figure8,101.0174,100.3469,-0.08,-0.0,0.0,45.1889,102.035 101.181 0 0,0.0193,False,False,0.2329
119,follow_figure8,101.0283,100.351,-0.0877,-0.0,0.0,45.0798,102.035 101.181 0 0,0.0187,False,False,0.2327
120,follow_figure8,101.0391,100.3552,-0.0949,-0.0,0.0,44.9642,102.057 101.168 0 0,0.0182,False,False,0.2323
121,follow_figure8,101.05,100.3593,-0.1015,-0.0,0.0,44.8419,102.057 101.168 0 0,0.0176,False,False,0.2321
122,follow_figure8,101.0608,100.3634,-0.1073,-0.0,0.0,44.713,102.078 101.155 0 0,0.0172,False,False,0.2317
123,follow_figure8,101.0717,100.3675,-0.1121,-0.0,0.0,44.5774,102.078 101.155 0 0,0.0167,False,False,0.2315
124,follow_figure8,101.0825,100.3715,-0.1158,-0.0,0.0,44.4352,102.099 101.14 0 0,0.0162,False,False,0.2311
125,follow_figure8,101.0933,100.3755,-0.1182,-0.0,0.0,44.2863,102.099 101.14 0 0,0.0157,False,False,0.2307
126,follow_figure8,101.1041,100.3795,-0.1194,-0.0,0.0,44.1308,102.119 101.124 0 0,0.0153,False,False,0.2304
127,follow_figure8,101.1149,100.3835,-0.1193,-0.0,0.0,43.9686,102.119 101.124 0 0,0.0148,False,False,0.23
128,follow_figure8,101.1257,100.3875,-0.1178,-0.0,0.0,43.7996,102.138 101.107 0 0,0.0144,False,False,0.2297
129,follow_figure8,101.1364,100.3914,-0.115,-0.0,0.0,43.6237,102.138 101.107 0 0,0.0138,False,False,0.2292
130,follow_figure8,101.1472,100.3953,-0.111,-0.0,0.0,43.4409,102.157 101.09 0 0,0.0134,False,False,0.2289
131,follow_figure8,101.1579,100.3992,-0.1059,-0.0,0.0,43.251,102.157 101.09 0 0,0.0128,False,False,0.2283
132,follow_figure8,101.1686,100.4031,-0.0998,-0.0,0.0,43.0538,102.157 101.09 0 0,0.0123,False,False,0.228
133,follow_figure8,101.1794,100.4069,-0.0931,-0.0,0.0,42.8508,102.174 101.072 0 0,0.0119,False,False,0.2275
134,follow_figure8,101.19,100.4107,-0.0858,-0.0,0.0,42.6416,102.174 101.072 0 0,0.0114,False,False,0.227
135,follow_figure8,101.2007,100.4145,-0.0783,-0.0,0.0,42.4259,102.192 101.054 0 0,0.0109,False,False,0.2264
136,follow_figure8,101.2114,100.4182,-0.0707,-0.0,0.0,42.2033,102.192 101.054 0 0,0.0102,False,False,0.2259
137,follow_figure8,101.222,100.4219,-0.0634,-0.0,0.0,41.9736,102.208 101.035 0 0,0.0097,False,False,0.2255
138,follow_figure8,101.2327,100.4256,-0.0564,-0.0,0.0,41.7364,102.208 101.035 0 0,0.009,False,False,0.225
139,follow_figure8,101.2433,100.4293,-0.0501,-0.0,0.0,41.4914,102.224 101.015 0 0,0.0085,False,False,0.2243
140,follow_figure8,101.2538,100.4329,-0.0446,-0.0,0.0,41.2384,102.224 101.015 0 0,0.0078,False,False,0.2239
141,follow_figure8,101.2644,100.4365,-0.04,-0.0,0.0,40.9772,102.239 100.995 0 0,0.0072,False,False,0.2232
142,follow_figure8,101.275,100.44,-0.0366,-0.0,0.0,40.7074,102.239 100.995 0 0,0.0064,False,False,0.2225
143,follow_figure8,101.2855,100.4436,-0.0343,-0.0,0.0,40.4292,102.254 100.974 0 0,0.0059,False,False,0.2219
144,follow_figure8,101.296,100.4471,-0.0332,-0.0,0.0,40.1421,102.254 100.974 0 0,0.0052,False,False,0.2214
145,follow_figure8,101.3065,100.4505,-0.0335,-0.0,0.0,39.8464,102.268 100.953 0 0,0.0045,False,False,0.2206
146,follow_figure8,101.3169,100.4539,-0.035,-0.0,0.0,39.5419,102.268 100.953 0 0,0.0039,False,False,0.2201
147,follow_figure8,101.3273,100.4573,-0.0378,-0.0,0.0,39.2287,102.282 100.932 0 0,0.0033,False,False,0.2193
148,follow_figure8,101.3378,100.4607,-0.0418,-0.0,0.0,38.9069,102.282 100.932 0 0,0.0026,False,False,0.2188
149,follow_figure8,101.3481,100.464,-0.0468,-0.0,0.0,38.5767,102.295 100.91 0 0,0.002,False,False,0.218
150,follow_figure8,101.3585,100.4673,-0.0527,-0.0,0.0,38.2383,102.295 100.91 0 0,0.0013,False,False,0.2172
151,follow_figure8,101.3688,100.4705,-0.0593,-0.0,0.0,37.892,102.307 100.888 0 0,0.0007,False,False,0.2165
152,follow_figure8,101.3791,100.4737,-0.0663,-0.0,0.0,37.538,102.307 100.888 0 0,0.0,False,False,0.2159
153,follow_figure8,101.3894,100.4769,-0.0736,-0.0,0.0,37.1766,102.319 100.866 0 0,-0.0005,False,False,0.215
154,follow_figure8,101.3997,100.48,-0.081,-0.0,0.0,36.808,102.319 100.866 0 0,-0.0012,False,False,0.2144
155,follow_figure8,101.4099,100.4831,-0.0881,-0.0,0.0,36.4327,102.33 100.843 0 0,-0.0017,False,False,0.2136
156,follow_figure8,101.4201,100.4861,-0.0948,-0.0,0.0,36.0508,102.33 100.843 0 0,-0.0023,False,False,0.2128
157,follow_figure8,101.4302,100.4891,-0.1009,-0.0,0.0,35.6626,102.33 100.843 0 0,-0.0027,False,False,0.212
158,follow_figure8,101.4404,100.4921,-0.1061,-0.0,0.0,35.2703,102.341 100.82 0 0,-0.003,False,False,0.2112
159,follow_figure8,101.4505,100.495,-0.1105,-0.0,0.0,34.8737,102.352 100.797 0 0,-0.0034,False,False,0.2105
160,follow_figure8,101.4606,100.4979,-0.1138,-0.0,0.0,34.4706,102.352 100.797 0 0,-0.004,False,False,0.2095
161,follow_figure8,101.4706,100.5008,-0.1159,-0.0,0.0,34.0611,102.352 100.797 0 0,-0.0044,False,False,0.2088
162,follow_figure8,101.4806,100.5036,-0.1168,-0.0,0.0,33.6472,102.362 100.774 0 0,-0.0047,False,False,0.2078
163,follow_figure8,101.4906,100.5063,-0.1165,-0.0,0.0,33.2285,102.371 100.751 0 0,-0.0051,False,False,0.207
164,follow_figure8,101.5005,100.5091,-0.1149,-0.0,0.0,32.8023,102.371 100.751 0 0,-0.0057,False,False,0.2062
165,follow_figure8,101.5104,100.5117,-0.1121,-0.0,0.0,32.3687,102.38 100.727 0 0,-0.0062,False,False,0.2054
166,follow_figure8,101.5203,100.5144,-0.1082,-0.0,0.0,31.927,102.38 100.727 0 0,-0.0069,False,False,0.2044
167,follow_figure8,101.5301,100.517,-0.1032,-0.0,0.0,31.477,102.389 100.703 0 0,-0.0075,False,False,0.2035
168,follow_figure8,101.5399,100.5196,-0.0974,-0.0,0.0,31.0181,102.389 100.703 0 0,-0.0082,False,False,0.2027
169,follow_figure8,101.5497,100.5221,-0.091,-0.0,0.0,30.5499,102.397 100.679 0 0,-0.0089,False,False,0.2017
170,follow_figure8,101.5594,100.5246,-0.0841,-0.0,0.0,30.0718,102.397 100.679 0 0,-0.0098,False,False,0.201
171,follow_figure8,101.5691,100.527,-0.077,-0.0,0.0,29.5832,102.405 100.655 0 0,-0.0105,False,False,0.2
172,follow_figure8,101.5788,100.5294,-0.0698,-0.0,0.0,29.0836,102.405 100.655 0 0,-0.0115,False,False,0.1989
173,follow_figure8,101.5884,100.5318,-0.0629,-0.0,0.0,28.5725,102.413 100.631 0 0,-0.0123,False,False,0.1983
174,follow_figure8,101.598,100.5341,-0.0564,-0.0,0.0,28.0492,102.42 100.607 0 0,-0.0134,False,False,0.1972
175,follow_figure8,101.6075,100.5364,-0.0506,-0.0,0.0,27.511,102.42 100.607 0 0,-0.0146,False,False,0.1964
176,follow_figure8,101.6171,100.5386,-0.0455,-0.0,0.0,26.9577,102.42 100.607 0 0,-0.0157,False,False,0.1953
177,follow_figure8,101.6265,100.5408,-0.0413,-0.0,0.0,26.3916,102.433 100.558 0 0,-0.0166,False,False,0.1945
178,follow_figure8,101.636,100.543,-0.0382,-0.0,0.0,25.8097,102.433 100.558 0 0,-0.018,False,False,0.1936
179,follow_figure8,101.6454,100.5451,-0.0362,-0.0,0.0,25.2099,102.433 100.558 0 0,-0.0193,False,False,0.1926
180,follow_figure8,101.6547,100.5471,-0.0354,-0.0,0.0,24.595,102.439 100.533 0 0,-0.0203,False,False,0.1919
181,follow_figure8,101.6641,100.5492,-0.0358,-0.0,0.0,23.9649,102.445 100.509 0 0,-0.0215,False,False,0.1908
182,follow_figure8,101.6733,100.5511,-0.0374,-0.0,0.0,23.3176,102.445 100.509 0 0,-0.0228,False,False,0.19
183,follow_figure8,101.6826,100.5531,-0.0402,-0.0,0.0,22.6539,102.451 100.484 0 0,-0.0239,False,False,0.1891
184,follow_figure8,101.6918,100.5549,-0.0442,-0.0,0.0,21.9743,102.456 100.459 0 0,-0.0251,False,False,0.1883
185,follow_figure8,101.701,100.5568,-0.0491,-0.0,0.0,21.2774,102.456 100.459 0 0,-0.0264,False,False,0.1874
186,follow_figure8,101.7102,100.5586,-0.0548,-0.0,0.0,20.5643,102.465 100.409 0 0,-0.0275,False,False,0.1864
187,follow_figure8,101.7193,100.5603,-0.0611,-0.0,0.0,19.8336,102.465 100.409 0 0,-0.029,False,False,0.1857
188,follow_figure8,101.7284,100.562,-0.0679,-0.0,0.0,19.0847,102.424 99.4054 0 0,-0.0302,False,False,0.1848
189,follow_figure8,101.7375,100.5637,-0.0748,-0.0,0.0,18.2545,102.424 99.4054 0 0,-0.0399,False,False,0.1854
190,follow_figure8,101.7467,100.5654,-0.0818,-0.0,0.0,17.2942,102.424 99.4054 0 0,-0.0481,False,False,0.1874
191,follow_figure8,101.756,100.5671,-0.0885,-0.0,0.0,16.222,102.424 99.4054 0 0,-0.0552,False,False,0.189
192,follow_figure8,101.7654,100.5687,-0.0948,-0.0,0.0,15.055,102.416 99.3811 0 0,-0.061,False,False,0.1908
193,follow_figure8,101.7749,100.5703,-0.1005,-0.0,0.0,13.8083,102.416 99.3811 0 0,-0.0658,False,False,0.1925
194,follow_figure8,101.7845,100.5718,-0.1055,-0.0,0.0,12.4959,102.409 99.3569 0 0,-0.0696,False,False,0.1942
195,follow_figure8,101.7941,100.5733,-0.1095,-0.0,0.0,11.1301,102.409 99.3569 0 0,-0.0727,False,False,0.1957
196,follow_figure8,101.8039,100.5748,-0.1125,-0.0,0.0,9.7217,102.409 99.3569 0 0,-0.075,False,False,0.1975
197,follow_figure8,101.8137,100.5762,-0.1143,-0.0,0.0,8.2811,102.409 99.3569 0 0,-0.0766,False,False,0.1989
198,follow_figure8,101.8237,100.5775,-0.1151,-0.0,0.0,6.8169,102.409 99.3569 0 0,-0.0776,False,False,0.2004
199,follow_figure8,101.8337,100.5787,-0.1146,-0.0,0.0,5.336,102.409 99.3569 0 0,-0.0782,False,False,0.2019
200,follow_figure8,101.8438,100.5799,-0.1129,-0.0,0.0,3.8441,102.409 99.3569 0 0,-0.0785,False,False,0.2032
201,follow_figure8,101.854,100.581,-0.11,-0.0,0.0,2.3454,102.401 99.3328 0 0,-0.0785,False,False,0.2044
202,follow_figure8,101.8642,100.582,-0.1061,-0.0,0.0,0.8422,102.401 99.3328 0 0,-0.0785,False,False,0.2057
203,follow_figure8,101.8745,100.5829,-0.1012,-0.0,-0.0,-0.664,102.401 99.3328 0 0,-0.0783,False,False,0.2071
204,follow_figure8,101.8849,100.5837,-0.0956,-0.0,-0.0,-2.1713,102.393 99.3088 0 0,-0.078,False,False,0.2081
205,follow_figure8,101.8953,100.5844,-0.0893,-0.0,-0.0,-3.6794,102.393 99.3088 0 0,-0.0778,False,False,0.2094
206,follow_figure8,101.9058,100.585,-0.0827,-0.0,-0.0,-5.1881,102.393 99.3088 0 0,-0.0775,False,False,0.2105
207,follow_figure8,101.9164,100.5855,-0.0758,-0.0,-0.0,-6.6966,102.393 99.3088 0 0,-0.0772,False,False,0.2116
208,follow_figure8,101.927,100.5859,-0.069,-0.0,-0.0,-8.2044,102.393 99.3088 0 0,-0.0769,False,False,0.2126
209,follow_figure8,101.9377,100.5862,-0.0624,-0.0,-0.0,-9.711,102.393 99.3088 0 0,-0.0766,False,False,0.2135
210,follow_figure8,101.9484,100.5864,-0.0563,-0.0,-0.0,-11.216,102.385 99.285 0 0,-0.0762,False,False,0.2146
211,follow_figure8,101.9592,100.5864,-0.0508,-0.0,-0.0,-12.7199,102.385 99.285 0 0,-0.0759,False,False,0.2153
212,follow_figure8,101.97,100.5864,-0.046,-0.0,-0.0,-14.2227,102.385 99.285 0 0,-0.0756,False,False,0.2162
213,follow_figure8,101.9808,100.5862,-0.0421,-0.0,-0.0,-15.7235,102.376 99.2612 0 0,-0.0751,False,False,0.217
214,follow_figure8,101.9917,100.5858,-0.0392,-0.0,-0.0,-17.2221,102.376 99.2612 0 0,-0.0747,False,False,0.218
215,follow_figure8,102.0027,100.5854,-0.0375,-0.0,-0.0,-18.7178,102.376 99.2612 0 0,-0.0742,False,False,0.2187
216,follow_figure8,102.0136,100.5847,-0.0369,-0.0,-0.0,-20.209,102.376 99.2612 0 0,-0.0735,False,False,0.2195
217,follow_figure8,102.0246,100.584,-0.0374,-0.0,-0.0,-21.6938,102.376 99.2612 0 0,-0.0728,False,False,0.2201
218,follow_figure8,102.0356,100.5831,-0.0392,-0.0,-0.0,-23.1701,102.366 99.2378 0 0,-0.0718,False,False,0.2209
219,follow_figure8,102.0466,100.5821,-0.0421,-0.0,-0.0,-24.6369,102.366 99.2378 0 0,-0.0709,False,False,0.2216
220,follow_figure8,102.0577,100.5809,-0.046,-0.0,-0.0,-26.0927,102.366 99.2378 0 0,-0.0698,False,False,0.2222
221,follow_figure8,102.0687,100.5795,-0.0508,-0.0,-0.0,-27.5349,102.357 99.2144 0 0,-0.0685,False,False,0.2227
222,follow_figure8,102.0798,100.5781,-0.0564,-0.0,-0.0,-28.9623,102.357 99.2144 0 0,-0.0672,False,False,0.2235
223,follow_figure8,102.0909,100.5764,-0.0626,-0.0,-0.0,-30.3731,102.357 99.2144 0 0,-0.0658,False,False,0.2241
224,follow_figure8,102.102,100.5747,-0.0692,-0.0,-0.0,-31.7652,102.357 99.2144 0 0,-0.0642,False,False,0.2247
225,follow_figure8,102.1131,100.5727,-0.0759,-0.0,-0.0,-33.1366,102.357 99.2144 0 0,-0.0625,False,False,0.2253
226,follow_figure8,102.1242,100.5707,-0.0826,-0.0,-0.0,-34.4856,102.346 99.1913 0 0,-0.0608,False,False,0.2257
227,follow_figure8,102.1353,100.5685,-0.089,-0.0,-0.0,-35.8118,102.346 99.1913 0 0,-0.059,False,False,0.2264
228,follow_figure8,102.1464,100.5661,-0.0951,-0.0,-0.0,-37.1149,102.346 99.1913 0 0,-0.0572,False,False,0.2266
229,follow_figure8,102.1575,100.5636,-0.1005,-0.0,-0.0,-38.394,102.336 99.1682 0 0,-0.0553,False,False,0.2272
230,follow_figure8,102.1685,100.561,-0.1051,-0.0,-0.0,-39.6495,102.336 99.1682 0 0,-0.0535,False,False,0.2277
231,follow_figure8,102.1796,100.5583,-0.1088,-0.0,-0.0,-40.882,102.336 99.1682 0 0,-0.0517,False,False,0.2282
232,follow_figure8,102.1907,100.5554,-0.1116,-0.0,-0.0,-42.0916,102.336 99.1682 0 0,-0.05,False,False,0.2285
233,follow_figure8,102.2017,100.5524,-0.1132,-0.0,-0.0,-43.2786,102.325 99.1456 0 0,-0.0482,False,False,0.2288
234,follow_figure8,102.2127,100.5492,-0.1138,-0.0,-0.0,-44.4445,102.325 99.1456 0 0,-0.0466,False,False,0.2292
235,follow_figure8,102.2237,100.546,-0.1131,-0.0,-0.0,-45.5907,102.325 99.1456 0 0,-0.0451,False,False,0.2294
236,follow_figure8,102.2347,100.5426,-0.1113,-0.0,-0.0,-46.7183,102.325 99.1456 0 0,-0.0436,False,False,0.2298
237,follow_figure8,102.2457,100.5391,-0.1084,-0.0,-0.0,-47.8281,102.313 99.123 0 0,-0.0423,False,False,0.23
238,follow_figure8,102.2566,100.5356,-0.1045,-0.0,-0.0,-48.9222,102.313 99.123 0 0,-0.0411,False,False,0.2303
239,follow_figure8,102.2675,100.5319,-0.0997,-0.0,-0.0,-50.0024,102.313 99.123 0 0,-0.0401,False,False,0.2305
240,follow_figure8,102.2784,100.5281,-0.0941,-0.0,-0.0,-51.0697,102.301 99.1009 0 0,-0.0391,False,False,0.2306
241,follow_figure8,102.2893,100.5242,-0.088,-0.0,-0.0,-52.126,102.301 99.1009 0 0,-0.0384,False,False,0.2308
242,follow_figure8,102.3001,100.5202,-0.0815,-0.0,-0.0,-53.173,102.301 99.1009 0 0,-0.0377,False,False,0.2309
243,follow_figure8,102.3109,100.5161,-0.0748,-0.0,-0.0,-54.2115,102.301 99.1009 0 0,-0.0371,False,False,0.2308
244,follow_figure8,102.3217,100.5119,-0.0683,-0.0,-0.0,-55.2424,102.288 99.0789 0 0,-0.0365,False,False,0.2311
245,follow_figure8,102.3324,100.5077,-0.0619,-0.0,-0.0,-56.2669,102.288 99.0789 0 0,-0.0362,False,False,0.231
246,follow_figure8,102.3431,100.5033,-0.056,-0.0,-0.0,-57.2863,102.288 99.0789 0 0,-0.0358,False,False,0.2309
247,follow_figure8,102.3538,100.4989,-0.0507,-0.0,-0.0,-58.3007,102.275 99.0574 0 0,-0.0355,False,False,0.2308
248,follow_figure8,102.3644,100.4944,-0.0462,-0.0,-0.0,-59.311,102.275 99.0574 0 0,-0.0352,False,False,0.2309
249,follow_figure8,102.375,100.4898,-0.0426,-0.0,-0.0,-60.3177,102.275 99.0574 0 0,-0.0349,False,False,0.2307
250,follow_figure8,102.3855,100.4851,-0.04,-0.0,-0.0,-61.3205,102.275 99.0574 0 0,-0.0346,False,False,0.2306
251,follow_figure8,102.396,100.4804,-0.0384,-0.0,-0.0,-62.3189,102.261 99.036 0 0,-0.0343,False,False,0.2304
252,follow_figure8,102.4065,100.4756,-0.038,-0.0,-0.0,-63.3128,102.261 99.036 0 0,-0.034,False,False,0.23
253,follow_figure8,102.4169,100.4707,-0.0387,-0.0,-0.0,-64.3022,102.261 99.036 0 0,-0.0336,False,False,0.2298
254,follow_figure8,102.4273,100.4658,-0.0406,-0.0,-0.0,-65.2859,102.261 99.036 0 0,-0.0331,False,False,0.2295
255,follow_figure8,102.4376,100.4608,-0.0435,-0.0,-0.0,-66.2629,102.247 99.0154 0 0,-0.0326,False,False,0.2292
256,follow_figure8,102.4478,100.4557,-0.0474,-0.0,-0.0,-67.2326,102.247 99.0154 0 0,-0.0322,False,False,0.2287
257,follow_figure8,102.458,100.4506,-0.0523,-0.0,-0.0,-68.1944,102.247 99.0154 0 0,-0.0316,False,False,0.2284
258,follow_figure8,102.4682,100.4454,-0.0578,-0.0,-0.0,-69.147,102.232 98.9949 0 0,-0.031,False,False,0.228
259,follow_figure8,102.4783,100.4402,-0.0639,-0.0,-0.0,-70.0897,102.232 98.9949 0 0,-0.0304,False,False,0.2274
260,follow_figure8,102.4883,100.4349,-0.0703,-0.0,-0.0,-71.0217,102.232 98.9949 0 0,-0.0296,False,False,0.2271
261,follow_figure8,102.4983,100.4296,-0.0769,-0.0,-0.0,-71.9419,102.232 98.9949 0 0,-0.0289,False,False,0.2264
262,follow_figure8,102.5082,100.4242,-0.0834,-0.0,-0.0,-72.8492,102.216 98.9752 0 0,-0.028,False,False,0.226
263,follow_figure8,102.5181,100.4187,-0.0896,-0.0,-0.0,-73.7434,102.216 98.9752 0 0,-0.0272,False,False,0.2252
264,follow_figure8,102.5279,100.4133,-0.0954,-0.0,-0.0,-74.6242,102.216 98.9752 0 0,-0.0264,False,False,0.2246
265,follow_figure8,102.5376,100.4077,-0.1005,-0.0,-0.0,-75.4911,102.2 98.9555 0 0,-0.0255,False,False,0.224
266,follow_figure8,102.5473,100.4022,-0.105,-0.0,-0.0,-76.3444,102.2 98.9555 0 0,-0.0246,False,False,0.2233
267,follow_figure8,102.5569,100.3966,-0.1085,-0.0,-0.0,-77.1842,102.2 98.9555 0 0,-0.0237,False,False,0.2227
268,follow_figure8,102.5665,100.3909,-0.111,-0.0,-0.0,-78.0105,102.2 98.9555 0 0,-0.0228,False,False,0.2219
269,follow_figure8,102.576,100.3852,-0.1125,-0.0,-0.0,-78.8235,102.183 98.9369 0 0,-0.0219,False,False,0.2211
270,follow_figure8,102.5854,100.3795,-0.1128,-0.0,-0.0,-79.6239,102.183 98.9369 0 0,-0.0211,False,False,0.2204
271,follow_figure8,102.5947,100.3738,-0.112,-0.0,-0.0,-80.4127,102.183 98.9369 0 0,-0.0204,False,False,0.2195
272,follow_figure8,102.604,100.368,-0.1101,-0.0,-0.0,-81.1904,102.183 98.9369 0 0,-0.0197,False,False,0.2189
273,follow_figure8,102.6132,100.3622,-0.1071,-0.0,-0.0,-81.9575,102.166 98.9183 0 0,-0.019,False,False,0.2178
274,follow_figure8,102.6224,100.3563,-0.1032,-0.0,-0.0,-82.7152,102.166 98.9183 0 0,-0.0185,False,False,0.2171
275,follow_figure8,102.6315,100.3504,-0.0983,-0.0,-0.0,-83.4646,102.166 98.9183 0 0,-0.018,False,False,0.2161
276,follow_figure8,102.6404,100.3445,-0.0928,-0.0,-0.0,-84.2065,102.166 98.9183 0 0,-0.0176,False,False,0.2152
277,follow_figure8,102.6494,100.3386,-0.0868,-0.0,-0.0,-84.9413,102.147 98.9011 0 0,-0.0173,False,False,0.2143
278,follow_figure8,102.6582,100.3326,-0.0804,-0.0,-0.0,-85.6704,102.147 98.9011 0 0,-0.0171,False,False,0.2133
279,follow_figure8,102.667,100.3267,-0.0739,-0.0,-0.0,-86.3949,102.147 98.9011 0 0,-0.017,False,False,0.2125
280,follow_figure8,102.6757,100.3206,-0.0675,-0.0,-0.0,-87.1152,102.147 98.9011 0 0,-0.0169,False,False,0.2112
281,follow_figure8,102.6843,100.3146,-0.0614,-0.0,-0.0,-87.8316,102.128 98.884 0 0,-0.0168,False,False,0.2104
282,follow_figure8,102.6928,100.3085,-0.0557,-0.0,-0.0,-88.5451,102.128 98.884 0 0,-0.0168,False,False,0.2092
283,follow_figure8,102.7012,100.3024,-0.0506,-0.0,-0.0,-89.2564,102.128 98.884 0 0,-0.0168,False,False,0.2083
284,follow_figure8,102.7096,100.2963,-0.0463,-0.0,-0.0,-89.9654,102.109 98.8682 0 0,-0.0168,False,False,0.2071
285,follow_figure8,102.7179,100.2902,-0.0429,-0.0,-0.0,-90.6728,102.109 98.8682 0 0,-0.0169,False,False,0.2061
286,follow_figure8,102.7261,100.284,-0.0405,-0.0,-0.0,-91.3787,102.109 98.8682 0 0,-0.017,False,False,0.205
287,follow_figure8,102.7342,100.2778,-0.0391,-0.0,-0.0,-92.0829,102.109 98.8682 0 0,-0.017,False,False,0.2039
288,follow_figure8,102.7422,100.2716,-0.0388,-0.0,-0.0,-92.7848,102.109 98.8682 0 0,-0.0169,False,False,0.2028
289,follow_figure8,102.7501,100.2654,-0.0397,-0.0,-0.0,-93.4839,102.089 98.8526 0 0,-0.0169,False,False,0.2016
290,follow_figure8,102.7579,100.2591,-0.0416,-0.0,-0.0,-94.18,102.089 98.8526 0 0,-0.0169,False,False,0.2004
291,follow_figure8,102.7656,100.2528,-0.0447,-0.0,-0.0,-94.873,102.089 98.8526 0 0,-0.0168,False,False,0.1993
292,follow_figure8,102.7733,100.2465,-0.0487,-0.0,-0.0,-95.5619,102.068 98.8386 0 0,-0.0167,False,False,0.1979
293,follow_figure8,102.7808,100.2402,-0.0535,-0.0,-0.0,-96.2466,102.068 98.8386 0 0,-0.0166,False,False,0.1968
294,follow_figure8,102.7882,100.2338,-0.059,-0.0,-0.0,-96.9267,102.068 98.8386 0 0,-0.0164,False,False,0.1956
295,follow_figure8,102.7956,100.2275,-0.065,-0.0,-0.0,-97.601,102.068 98.8386 0 0,-0.0162,False,False,0.1944
296,follow_figure8,102.8028,100.2211,-0.0713,-0.0,-0.0,-98.2688,102.068 98.8386 0 0,-0.016,False,False,0.193
297,follow_figure8,102.8099,100.2146,-0.0777,-0.0,-0.0,-98.929,102.046 98.8249 0 0,-0.0157,False,False,0.1917
298,follow_figure8,102.8169,100.2082,-0.0841,-0.0,-0.0,-99.5816,102.046 98.8249 0 0,-0.0154,False,False,0.1903
299,follow_figure8,102.8238,100.2018,-0.0902,-0.0,-0.0,-100.2264,102.046 98.8249 0 0,-0.0151,False,False,0.1891
300,follow_figure8,102.8306,100.1953,-0.0958,-0.0,-0.0,-100.8626,102.046 98.8249 0 0,-0.0148,False,False,0.1876
301,follow_figure8,102.8373,100.1888,-0.1007,-0.0,-0.0,-101.4899,102.024 98.8129 0 0,-0.0143,False,False,0.1864
302,follow_figure8,102.8439,100.1823,-0.1049,-0.0,-0.0,-102.1085,102.024 98.8129 0 0,-0.014,False,False,0.1849
303,follow_figure8,102.8503,100.1758,-0.1083,-0.0,-0.0,-102.7187,102.024 98.8129 0 0,-0.0136,False,False,0.1835
304,follow_figure8,102.8567,100.1692,-0.1106,-0.0,-0.0,-103.3203,102.024 98.8129 0 0,-0.0132,False,False,0.1822
305,follow_figure8,102.8629,100.1626,-0.1119,-0.0,-0.0,-103.9132,102.002 98.8012 0 0,-0.0128,False,False,0.1808
306,follow_figure8,102.869,100.1561,-0.1121,-0.0,-0.0,-104.498,102.002 98.8012 0 0,-0.0125,False,False,0.1792
307,follow_figure8,102.8749,100.1495,-0.1112,-0.0,-0.0,-105.0756,102.002 98.8012 0 0,-0.0122,False,False,0.178
308,follow_figure8,102.8808,100.1429,-0.1091,-0.0,-0.0,-105.6459,102.002 98.8012 0 0,-0.0119,False,False,0.1765
309,follow_figure8,102.8865,100.1362,-0.1061,-0.0,-0.0,-106.2092,101.978 98.7914 0 0,-0.0116,False,False,0.175
310,follow_figure8,102.8921,100.1296,-0.102,-0.0,-0.0,-106.7665,101.978 98.7914 0 0,-0.0115,False,False,0.1737
311,follow_figure8,102.8976,100.1229,-0.0972,-0.0,-0.0,-107.3187,101.978 98.7914 0 0,-0.0114,False,False,0.1723
312,follow_figure8,102.9029,100.1162,-0.0917,-0.0,-0.0,-107.8661,101.978 98.7914 0 0,-0.0114,False,False,0.1708
313,follow_figure8,102.9081,100.1096,-0.0857,-0.0,-0.0,-108.4089,101.955 98.7818 0 0,-0.0114,False,False,0.1694
314,follow_figure8,102.9131,100.1029,-0.0794,-0.0,-0.0,-108.9481,101.955 98.7818 0 0,-0.0116,False,False,0.168
315,follow_figure8,102.9181,100.0961,-0.0731,-0.0,-0.0,-109.4845,101.955 98.7818 0 0,-0.0117,False,False,0.1666
316,follow_figure8,102.9228,100.0894,-0.0668,-0.0,-0.0,-110.0183,101.955 98.7818 0 0,-0.0119,False,False,0.1652
317,follow_figure8,102.9275,100.0826,-0.0608,-0.0,-0.0,-110.5496,101.931 98.7743 0 0,-0.0121,False,False,0.1638
318,follow_figure8,102.932,100.0759,-0.0553,-0.0,-0.0,-111.0792,101.931 98.7743 0 0,-0.0124,False,False,0.1623
319,follow_figure8,102.9363,100.0691,-0.0504,-0.0,-0.0,-111.6077,101.931 98.7743 0 0,-0.0127,False,False,0.1611
320,follow_figure8,102.9405,100.0623,-0.0463,-0.0,-0.0,-112.1349,101.931 98.7743 0 0,-0.013,False,False,0.1598
321,follow_figure8,102.9445,100.0555,-0.043,-0.0,-0.0,-112.6607,101.931 98.7743 0 0,-0.0132,False,False,0.1585
322,follow_figure8,102.9484,100.0487,-0.0408,-0.0,-0.0,-113.1847,101.906 98.7671 0 0,-0.0135,False,False,0.157
323,follow_figure8,102.9522,100.0418,-0.0396,-0.0,-0.0,-113.7074,101.906 98.7671 0 0,-0.0138,False,False,0.1558
324,follow_figure8,102.9557,100.035,-0.0395,-0.0,-0.0,-114.2289,101.906 98.7671 0 0,-0.0141,False,False,0.1543
325,follow_figure8,102.9591,100.0281,-0.0405,-0.0,-0.0,-114.7486,101.906 98.7671 0 0,-0.0143,False,False,0.1533
326,follow_figure8,102.9624,100.0212,-0.0425,-0.0,-0.0,-115.266,101.882 98.7619 0 0,-0.0145,False,False,0.1519
327,follow_figure8,102.9654,100.0144,-0.0456,-0.0,-0.0,-115.7811,101.882 98.7619 0 0,-0.0148,False,False,0.1507
328,follow_figure8,102.9683,100.0075,-0.0497,-0.0,-0.0,-116.2939,101.882 98.7619 0 0,-0.015,False,False,0.1498
329,follow_figure8,102.9711,100.0005,-0.0545,-0.0,-0.0,-116.8035,101.882 98.7619 0 0,-0.0152,False,False,0.1486
330,follow_figure8,102.9736,99.9936,-0.06,-0.0,-0.0,-117.3092,101.882 98.7619 0 0,-0.0154,False,False,0.1476
331,follow_figure8,102.976,99.9867,-0.066,-0.0,-0.0,-117.8102,101.857 98.757 0 0,-0.0156,False,False,0.1464
332,follow_figure8,102.9781,99.9797,-0.0723,-0.0,-0.0,-118.3064,101.857 98.757 0 0,-0.0158,False,False,0.1457
333,follow_figure8,102.9801,99.9728,-0.0786,-0.0,-0.0,-118.7978,101.857 98.757 0 0,-0.0159,False,False,0.1446
334,follow_figure8,102.9819,99.9658,-0.0848,-0.0,-0.0,-119.2837,101.857 98.757 0 0,-0.016,False,False,0.1441
335,follow_figure8,102.9835,99.9588,-0.0907,-0.0,-0.0,-119.7632,101.832 98.7541 0 0,-0.0162,False,False,0.1431
336,follow_figure8,102.985,99.9519,-0.0962,-0.0,-0.0,-120.2368,101.832 98.7541 0 0,-0.0163,False,False,0.1426
337,follow_figure8,102.9862,99.9449,-0.101,-0.0,-0.0,-120.7045,101.832 98.7541 0 0,-0.0164,False,False,0.142
338,follow_figure8,102.9872,99.9379,-0.105,-0.0,-0.0,-121.166,101.832 98.7541 0 0,-0.0165,False,False,0.1415
339,follow_figure8,102.988,99.9308,-0.1082,-0.0,-0.0,-121.6207,101.807 98.7516 0 0,-0.0165,False,False,0.1413
340,follow_figure8,102.9886,99.9238,-0.1103,-0.0,-0.0,-122.0692,101.807 98.7516 0 0,-0.0167,False,False,0.1409
341,follow_figure8,102.9889,99.9168,-0.1115,-0.0,-0.0,-122.512,101.807 98.7516 0 0,-0.0168,False,False,0.141
342,follow_figure8,102.9891,99.9097,-0.1115,-0.0,-0.0,-122.9488,101.807 98.7516 0 0,-0.0169,False,False,0.1409
343,follow_figure8,102.989,99.9027,-0.1104,-0.0,-0.0,-123.3796,101.781 98.7509 0 0,-0.017,False,False,0.141
344,follow_figure8,102.9887,99.8956,-0.1083,-0.0,-0.0,-123.8051,101.781 98.7509 0 0,-0.0173,False,False,0.1414
345,follow_figure8,102.9882,99.8885,-0.1051,-0.0,-0.0,-124.2261,101.781 98.7509 0 0,-0.0176,False,False,0.1418
346,follow_figure8,102.9874,99.8815,-0.1011,-0.0,-0.0,-124.6425,101.781 98.7509 0 0,-0.0179,False,False,0.1424
347,follow_figure8,102.9865,99.8744,-0.0962,-0.0,-0.0,-125.0543,101.781 98.7509 0 0,-0.0182,False,False,0.1432
348,follow_figure8,102.9852,99.8673,-0.0907,-0.0,-0.0,-125.4615,101.756 98.7503 0 0,-0.0186,False,False,0.1441
349,follow_figure8,102.9837,99.8602,-0.0847,-0.0,-0.0,-125.8651,101.756 98.7503 0 0,-0.0191,False,False,0.1451
350,follow_figure8,102.982,99.8531,-0.0785,-0.0,-0.0,-126.2658,101.756 98.7503 0 0,-0.0197,False,False,0.1464
351,follow_figure8,102.98,99.8459,-0.0722,-0.0,-0.0,-126.6637,101.756 98.7503 0 0,-0.0202,False,False,0.1479
352,follow_figure8,102.9778,99.8388,-0.066,-0.0,-0.0,-127.0585,101.731 98.7517 0 0,-0.0208,False,False,0.1494
353,follow_figure8,102.9753,99.8317,-0.0602,-0.0,-0.0,-127.4512,101.731 98.7517 0 0,-0.0215,False,False,0.1512
354,follow_figure8,102.9725,99.8245,-0.0548,-0.0,-0.0,-127.8425,101.731 98.7517 0 0,-0.0222,False,False,0.1531
355,follow_figure8,102.9695,99.8174,-0.0501,-0.0,-0.0,-128.2319,101.731 98.7517 0 0,-0.0229,False,False,0.1553
356,follow_figure8,102.9662,99.8102,-0.0461,-0.0,-0.0,-128.6194,101.705 98.7533 0 0,-0.0236,False,False,0.1576
357,follow_figure8,102.9626,99.8031,-0.0431,-0.0,-0.0,-129.0054,101.705 98.7533 0 0,-0.0244,False,False,0.1601
358,follow_figure8,102.9588,99.7959,-0.041,-0.0,-0.0,-129.3904,101.705 98.7533 0 0,-0.0251,False,False,0.1627
359,follow_figure8,102.9546,99.7887,-0.0399,-0.0,-0.0,-129.7738,101.705 98.7533 0 0,-0.0258,False,False,0.1654
360,follow_figure8,102.9502,99.7815,-0.04,-0.0,-0.0,-130.1551,101.68 98.7565 0 0,-0.0265,False,False,0.1685
361,follow_figure8,102.9456,99.7744,-0.0411,-0.0,-0.0,-130.5347,101.68 98.7565 0 0,-0.0273,False,False,0.1716
362,follow_figure8,102.9406,99.7672,-0.0433,-0.0,-0.0,-130.9127,101.68 98.7565 0 0,-0.028,False,False,0.1748
363,follow_figure8,102.9353,99.76,-0.0465,-0.0,-0.0,-131.2884,101.68 98.7565 0 0,-0.0287,False,False,0.1781
364,follow_figure8,102.9298,99.7528,-0.0506,-0.0,-0.0,-131.6612,101.655 98.7599 0 0,-0.0294,False,False,0.1817
365,follow_figure8,102.924,99.7456,-0.0555,-0.0,-0.0,-132.0311,101.655 98.7599 0 0,-0.0301,False,False,0.1854
366,follow_figure8,102.9179,99.7383,-0.061,-0.0,-0.0,-132.3982,101.655 98.7599 0 0,-0.0309,False,False,0.1891
367,follow_figure8,102.9114,99.7311,-0.067,-0.0,-0.0,-132.7617,101.655 98.7599 0 0,-0.0316,False,False,0.193
368,follow_figure8,102.9047,99.7239,-0.0732,-0.0,-0.0,-133.1209,101.63 98.7646 0 0,-0.0322,False,False,0.1969
369,follow_figure8,102.8978,99.7167,-0.0794,-0.0,-0.0,-133.4759,101.63 98.7646 0 0,-0.033,False,False,0.2011
370,follow_figure8,102.8905,99.7095,-0.0855,-0.0,-0.0,-133.8268,101.63 98.7646 0 0,-0.0337,False,False,0.2053
371,follow_figure8,102.8829,99.7022,-0.0913,-0.0,-0.0,-134.173,101.63 98.7646 0 0,-0.0343,False,False,0.2095
372,follow_figure8,102.875,99.695,-0.0967,-0.0,-0.0,-134.5138,101.606 98.7696 0 0,-0.0349,False,False,0.2138
373,follow_figure8,102.8668,99.6878,-0.1013,-0.0,-0.0,-134.8495,101.606 98.7696 0 0,-0.0355,False,False,0.2182
374,follow_figure8,102.8584,99.6806,-0.1052,-0.0,-0.0,-135.1805,101.606 98.7696 0 0,-0.0361,False,False,0.2226
375,follow_figure8,102.8496,99.6733,-0.1082,-0.0,-0.0,-135.5063,101.606 98.7696 0 0,-0.0367,False,False,0.2273
376,follow_figure8,102.8405,99.6661,-0.1102,-0.0,-0.0,-135.8263,101.581 98.7757 0 0,-0.0372,False,False,0.2318
377,follow_figure8,102.8312,99.6589,-0.1112,-0.0,-0.0,-136.1413,101.581 98.7757 0 0,-0.0378,False,False,0.2364
378,follow_figure8,102.8215,99.6516,-0.111,-0.0,-0.0,-136.4517,101.581 98.7757 0 0,-0.0384,False,False,0.241
379,follow_figure8,102.8116,99.6444,-0.1098,-0.0,-0.0,-136.7572,101.556 98.7821 0 0,-0.039,False,False,0.2458
380,follow_figure8,102.8014,99.6372,-0.1076,-0.0,-0.0,-137.0586,101.556 98.7821 0 0,-0.0397,False,False,0.2503
381,follow_figure8,102.7909,99.6299,-0.1043,-0.0,-0.0,-137.3564,101.556 98.7821 0 0,-0.0404,False,False,0.2551
382,follow_figure8,102.7801,99.6227,-0.1002,-0.0,-0.0,-137.6504,101.556 98.7821 0 0,-0.0411,False,False,0.2598
383,follow_figure8,102.769,99.6155,-0.0953,-0.0,-0.0,-137.9401,101.532 98.7896 0 0,-0.0417,False,False,0.2645
384,follow_figure8,102.7577,99.6082,-0.0898,-0.0,-0.0,-138.2266,101.532 98.7896 0 0,-0.0425,False,False,0.2691
385,follow_figure8,102.746,99.601,-0.0838,-0.0,-0.0,-138.5104,101.532 98.7896 0 0,-0.0433,False,False,0.2739
386,follow_figure8,102.7341,99.5938,-0.0776,-0.0,-0.0,-138.7913,101.508 98.7974 0 0,-0.0441,False,False,0.2785
387,follow_figure8,102.7219,99.5866,-0.0714,-0.0,-0.0,-139.0701,101.508 98.7974 0 0,-0.045,False,False,0.2832
388,follow_figure8,102.7095,99.5794,-0.0653,-0.0,-0.0,-139.3473,101.508 98.7974 0 0,-0.0459,False,False,0.288
389,follow_figure8,102.6968,99.5722,-0.0596,-0.0,-0.0,-139.6225,101.484 98.806 0 0,-0.0467,False,False,0.2925
390,follow_figure8,102.6838,99.565,-0.0543,-0.0,-0.0,-139.8965,101.484 98.806 0 0,-0.0477,False,False,0.297
391,follow_figure8,102.6705,99.5578,-0.0497,-0.0,-0.0,-140.1697,101.484 98.806 0 0,-0.0486,False,False,0.3017
392,follow_figure8,102.657,99.5506,-0.0459,-0.0,-0.0,-140.4416,101.461 98.8148 0 0,-0.0494,False,False,0.3062
393,follow_figure8,102.6432,99.5434,-0.043,-0.0,-0.0,-140.7127,101.461 98.8148 0 0,-0.0504,False,False,0.3107
394,follow_figure8,102.6292,99.5362,-0.0411,-0.0,-0.0,-140.9835,101.461 98.8148 0 0,-0.0512,False,False,0.3151
395,follow_figure8,102.615,99.529,-0.0402,-0.0,-0.0,-141.2532,101.437 98.8245 0 0,-0.052,False,False,0.3193
396,follow_figure8,102.6004,99.5219,-0.0404,-0.0,-0.0,-141.5223,101.437 98.8245 0 0,-0.0529,False,False,0.3237
397,follow_figure8,102.5857,99.5147,-0.0417,-0.0,-0.0,-141.791,101.437 98.8245 0 0,-0.0537,False,False,0.328
398,follow_figure8,102.5707,99.5076,-0.044,-0.0,-0.0,-142.0585,101.414 98.8342 0 0,-0.0545,False,False,0.3321
399,follow_figure8,102.5555,99.5004,-0.0473,-0.0,-0.0,-142.3251,101.414 98.8342 0 0,-0.0553,False,False,0.3363
400,follow_figure8,102.54,99.4933,-0.0515,-0.0,-0.0,-142.5911,101.391 98.8447 0 0,-0.0561,False,True,0.3403
401,follow_figure8,102.5243,99.4862,-0.0564,-0.0,-0.0,-142.8567,101.391 98.8447 0 0,-0.057,False,True,0.3443
402,follow_figure8,102.5084,99.4791,-0.0619,-0.0,-0.0,-143.1221,101.391 98.8447 0 0,-0.0578,False,True,0.3484
403,follow_figure8,102.4923,99.472,-0.0679,-0.0,-0.0,-143.386,101.368 98.8553 0 0,-0.0585,False,True,0.3521
404,follow_figure8,102.476,99.465,-0.074,-0.0,-0.0,-143.649,101.368 98.8553 0 0,-0.0593,False,True,0.3559
405,follow_figure8,102.4594,99.4579,-0.0802,-0.0,-0.0,-143.9109,101.368 98.8553 0 0,-0.06,False,True,0.3598
406,follow_figure8,102.4427,99.4509,-0.0863,-0.0,-0.0,-144.1709,101.345 98.8666 0 0,-0.0607,False,True,0.3633
407,follow_figure8,102.4257,99.4438,-0.092,-0.0,-0.0,-144.4293,101.345 98.8666 0 0,-0.0614,False,True,0.367
408,follow_figure8,102.4086,99.4368,-0.0971,-0.0,-0.0,-144.6863,101.323 98.8779 0 0,-0.062,False,True,0.3704
409,follow_figure8,102.3912,99.4299,-0.1017,-0.0,-0.0,-144.9422,101.323 98.8779 0 0,-0.0627,False,True,0.3738
410,follow_figure8,102.3737,99.4229,-0.1054,-0.0,-0.0,-145.1974,101.3 98.8899 0 0,-0.0634,False,True,0.3772
411,follow_figure8,102.356,99.4159,-0.1082,-0.0,-0.0,-145.4523,101.3 98.8899 0 0,-0.064,False,True,0.3803
412,follow_figure8,102.3381,99.409,-0.1101,-0.0,-0.0,-145.7071,101.278 98.9019 0 0,-0.0647,False,True,0.3836
413,follow_figure8,102.3201,99.4021,-0.1109,-0.0,-0.0,-145.9622,101.278 98.9019 0 0,-0.0654,False,True,0.3867
414,follow_figure8,102.3018,99.3952,-0.1107,-0.0,-0.0,-146.2181,101.256 98.9144 0 0,-0.066,False,True,0.3899
415,follow_figure8,102.2834,99.3883,-0.1093,-0.0,-0.0,-146.4751,101.256 98.9144 0 0,-0.0667,False,True,0.3927
416,follow_figure8,102.2649,99.3815,-0.1069,-0.0,-0.0,-146.7336,101.234 98.927 0 0,-0.0674,False,True,0.3956
417,follow_figure8,102.2462,99.3746,-0.1036,-0.0,-0.0,-146.9941,101.234 98.927 0 0,-0.0682,False,True,0.3983
418,follow_figure8,102.2273,99.3678,-0.0994,-0.0,-0.0,-147.257,101.212 98.9401 0 0,-0.0689,False,True,0.4011
419,follow_figure8,102.2083,99.3611,-0.0944,-0.0,-0.0,-147.5229,101.212 98.9401 0 0,-0.0698,False,True,0.4039
420,follow_figure8,102.1891,99.3543,-0.0889,-0.0,-0.0,-147.792,101.191 98.9533 0 0,-0.0705,False,True,0.4063
421,follow_figure8,102.1698,99.3476,-0.0829,-0.0,-0.0,-148.0651,101.191 98.9533 0 0,-0.0714,False,True,0.4088
422,follow_figure8,102.1504,99.3409,-0.0768,-0.0,-0.0,-148.3423,101.169 98.9668 0 0,-0.0723,False,True,0.4113
423,follow_figure8,102.1308,99.3342,-0.0706,-0.0,-0.0,-148.6244,101.148 98.9804 0 0,-0.0732,False,True,0.4135
424,follow_figure8,102.1111,99.3275,-0.0646,-0.0,-0.0,-148.9132,101.148 98.9804 0 0,-0.0743,False,True,0.4158
425,follow_figure8,102.0913,99.3209,-0.059,-0.0,-0.0,-149.2089,101.127 98.9944 0 0,-0.0753,False,True,0.4181
426,follow_figure8,102.0714,99.3143,-0.0538,-0.0,-0.0,-149.512,101.106 99.0084 0 0,-0.0764,False,True,0.4202
427,follow_figure8,102.0513,99.3078,-0.0494,-0.0,-0.0,-149.8242,101.106 99.0084 0 0,-0.0776,False,True,0.4223
428,follow_figure8,102.0311,99.3012,-0.0457,-0.0,-0.0,-150.1455,101.085 99.0228 0 0,-0.0787,False,True,0.4243
429,follow_figure8,102.0108,99.2948,-0.043,-0.0,-0.0,-150.4762,101.064 99.0372 0 0,-0.0799,False,True,0.4262
430,follow_figure8,101.9904,99.2883,-0.0412,-0.0,-0.0,-150.8179,101.044 99.0519 0 0,-0.0811,False,True,0.4281
431,follow_figure8,101.9699,99.2819,-0.0404,-0.0,-0.0,-151.172,101.023 99.0667 0 0,-0.0825,False,True,0.4301
432,follow_figure8,101.9492,99.2755,-0.0408,-0.0,-0.0,-151.5398,101.023 99.0667 0 0,-0.0839,False,True,0.432
433,follow_figure8,101.9285,99.2692,-0.0422,-0.0,-0.0,-151.9208,100.982 99.0968 0 0,-0.0852,False,True,0.4337
434,follow_figure8,101.9076,99.2629,-0.0446,-0.0,-0.0,-152.3164,100.962 99.1122 0 0,-0.0868,False,True,0.4355
435,follow_figure8,101.8867,99.2566,-0.048,-0.0,-0.0,-152.7289,100.942 99.1276 0 0,-0.0884,False,True,0.4371
436,follow_figure8,101.8656,99.2504,-0.0523,-0.0,-0.0,-153.1588,100.922 99.1432 0 0,-0.0901,False,True,0.4389
437,follow_figure8,101.8445,99.2443,-0.0573,-0.0,-0.0,-153.6068,100.882 99.1746 0 0,-0.0918,False,True,0.4407
438,follow_figure8,101.8232,99.2382,-0.0628,-0.0,-0.0,-154.0745,100.863 99.1905 0 0,-0.0937,False,True,0.4423
439,follow_figure8,101.8019,99.2321,-0.0687,-0.0,-0.0,-154.5634,100.785 99.2551 0 0,-0.0956,False,True,0.4441
440,follow_figure8,101.7804,99.2261,-0.0749,-0.0,-0.0,-155.0772,100.708 99.3211 0 0,-0.0981,False,True,0.446
441,follow_figure8,101.7588,99.2201,-0.081,-0.0,-0.0,-155.6222,100.557 99.4567 0 0,-0.1009,False,True,0.448
442,follow_figure8,101.7371,99.2142,-0.087,-0.0,-0.0,-156.2067,100.483 99.5257 0 0,-0.1046,False,True,0.4507
443,follow_figure8,101.7152,99.2083,-0.0926,-0.0,-0.0,-156.8362,100.447 99.5606 0 0,-0.1083,False,True,0.4536
444,follow_figure8,101.6931,99.2025,-0.0977,-0.0,-0.0,-157.5095,100.41 99.5956 0 0,-0.1119,False,True,0.4569
445,follow_figure8,101.6708,99.1967,-0.1021,-0.0,-0.0,-158.2236,100.374 99.6307 0 0,-0.1153,False,True,0.4602
446,follow_figure8,101.6483,99.191,-0.1056,-0.0,-0.0,-158.9752,100.337 99.6659 0 0,-0.1184,False,True,0.4635
447,follow_figure8,101.6257,99.1853,-0.1083,-0.0,-0.0,-159.7613,100.319 99.6836 0 0,-0.1214,False,True,0.4669
448,follow_figure8,101.6029,99.1797,-0.11,-0.0,-0.0,-160.5786,100.301 99.7013 0 0,-0.1241,False,True,0.4703
449,follow_figure8,101.5798,99.1741,-0.1107,-0.0,-0.0,-161.4232,100.283 99.719 0 0,-0.1265,False,True,0.4738
450,follow_figure8,101.5566,99.1687,-0.1103,-0.0,-0.0,-162.292,100.265 99.7367 0 0,-0.1287,False,True,0.477
451,follow_figure8,101.5332,99.1634,-0.1089,-0.0,-0.0,-163.1821,100.247 99.7545 0 0,-0.1307,False,True,0.4805
452,follow_figure8,101.5096,99.1581,-0.1064,-0.0,-0.0,-164.0911,100.229 99.7722 0 0,-0.1326,False,True,0.4839
453,follow_figure8,101.4858,99.1529,-0.1029,-0.0,-0.0,-165.0171,100.211 99.79 0 0,-0.1343,False,True,0.4869
454,follow_figure8,101.4618,99.1479,-0.0986,-0.0,-0.0,-165.9584,100.193 99.8078 0 0,-0.136,False,True,0.4904
455,follow_figure8,101.4376,99.143,-0.0936,-0.0,-0.0,-166.9138,100.175 99.8257 0 0,-0.1376,False,True,0.4935
456,follow_figure8,101.4132,99.1382,-0.088,-0.0,-0.0,-167.8822,100.157 99.8435 0 0,-0.1391,False,True,0.4966
457,follow_figure8,101.3887,99.1335,-0.0821,-0.0,-0.0,-168.8628,100.139 99.8614 0 0,-0.1406,False,True,0.4999
458,follow_figure8,101.364,99.1289,-0.0759,-0.0,-0.0,-169.8549,100.121 99.8792 0 0,-0.142,False,True,0.503
459,follow_figure8,101.339,99.1245,-0.0698,-0.0,-0.0,-170.8581,100.103 99.8971 0 0,-0.1434,False,True,0.5061
460,follow_figure8,101.3139,99.1202,-0.0639,-0.0,-0.0,-171.8718,100.085 99.915 0 0,-0.1448,False,True,0.5091
461,follow_figure8,101.2887,99.1161,-0.0583,-0.0,-0.0,-172.8956,100.067 99.9329 0 0,-0.1461,False,True,0.512
462,follow_figure8,101.2632,99.1122,-0.0533,-0.0,-0.0,-173.929,100.067 99.9329 0 0,-0.1474,False,True,0.5148
463,follow_figure8,101.2376,99.1084,-0.049,-0.0,-0.0,-174.9713,100.049 99.9508 0 0,-0.1486,False,True,0.5178
464,follow_figure8,101.2119,99.1048,-0.0455,-0.0,-0.0,-176.0215,100.031 99.9687 0 0,-0.1497,False,True,0.5205
465,follow_figure8,101.1859,99.1013,-0.0428,-0.0,-0.0,-177.0792,100.013 99.9866 0 0,-0.1507,False,True,0.5232
466,follow_figure8,101.1598,99.0981,-0.0412,-0.0,-0.0,-178.1434,99.9955 100.004 0 0,-0.1517,False,True,0.5257
467,follow_figure8,101.1336,99.095,-0.0406,-0.0,-0.0,-179.2134,99.9955 100.004 0 0,-0.1525,False,True,0.5281
468,follow_figure8,101.1072,99.0922,-0.0411,-0.0,0.0,179.7121,99.9776 100.022 0 0,-0.1533,False,True,0.5307
469,follow_figure8,101.0807,99.0896,-0.0426,-0.0,0.0,178.6345,99.9597 100.04 0 0,-0.154,False,True,0.533
470,follow_figure8,101.0541,99.0871,-0.0452,-0.0,0.0,177.5549,99.9418 100.058 0 0,-0.1545,False,True,0.5352
471,follow_figure8,101.0273,99.0849,-0.0487,-0.0,0.0,176.4746,99.9239 100.076 0 0,-0.1549,False,True,0.5374
472,follow_figure8,101.0004,99.083,-0.053,-0.0,0.0,175.3953,99.906 100.094 0 0,-0.1553,False,True,0.5394
473,follow_figure8,100.9734,99.0813,-0.0581,-0.0,0.0,174.3182,99.906 100.094 0 0,-0.1555,False,True,0.5415
474,follow_figure8,100.9462,99.0798,-0.0636,-0.0,0.0,173.245,99.8881 100.112 0 0,-0.1556,False,True,0.5435
475,follow_figure8,100.919,99.0786,-0.0696,-0.0,0.0,172.1772,99.8701 100.13 0 0,-0.1556,False,True,0.5453
476,follow_figure8,100.8916,99.0777,-0.0757,-0.0,0.0,171.116,99.8522 100.148 0 0,-0.1555,False,True,0.547
477,follow_figure8,100.8642,99.0771,-0.0818,-0.0,0.0,170.0626,99.8342 100.165 0 0,-0.1552,False,True,0.5487
478,follow_figure8,100.8367,99.0767,-0.0877,-0.0,0.0,169.0182,99.8342 100.165 0 0,-0.1549,False,True,0.5504
479,follow_figure8,100.8091,99.0767,-0.0932,-0.0,0.0,167.9836,99.8163 100.183 0 0,-0.1545,False,True,0.5519
480,follow_figure8,100.7814,99.077,-0.0982,-0.0,0.0,166.9594,99.7983 100.201 0 0,-0.1541,False,True,0.5533
481,follow_figure8,100.7537,99.0776,-0.1024,-0.0,0.0,165.9461,99.7803 100.219 0 0,-0.1536,False,True,0.5548
482,follow_figure8,100.7259,99.0785,-0.1059,-0.0,0.0,164.944,99.7623 100.237 0 0,-0.153,False,True,0.5562
483,follow_figure8,100.6981,99.0798,-0.1085,-0.0,0.0,163.9532,99.7442 100.254 0 0,-0.1524,False,True,0.5574
484,follow_figure8,100.6702,99.0814,-0.11,-0.0,0.0,162.9735,99.7442 100.254 0 0,-0.1518,False,True,0.5588
485,follow_figure8,100.6423,99.0834,-0.1106,-0.0,0.0,162.0046,99.7262 100.272 0 0,-0.1513,False,True,0.5601
486,follow_figure8,100.6143,99.0858,-0.11,-0.0,0.0,161.0459,99.7081 100.29 0 0,-0.1507,False,True,0.5612
487,follow_figure8,100.5863,99.0885,-0.1084,-0.0,0.0,160.0968,99.69 100.308 0 0,-0.1501,False,True,0.5624
488,follow_figure8,100.5583,99.0916,-0.1058,-0.0,0.0,159.1567,99.6719 100.325 0 0,-0.1496,False,True,0.5634
489,follow_figure8,100.5303,99.0951,-0.1022,-0.0,0.0,158.2249,99.6537 100.343 0 0,-0.1492,False,True,0.5647
490,follow_figure8,100.5023,99.0989,-0.0979,-0.0,0.0,157.3006,99.6355 100.36 0 0,-0.1488,False,True,0.5656
491,follow_figure8,100.4742,99.1031,-0.0928,-0.0,0.0,156.3831,99.6173 100.378 0 0,-0.1484,False,True,0.5668
492,follow_figure8,100.4462,99.1076,-0.0872,-0.0,0.0,155.4715,99.6173 100.378 0 0,-0.1481,False,True,0.5678
493,follow_figure8,100.4182,99.1124,-0.0812,-0.0,0.0,154.5649,99.5991 100.396 0 0,-0.1478,False,True,0.5686
494,follow_figure8,100.3902,99.1176,-0.0751,-0.0,0.0,153.6622,99.5808 100.413 0 0,-0.1476,False,True,0.5694
495,follow_figure8,100.3622,99.1231,-0.069,-0.0,0.0,152.7629,99.5625 100.431 0 0,-0.1474,False,True,0.5703
496,follow_figure8,100.3343,99.1289,-0.0632,-0.0,0.0,151.8665,99.5442 100.448 0 0,-0.1472,False,True,0.5708
497,follow_figure8,100.3064,99.135,-0.0577,-0.0,0.0,150.9727,99.5258 100.466 0 0,-0.1471,False,True,0.5714
498,follow_figure8,100.2785,99.1414,-0.0528,-0.0,0.0,150.0812,99.5074 100.483 0 0,-0.1469,False,True,0.5718
499,follow_figure8,100.2507,99.1481,-0.0486,-0.0,0.0,149.1919,99.4889 100.5 0 0,-0.1467,False,True,0.5723
500,follow_figure8,100.2229,99.155,-0.0452,-0.0,0.0,148.3048,99.4704 100.517 0 0,-0.1464,False,True,0.5726
501,follow_figure8,100.1952,99.1622,-0.0427,-0.0,0.0,147.4202,99.4519 100.535 0 0,-0.1462,False,True,0.5727
502,follow_figure8,100.1675,99.1696,-0.0412,-0.0,0.0,146.5385,99.4333 100.552 0 0,-0.1459,False,True,0.5729
503,follow_figure8,100.1399,99.1772,-0.0408,-0.0,0.0,145.66,99.4146 100.569 0 0,-0.1455,False,True,0.5729
504,follow_figure8,100.1123,99.185,-0.0414,-0.0,0.0,144.7854,99.3959 100.586 0 0,-0.145,False,True,0.5726
505,follow_figure8,100.0849,99.1931,-0.043,-0.0,0.0,143.9156,99.3772 100.603 0 0,-0.1445,False,True,0.5724
506,follow_figure8,100.0575,99.2013,-0.0457,-0.0,0.0,143.0512,99.3584 100.62 0 0,-0.144,False,True,0.5721
507,follow_figure8,100.0302,99.2097,-0.0493,-0.0,0.0,142.1933,99.3395 100.637 0 0,-0.1433,False,True,0.5716
508,follow_figure8,100.0029,99.2183,-0.0537,-0.0,0.0,141.3428,99.3206 100.654 0 0,-0.1426,False,True,0.571
509,follow_figure8,99.9758,99.227,-0.0588,-0.0,0.0,140.5007,99.3206 100.654 0 0,-0.1417,False,True,0.5701
510,follow_figure8,99.9487,99.2359,-0.0645,-0.0,0.0,139.6676,99.3016 100.67 0 0,-0.1409,False,True,0.5693
511,follow_figure8,99.9218,99.2449,-0.0704,-0.0,0.0,138.844,99.2826 100.687 0 0,-0.14,False,True,0.5683
512,follow_figure8,99.895,99.254,-0.0765,-0.0,0.0,138.0309,99.2634 100.704 0 0,-0.139,False,True,0.5672
513,follow_figure8,99.8682,99.2633,-0.0826,-0.0,0.0,137.2291,99.2442 100.72 0 0,-0.138,False,True,0.5659
514,follow_figure8,99.8416,99.2726,-0.0884,-0.0,0.0,136.4395,99.225 100.737 0 0,-0.1368,False,True,0.5646
515,follow_figure8,99.8151,99.2821,-0.0938,-0.0,0.0,135.6626,99.2056 100.753 0 0,-0.1356,False,True,0.5631
516,follow_figure8,99.7886,99.2917,-0.0987,-0.0,0.0,134.899,99.1862 100.769 0 0,-0.1344,False,True,0.5618
517,follow_figure8,99.7624,99.3013,-0.1029,-0.0,0.0,134.1489,99.1667 100.785 0 0,-0.1332,False,True,0.5601
518,follow_figure8,99.7362,99.311,-0.1062,-0.0,0.0,133.4126,99.1472 100.801 0 0,-0.1319,False,True,0.5585
519,follow_figure8,99.7101,99.3208,-0.1086,-0.0,0.0,132.69,99.1275 100.817 0 0,-0.1306,False,True,0.5569
520,follow_figure8,99.6842,99.3307,-0.11,-0.0,0.0,131.9811,99.1078 100.833 0 0,-0.1293,False,True,0.555
521,follow_figure8,99.6584,99.3406,-0.1104,-0.0,0.0,131.2856,99.088 100.849 0 0,-0.128,False,True,0.5531
522,follow_figure8,99.6327,99.3506,-0.1097,-0.0,0.0,130.6032,99.068 100.865 0 0,-0.1268,False,True,0.5512
523,follow_figure8,99.6071,99.3606,-0.108,-0.0,0.0,129.9335,99.048 100.88 0 0,-0.1256,False,True,0.5493
524,follow_figure8,99.5817,99.3707,-0.1053,-0.0,0.0,129.276,99.0278 100.895 0 0,-0.1244,False,True,0.5473
525,follow_figure8,99.5564,99.3809,-0.1016,-0.0,0.0,128.6301,99.0076 100.911 0 0,-0.1232,False,True,0.5454
526,follow_figure8,99.5312,99.3911,-0.0971,-0.0,0.0,127.9953,98.9872 100.926 0 0,-0.1221,False,True,0.5432
527,follow_figure8,99.5061,99.4013,-0.092,-0.0,0.0,127.3711,98.9668 100.941 0 0,-0.121,False,True,0.5411
528,follow_figure8,99.4812,99.4115,-0.0864,-0.0,0.0,126.7568,98.9462 100.955 0 0,-0.12,False,True,0.5389
529,follow_figure8,99.4564,99.4218,-0.0804,-0.0,0.0,126.152,98.9255 100.97 0 0,-0.119,False,True,0.5368
530,follow_figure8,99.4318,99.4322,-0.0743,-0.0,0.0,125.5562,98.9047 100.984 0 0,-0.1181,False,True,0.5345
531,follow_figure8,99.4073,99.4425,-0.0683,-0.0,0.0,124.969,98.8837 100.999 0 0,-0.1171,False,True,0.5322
532,follow_figure8,99.3829,99.4529,-0.0625,-0.0,0.0,124.3899,98.8626 101.013 0 0,-0.1162,False,True,0.53
533,follow_figure8,99.3586,99.4633,-0.0571,-0.0,0.0,123.8189,98.8414 101.026 0 0,-0.1153,False,True,0.5277
534,follow_figure8,99.3345,99.4737,-0.0523,-0.0,0.0,123.2557,98.8201 101.04 0 0,-0.1144,False,True,0.5252
535,follow_figure8,99.3106,99.4842,-0.0482,-0.0,0.0,122.7002,98.7986 101.053 0 0,-0.1135,False,True,0.523
536,follow_figure8,99.2867,99.4946,-0.0449,-0.0,0.0,122.1525,98.7769 101.066 0 0,-0.1126,False,True,0.5206
537,follow_figure8,99.263,99.5051,-0.0425,-0.0,0.0,121.6126,98.7551 101.079 0 0,-0.1117,False,True,0.5181
538,follow_figure8,99.2395,99.5156,-0.0412,-0.0,0.0,121.0808,98.7332 101.092 0 0,-0.1107,False,True,0.5158
539,follow_figure8,99.2161,99.5261,-0.0409,-0.0,0.0,120.5574,98.711 101.104 0 0,-0.1097,False,True,0.5133
540,follow_figure8,99.1928,99.5367,-0.0416,-0.0,0.0,120.0428,98.6887 101.116 0 0,-0.1087,False,True,0.5108
541,follow_figure8,99.1697,99.5472,-0.0434,-0.0,0.0,119.5373,98.6663 101.128 0 0,-0.1076,False,True,0.5083
542,follow_figure8,99.1467,99.5578,-0.0462,-0.0,0.0,119.0416,98.6436 101.139 0 0,-0.1066,False,True,0.5059
543,follow_figure8,99.1238,99.5683,-0.0499,-0.0,0.0,118.5561,98.6208 101.15 0 0,-0.1055,False,True,0.5034
544,follow_figure8,99.1011,99.5789,-0.0545,-0.0,0.0,118.0814,98.5977 101.161 0 0,-0.1043,False,True,0.5009
545,follow_figure8,99.0786,99.5895,-0.0596,-0.0,0.0,117.6181,98.5745 101.171 0 0,-0.1031,False,True,0.4982
546,follow_figure8,99.0562,99.6,-0.0653,-0.0,0.0,117.1668,98.5511 101.18 0 0,-0.1019,False,True,0.4959
547,follow_figure8,99.0339,99.6106,-0.0713,-0.0,0.0,116.728,98.5275 101.19 0 0,-0.1006,False,True,0.4932
548,follow_figure8,99.0117,99.6212,-0.0773,-0.0,0.0,116.3023,98.5038 101.198 0 0,-0.0993,False,True,0.4908
549,follow_figure8,98.9897,99.6318,-0.0834,-0.0,0.0,115.8901,98.5038 101.198 0 0,-0.0979,False,True,0.4881
550,follow_figure8,98.9679,99.6423,-0.0891,-0.0,0.0,115.4909,98.4798 101.206 0 0,-0.0967,False,True,0.4856
551,follow_figure8,98.9462,99.6529,-0.0945,-0.0,0.0,115.1041,98.4556 101.214 0 0,-0.0954,False,True,0.483
552,follow_figure8,98.9246,99.6635,-0.0992,-0.0,0.0,114.7303,98.4313 101.221 0 0,-0.0941,False,True,0.4804
553,follow_figure8,98.9032,99.674,-0.1033,-0.0,0.0,114.3698,98.4068 101.227 0 0,-0.0928,False,True,0.4777
554,follow_figure8,98.8819,99.6845,-0.1065,-0.0,0.0,114.0229,98.3821 101.233 0 0,-0.0914,False,True,0.4753
555,follow_figure8,98.8607,99.6951,-0.1088,-0.0,0.0,113.6897,98.3573 101.238 0 0,-0.0901,False,True,0.4727
556,follow_figure8,98.8397,99.7056,-0.11,-0.0,0.0,113.3706,98.3323 101.242 0 0,-0.0886,False,True,0.47
557,follow_figure8,98.8188,99.7161,-0.1103,-0.0,0.0,113.0655,98.3072 101.245 0 0,-0.0873,False,True,0.4675
558,follow_figure8,98.798,99.7265,-0.1095,-0.0,0.0,112.7746,98.282 101.248 0 0,-0.0859,False,True,0.4649
559,follow_figure8,98.7774,99.737,-0.1076,-0.0,0.0,112.4979,98.2568 101.249 0 0,-0.0845,False,True,0.4624
560,follow_figure8,98.7569,99.7474,-0.1048,-0.0,0.0,112.2355,98.2315 101.249 0 0,-0.0831,False,True,0.4599
561,follow_figure8,98.7366,99.7578,-0.101,-0.0,0.0,111.9874,98.2062 101.249 0 0,-0.0817,False,True,0.4573
562,follow_figure8,98.7163,99.7682,-0.0964,-0.0,0.0,111.7535,98.1809 101.247 0 0,-0.0803,False,True,0.4549
563,follow_figure8,98.6962,99.7786,-0.0912,-0.0,0.0,111.534,98.1558 101.244 0 0,-0.079,False,True,0.4524
564,follow_figure8,98.6762,99.7889,-0.0855,-0.0,0.0,111.3288,98.1308 101.241 0 0,-0.0776,False,True,0.4499
565,follow_figure8,98.6564,99.7993,-0.0796,-0.0,0.0,111.138,98.106 101.236 0 0,-0.0762,False,True,0.4474
566,follow_figure8,98.6367,99.8095,-0.0735,-0.0,0.0,110.9618,98.0814 101.229 0 0,-0.0749,False,True,0.445
567,follow_figure8,98.6171,99.8198,-0.0675,-0.0,0.0,110.8002,98.0572 101.222 0 0,-0.0735,False,True,0.4423
568,follow_figure8,98.5976,99.83,-0.0618,-0.0,0.0,110.6534,98.0334 101.213 0 0,-0.0721,False,True,0.4401
569,follow_figure8,98.5782,99.8402,-0.0565,-0.0,0.0,110.5216,98.01 101.204 0 0,-0.0708,False,True,0.4377
570,follow_figure8,98.559,99.8503,-0.0517,-0.0,0.0,110.405,97.9871 101.193 0 0,-0.0694,False,True,0.4352
571,follow_figure8,98.5398,99.8605,-0.0478,-0.0,0.0,110.3039,97.9647 101.181 0 0,-0.0679,False,True,0.4328
572,follow_figure8,98.5208,99.8705,-0.0446,-0.0,0.0,110.2184,97.943 101.168 0 0,-0.0665,False,True,0.4304
573,follow_figure8,98.5019,99.8805,-0.0424,-0.0,0.0,110.1488,97.9219 101.154 0 0,-0.065,False,True,0.428
574,follow_figure8,98.4831,99.8905,-0.0412,-0.0,0.0,110.0953,97.9012 101.14 0 0,-0.0636,False,True,0.4257
575,follow_figure8,98.4644,99.9005,-0.041,-0.0,0.0,110.0583,97.8814 101.124 0 0,-0.0621,False,True,0.4234
576,follow_figure8,98.4458,99.9103,-0.0419,-0.0,0.0,110.0379,97.8622 101.108 0 0,-0.0606,False,True,0.421
577,follow_figure8,98.4273,99.9202,-0.0438,-0.0,0.0,110.0344,97.8437 101.09 0 0,-0.0597,False,True,0.4186
578,follow_figure8,98.409,99.9299,-0.0467,-0.0,0.0,110.048,97.6535 99.1912 0 0,-0.0606,False,True,0.4162
579,follow_figure8,98.3907,99.9396,-0.0506,-0.0,0.0,110.2204,98.244 98.7506 0 0,-0.0803,False,True,0.4136
580,follow_figure8,98.3726,99.9492,-0.0552,-0.0,0.0,110.6793,98.244 98.7506 0 0,-0.0999,False,True,0.4108
581,follow_figure8,98.3545,99.9587,-0.0604,-0.0,0.0,111.4247,98.244 98.7506 0 0,-0.1197,False,True,0.4086
582,follow_figure8,98.3364,99.9681,-0.0661,-0.0,0.0,112.4566,98.244 98.7506 0 0,-0.1395,False,True,0.4065
583,follow_figure8,98.3184,99.9773,-0.0721,-0.0,0.0,113.7749,98.244 98.7506 0 0,-0.1594,False,True,0.4048
584,follow_figure8,98.3004,99.9864,-0.0781,-0.0,0.0,115.361,98.244 98.7506 0 0,-0.1769,False,True,0.4034
585,follow_figure8,98.2824,99.9953,-0.0841,-0.0,0.0,117.1756,98.244 98.7506 0 0,-0.1914,False,True,0.4022
586,follow_figure8,98.2643,100.004,-0.0898,-0.0,0.0,119.1778,98.244 98.7506 0 0,-0.2033,False,True,0.4016
587,follow_figure8,98.2461,100.0126,-0.0951,-0.0,0.0,121.3296,98.244 98.7506 0 0,-0.2127,False,True,0.4014
588,follow_figure8,98.2278,100.0209,-0.0998,-0.0,0.0,123.5974,98.244 98.7506 0 0,-0.22,False,True,0.4016
589,follow_figure8,98.2095,100.029,-0.1037,-0.0,0.0,125.9525,98.244 98.7506 0 0,-0.2255,False,True,0.4022
590,follow_figure8,98.1909,100.037,-0.1068,-0.0,0.0,128.3706,98.244 98.7506 0 0,-0.2294,False,True,0.4031
591,follow_figure8,98.1723,100.0448,-0.1089,-0.0,0.0,130.8322,98.244 98.7506 0 0,-0.2323,False,True,0.4045
592,follow_figure8,98.1534,100.0523,-0.1101,-0.0,0.0,133.3221,98.244 98.7506 0 0,-0.2342,False,True,0.4063
593,follow_figure8,98.1344,100.0597,-0.1102,-0.0,0.0,135.8286,98.244 98.7506 0 0,-0.2354,False,True,0.4082
594,follow_figure8,98.1152,100.0669,-0.1092,-0.0,0.0,138.3432,98.244 98.7506 0 0,-0.2362,False,True,0.4107
595,follow_figure8,98.0957,100.0739,-0.1072,-0.0,0.0,140.8598,98.244 98.7506 0 0,-0.2367,False,True,0.4133
596,follow_figure8,98.076,100.0807,-0.1042,-0.0,0.0,143.3746,98.244 98.7506 0 0,-0.237,False,True,0.4162
597,follow_figure8,98.0561,100.0873,-0.1004,-0.0,0.0,145.8853,98.244 98.7506 0 0,-0.2373,False,True,0.4194
598,follow_figure8,98.036,100.0937,-0.0957,-0.0,0.0,148.3906,98.244 98.7506 0 0,-0.2375,False,True,0.4226
599,follow_figure8,98.0156,100.0998,-0.0905,-0.0,0.0,150.8904,98.244 98.7506 0 0,-0.2378,False,True,0.4263
600,follow_figure8,97.9949,100.1058,-0.0848,-0.0,0.0,153.385,98.244 98.7506 0 0,-0.238,False,True,0.4299
601,follow_figure8,97.974,100.1115,-0.0788,-0.0,0.0,155.8749,98.244 98.7506 0 0,-0.2384,False,True,0.434
602,follow_figure8,97.9528,100.1171,-0.0727,-0.0,0.0,158.3609,98.244 98.7506 0 0,-0.2389,False,True,0.4378
603,follow_figure8,97.9314,100.1223,-0.0667,-0.0,0.0,160.8438,98.244 98.7506 0 0,-0.2394,False,True,0.442
604,follow_figure8,97.9096,100.1273,-0.0611,-0.0,0.0,163.3241,98.244 98.7506 0 0,-0.2399,False,True,0.4461
605,follow_figure8,97.8876,100.1321,-0.0558,-0.0,0.0,165.8022,98.244 98.7506 0 0,-0.2404,False,True,0.4505
606,follow_figure8,97.8653,100.1365,-0.0512,-0.0,0.0,168.2779,98.244 98.7506 0 0,-0.2409,False,True,0.4546
607,follow_figure8,97.8428,100.1407,-0.0473,-0.0,0.0,170.7508,98.244 98.7506 0 0,-0.2414,False,True,0.459
608,follow_figure8,97.8199,100.1446,-0.0443,-0.0,0.0,173.2202,98.244 98.7506 0 0,-0.2417,False,True,0.4632
609,follow_figure8,97.7968,100.1481,-0.0422,-0.0,0.0,175.6847,98.244 98.7506 0 0,-0.242,False,True,0.4675
610,follow_figure8,97.7735,100.1513,-0.0412,-0.0,0.0,178.1427,98.244 98.7506 0 0,-0.242,False,True,0.4716
611,follow_figure8,97.7498,100.1542,-0.0411,-0.0,-0.0,-179.408,98.244 98.7506 0 0,-0.2419,False,True,0.4758
612,follow_figure8,97.726,100.1566,-0.0421,-0.0,-0.0,-176.9699,98.244 98.7506 0 0,-0.2416,False,True,0.4798
613,follow_figure8,97.7019,100.1587,-0.0442,-0.0,-0.0,-174.5456,98.244 98.7506 0 0,-0.241,False,True,0.4838
614,follow_figure8,97.6775,100.1603,-0.0472,-0.0,-0.0,-172.1382,98.244 98.7506 0 0,-0.2402,False,True,0.4876
615,follow_figure8,97.653,100.1616,-0.0512,-0.0,-0.0,-169.7508,98.244 98.7506 0 0,-0.2391,False,True,0.4913
616,follow_figure8,97.6283,100.1623,-0.0559,-0.0,-0.0,-167.3864,98.244 98.7506 0 0,-0.2377,False,True,0.4948
617,follow_figure8,97.6034,100.1626,-0.0611,-0.0,-0.0,-165.0481,98.244 98.7506 0 0,-0.2361,False,True,0.4984
618,follow_figure8,97.5783,100.1624,-0.0669,-0.0,-0.0,-162.7386,98.244 98.7506 0 0,-0.2342,False,True,0.5016
619,follow_figure8,97.5531,100.1616,-0.0729,-0.0,-0.0,-160.4605,98.244 98.7506 0 0,-0.2322,False,True,0.5048
620,follow_figure8,97.5277,100.1602,-0.0789,-0.0,-0.0,-158.2157,98.244 98.7506 0 0,-0.2299,False,True,0.5079
621,follow_figure8,97.5022,100.1583,-0.0849,-0.0,-0.0,-156.0057,98.244 98.7506 0 0,-0.2275,False,True,0.5109
622,follow_figure8,97.4767,100.1558,-0.0905,-0.0,-0.0,-153.8317,98.244 98.7506 0 0,-0.2249,False,True,0.5138
623,follow_figure8,97.451,100.1527,-0.0957,-0.0,-0.0,-151.694,98.244 98.7506 0 0,-0.2223,False,True,0.5165
624,follow_figure8,97.4253,100.149,-0.1003,-0.0,-0.0,-149.5926,98.244 98.7506 0 0,-0.2197,False,True,0.5193
625,follow_figure8,97.3996,100.1446,-0.1041,-0.0,-0.0,-147.527,98.244 98.7506 0 0,-0.217,False,True,0.5217
626,follow_figure8,97.3739,100.1397,-0.1071,-0.0,-0.0,-145.4962,98.244 98.7506 0 0,-0.2144,False,True,0.5239
627,follow_figure8,97.3481,100.1343,-0.1091,-0.0,-0.0,-143.4986,98.244 98.7506 0 0,-0.2118,False,True,0.5262
628,follow_figure8,97.3224,100.1282,-0.1101,-0.0,-0.0,-141.5326,98.244 98.7506 0 0,-0.2094,False,True,0.5282
629,follow_figure8,97.2968,100.1217,-0.11,-0.0,-0.0,-139.5961,98.244 98.7506 0 0,-0.207,False,True,0.5299
630,follow_figure8,97.2711,100.1146,-0.109,-0.0,-0.0,-137.6869,98.244 98.7506 0 0,-0.2048,False,True,0.5313
631,follow_figure8,97.2456,100.107,-0.1068,-0.0,-0.0,-135.8025,98.244 98.7506 0 0,-0.2027,False,True,0.5325
632,follow_figure8,97.2202,100.099,-0.1037,-0.0,-0.0,-133.9405,98.244 98.7506 0 0,-0.2007,False,True,0.5332
633,follow_figure8,97.1949,100.0906,-0.0998,-0.0,-0.0,-132.0984,98.244 98.7506 0 0,-0.199,False,True,0.5338
634,follow_figure8,97.1697,100.0818,-0.095,-0.0,-0.0,-130.2737,98.244 98.7506 0 0,-0.1973,False,True,0.5337
635,follow_figure8,97.1446,100.0726,-0.0897,-0.0,-0.0,-128.464,98.244 98.7506 0 0,-0.1958,False,True,0.5334
636,follow_figure8,97.1198,100.0631,-0.084,-0.0,-0.0,-126.667,98.244 98.7506 0 0,-0.1944,False,True,0.5328
637,follow_figure8,97.0951,100.0532,-0.078,-0.0,-0.0,-124.8808,98.244 98.7506 0 0,-0.1931,False,True,0.5317
638,follow_figure8,97.0705,100.0431,-0.0719,-0.0,-0.0,-123.1034,98.244 98.7506 0 0,-0.192,False,True,0.5305
639,follow_figure8,97.0462,100.0328,-0.066,-0.0,-0.0,-121.3334,98.244 98.7506 0 0,-0.1908,False,True,0.5284
640,follow_figure8,97.0221,100.0222,-0.0604,-0.0,-0.0,-119.5695,98.244 98.7506 0 0,-0.1898,False,True,0.5264
641,follow_figure8,96.9983,100.0114,-0.0552,-0.0,-0.0,-117.8108,98.244 98.7506 0 0,-0.1887,False,True,0.5238
642,follow_figure8,96.9747,100.0004,-0.0507,-0.0,-0.0,-116.0567,98.244 98.7506 0 0,-0.1877,False,True,0.5209
643,follow_figure8,96.9513,99.9892,-0.0469,-0.0,-0.0,-114.307,98.244 98.7506 0 0,-0.1866,False,True,0.5177
644,follow_figure8,96.9282,99.9779,-0.044,-0.0,-0.0,-112.562,98.244 98.7506 0 0,-0.1855,False,True,0.514
645,follow_figure8,96.9054,99.9665,-0.0421,-0.0,-0.0,-110.8221,98.244 98.7506 0 0,-0.1843,False,True,0.5103
646,follow_figure8,96.8829,99.9549,-0.0411,-0.0,-0.0,-109.0881,98.244 98.7506 0 0,-0.183,False,True,0.5059
647,follow_figure8,96.8607,99.9433,-0.0413,-0.0,-0.0,-107.3613,98.244 98.7506 0 0,-0.1816,False,True,0.5016
648,follow_figure8,96.8389,99.9315,-0.0424,-0.0,-0.0,-105.643,98.244 98.7506 0 0,-0.18,False,True,0.4968
649,follow_figure8,96.8173,99.9197,-0.0446,-0.0,-0.0,-103.9351,98.244 98.7506 0 0,-0.1783,False,True,0.4918
650,follow_figure8,96.7961,99.9078,-0.0478,-0.0,-0.0,-102.2393,98.244 98.7506 0 0,-0.1764,False,True,0.4865
651,follow_figure8,96.7752,99.8958,-0.0518,-0.0,-0.0,-100.5577,98.244 98.7506 0 0,-0.1744,False,True,0.4809
652,follow_figure8,96.7547,99.8839,-0.0565,-0.0,-0.0,-98.8923,98.244 98.7506 0 0,-0.1722,False,True,0.4751
653,follow_figure8,96.7346,99.8718,-0.0619,-0.0,-0.0,-97.2452,98.244 98.7506 0 0,-0.1698,False,True,0.4692
654,follow_figure8,96.7148,99.8598,-0.0677,-0.0,-0.0,-95.6184,98.244 98.7506 0 0,-0.1673,False,True,0.4632
655,follow_figure8,96.6954,99.8477,-0.0737,-0.0,-0.0,-94.0135,98.244 98.7506 0 0,-0.1647,False,True,0.4566
656,follow_figure8,96.6764,99.8357,-0.0797,-0.0,-0.0,-92.4322,98.244 98.7506 0 0,-0.1619,False,True,0.4502
657,follow_figure8,96.6577,99.8237,-0.0856,-0.0,-0.0,-90.8757,98.244 98.7506 0 0,-0.1591,False,True,0.4435
658,follow_figure8,96.6395,99.8116,-0.0912,-0.0,-0.0,-89.345,98.2693 98.7516 0 0,-0.1562,False,True,0.4368
659,follow_figure8,96.6217,99.7996,-0.0963,-0.0,-0.0,-87.84,98.2693 98.7516 0 0,-0.1532,False,True,0.4297
660,follow_figure8,96.6043,99.7877,-0.1008,-0.0,-0.0,-86.3605,98.2693 98.7516 0 0,-0.1503,False,True,0.4229
661,follow_figure8,96.5872,99.7757,-0.1045,-0.0,-0.0,-84.9068,98.2946 98.7533 0 0,-0.1474,False,True,0.4157
662,follow_figure8,96.5706,99.7638,-0.1073,-0.0,-0.0,-83.4779,98.2946 98.7533 0 0,-0.1445,False,True,0.4086
663,follow_figure8,96.5545,99.7519,-0.1092,-0.0,-0.0,-82.073,98.2946 98.7533 0 0,-0.1417,False,True,0.4014
664,follow_figure8,96.5387,99.7401,-0.1101,-0.0,-0.0,-80.6915,98.3197 98.7564 0 0,-0.1389,False,True,0.394
665,follow_figure8,96.5233,99.7284,-0.1099,-0.0,-0.0,-79.3319,98.3197 98.7564 0 0,-0.1363,False,True,0.3869
666,follow_figure8,96.5084,99.7166,-0.1087,-0.0,-0.0,-77.9928,98.3197 98.7564 0 0,-0.1336,False,True,0.3794
667,follow_figure8,96.4939,99.705,-0.1064,-0.0,-0.0,-76.6731,98.3197 98.7564 0 0,-0.1311,False,True,0.3722
668,follow_figure8,96.4798,99.6934,-0.1032,-0.0,-0.0,-75.3718,98.3448 98.76 0 0,-0.1287,False,True,0.3645
669,follow_figure8,96.4662,99.6819,-0.0991,-0.0,-0.0,-74.0869,98.3448 98.76 0 0,-0.1264,False,True,0.3572
670,follow_figure8,96.453,99.6704,-0.0943,-0.0,-0.0,-72.8168,98.3448 98.76 0 0,-0.1242,False,True,0.3498
671,follow_figure8,96.4402,99.659,-0.089,-0.0,-0.0,-71.5605,98.3697 98.7646 0 0,-0.122,False,True,0.3424
672,follow_figure8,96.4279,99.6477,-0.0832,-0.0,-0.0,-70.3161,98.3697 98.7646 0 0,-0.12,False,True,0.3349
673,follow_figure8,96.416,99.6364,-0.0772,-0.0,-0.0,-69.0824,98.3697 98.7646 0 0,-0.1181,False,True,0.3276
674,follow_figure8,96.4045,99.6253,-0.0711,-0.0,-0.0,-67.8584,98.3697 98.7646 0 0,-0.1162,False,True,0.3202
675,follow_figure8,96.3935,99.6142,-0.0652,-0.0,-0.0,-66.6437,98.3944 98.7698 0 0,-0.1143,False,True,0.3127
676,follow_figure8,96.3829,99.6032,-0.0597,-0.0,-0.0,-65.437,98.3944 98.7698 0 0,-0.1126,False,True,0.3055
677,follow_figure8,96.3728,99.5922,-0.0546,-0.0,-0.0,-64.2377,98.3944 98.7698 0 0,-0.1108,False,True,0.2982
678,follow_figure8,96.3631,99.5814,-0.0502,-0.0,-0.0,-63.0457,98.419 98.7758 0 0,-0.1091,False,True,0.2909
679,follow_figure8,96.3538,99.5706,-0.0465,-0.0,-0.0,-61.8607,98.419 98.7758 0 0,-0.1073,False,True,0.2837
680,follow_figure8,96.345,99.5599,-0.0438,-0.0,-0.0,-60.6824,98.419 98.7758 0 0,-0.1056,False,True,0.2767
681,follow_figure8,96.3367,99.5494,-0.0419,-0.0,-0.0,-59.5117,98.419 98.7758 0 0,-0.1037,False,True,0.2695
682,follow_figure8,96.3288,99.5389,-0.0411,-0.0,-0.0,-58.3491,98.419 98.7758 0 0,-0.1019,False,True,0.2627
683,follow_figure8,96.3214,99.5285,-0.0414,-0.0,-0.0,-57.1958,98.4435 98.7823 0 0,-0.0999,False,True,0.2557
684,follow_figure8,96.3144,99.5182,-0.0427,-0.0,-0.0,-56.0522,98.4435 98.7823 0 0,-0.0979,False,True,0.2491
685,follow_figure8,96.3078,99.5079,-0.045,-0.0,-0.0,-54.9192,98.4435 98.7823 0 0,-0.0958,False,True,0.2424
686,follow_figure8,96.3018,99.4978,-0.0483,-0.0,-0.0,-53.7981,98.4677 98.7897 0 0,-0.0936,False,True,0.2359
687,follow_figure8,96.2961,99.4878,-0.0524,-0.0,-0.0,-52.6897,98.4677 98.7897 0 0,-0.0914,False,True,0.2295
688,follow_figure8,96.291,99.4779,-0.0572,-0.0,-0.0,-51.5953,98.4677 98.7897 0 0,-0.0891,False,True,0.2234
689,follow_figure8,96.2863,99.4681,-0.0627,-0.0,-0.0,-50.5162,98.4677 98.7897 0 0,-0.0867,False,True,0.2176
690,follow_figure8,96.282,99.4584,-0.0685,-0.0,-0.0,-49.4538,98.4677 98.7897 0 0,-0.0842,False,True,0.2117
691,follow_figure8,96.2782,99.4489,-0.0745,-0.0,-0.0,-48.4095,98.4677 98.7897 0 0,-0.0816,False,True,0.2062
692,follow_figure8,96.2749,99.4394,-0.0805,-0.0,-0.0,-47.3843,98.4918 98.7974 0 0,-0.0789,False,True,0.201
693,follow_figure8,96.272,99.43,-0.0864,-0.0,-0.0,-46.3786,98.4918 98.7974 0 0,-0.0763,False,True,0.1958
694,follow_figure8,96.2695,99.4208,-0.0919,-0.0,-0.0,-45.3927,98.4918 98.7974 0 0,-0.0736,False,True,0.1913
695,follow_figure8,96.2675,99.4116,-0.0969,-0.0,-0.0,-44.4273,98.5156 98.8059 0 0,-0.0708,False,True,0.1871
696,follow_figure8,96.266,99.4026,-0.1013,-0.0,-0.0,-43.4823,98.5156 98.8059 0 0,-0.0681,False,True,0.183
697,follow_figure8,96.2649,99.3937,-0.1049,-0.0,-0.0,-42.5572,98.5156 98.8059 0 0,-0.0654,False,True,0.1794
698,follow_figure8,96.2643,99.3849,-0.1076,-0.0,-0.0,-41.6523,98.5156 98.8059 0 0,-0.0627,False,True,0.1764
699,follow_figure8,96.2641,99.3762,-0.1094,-0.0,-0.0,-40.7673,98.5156 98.8059 0 0,-0.06,False,True,0.1735
700,follow_figure8,96.2644,99.3677,-0.1101,-0.0,-0.0,-39.902,98.5156 98.8059 0 0,-0.0573,False,True,0.1713
701,follow_figure8,96.2651,99.3592,-0.1098,-0.0,-0.0,-39.0557,98.5394 98.8148 0 0,-0.0547,False,True,0.1695
702,follow_figure8,96.2662,99.3509,-0.1084,-0.0,-0.0,-38.2275,98.5394 98.8148 0 0,-0.0522,False,True,0.1681
703,follow_figure8,96.2678,99.3427,-0.106,-0.0,-0.0,-37.4162,98.5394 98.8148 0 0,-0.0497,False,True,0.1674
704,follow_figure8,96.2699,99.3346,-0.1027,-0.0,-0.0,-36.6211,98.5394 98.8148 0 0,-0.0474,False,True,0.1669
705,follow_figure8,96.2723,99.3266,-0.0985,-0.0,-0.0,-35.8416,98.5628 98.8243 0 0,-0.045,False,True,0.1671
706,follow_figure8,96.2753,99.3188,-0.0936,-0.0,-0.0,-35.0763,98.5628 98.8243 0 0,-0.0428,False,True,0.1677
707,follow_figure8,96.2786,99.311,-0.0882,-0.0,-0.0,-34.324,98.5628 98.8243 0 0,-0.0407,False,True,0.1688
708,follow_figure8,96.2823,99.3034,-0.0824,-0.0,-0.0,-33.5842,98.5628 98.8243 0 0,-0.0386,False,True,0.1702
709,follow_figure8,96.2865,99.2958,-0.0764,-0.0,-0.0,-32.8563,98.5628 98.8243 0 0,-0.0366,False,True,0.1721
710,follow_figure8,96.2911,99.2884,-0.0703,-0.0,-0.0,-32.1396,98.5628 98.8243 0 0,-0.0347,False,True,0.1744
711,follow_figure8,96.2961,99.2811,-0.0645,-0.0,-0.0,-31.4337,98.5861 98.8342 0 0,-0.0328,False,True,0.1767
712,follow_figure8,96.3015,99.2739,-0.059,-0.0,-0.0,-30.7377,98.5861 98.8342 0 0,-0.031,False,True,0.1796
713,follow_figure8,96.3072,99.2669,-0.054,-0.0,-0.0,-30.0509,98.5861 98.8342 0 0,-0.0292,False,True,0.1825
714,follow_figure8,96.3134,99.2599,-0.0497,-0.0,-0.0,-29.3731,98.5861 98.8342 0 0,-0.0275,False,True,0.1859
715,follow_figure8,96.3199,99.2531,-0.0461,-0.0,-0.0,-28.7044,98.6092 98.8446 0 0,-0.0258,False,True,0.1893
716,follow_figure8,96.3268,99.2463,-0.0435,-0.0,-0.0,-28.0442,98.6092 98.8446 0 0,-0.0241,False,True,0.1929
717,follow_figure8,96.3341,99.2397,-0.0418,-0.0,-0.0,-27.3924,98.6092 98.8446 0 0,-0.0225,False,True,0.1966
718,follow_figure8,96.3417,99.2331,-0.0411,-0.0,-0.0,-26.7492,98.6092 98.8446 0 0,-0.0208,False,True,0.2004
719,follow_figure8,96.3496,99.2267,-0.0415,-0.0,-0.0,-26.1151,98.6092 98.8446 0 0,-0.0192,False,True,0.2043
720,follow_figure8,96.3579,99.2204,-0.043,-0.0,-0.0,-25.4905,98.6092 98.8446 0 0,-0.0176,False,True,0.2081
721,follow_figure8,96.3665,99.2142,-0.0454,-0.0,-0.0,-24.8759,98.6321 98.8553 0 0,-0.0159,False,True,0.2121
722,follow_figure8,96.3754,99.2081,-0.0488,-0.0,-0.0,-24.2714,98.6321 98.8553 0 0,-0.0143,False,True,0.216
723,follow_figure8,96.3846,99.2021,-0.053,-0.0,-0.0,-23.6772,98.6321 98.8553 0 0,-0.0127,False,True,0.2199
724,follow_figure8,96.3941,99.1962,-0.0579,-0.0,-0.0,-23.0938,98.6321 98.8553 0 0,-0.011,False,True,0.2238
725,follow_figure8,96.4039,99.1904,-0.0634,-0.0,-0.0,-22.522,98.6548 98.8665 0 0,-0.0094,False,True,0.2275
726,follow_figure8,96.414,99.1847,-0.0693,-0.0,-0.0,-21.9617,98.6548 98.8665 0 0,-0.0078,False,True,0.2314
727,follow_figure8,96.4243,99.1791,-0.0753,-0.0,-0.0,-21.4132,98.6548 98.8665 0 0,-0.0062,False,True,0.235
728,follow_figure8,96.4349,99.1736,-0.0813,-0.0,-0.0,-20.8769,98.6548 98.8665 0 0,-0.0046,False,True,0.2388
729,follow_figure8,96.4457,99.1681,-0.0871,-0.0,-0.0,-20.3533,98.6548 98.8665 0 0,-0.003,False,True,0.2422
730,follow_figure8,96.4568,99.1628,-0.0926,-0.0,-0.0,-19.8427,98.6548 98.8665 0 0,-0.0014,False,True,0.2456
731,follow_figure8,96.4681,99.1576,-0.0975,-0.0,-0.0,-19.3454,98.6548 98.8665 0 0,0.0002,False,True,0.249
732,follow_figure8,96.4796,99.1525,-0.1018,-0.0,-0.0,-18.8616,98.6774 98.8779 0 0,0.0018,False,True,0.2521
733,follow_figure8,96.4913,99.1474,-0.1053,-0.0,-0.0,-18.3906,98.6774 98.8779 0 0,0.0032,False,True,0.2554
734,follow_figure8,96.5033,99.1424,-0.1079,-0.0,-0.0,-17.932,98.6774 98.8779 0 0,0.0047,False,True,0.2585
735,follow_figure8,96.5154,99.1376,-0.1095,-0.0,-0.0,-17.4857,98.6998 98.8898 0 0,0.0061,False,True,0.2612
736,follow_figure8,96.5277,99.1328,-0.1101,-0.0,-0.0,-17.0511,98.6998 98.8898 0 0,0.0075,False,True,0.2641
737,follow_figure8,96.5402,99.1281,-0.1096,-0.0,-0.0,-16.6274,98.6998 98.8898 0 0,0.0088,False,True,0.2669
738,follow_figure8,96.5528,99.1234,-0.1081,-0.0,-0.0,-16.2145,98.6998 98.8898 0 0,0.01,False,True,0.2695
739,follow_figure8,96.5656,99.1189,-0.1056,-0.0,-0.0,-15.812,98.6998 98.8898 0 0,0.0112,False,True,0.2719
740,follow_figure8,96.5786,99.1144,-0.1022,-0.0,-0.0,-15.4197,98.6998 98.8898 0 0,0.0124,False,True,0.2743
741,follow_figure8,96.5917,99.11,-0.0979,-0.0,-0.0,-15.0371,98.6998 98.8898 0 0,0.0134,False,True,0.2764
742,follow_figure8,96.6049,99.1057,-0.0929,-0.0,-0.0,-14.664,98.722 98.9019 0 0,0.0145,False,True,0.2785
743,follow_figure8,96.6183,99.1014,-0.0874,-0.0,-0.0,-14.2994,98.722 98.9019 0 0,0.0154,False,True,0.2806
744,follow_figure8,96.6318,99.0972,-0.0816,-0.0,-0.0,-13.9424,98.722 98.9019 0 0,0.0163,False,True,0.2826
745,follow_figure8,96.6454,99.0931,-0.0756,-0.0,-0.0,-13.5927,98.722 98.9019 0 0,0.0171,False,True,0.2842
746,follow_figure8,96.6591,99.0891,-0.0695,-0.0,-0.0,-13.2502,98.7441 98.9144 0 0,0.0179,False,True,0.2859
747,follow_figure8,96.6729,99.0851,-0.0637,-0.0,-0.0,-12.914,98.7441 98.9144 0 0,0.0186,False,True,0.2876
748,follow_figure8,96.6868,99.0812,-0.0583,-0.0,-0.0,-12.5834,98.7441 98.9144 0 0,0.0192,False,True,0.2891
749,follow_figure8,96.7008,99.0773,-0.0534,-0.0,-0.0,-12.2584,98.7441 98.9144 0 0,0.0199,False,True,0.2906
750,follow_figure8,96.7149,99.0735,-0.0492,-0.0,-0.0,-11.9389,98.7441 98.9144 0 0,0.0205,False,True,0.2917
751,follow_figure8,96.7291,99.0698,-0.0458,-0.0,-0.0,-11.6248,98.7441 98.9144 0 0,0.0211,False,True,0.293
752,follow_figure8,96.7433,99.0661,-0.0432,-0.0,-0.0,-11.3161,98.766 98.927 0 0,0.0217,False,True,0.2941
753,follow_figure8,96.7576,99.0625,-0.0417,-0.0,-0.0,-11.0124,98.766 98.927 0 0,0.0222,False,True,0.295
754,follow_figure8,96.772,99.059,-0.0412,-0.0,-0.0,-10.7132,98.766 98.927 0 0,0.0227,False,True,0.2961
755,follow_figure8,96.7864,99.0555,-0.0417,-0.0,-0.0,-10.4187,98.766 98.927 0 0,0.0232,False,True,0.2968
756,follow_figure8,96.8009,99.0521,-0.0432,-0.0,-0.0,-10.1291,98.7877 98.94 0 0,0.0237,False,True,0.2978
757,follow_figure8,96.8154,99.0487,-0.0458,-0.0,-0.0,-9.844,98.7877 98.94 0 0,0.0241,False,True,0.2983
758,follow_figure8,96.83,99.0454,-0.0493,-0.0,-0.0,-9.5632,98.7877 98.94 0 0,0.0246,False,True,0.2991
759,follow_figure8,96.8447,99.0421,-0.0536,-0.0,-0.0,-9.2871,98.7877 98.94 0 0,0.025,False,True,0.2997
760,follow_figure8,96.8593,99.0389,-0.0586,-0.0,-0.0,-9.0158,98.7877 98.94 0 0,0.0255,False,True,0.3001
761,follow_figure8,96.874,99.0357,-0.0642,-0.0,-0.0,-8.7497,98.7877 98.94 0 0,0.0259,False,True,0.3004
762,follow_figure8,96.8887,99.0326,-0.07,-0.0,-0.0,-8.4891,98.8093 98.9532 0 0,0.0264,False,True,0.3009
763,follow_figure8,96.9035,99.0296,-0.0761,-0.0,-0.0,-8.2336,98.8093 98.9532 0 0,0.0268,False,True,0.3012
764,follow_figure8,96.9182,99.0266,-0.0821,-0.0,-0.0,-7.983,98.8093 98.9532 0 0,0.0272,False,True,0.3013
765,follow_figure8,96.933,99.0236,-0.0879,-0.0,-0.0,-7.7375,98.8093 98.9532 0 0,0.0275,False,True,0.3014
766,follow_figure8,96.9478,99.0207,-0.0933,-0.0,-0.0,-7.4974,98.8307 98.9667 0 0,0.028,False,True,0.3017
767,follow_figure8,96.9626,99.0178,-0.0981,-0.0,-0.0,-7.2621,98.8307 98.9667 0 0,0.0283,False,True,0.3017
768,follow_figure8,96.9774,99.015,-0.1023,-0.0,-0.0,-7.0313,98.8307 98.9667 0 0,0.0287,False,True,0.3018
769,follow_figure8,96.9923,99.0122,-0.1057,-0.0,-0.0,-6.8051,98.8307 98.9667 0 0,0.029,False,True,0.3016
770,follow_figure8,97.0071,99.0095,-0.1081,-0.0,-0.0,-6.5837,98.8307 98.9667 0 0,0.0294,False,True,0.3016
771,follow_figure8,97.0219,99.0068,-0.1096,-0.0,-0.0,-6.3671,98.8521 98.9804 0 0,0.0297,False,True,0.3015
772,follow_figure8,97.0368,99.0041,-0.1101,-0.0,-0.0,-6.1547,98.8521 98.9804 0 0,0.03,False,True,0.3013
773,follow_figure8,97.0516,99.0015,-0.1095,-0.0,-0.0,-5.9459,98.8521 98.9804 0 0,0.0302,False,True,0.3012
774,follow_figure8,97.0664,98.999,-0.1078,-0.0,-0.0,-5.7408,98.8521 98.9804 0 0,0.0305,False,True,0.3009
775,follow_figure8,97.0812,98.9964,-0.1052,-0.0,-0.0,-5.5394,98.8732 98.9943 0 0,0.0307,False,True,0.3004
776,follow_figure8,97.096,98.994,-0.1016,-0.0,-0.0,-5.3409,98.8732 98.9943 0 0,0.0309,False,True,0.3003
777,follow_figure8,97.1108,98.9915,-0.0973,-0.0,-0.0,-5.1447,98.8732 98.9943 0 0,0.031,False,True,0.2999
778,follow_figure8,97.1256,98.9891,-0.0922,-0.0,-0.0,-4.9509,98.8732 98.9943 0 0,0.0311,False,True,0.2996
779,follow_figure8,97.1404,98.9867,-0.0867,-0.0,-0.0,-4.7594,98.8732 98.9943 0 0,0.0312,False,True,0.2991
780,follow_figure8,97.1551,98.9844,-0.0808,-0.0,-0.0,-4.5702,98.8732 98.9943 0 0,0.0313,False,True,0.2986
781,follow_figure8,97.1698,98.9821,-0.0748,-0.0,-0.0,-4.3833,98.8942 99.0084 0 0,0.0314,False,True,0.2982
782,follow_figure8,97.1845,98.9798,-0.0688,-0.0,-0.0,-4.1978,98.8942 99.0084 0 0,0.0314,False,True,0.2975
783,follow_figure8,97.1992,98.9776,-0.063,-0.0,-0.0,-4.0133,98.8942 99.0084 0 0,0.0314,False,True,0.2971
784,follow_figure8,97.2139,98.9754,-0.0576,-0.0,-0.0,-3.8298,98.9151 99.0227 0 0,0.0314,False,True,0.2965
785,follow_figure8,97.2285,98.9732,-0.0528,-0.0,-0.0,-3.6467,98.9151 99.0227 0 0,0.0312,False,True,0.2958
786,follow_figure8,97.2431,98.9711,-0.0487,-0.0,-0.0,-3.4634,98.9151 99.0227 0 0,0.0312,False,True,0.2954
787,follow_figure8,97.2577,98.969,-0.0454,-0.0,-0.0,-3.2802,98.9151 99.0227 0 0,0.0311,False,True,0.2948
788,follow_figure8,97.2723,98.9669,-0.043,-0.0,-0.0,-3.0971,98.9151 99.0227 0 0,0.031,False,True,0.294
789,follow_figure8,97.2868,98.9649,-0.0416,-0.0,-0.0,-2.9145,98.9358 99.0372 0 0,0.031,False,True,0.2933
790,follow_figure8,97.3013,98.9629,-0.0412,-0.0,-0.0,-2.7317,98.9358 99.0372 0 0,0.0309,False,True,0.2928
791,follow_figure8,97.3158,98.961,-0.0418,-0.0,-0.0,-2.5484,98.9358 99.0372 0 0,0.0307,False,True,0.292
792,follow_figure8,97.3302,98.959,-0.0435,-0.0,-0.0,-2.3649,98.9358 99.0372 0 0,0.0306,False,True,0.2913
793,follow_figure8,97.3446,98.9571,-0.0462,-0.0,-0.0,-2.1815,98.9564 99.0519 0 0,0.0305,False,True,0.2906
794,follow_figure8,97.359,98.9553,-0.0499,-0.0,-0.0,-1.9977,98.9564 99.0519 0 0,0.0304,False,True,0.2899
795,follow_figure8,97.3733,98.9534,-0.0543,-0.0,-0.0,-1.8134,98.9564 99.0519 0 0,0.0302,False,True,0.289
796,follow_figure8,97.3876,98.9516,-0.0594,-0.0,-0.0,-1.6289,98.9564 99.0519 0 0,0.0301,False,True,0.2884
797,follow_figure8,97.4019,98.9499,-0.0649,-0.0,-0.0,-1.4445,98.9564 99.0519 0 0,0.03,False,True,0.2875
798,follow_figure8,97.4161,98.9481,-0.0708,-0.0,-0.0,-1.2606,98.977 99.0667 0 0,0.0299,False,True,0.2867
799,follow_figure8,97.4303,98.9464,-0.0769,-0.0,-0.0,-1.0769,98.977 99.0667 0 0,0.0298,False,True,0.2859
800,follow_figure8,97.4445,98.9447,-0.0829,-0.0,-0.0,-0.8931,98.977 99.0667 0 0,0.0297,False,True,0.285
801,follow_figure8,97.4586,98.9431,-0.0886,-0.0,-0.0,-0.7095,98.9973 99.0818 0 0,0.0296,False,True,0.2842
802,follow_figure8,97.4727,98.9415,-0.0939,-0.0,-0.0,-0.5258,98.9973 99.0818 0 0,0.0294,False,True,0.2834
803,follow_figure8,97.4867,98.9399,-0.0987,-0.0,-0.0,-0.3417,98.9973 99.0818 0 0,0.0293,False,True,0.2827
804,follow_figure8,97.5007,98.9383,-0.1028,-0.0,-0.0,-0.1575,98.9973 99.0818 0 0,0.0292,False,True,0.2817
805,follow_figure8,97.5147,98.9368,-0.106,-0.0,0.0,0.0263,99.0177 99.0969 0 0,0.0291,False,True,0.2809
806,follow_figure8,97.5286,98.9353,-0.1084,-0.0,0.0,0.2103,99.0177 99.0969 0 0,0.0289,False,True,0.2801
807,follow_figure8,97.5425,98.9338,-0.1097,-0.0,0.0,0.3947,99.0177 99.0969 0 0,0.0288,False,True,0.2791
808,follow_figure8,97.5563,98.9324,-0.11,-0.0,0.0,0.5795,99.0378 99.1122 0 0,0.0287,False,True,0.2785
809,follow_figure8,97.5701,98.9309,-0.1093,-0.0,0.0,0.7649,99.0378 99.1122 0 0,0.0285,False,True,0.2775
810,follow_figure8,97.5839,98.9296,-0.1075,-0.0,0.0,0.9514,99.0378 99.1122 0 0,0.0284,False,True,0.2768
811,follow_figure8,97.5976,98.9282,-0.1048,-0.0,0.0,1.1387,99.0378 99.1122 0 0,0.0282,False,True,0.2758
812,follow_figure8,97.6113,98.9269,-0.1011,-0.0,0.0,1.3267,99.0579 99.1276 0 0,0.0281,False,True,0.275
813,follow_figure8,97.625,98.9256,-0.0966,-0.0,0.0,1.5159,99.0579 99.1276 0 0,0.0278,False,True,0.2741
814,follow_figure8,97.6386,98.9243,-0.0915,-0.0,0.0,1.7068,99.0579 99.1276 0 0,0.0276,False,True,0.2733
815,follow_figure8,97.6521,98.923,-0.0859,-0.0,0.0,1.8991,99.0779 99.1431 0 0,0.0274,False,True,0.2724
816,follow_figure8,97.6656,98.9218,-0.08,-0.0,0.0,2.0934,99.0779 99.1431 0 0,0.0271,False,True,0.2716
817,follow_figure8,97.6791,98.9206,-0.074,-0.0,0.0,2.2902,99.0779 99.1431 0 0,0.0268,False,True,0.2708
818,follow_figure8,97.6926,98.9195,-0.068,-0.0,0.0,2.4891,99.0779 99.1431 0 0,0.0265,False,True,0.2699
819,follow_figure8,97.706,98.9184,-0.0623,-0.0,0.0,2.6901,99.0978 99.1588 0 0,0.0262,False,True,0.269
820,follow_figure8,97.7194,98.9173,-0.057,-0.0,0.0,2.8936,99.0978 99.1588 0 0,0.0259,False,True,0.2682
821,follow_figure8,97.7327,98.9162,-0.0522,-0.0,0.0,3.0999,99.0978 99.1588 0 0,0.0255,False,True,0.2673
822,follow_figure8,97.746,98.9151,-0.0482,-0.0,0.0,3.3089,99.1176 99.1745 0 0,0.0252,False,True,0.2665
823,follow_figure8,97.7592,98.9141,-0.045,-0.0,0.0,3.521,99.1176 99.1745 0 0,0.0249,False,True,0.2657
824,follow_figure8,97.7724,98.9132,-0.0428,-0.0,0.0,3.7363,99.1176 99.1745 0 0,0.0245,False,True,0.2649
825,follow_figure8,97.7856,98.9122,-0.0415,-0.0,0.0,3.9547,99.1373 99.1904 0 0,0.0242,False,True,0.2641
826,follow_figure8,97.7987,98.9113,-0.0412,-0.0,0.0,4.1762,99.1373 99.1904 0 0,0.0238,False,True,0.2631
827,follow_figure8,97.8118,98.9104,-0.042,-0.0,0.0,4.4013,99.1569 99.2064 0 0,0.0235,False,True,0.2623
828,follow_figure8,97.8248,98.9095,-0.0439,-0.0,0.0,4.6299,99.1569 99.2064 0 0,0.0231,False,True,0.2616
829,follow_figure8,97.8379,98.9087,-0.0467,-0.0,0.0,4.8623,99.1569 99.2064 0 0,0.0228,False,True,0.2608
830,follow_figure8,97.8508,98.9079,-0.0504,-0.0,0.0,5.0978,99.1765 99.2225 0 0,0.0224,False,True,0.26
831,follow_figure8,97.8638,98.9071,-0.0549,-0.0,0.0,5.3365,99.1765 99.2225 0 0,0.0221,False,True,0.2594
832,follow_figure8,97.8767,98.9064,-0.0601,-0.0,0.0,5.5784,99.1765 99.2225 0 0,0.0217,False,True,0.2585
833,follow_figure8,97.8895,98.9057,-0.0657,-0.0,0.0,5.8228,99.1959 99.2388 0 0,0.0215,False,True,0.2578
834,follow_figure8,97.9024,98.905,-0.0716,-0.0,0.0,6.0698,99.1959 99.2388 0 0,0.0212,False,True,0.2572
835,follow_figure8,97.9152,98.9044,-0.0777,-0.0,0.0,6.3194,99.2153 99.2551 0 0,0.0209,False,True,0.2562
836,follow_figure8,97.928,98.9037,-0.0836,-0.0,0.0,6.5716,99.2153 99.2551 0 0,0.0206,False,True,0.2557
837,follow_figure8,97.9407,98.9032,-0.0893,-0.0,0.0,6.8262,99.2345 99.2715 0 0,0.0203,False,True,0.2549
838,follow_figure8,97.9534,98.9026,-0.0946,-0.0,0.0,7.0833,99.2345 99.2715 0 0,0.02,False,True,0.2543
839,follow_figure8,97.9661,98.9021,-0.0993,-0.0,0.0,7.3428,99.2538 99.2879 0 0,0.0198,False,True,0.2536
840,follow_figure8,97.9787,98.9016,-0.1032,-0.0,0.0,7.6048,99.2538 99.2879 0 0,0.0195,False,True,0.253
841,follow_figure8,97.9913,98.9012,-0.1064,-0.0,0.0,7.869,99.2538 99.2879 0 0,0.0193,False,True,0.2524
842,follow_figure8,98.0039,98.9008,-0.1086,-0.0,0.0,8.135,99.2729 99.3045 0 0,0.0191,False,True,0.2519
843,follow_figure8,98.0165,98.9004,-0.1098,-0.0,0.0,8.403,99.292 99.3211 0 0,0.0189,False,True,0.2511
844,follow_figure8,98.029,98.9001,-0.11,-0.0,0.0,8.6735,99.292 99.3211 0 0,0.0186,False,True,0.2506
845,follow_figure8,98.0415,98.8998,-0.1091,-0.0,0.0,8.9465,99.292 99.3211 0 0,0.0184,False,True,0.2502
846,follow_figure8,98.054,98.8996,-0.1072,-0.0,0.0,9.2218,99.311 99.3378 0 0,0.0182,False,True,0.2497
847,follow_figure8,98.0664,98.8994,-0.1043,-0.0,0.0,9.4993,99.33 99.3546 0 0,0.0179,False,True,0.2489
848,follow_figure8,98.0788,98.8992,-0.1006,-0.0,0.0,9.78,99.33 99.3546 0 0,0.0177,False,True,0.2486
849,follow_figure8,98.0912,98.899,-0.096,-0.0,0.0,10.0638,99.3489 99.3715 0 0,0.0174,False,True,0.2481
850,follow_figure8,98.1036,98.8989,-0.0908,-0.0,0.0,10.351,99.3677 99.3884 0 0,0.0171,False,True,0.2478
851,follow_figure8,98.116,98.8989,-0.0851,-0.0,0.0,10.6422,99.3677 99.3884 0 0,0.0167,False,True,0.2473
852,follow_figure8,98.1283,98.8989,-0.0792,-0.0,0.0,10.9376,99.3865 99.4054 0 0,0.0163,False,True,0.2469
853,follow_figure8,98.1407,98.8989,-0.0732,-0.0,0.0,11.2372,99.3865 99.4054 0 0,0.016,False,True,0.2467
854,follow_figure8,98.153,98.899,-0.0672,-0.0,0.0,11.5411,99.4052 99.4224 0 0,0.0156,False,True,0.2463
855,follow_figure8,98.1653,98.8991,-0.0616,-0.0,0.0,11.8494,99.4052 99.4224 0 0,0.0152,False,True,0.246
856,follow_figure8,98.1776,98.8993,-0.0563,-0.0,0.0,12.1622,99.4239 99.4395 0 0,0.0149,False,True,0.2458
857,follow_figure8,98.1899,98.8995,-0.0517,-0.0,0.0,12.4794,99.4425 99.4566 0 0,0.0145,False,True,0.2454
858,follow_figure8,98.2021,98.8997,-0.0478,-0.0,0.0,12.8016,99.4425 99.4566 0 0,0.0141,False,True,0.2453
859,follow_figure8,98.2144,98.9001,-0.0447,-0.0,0.0,13.1286,99.4611 99.4738 0 0,0.0137,False,True,0.245
860,follow_figure8,98.2266,98.9004,-0.0425,-0.0,0.0,13.4603,99.4796 99.4911 0 0,0.0134,False,True,0.2449
861,follow_figure8,98.2388,98.9008,-0.0414,-0.0,0.0,13.797,99.4796 99.4911 0 0,0.013,False,True,0.2447
862,follow_figure8,98.2511,98.9013,-0.0413,-0.0,0.0,14.1383,99.4981 99.5084 0 0,0.0127,False,True,0.2446
863,follow_figure8,98.2633,98.9018,-0.0422,-0.0,0.0,14.4839,99.5165 99.5257 0 0,0.0123,False,True,0.2444
864,follow_figure8,98.2755,98.9024,-0.0442,-0.0,0.0,14.8339,99.5165 99.5257 0 0,0.012,False,True,0.2446
865,follow_figure8,98.2877,98.9031,-0.0471,-0.0,0.0,15.1879,99.5349 99.5432 0 0,0.0117,False,True,0.2443
866,follow_figure8,98.2999,98.9037,-0.051,-0.0,0.0,15.5454,99.5533 99.5606 0 0,0.0115,False,True,0.2444
867,follow_figure8,98.3121,98.9045,-0.0556,-0.0,0.0,15.9062,99.5533 99.5606 0 0,0.0113,False,True,0.2445
868,follow_figure8,98.3243,98.9053,-0.0608,-0.0,0.0,16.2698,99.5716 99.578 0 0,0.0111,False,True,0.2444
869,follow_figure8,98.3365,98.9062,-0.0665,-0.0,0.0,16.6356,99.5899 99.5955 0 0,0.0109,False,True,0.2445
870,follow_figure8,98.3486,98.9071,-0.0724,-0.0,0.0,17.0035,99.5899 99.5955 0 0,0.0107,False,True,0.2445
871,follow_figure8,98.3608,98.9081,-0.0785,-0.0,0.0,17.3728,99.5899 99.5955 0 0,0.0107,False,True,0.2448
872,follow_figure8,98.373,98.9091,-0.0844,-0.0,0.0,17.7426,99.6082 99.6131 0 0,0.0106,False,True,0.2446
873,follow_figure8,98.3852,98.9103,-0.09,-0.0,0.0,18.1125,99.6262 99.6304 0 0,0.0106,False,True,0.2449
874,follow_figure8,98.3974,98.9114,-0.0952,-0.0,0.0,18.4823,99.6262 99.6304 0 0,0.0106,False,True,0.245
875,follow_figure8,98.4096,98.9127,-0.0998,-0.0,0.0,18.8518,99.6439 99.6476 0 0,0.0106,False,True,0.2449
876,follow_figure8,98.4218,98.914,-0.1037,-0.0,0.0,19.2204,99.6614 99.6646 0 0,0.0107,False,True,0.2452
877,follow_figure8,98.434,98.9153,-0.1067,-0.0,0.0,19.5883,99.6614 99.6646 0 0,0.0107,False,True,0.2452
878,follow_figure8,98.4462,98.9167,-0.1088,-0.0,0.0,19.9551,99.6787 99.6814 0 0,0.0109,False,True,0.2455
879,follow_figure8,98.4584,98.9182,-0.1099,-0.0,0.0,20.3207,99.6787 99.6814 0 0,0.011,False,True,0.2456
880,follow_figure8,98.4706,98.9198,-0.1099,-0.0,0.0,20.685,99.6957 99.698 0 0,0.0111,False,True,0.2459
881,follow_figure8,98.4827,98.9214,-0.1089,-0.0,0.0,21.0479,99.6957 99.698 0 0,0.0112,False,True,0.246
882,follow_figure8,98.4949,98.923,-0.1069,-0.0,0.0,21.4094,99.7125 99.7144 0 0,0.0113,False,True,0.2461
883,follow_figure8,98.5071,98.9248,-0.1039,-0.0,0.0,21.7696,99.7125 99.7144 0 0,0.0114,False,True,0.2464
884,follow_figure8,98.5193,98.9266,-0.1,-0.0,0.0,22.1286,99.729 99.7307 0 0,0.0115,False,True,0.2464
885,follow_figure8,98.5315,98.9284,-0.0953,-0.0,0.0,22.4864,99.7454 99.7467 0 0,0.0116,False,True,0.2466
886,follow_figure8,98.5437,98.9303,-0.0901,-0.0,0.0,22.8436,99.7454 99.7467 0 0,0.0116,False,True,0.2468
887,follow_figure8,98.5559,98.9323,-0.0844,-0.0,0.0,23.2001,99.7614 99.7626 0 0,0.0116,False,True,0.247
888,follow_figure8,98.5681,98.9343,-0.0784,-0.0,0.0,23.5563,99.7614 99.7626 0 0,0.0117,False,True,0.2473
889,follow_figure8,98.5803,98.9364,-0.0724,-0.0,0.0,23.9122,99.7773 99.7783 0 0,0.0116,False,True,0.2474
890,follow_figure8,98.5925,98.9385,-0.0665,-0.0,0.0,24.2679,99.7773 99.7783 0 0,0.0116,False,True,0.2476
891,follow_figure8,98.6047,98.9407,-0.0608,-0.0,0.0,24.6237,99.793 99.7937 0 0,0.0116,False,True,0.2478
892,follow_figure8,98.6169,98.943,-0.0557,-0.0,0.0,24.9795,99.8084 99.809 0 0,0.0116,False,True,0.248
893,follow_figure8,98.6291,98.9453,-0.0511,-0.0,0.0,25.3357,99.8084 99.809 0 0,0.0115,False,True,0.248
894,follow_figure8,98.6413,98.9477,-0.0473,-0.0,0.0,25.6921,99.8237 99.8242 0 0,0.0115,False,True,0.2484
895,follow_figure8,98.6534,98.9501,-0.0444,-0.0,0.0,26.0489,99.8237 99.8242 0 0,0.0114,False,True,0.2484
896,follow_figure8,98.6656,98.9526,-0.0423,-0.0,0.0,26.4058,99.8388 99.8391 0 0,0.0114,False,True,0.2488
897,follow_figure8,98.6778,98.9551,-0.0413,-0.0,0.0,26.7628,99.8536 99.8539 0 0,0.0114,False,True,0.2487
898,follow_figure8,98.69,98.9577,-0.0413,-0.0,0.0,27.1198,99.8536 99.8539 0 0,0.0114,False,True,0.2491
899,follow_figure8,98.7022,98.9603,-0.0424,-0.0,0.0,27.4765,99.8682 99.8684 0 0,0.0114,False,True,0.2492
900,follow_figure8,98.7143,98.963,-0.0445,-0.0,0.0,27.8328,99.8682 99.8684 0 0,0.0115,False,True,0.2495
901,follow_figure8,98.7265,98.9657,-0.0476,-0.0,0.0,28.1883,99.8827 99.8828 0 0,0.0115,False,True,0.2494
902,follow_figure8,98.7387,98.9685,-0.0515,-0.0,0.0,28.5427,99.897 99.8971 0 0,0.0116,False,True,0.2497
903,follow_figure8,98.7509,98.9713,-0.0562,-0.0,0.0,28.8957,99.897 99.8971 0 0,0.0117,False,True,0.2499
904,follow_figure8,98.763,98.9742,-0.0615,-0.0,0.0,29.2469,99.911 99.9111 0 0,0.0118,False,True,0.2501
905,follow_figure8,98.7752,98.9771,-0.0673,-0.0,0.0,29.5961,99.911 99.9111 0 0,0.0119,False,True,0.2502
906,follow_figure8,98.7873,98.9801,-0.0732,-0.0,0.0,29.9428,99.9249 99.925 0 0,0.012,False,True,0.2503
907,follow_figure8,98.7995,98.9831,-0.0793,-0.0,0.0,30.2866,99.9387 99.9387 0 0,0.0122,False,True,0.2504
908,follow_figure8,98.8116,98.9862,-0.0852,-0.0,0.0,30.6275,99.9387 99.9387 0 0,0.0124,False,True,0.2507
909,follow_figure8,98.8238,98.9893,-0.0908,-0.0,0.0,30.965,100 100 0 0,0.0126,False,True,0.2506
910,follow_figure8,98.8359,98.9925,-0.0959,-0.0,0.0,31.2992,100 100 0 0,0.0128,False,True,0.251
911,follow_figure8,98.8481,98.9957,-0.1004,-0.0,0.0,31.6303,100 100 0 0,0.013,False,True,0.2514
912,follow_figure8,98.8602,98.9989,-0.1041,-0.0,0.0,31.9579,100 100 0 0,0.0133,False,True,0.2517
913,follow_figure8,98.8724,99.0022,-0.107,-0.0,0.0,32.2818,100 100 0 0,0.0136,False,True,0.2519
914,follow_figure8,98.8846,99.0055,-0.109,-0.0,0.0,32.6019,100 100 0 0,0.0139,False,True,0.2522
915,follow_figure8,98.8967,99.0089,-0.1099,-0.0,0.0,32.9182,100 100 0 0,0.0141,False,True,0.2523
916,follow_figure8,98.9089,99.0123,-0.1098,-0.0,0.0,33.2307,100 100 0 0,0.0144,False,True,0.2523
917,follow_figure8,98.921,99.0157,-0.1087,-0.0,0.0,33.5396,100 100 0 0,0.0146,False,True,0.2523
918,follow_figure8,98.9331,99.0192,-0.1065,-0.0,0.0,33.8448,100 100 0 0,0.0148,False,True,0.2522
919,follow_figure8,98.9452,99.0227,-0.1034,-0.0,0.0,34.1467,100 100 0 0,0.015,False,True,0.2522
920,follow_figure8,98.9573,99.0262,-0.0994,-0.0,0.0,34.4455,100 100 0 0,0.0152,False,True,0.252
921,follow_figure8,98.9694,99.0298,-0.0947,-0.0,0.0,34.7413,100 100 0 0,0.0153,False,True,0.2518
922,follow_figure8,98.9815,99.0333,-0.0893,-0.0,0.0,35.0346,100 100 0 0,0.0154,False,True,0.2516
923,follow_figure8,98.9935,99.0369,-0.0836,-0.0,0.0,35.3254,100 100 0 0,0.0155,False,True,0.2512
924,follow_figure8,99.0055,99.0405,-0.0776,-0.0,0.0,35.6143,100 100 0 0,0.0156,False,True,0.2509
925,follow_figure8,99.0175,99.0442,-0.0716,-0.0,0.0,35.9013,100 100 0 0,0.0156,False,True,0.2504
926,follow_figure8,99.0295,99.0478,-0.0657,-0.0,0.0,36.1869,100 100 0 0,0.0156,False,True,0.2501
927,follow_figure8,99.0414,99.0515,-0.0601,-0.0,0.0,36.4712,100 100 0 0,0.0155,False,True,0.2497
928,follow_figure8,99.0533,99.0551,-0.055,-0.0,0.0,36.7545,100 100 0 0,0.0155,False,True,0.2492
929,follow_figure8,99.0652,99.0588,-0.0506,-0.0,0.0,37.037,100 100 0 0,0.0154,False,True,0.2486
930,follow_figure8,99.077,99.0625,-0.0469,-0.0,0.0,37.3188,100 100 0 0,0.0154,False,True,0.2482
931,follow_figure8,99.0889,99.0662,-0.044,-0.0,0.0,37.6002,100 100 0 0,0.0153,False,True,0.2475
932,follow_figure8,99.1006,99.0699,-0.0422,-0.0,0.0,37.8811,100 100 0 0,0.0152,False,True,0.2468
933,follow_figure8,99.1124,99.0736,-0.0413,-0.0,0.0,38.1616,100 100 0 0,0.0151,False,True,0.2463
934,follow_figure8,99.1241,99.0773,-0.0414,-0.0,0.0,38.4418,100 100 0 0,0.015,False,True,0.2455
935,follow_figure8,99.1357,99.081,-0.0426,-0.0,0.0,38.7217,100 100 0 0,0.0149,False,True,0.2449
936,follow_figure8,99.1474,99.0847,-0.0449,-0.0,0.0,39.0013,100 100 0 0,0.0148,False,True,0.2441
937,follow_figure8,99.159,99.0884,-0.0481,-0.0,0.0,39.2804,100 100 0 0,0.0147,False,True,0.2433
938,follow_figure8,99.1705,99.0921,-0.0521,-0.0,0.0,39.559,100 100 0 0,0.0146,False,True,0.2425
939,follow_figure8,99.182,99.0959,-0.0569,-0.0,0.0,39.837,100 100 0 0,0.0145,False,True,0.2419
940,follow_figure8,99.1935,99.0996,-0.0623,-0.0,0.0,40.1142,100 100 0 0,0.0144,False,True,0.2409
941,follow_figure8,99.2049,99.1033,-0.068,-0.0,0.0,40.3906,100 100 0 0,0.0143,False,True,0.2401
942,follow_figure8,99.2162,99.107,-0.074,-0.0,0.0,40.666,100 100 0 0,0.0143,False,True,0.2393
943,follow_figure8,99.2276,99.1107,-0.08,-0.0,0.0,40.9403,100 100 0 0,0.0142,False,True,0.2383
944,follow_figure8,99.2389,99.1144,-0.0859,-0.0,0.0,41.2135,100 100 0 0,0.0141,False,True,0.2375
945,follow_figure8,99.2501,99.1181,-0.0915,-0.0,0.0,41.4855,100 100 0 0,0.014,False,True,0.2365
946,follow_figure8,99.2613,99.1218,-0.0965,-0.0,0.0,41.7562,100 100 0 0,0.014,False,True,0.2358
947,follow_figure8,99.2724,99.1255,-0.1009,-0.0,0.0,42.0256,100 100 0 0,0.0139,False,True,0.2347
948,follow_figure8,99.2835,99.1292,-0.1046,-0.0,0.0,42.2938,100 100 0 0,0.0138,False,True,0.2338
949,follow_figure8,99.2945,99.1329,-0.1073,-0.0,0.0,42.5609,100 100 0 0,0.0138,False,True,0.2327
950,follow_figure8,99.3055,99.1365,-0.1092,-0.0,0.0,42.827,100 100 0 0,0.0137,False,True,0.2319
951,follow_figure8,99.3165,99.1402,-0.11,-0.0,0.0,43.0922,100 100 0 0,0.0136,False,True,0.2308
952,follow_figure8,99.3274,99.1438,-0.1098,-0.0,0.0,43.3568,100 100 0 0,0.0135,False,True,0.2298
953,follow_figure8,99.3382,99.1475,-0.1085,-0.0,0.0,43.6209,100 100 0 0,0.0134,False,True,0.2289
954,follow_figure8,99.349,99.1511,-0.1062,-0.0,0.0,43.8847,100 100 0 0,0.0133,False,True,0.2278
955,follow_figure8,99.3598,99.1547,-0.1029,-0.0,0.0,44.1487,100 100 0 0,0.0132,False,True,0.2269
956,follow_figure8,99.3705,99.1584,-0.0988,-0.0,0.0,44.4131,100 100 0 0,0.013,False,True,0.2258
957,follow_figure8,99.3811,99.162,-0.094,-0.0,0.0,44.6782,100 100 0 0,0.0128,False,True,0.2247
958,follow_figure8,99.3917,99.1656,-0.0886,-0.0,0.0,44.9442,100 100 0 0,0.0125,False,True,0.2238
959,follow_figure8,99.4023,99.1691,-0.0828,-0.0,0.0,45.2117,100 100 0 0,0.0123,False,True,0.2227
960,follow_figure8,99.4128,99.1727,-0.0768,-0.0,0.0,45.4808,100 100 0 0,0.0119,False,True,0.2216
961,follow_figure8,99.4232,99.1763,-0.0708,-0.0,0.0,45.7519,100 100 0 0,0.0116,False,True,0.2205
962,follow_figure8,99.4336,99.1798,-0.0649,-0.0,0.0,46.0253,100 100 0 0,0.0113,False,True,0.2195
963,follow_figure8,99.4439,99.1833,-0.0594,-0.0,0.0,46.3014,100 100 0 0,0.0109,False,True,0.2185
964,follow_figure8,99.4542,99.1869,-0.0544,-0.0,0.0,46.5802,100 100 0 0,0.0105,False,True,0.2174
965,follow_figure8,99.4644,99.1904,-0.05,-0.0,0.0,46.8622,100 100 0 0,0.0101,False,True,0.2164
966,follow_figure8,99.4746,99.1939,-0.0465,-0.0,0.0,47.1474,100 100 0 0,0.0097,False,True,0.2153
967,follow_figure8,99.4847,99.1974,-0.0437,-0.0,0.0,47.4361,100 100 0 0,0.0093,False,True,0.2142
968,follow_figure8,99.4948,99.2008,-0.042,-0.0,0.0,47.7283,100 100 0 0,0.0089,False,True,0.2131
969,follow_figure8,99.5048,99.2043,-0.0412,-0.0,0.0,48.0241,100 100 0 0,0.0085,False,True,0.212
970,follow_figure8,99.5148,99.2078,-0.0415,-0.0,0.0,48.3236,100 100 0 0,0.0081,False,True,0.2109
971,follow_figure8,99.5247,99.2112,-0.0429,-0.0,0.0,48.6268,100 100 0 0,0.0077,False,True,0.21
972,follow_figure8,99.5346,99.2146,-0.0452,-0.0,0.0,48.9335,100 100 0 0,0.0072,False,True,0.2088
973,follow_figure8,99.5444,99.2181,-0.0486,-0.0,0.0,49.2438,100 100 0 0,0.0068,False,True,0.2077
974,follow_figure8,99.5541,99.2215,-0.0527,-0.0,0.0,49.5574,100 100 0 0,0.0064,False,True,0.2067
975,follow_figure8,99.5638,99.2249,-0.0576,-0.0,0.0,49.8743,100 100 0 0,0.006,False,True,0.2055
976,follow_figure8,99.5735,99.2282,-0.063,-0.0,0.0,50.1942,100 100 0 0,0.0056,False,True,0.2044
977,follow_figure8,99.5831,99.2316,-0.0688,-0.0,0.0,50.517,100 100 0 0,0.0053,False,True,0.2035
978,follow_figure8,99.5926,99.235,-0.0748,-0.0,0.0,50.8424,100 100 0 0,0.0049,False,True,0.2023
979,follow_figure8,99.6021,99.2383,-0.0808,-0.0,0.0,51.1703,100 100 0 0,0.0046,False,True,0.2013
980,follow_figure8,99.6115,99.2417,-0.0867,-0.0,0.0,51.5005,100 100 0 0,0.0042,False,True,0.2001
981,follow_figure8,99.6209,99.245,-0.0921,-0.0,0.0,51.8328,100 100 0 0,0.0039,False,True,0.1991
982,follow_figure8,99.6302,99.2483,-0.0971,-0.0,0.0,52.1672,100 100 0 0,0.0036,False,True,0.1981
983,follow_figure8,99.6395,99.2516,-0.1014,-0.0,0.0,52.5035,100 100 0 0,0.0033,False,True,0.1969
984,follow_figure8,99.6487,99.2549,-0.105,-0.0,0.0,52.8417,100 100 0 0,0.003,False,True,0.1959
985,follow_figure8,99.6579,99.2582,-0.1076,-0.0,0.0,53.1817,100 100 0 0,0.0027,False,True,0.1948
986,follow_figure8,99.667,99.2615,-0.1093,-0.0,0.0,53.5237,100 100 0 0,0.0025,False,True,0.1937
987,follow_figure8,99.6761,99.2648,-0.11,-0.0,0.0,53.8678,100 100 0 0,0.0022,False,True,0.1927
988,follow_figure8,99.6851,99.268,-0.1096,-0.0,0.0,54.2139,100 100 0 0,0.0019,False,True,0.1917
989,follow_figure8,99.6941,99.2712,-0.1082,-0.0,0.0,54.5625,100 100 0 0,0.0016,False,True,0.1905
990,follow_figure8,99.703,99.2745,-0.1058,-0.0,0.0,54.9136,100 100 0 0,0.0013,False,True,0.1896
991,follow_figure8,99.7118,99.2777,-0.1024,-0.0,0.0,55.2676,100 100 0 0,0.0009,False,True,0.1885
992,follow_figure8,99.7206,99.2809,-0.0982,-0.0,0.0,55.6247,100 100 0 0,0.0006,False,True,0.1875
993,follow_figure8,99.7294,99.2841,-0.0933,-0.0,0.0,55.9853,100 100 0 0,0.0001,False,True,0.1863
994,follow_figure8,99.7381,99.2873,-0.0879,-0.0,0.0,56.3497,100 100 0 0,-0.0003,False,True,0.1854
995,follow_figure8,99.7467,99.2905,-0.082,-0.0,0.0,56.7183,100 100 0 0,-0.0007,False,True,0.1845
996,follow_figure8,99.7554,99.2936,-0.076,-0.0,0.0,57.0913,100 100 0 0,-0.0013,False,True,0.1833
997,follow_figure8,99.7639,99.2968,-0.07,-0.0,0.0,57.4693,100 100 0 0,-0.0018,False,True,0.1823
998,follow_figure8,99.7724,99.2999,-0.0642,-0.0,0.0,57.8524,100 100 0 0,-0.0023,False,True,0.1812
999,follow_figure8,99.7809,99.3031,-0.0587,-0.0,0.0,58.241,100 100 0 0,-0.0029,False,True,0.1803
1000,follow_figure8,99.7893,99.3062,-0.0538,-0.0,0.0,58.6353,100 100 0 0,-0.0035,False,True,0.1793
1001,follow_figure8,99.7976,99.3093,-0.0495,-0.0,0.0,59.0355,100 100 0 0,-0.0041,False,True,0.1783
1002,follow_figure8,99.8059,99.3124,-0.0461,-0.0,0.0,59.4419,100 100 0 0,-0.0046,False,True,0.1774
1003,follow_figure8,99.8142,99.3155,-0.0435,-0.0,0.0,59.8545,100 100 0 0,-0.0052,False,True,0.1763
1004,follow_figure8,99.8224,99.3186,-0.0418,-0.0,0.0,60.2734,100 100 0 0,-0.0058,False,True,0.1753
1005,follow_figure8,99.8305,99.3217,-0.0412,-0.0,0.0,60.6986,100 100 0 0,-0.0064,False,True,0.1744
1006,follow_figure8,99.8386,99.3247,-0.0417,-0.0,0.0,61.13,100 100 0 0,-0.007,False,True,0.1735
1007,follow_figure8,99.8467,99.3278,-0.0431,-0.0,0.0,61.5674,100 100 0 0,-0.0075,False,True,0.1724
1008,follow_figure8,99.8547,99.3309,-0.0456,-0.0,0.0,62.0107,100 100 0 0,-0.0081,False,True,0.1715
1009,follow_figure8,99.8627,99.3339,-0.0491,-0.0,0.0,62.4596,100 100 0 0,-0.0086,False,True,0.1706
1010,follow_figure8,99.8706,99.337,-0.0533,-0.0,0.0,62.9138,100 100 0 0,-0.0091,False,True,0.1695
1011,follow_figure8,99.8785,99.34,-0.0583,-0.0,0.0,63.373,100 100 0 0,-0.0096,False,True,0.1686
1012,follow_figure8,99.8863,99.343,-0.0637,-0.0,0.0,63.8367,100 100 0 0,-0.0101,False,True,0.1678
1013,follow_figure8,99.894,99.3461,-0.0696,-0.0,0.0,64.3045,100 100 0 0,-0.0105,False,True,0.1667
1014,follow_figure8,99.9018,99.3491,-0.0756,-0.0,0.0,64.7761,100 100 0 0,-0.0109,False,True,0.166
1015,follow_figure8,99.9094,99.3521,-0.0816,-0.0,0.0,65.2511,100 100 0 0,-0.0113,False,True,0.1649
1016,follow_figure8,99.9171,99.3551,-0.0874,-0.0,0.0,65.729,100 100 0 0,-0.0117,False,True,0.164
1017,follow_figure8,99.9247,99.3581,-0.0928,-0.0,0.0,66.2096,100 100 0 0,-0.012,False,True,0.1632
1018,follow_figure8,99.9322,99.3611,-0.0977,-0.0,0.0,66.6925,100 100 0 0,-0.0123,False,True,0.1622
1019,follow_figure8,99.9397,99.3641,-0.102,-0.0,0.0,67.1776,100 100 0 0,-0.0126,False,True,0.1613
1020,follow_figure8,99.9471,99.3671,-0.1054,-0.0,0.0,67.6648,100 100 0 0,-0.0129,False,True,0.1604
1021,follow_figure8,99.9545,99.3701,-0.1079,-0.0,0.0,68.1538,100 100 0 0,-0.0131,False,True,0.1596
1022,follow_figure8,99.9619,99.373,-0.1095,-0.0,0.0,68.6448,100 100 0 0,-0.0134,False,True,0.1588
1023,follow_figure8,99.9692,99.376,-0.11,-0.0,0.0,69.1378,100 100 0 0,-0.0136,False,True,0.1578
1024,follow_figure8,99.9765,99.379,-0.1095,-0.0,0.0,69.6328,100 100 0 0,-0.0139,False,True,0.1569
1025,follow_figure8,99.9837,99.3819,-0.108,-0.0,0.0,70.1303,100 100 0 0,-0.0142,False,True,0.1562
1026,follow_figure8,99.9909,99.3849,-0.1054,-0.0,0.0,70.6303,100 100 0 0,-0.0145,False,True,0.1553
1027,follow_figure8,99.998,99.3878,-0.1019,-0.0,0.0,71.1332,100 100 0 0,-0.0148,False,True,0.1544
1028,follow_figure8,100.0051,99.3908,-0.0976,-0.0,0.0,71.6395,100 100 0 0,-0.0152,False,True,0.1536
1029,follow_figure8,100.0122,99.3937,-0.0926,-0.0,0.0,72.1494,100 100 0 0,-0.0156,False,True,0.1529
1030,follow_figure8,100.0192,99.3967,-0.0871,-0.0,0.0,72.6634,100 100 0 0,-0.016,False,True,0.1519
1031,follow_figure8,100.0261,99.3996,-0.0813,-0.0,0.0,73.1819,100 100 0 0,-0.0165,False,True,0.1512
1032,follow_figure8,100.033,99.4026,-0.0752,-0.0,0.0,73.7053,100 100 0 0,-0.017,False,True,0.1503
1033,follow_figure8,100.0399,99.4055,-0.0692,-0.0,0.0,74.2341,100 100 0 0,-0.0175,False,True,0.1495
1034,follow_figure8,100.0468,99.4084,-0.0635,-0.0,0.0,74.7685,100 100 0 0,-0.0181,False,True,0.1487
1035,follow_figure8,100.0536,99.4114,-0.0581,-0.0,0.0,75.309,100 100 0 0,-0.0187,False,True,0.148
1036,follow_figure8,100.0603,99.4143,-0.0532,-0.0,0.0,75.8557,100 100 0 0,-0.0193,False,True,0.1471
